order_id,order_date,customer_id,product_id,quantity,unit_price,unit_cost,discount_amount,revenue,cost,profit,sales_channel
O000001,2025-04-13,C00370,P003,1,1674.13,1006.35,83.71,1590.42,1006.35,584.07,Online
O000002,2025-12-15,C00119,P001,1,12212.51,9280.33,0.0,12212.51,9280.33,2932.18,Store
O000003,2025-09-28,C01181,P006,1,3653.72,2501.63,365.37,3288.35,2501.63,786.72,Online
O000004,2025-04-17,C00889,P014,1,746.01,469.1,111.9,634.11,469.1,165.01,Online
O000005,2025-03-13,C00078,P007,2,692.39,399.57,207.72,1177.06,799.14,377.92,Store
O000006,2025-07-08,C01088,P007,1,692.39,399.57,0.0,692.39,399.57,292.82,Store
O000007,2025-01-21,C00464,P012,1,1008.95,650.79,0.0,1008.95,650.79,358.16,Online
O000008,2025-04-13,C00627,P006,1,3653.72,2501.63,0.0,3653.72,2501.63,1152.09,Marketplace
O000009,2025-05-02,C00934,P011,1,487.27,344.29,24.36,462.91,344.29,118.62,Online
O000010,2025-08-03,C01004,P012,2,1008.95,650.79,0.0,2017.9,1301.58,716.32,Marketplace
O000011,2025-11-27,C00827,P001,1,12212.51,9280.33,610.63,11601.88,9280.33,2321.55,Online
O000012,2025-03-29,C00045,P006,1,3653.72,2501.63,182.69,3471.03,2501.63,969.4,Store
O000013,2025-04-10,C00769,P009,2,1843.37,1277.0,184.34,3502.4,2554.0,948.4,Online
O000014,2025-12-26,C00099,P004,1,825.3,619.33,0.0,825.3,619.33,205.97,Store
O000015,2025-06-01,C00854,P015,1,1375.39,1038.91,0.0,1375.39,1038.91,336.48,Online
O000016,2025-05-11,C00314,P007,2,692.39,399.57,69.24,1315.54,799.14,516.4,Online
O000017,2025-05-30,C00207,P009,1,1843.37,1277.0,92.17,1751.2,1277.0,474.2,Online
O000018,2025-11-05,C00215,P004,1,825.3,619.33,82.53,742.77,619.33,123.44,Online
O000019,2025-09-15,C00410,P009,2,1843.37,1277.0,737.35,2949.39,2554.0,395.39,Online
O000020,2025-12-10,C00840,P010,1,1487.5,884.68,0.0,1487.5,884.68,602.82,Marketplace
O000021,2025-10-21,C00985,P011,1,487.27,344.29,0.0,487.27,344.29,142.98,Online
O000022,2025-07-11,C00227,P016,1,802.2,467.64,0.0,802.2,467.64,334.56,Online
O000023,2025-10-04,C00208,P009,1,1843.37,1277.0,0.0,1843.37,1277.0,566.37,Marketplace
O000024,2025-06-10,C00541,P015,1,1375.39,1038.91,137.54,1237.85,1038.91,198.94,Store
O000025,2025-11-10,C00596,P012,2,1008.95,650.79,0.0,2017.9,1301.58,716.32,Store
O000026,2025-01-22,C00195,P002,1,5103.35,3862.76,0.0,5103.35,3862.76,1240.59,Online
O000027,2025-09-10,C00674,P012,2,1008.95,650.79,302.68,1715.22,1301.58,413.64,Online
O000028,2025-08-24,C00191,P012,2,1008.95,650.79,0.0,2017.9,1301.58,716.32,Online
O000029,2025-12-11,C00935,P009,2,1843.37,1277.0,184.34,3502.4,2554.0,948.4,Online
O000030,2025-02-18,C00864,P006,1,3653.72,2501.63,182.69,3471.03,2501.63,969.4,Online
O000031,2025-02-28,C00327,P004,1,825.3,619.33,41.26,784.04,619.33,164.71,Store
O000032,2025-06-19,C00898,P006,1,3653.72,2501.63,365.37,3288.35,2501.63,786.72,Online
O000033,2025-07-07,C00268,P016,3,802.2,467.64,0.0,2406.6,1402.92,1003.68,Online
O000034,2025-09-28,C00095,P003,1,1674.13,1006.35,0.0,1674.13,1006.35,667.78,Store
O000035,2025-07-09,C01075,P008,3,952.71,663.0,142.91,2715.22,1989.0,726.22,Online
O000036,2025-06-24,C01072,P004,1,825.3,619.33,41.26,784.04,619.33,164.71,Online
O000037,2025-02-20,C00789,P005,2,3123.65,2355.15,312.36,5934.94,4710.3,1224.64,Marketplace
O000038,2025-12-30,C00112,P001,1,12212.51,9280.33,0.0,12212.51,9280.33,2932.18,Store
O000039,2025-02-24,C01016,P006,1,3653.72,2501.63,0.0,3653.72,2501.63,1152.09,Online
O000040,2025-09-01,C00570,P002,1,5103.35,3862.76,255.17,4848.18,3862.76,985.42,Online
O000041,2025-11-16,C00482,P003,1,1674.13,1006.35,167.41,1506.72,1006.35,500.37,Online
O000042,2025-05-11,C01021,P015,1,1375.39,1038.91,275.08,1100.31,1038.91,61.4,Store
O000043,2025-11-03,C00037,P004,1,825.3,619.33,0.0,825.3,619.33,205.97,Online
O000044,2025-05-15,C00187,P010,2,1487.5,884.68,148.75,2826.25,1769.36,1056.89,Store
O000045,2025-01-21,C00935,P011,1,487.27,344.29,0.0,487.27,344.29,142.98,Online
O000046,2025-11-25,C00931,P011,1,487.27,344.29,24.36,462.91,344.29,118.62,Online
O000047,2025-06-16,C00745,P015,1,1375.39,1038.91,137.54,1237.85,1038.91,198.94,Online
O000048,2025-10-01,C00700,P012,2,1008.95,650.79,302.68,1715.22,1301.58,413.64,Online
O000049,2025-03-30,C01070,P012,2,1008.95,650.79,0.0,2017.9,1301.58,716.32,Online
O000050,2025-11-12,C00288,P014,1,746.01,469.1,37.3,708.71,469.1,239.61,Online
O000051,2025-01-14,C00805,P007,1,692.39,399.57,69.24,623.15,399.57,223.58,Store
O000052,2025-08-30,C00221,P014,1,746.01,469.1,37.3,708.71,469.1,239.61,Store
O000053,2025-09-22,C00253,P015,1,1375.39,1038.91,68.77,1306.62,1038.91,267.71,Online
O000054,2025-12-12,C01022,P001,1,12212.51,9280.33,0.0,12212.51,9280.33,2932.18,Marketplace
O000055,2025-02-22,C01199,P016,3,802.2,467.64,240.66,2165.94,1402.92,763.02,Marketplace
O000056,2025-12-06,C01185,P006,2,3653.72,2501.63,0.0,7307.44,5003.26,2304.18,Online
O000057,2025-04-02,C00660,P013,1,889.0,519.78,44.45,844.55,519.78,324.77,Store
O000058,2025-09-21,C00509,P009,1,1843.37,1277.0,0.0,1843.37,1277.0,566.37,Online
O000059,2025-02-04,C00274,P005,1,3123.65,2355.15,156.18,2967.47,2355.15,612.32,Store
O000060,2025-07-25,C00613,P011,2,487.27,344.29,146.18,828.36,688.58,139.78,Online
O000061,2025-03-22,C00412,P007,1,692.39,399.57,0.0,692.39,399.57,292.82,Online
O000062,2025-02-19,C00272,P006,1,3653.72,2501.63,182.69,3471.03,2501.63,969.4,Online
O000063,2025-12-26,C00237,P012,1,1008.95,650.79,50.45,958.5,650.79,307.71,Marketplace
O000064,2025-01-02,C00855,P010,2,1487.5,884.68,0.0,2975.0,1769.36,1205.64,Online
O000065,2025-02-23,C00219,P001,1,12212.51,9280.33,0.0,12212.51,9280.33,2932.18,Online
O000066,2025-04-16,C00547,P006,4,3653.72,2501.63,730.74,13884.14,10006.52,3877.62,Online
O000067,2025-09-17,C00128,P010,1,1487.5,884.68,0.0,1487.5,884.68,602.82,Online
O000068,2025-11-06,C00927,P004,1,825.3,619.33,41.26,784.04,619.33,164.71,Online
O000069,2025-07-10,C00460,P013,1,889.0,519.78,88.9,800.1,519.78,280.32,Store
O000070,2025-08-06,C00590,P002,3,5103.35,3862.76,0.0,15310.05,11588.28,3721.77,Marketplace
O000071,2025-02-13,C00641,P002,1,5103.35,3862.76,0.0,5103.35,3862.76,1240.59,Online
O000072,2025-06-11,C00908,P008,3,952.71,663.0,142.91,2715.22,1989.0,726.22,Online
O000073,2025-07-21,C01120,P007,2,692.39,399.57,207.72,1177.06,799.14,377.92,Online
O000074,2025-09-27,C00364,P003,1,1674.13,1006.35,0.0,1674.13,1006.35,667.78,Online
O000075,2025-12-17,C00773,P002,1,5103.35,3862.76,255.17,4848.18,3862.76,985.42,Online
O000076,2025-10-31,C01197,P009,1,1843.37,1277.0,0.0,1843.37,1277.0,566.37,Marketplace
O000077,2025-09-28,C00082,P005,3,3123.65,2355.15,468.55,8902.4,7065.45,1836.95,Store
O000078,2025-08-03,C00617,P016,2,802.2,467.64,80.22,1524.18,935.28,588.9,Online
O000079,2025-09-09,C00651,P008,3,952.71,663.0,0.0,2858.13,1989.0,869.13,Store
O000080,2025-07-09,C00327,P014,1,746.01,469.1,0.0,746.01,469.1,276.91,Online
O000081,2025-10-23,C00437,P011,1,487.27,344.29,0.0,487.27,344.29,142.98,Marketplace
O000082,2025-08-01,C01087,P016,4,802.2,467.64,320.88,2887.92,1870.56,1017.36,Marketplace
O000083,2025-07-27,C00019,P004,1,825.3,619.33,0.0,825.3,619.33,205.97,Marketplace
O000084,2025-08-25,C00500,P002,2,5103.35,3862.76,0.0,10206.7,7725.52,2481.18,Marketplace
O000085,2025-12-04,C00233,P013,1,889.0,519.78,44.45,844.55,519.78,324.77,Online
O000086,2025-02-22,C01059,P012,1,1008.95,650.79,0.0,1008.95,650.79,358.16,Online
O000087,2025-10-07,C00608,P007,1,692.39,399.57,0.0,692.39,399.57,292.82,Online
O000088,2025-08-05,C01102,P001,1,12212.51,9280.33,0.0,12212.51,9280.33,2932.18,Online
O000089,2025-09-09,C00437,P014,2,746.01,469.1,0.0,1492.02,938.2,553.82,Store
O000090,2025-07-07,C00892,P003,2,1674.13,1006.35,0.0,3348.26,2012.7,1335.56,Online
O000091,2025-02-10,C00680,P002,1,5103.35,3862.76,0.0,5103.35,3862.76,1240.59,Store
O000092,2025-06-06,C01143,P003,1,1674.13,1006.35,0.0,1674.13,1006.35,667.78,Online
O000093,2025-01-15,C00795,P015,1,1375.39,1038.91,0.0,1375.39,1038.91,336.48,Online
O000094,2025-10-28,C00243,P001,1,12212.51,9280.33,610.63,11601.88,9280.33,2321.55,Store
O000095,2025-03-06,C01200,P002,2,5103.35,3862.76,0.0,10206.7,7725.52,2481.18,Marketplace
O000096,2025-12-11,C00218,P010,2,1487.5,884.68,0.0,2975.0,1769.36,1205.64,Online
O000097,2025-11-23,C00897,P013,1,889.0,519.78,44.45,844.55,519.78,324.77,Online
O000098,2025-01-09,C01093,P008,1,952.71,663.0,0.0,952.71,663.0,289.71,Store
O000099,2025-12-10,C01118,P010,3,1487.5,884.68,0.0,4462.5,2654.04,1808.46,Store
O000100,2025-05-09,C00765,P001,1,12212.51,9280.33,610.63,11601.88,9280.33,2321.55,Online
O000101,2025-05-16,C00011,P013,1,889.0,519.78,133.35,755.65,519.78,235.87,Online
O000102,2025-03-04,C00705,P007,1,692.39,399.57,34.62,657.77,399.57,258.2,Online
O000103,2025-05-19,C00330,P006,1,3653.72,2501.63,365.37,3288.35,2501.63,786.72,Online
O000104,2025-03-22,C00372,P002,2,5103.35,3862.76,1531.0,8675.7,7725.52,950.18,Marketplace
O000105,2025-06-12,C00945,P003,1,1674.13,1006.35,0.0,1674.13,1006.35,667.78,Online
O000106,2025-10-16,C01190,P016,3,802.2,467.64,0.0,2406.6,1402.92,1003.68,Store
O000107,2025-09-18,C00481,P004,1,825.3,619.33,0.0,825.3,619.33,205.97,Online
O000108,2025-08-19,C00996,P015,1,1375.39,1038.91,68.77,1306.62,1038.91,267.71,Store
O000109,2025-02-10,C00313,P012,2,1008.95,650.79,302.68,1715.22,1301.58,413.64,Online
O000110,2025-01-28,C00642,P008,2,952.71,663.0,95.27,1810.15,1326.0,484.15,Online
O000111,2025-05-15,C00567,P012,1,1008.95,650.79,50.45,958.5,650.79,307.71,Store
O000112,2025-07-20,C00948,P015,1,1375.39,1038.91,0.0,1375.39,1038.91,336.48,Online
O000113,2025-11-24,C00360,P003,2,1674.13,1006.35,334.83,3013.43,2012.7,1000.73,Online
O000114,2025-09-25,C01104,P007,1,692.39,399.57,69.24,623.15,399.57,223.58,Online
O000115,2025-02-02,C00155,P001,2,12212.51,9280.33,1221.25,23203.77,18560.66,4643.11,Store
O000116,2025-02-17,C01186,P013,2,889.0,519.78,0.0,1778.0,1039.56,738.44,Online
O000117,2025-03-03,C00534,P016,1,802.2,467.64,0.0,802.2,467.64,334.56,Online
O000118,2025-08-04,C00596,P005,1,3123.65,2355.15,0.0,3123.65,2355.15,768.5,Online
O000119,2025-10-20,C01029,P001,1,12212.51,9280.33,1221.25,10991.26,9280.33,1710.93,Store
O000120,2025-04-09,C00340,P005,1,3123.65,2355.15,0.0,3123.65,2355.15,768.5,Marketplace
O000121,2025-06-21,C00300,P016,3,802.2,467.64,0.0,2406.6,1402.92,1003.68,Store
O000122,2025-12-26,C00475,P003,1,1674.13,1006.35,0.0,1674.13,1006.35,667.78,Store
O000123,2025-08-02,C01061,P012,1,1008.95,650.79,151.34,857.61,650.79,206.82,Store
O000124,2025-02-04,C00082,P011,1,487.27,344.29,73.09,414.18,344.29,69.89,Online
O000125,2025-08-15,C00561,P009,1,1843.37,1277.0,92.17,1751.2,1277.0,474.2,Online
O000126,2025-04-11,C00776,P012,1,1008.95,650.79,100.9,908.05,650.79,257.26,Online
O000127,2025-05-11,C00516,P013,3,889.0,519.78,0.0,2667.0,1559.34,1107.66,Online
O000128,2025-09-14,C00707,P016,2,802.2,467.64,160.44,1443.96,935.28,508.68,Online
O000129,2025-01-05,C00285,P015,1,1375.39,1038.91,0.0,1375.39,1038.91,336.48,Online
O000130,2025-08-06,C00434,P005,1,3123.65,2355.15,0.0,3123.65,2355.15,768.5,Store
O000131,2025-09-12,C00243,P008,1,952.71,663.0,0.0,952.71,663.0,289.71,Online
O000132,2025-12-25,C00981,P016,1,802.2,467.64,0.0,802.2,467.64,334.56,Store
O000133,2025-10-10,C00046,P008,1,952.71,663.0,47.64,905.07,663.0,242.07,Online
O000134,2025-07-26,C01050,P002,2,5103.35,3862.76,0.0,10206.7,7725.52,2481.18,Online
O000135,2025-01-15,C00369,P013,1,889.0,519.78,44.45,844.55,519.78,324.77,Online
O000136,2025-12-12,C00581,P003,1,1674.13,1006.35,83.71,1590.42,1006.35,584.07,Online
O000137,2025-02-11,C00987,P006,1,3653.72,2501.63,0.0,3653.72,2501.63,1152.09,Online
O000138,2025-06-28,C01194,P006,1,3653.72,2501.63,0.0,3653.72,2501.63,1152.09,Online
O000139,2025-03-04,C00702,P015,1,1375.39,1038.91,0.0,1375.39,1038.91,336.48,Online
O000140,2025-12-18,C00271,P004,1,825.3,619.33,0.0,825.3,619.33,205.97,Marketplace
O000141,2025-08-19,C00860,P005,1,3123.65,2355.15,0.0,3123.65,2355.15,768.5,Marketplace
O000142,2025-08-29,C00080,P004,1,825.3,619.33,41.26,784.04,619.33,164.71,Marketplace
O000143,2025-02-21,C01105,P001,2,12212.51,9280.33,2442.5,21982.52,18560.66,3421.86,Online
O000144,2025-04-06,C01070,P014,1,746.01,469.1,0.0,746.01,469.1,276.91,Online
O000145,2025-08-10,C00470,P016,2,802.2,467.64,0.0,1604.4,935.28,669.12,Online
O000146,2025-08-19,C01180,P004,1,825.3,619.33,0.0,825.3,619.33,205.97,Store
O000147,2025-08-25,C00172,P010,1,1487.5,884.68,0.0,1487.5,884.68,602.82,Online
O000148,2025-05-23,C00012,P001,1,12212.51,9280.33,0.0,12212.51,9280.33,2932.18,Online
O000149,2025-06-20,C00421,P011,1,487.27,344.29,0.0,487.27,344.29,142.98,Online
O000150,2025-01-29,C01199,P009,1,1843.37,1277.0,0.0,1843.37,1277.0,566.37,Online
O000151,2025-02-05,C00565,P013,2,889.0,519.78,0.0,1778.0,1039.56,738.44,Store
O000152,2025-01-13,C00989,P006,1,3653.72,2501.63,182.69,3471.03,2501.63,969.4,Online
O000153,2025-06-09,C00629,P012,2,1008.95,650.79,0.0,2017.9,1301.58,716.32,Online
O000154,2025-11-23,C00244,P008,1,952.71,663.0,47.64,905.07,663.0,242.07,Online
O000155,2025-07-06,C00440,P013,2,889.0,519.78,177.8,1600.2,1039.56,560.64,Online
O000156,2025-08-31,C00107,P006,1,3653.72,2501.63,182.69,3471.03,2501.63,969.4,Store
O000157,2025-03-27,C00298,P016,3,802.2,467.64,0.0,2406.6,1402.92,1003.68,Online
O000158,2025-10-11,C00455,P012,1,1008.95,650.79,0.0,1008.95,650.79,358.16,Online
O000159,2025-03-07,C00821,P010,2,1487.5,884.68,148.75,2826.25,1769.36,1056.89,Marketplace
O000160,2025-06-19,C00359,P016,1,802.2,467.64,0.0,802.2,467.64,334.56,Store
O000161,2025-02-14,C01062,P010,1,1487.5,884.68,148.75,1338.75,884.68,454.07,Online
O000162,2025-03-03,C00475,P006,1,3653.72,2501.63,0.0,3653.72,2501.63,1152.09,Store
O000163,2025-05-14,C00323,P003,4,1674.13,1006.35,669.65,6026.87,4025.4,2001.47,Online
O000164,2025-10-11,C00810,P013,1,889.0,519.78,0.0,889.0,519.78,369.22,Store
O000165,2025-01-28,C00141,P003,1,1674.13,1006.35,83.71,1590.42,1006.35,584.07,Online
O000166,2025-04-18,C01194,P012,1,1008.95,650.79,100.9,908.05,650.79,257.26,Online
O000167,2025-02-13,C00399,P015,3,1375.39,1038.91,206.31,3919.86,3116.73,803.13,Online
O000168,2025-12-06,C00834,P004,1,825.3,619.33,0.0,825.3,619.33,205.97,Online
O000169,2025-10-13,C00240,P009,2,1843.37,1277.0,368.67,3318.07,2554.0,764.07,Online
O000170,2025-11-27,C00907,P013,1,889.0,519.78,88.9,800.1,519.78,280.32,Store
O000171,2025-05-08,C00940,P015,2,1375.39,1038.91,275.08,2475.7,2077.82,397.88,Online
O000172,2025-12-14,C00529,P003,1,1674.13,1006.35,167.41,1506.72,1006.35,500.37,Online
O000173,2025-08-19,C00471,P011,1,487.27,344.29,0.0,487.27,344.29,142.98,Online
O000174,2025-07-09,C00540,P008,1,952.71,663.0,0.0,952.71,663.0,289.71,Store
O000175,2025-08-13,C00701,P003,1,1674.13,1006.35,0.0,1674.13,1006.35,667.78,Online
O000176,2025-10-10,C00448,P009,1,1843.37,1277.0,92.17,1751.2,1277.0,474.2,Marketplace
O000177,2025-05-01,C00390,P016,2,802.2,467.64,0.0,1604.4,935.28,669.12,Online
O000178,2025-04-26,C00544,P007,1,692.39,399.57,69.24,623.15,399.57,223.58,Store
O000179,2025-08-21,C00730,P005,2,3123.65,2355.15,0.0,6247.3,4710.3,1537.0,Online
O000180,2025-09-16,C01009,P001,2,12212.51,9280.33,0.0,24425.02,18560.66,5864.36,Online
O000181,2025-12-25,C00988,P012,1,1008.95,650.79,0.0,1008.95,650.79,358.16,Marketplace
O000182,2025-07-17,C01177,P009,1,1843.37,1277.0,368.67,1474.7,1277.0,197.7,Marketplace
O000183,2025-05-17,C00574,P013,1,889.0,519.78,44.45,844.55,519.78,324.77,Online
O000184,2025-11-14,C00867,P016,3,802.2,467.64,0.0,2406.6,1402.92,1003.68,Online
O000185,2025-06-14,C00358,P015,3,1375.39,1038.91,206.31,3919.86,3116.73,803.13,Online
O000186,2025-08-13,C00018,P001,1,12212.51,9280.33,0.0,12212.51,9280.33,2932.18,Online
O000187,2025-11-03,C00741,P009,1,1843.37,1277.0,0.0,1843.37,1277.0,566.37,Online
O000188,2025-08-22,C00703,P012,1,1008.95,650.79,0.0,1008.95,650.79,358.16,Online
O000189,2025-06-21,C00763,P012,2,1008.95,650.79,0.0,2017.9,1301.58,716.32,Online
O000190,2025-06-01,C00269,P008,2,952.71,663.0,95.27,1810.15,1326.0,484.15,Store
O000191,2025-11-11,C01138,P014,2,746.01,469.1,0.0,1492.02,938.2,553.82,Store
O000192,2025-06-09,C00307,P016,2,802.2,467.64,0.0,1604.4,935.28,669.12,Online
O000193,2025-04-06,C01059,P011,2,487.27,344.29,0.0,974.54,688.58,285.96,Online
O000194,2025-08-21,C01163,P002,1,5103.35,3862.76,255.17,4848.18,3862.76,985.42,Online
O000195,2025-06-29,C00521,P016,2,802.2,467.64,0.0,1604.4,935.28,669.12,Store
O000196,2025-04-23,C00533,P012,1,1008.95,650.79,50.45,958.5,650.79,307.71,Store
O000197,2025-11-14,C00705,P001,1,12212.51,9280.33,0.0,12212.51,9280.33,2932.18,Store
O000198,2025-02-21,C00408,P006,3,3653.72,2501.63,0.0,10961.16,7504.89,3456.27,Online
O000199,2025-09-25,C01046,P016,2,802.2,467.64,0.0,1604.4,935.28,669.12,Online
O000200,2025-10-22,C00587,P015,1,1375.39,1038.91,0.0,1375.39,1038.91,336.48,Online
O000201,2025-04-23,C00691,P014,1,746.01,469.1,37.3,708.71,469.1,239.61,Store
O000202,2025-04-11,C00147,P003,1,1674.13,1006.35,0.0,1674.13,1006.35,667.78,Online
O000203,2025-04-23,C00597,P009,1,1843.37,1277.0,0.0,1843.37,1277.0,566.37,Store
O000204,2025-03-22,C00744,P015,1,1375.39,1038.91,0.0,1375.39,1038.91,336.48,Online
O000205,2025-07-06,C00481,P009,3,1843.37,1277.0,276.51,5253.6,3831.0,1422.6,Online
O000206,2025-04-23,C00342,P013,1,889.0,519.78,0.0,889.0,519.78,369.22,Store
O000207,2025-01-02,C01124,P002,1,5103.35,3862.76,0.0,5103.35,3862.76,1240.59,Store
O000208,2025-05-10,C00171,P004,1,825.3,619.33,0.0,825.3,619.33,205.97,Store
O000209,2025-08-08,C00799,P010,1,1487.5,884.68,74.38,1413.12,884.68,528.44,Online
O000210,2025-02-23,C00259,P005,1,3123.65,2355.15,0.0,3123.65,2355.15,768.5,Online
O000211,2025-12-09,C00731,P011,2,487.27,344.29,0.0,974.54,688.58,285.96,Store
O000212,2025-08-12,C00558,P015,1,1375.39,1038.91,206.31,1169.08,1038.91,130.17,Online
O000213,2025-08-13,C00936,P014,1,746.01,469.1,37.3,708.71,469.1,239.61,Online
O000214,2025-05-06,C00712,P016,1,802.2,467.64,80.22,721.98,467.64,254.34,Online
O000215,2025-05-10,C00750,P014,1,746.01,469.1,0.0,746.01,469.1,276.91,Online
O000216,2025-02-22,C00280,P012,1,1008.95,650.79,0.0,1008.95,650.79,358.16,Store
O000217,2025-06-21,C01008,P016,1,802.2,467.64,80.22,721.98,467.64,254.34,Store
O000218,2025-08-06,C00474,P001,1,12212.51,9280.33,0.0,12212.51,9280.33,2932.18,Store
O000219,2025-06-09,C00896,P013,1,889.0,519.78,44.45,844.55,519.78,324.77,Online
O000220,2025-07-17,C00775,P008,1,952.71,663.0,0.0,952.71,663.0,289.71,Online
O000221,2025-09-04,C00557,P010,1,1487.5,884.68,0.0,1487.5,884.68,602.82,Online
O000222,2025-11-20,C00386,P003,1,1674.13,1006.35,0.0,1674.13,1006.35,667.78,Online
O000223,2025-07-22,C00928,P009,2,1843.37,1277.0,0.0,3686.74,2554.0,1132.74,Online
O000224,2025-07-03,C00312,P002,3,5103.35,3862.76,0.0,15310.05,11588.28,3721.77,Marketplace
O000225,2025-05-03,C00578,P009,1,1843.37,1277.0,0.0,1843.37,1277.0,566.37,Online
O000226,2025-09-12,C00185,P005,1,3123.65,2355.15,0.0,3123.65,2355.15,768.5,Online
O000227,2025-10-21,C01021,P012,1,1008.95,650.79,100.9,908.05,650.79,257.26,Online
O000228,2025-10-07,C00300,P002,1,5103.35,3862.76,0.0,5103.35,3862.76,1240.59,Online
O000229,2025-11-21,C00372,P007,2,692.39,399.57,0.0,1384.78,799.14,585.64,Online
O000230,2025-04-08,C00026,P004,3,825.3,619.33,123.79,2352.11,1857.99,494.12,Online
O000231,2025-07-17,C00908,P008,2,952.71,663.0,0.0,1905.42,1326.0,579.42,Online
O000232,2025-08-28,C00193,P007,1,692.39,399.57,34.62,657.77,399.57,258.2,Online
O000233,2025-05-24,C00662,P006,1,3653.72,2501.63,0.0,3653.72,2501.63,1152.09,Marketplace
O000234,2025-04-07,C01067,P004,1,825.3,619.33,41.26,784.04,619.33,164.71,Online
O000235,2025-07-20,C00107,P007,3,692.39,399.57,0.0,2077.17,1198.71,878.46,Online
O000236,2025-05-04,C00031,P006,2,3653.72,2501.63,365.37,6942.07,5003.26,1938.81,Online
O000237,2025-07-06,C00498,P001,3,12212.51,9280.33,1831.88,34805.65,27840.99,6964.66,Store
O000238,2025-11-22,C00318,P012,2,1008.95,650.79,0.0,2017.9,1301.58,716.32,Online
O000239,2025-12-15,C00694,P002,1,5103.35,3862.76,255.17,4848.18,3862.76,985.42,Store
O000240,2025-09-16,C00220,P005,1,3123.65,2355.15,0.0,3123.65,2355.15,768.5,Online
O000241,2025-05-28,C00712,P015,2,1375.39,1038.91,0.0,2750.78,2077.82,672.96,Online
O000242,2025-09-09,C00276,P009,2,1843.37,1277.0,0.0,3686.74,2554.0,1132.74,Online
O000243,2025-12-12,C00604,P016,1,802.2,467.64,0.0,802.2,467.64,334.56,Online
O000244,2025-05-27,C00960,P009,2,1843.37,1277.0,184.34,3502.4,2554.0,948.4,Store
O000245,2025-05-28,C00329,P003,1,1674.13,1006.35,0.0,1674.13,1006.35,667.78,Store
O000246,2025-12-18,C01110,P012,1,1008.95,650.79,100.9,908.05,650.79,257.26,Online
O000247,2025-07-18,C00380,P001,1,12212.51,9280.33,0.0,12212.51,9280.33,2932.18,Online
O000248,2025-11-04,C00657,P003,1,1674.13,1006.35,0.0,1674.13,1006.35,667.78,Online
O000249,2025-05-08,C01074,P016,2,802.2,467.64,0.0,1604.4,935.28,669.12,Online
O000250,2025-02-08,C00840,P011,1,487.27,344.29,0.0,487.27,344.29,142.98,Online
O000251,2025-12-04,C00266,P006,2,3653.72,2501.63,0.0,7307.44,5003.26,2304.18,Online
O000252,2025-12-26,C00203,P002,1,5103.35,3862.76,510.34,4593.01,3862.76,730.25,Store
O000253,2025-05-09,C01077,P009,1,1843.37,1277.0,0.0,1843.37,1277.0,566.37,Store
O000254,2025-09-24,C00027,P007,1,692.39,399.57,103.86,588.53,399.57,188.96,Store
O000255,2025-05-31,C00959,P002,1,5103.35,3862.76,255.17,4848.18,3862.76,985.42,Store
O000256,2025-10-25,C00756,P002,2,5103.35,3862.76,0.0,10206.7,7725.52,2481.18,Online
O000257,2025-04-09,C00145,P010,1,1487.5,884.68,0.0,1487.5,884.68,602.82,Online
O000258,2025-09-20,C00208,P008,1,952.71,663.0,0.0,952.71,663.0,289.71,Online
O000259,2025-09-09,C00510,P006,1,3653.72,2501.63,182.69,3471.03,2501.63,969.4,Store
O000260,2025-05-24,C01181,P012,1,1008.95,650.79,50.45,958.5,650.79,307.71,Online
O000261,2025-12-12,C00214,P006,2,3653.72,2501.63,0.0,7307.44,5003.26,2304.18,Online
O000262,2025-04-22,C00324,P015,3,1375.39,1038.91,618.93,3507.24,3116.73,390.51,Online
O000263,2025-03-01,C00665,P012,1,1008.95,650.79,50.45,958.5,650.79,307.71,Store
O000264,2025-01-02,C00663,P008,1,952.71,663.0,0.0,952.71,663.0,289.71,Store
O000265,2025-10-31,C00521,P012,3,1008.95,650.79,0.0,3026.85,1952.37,1074.48,Online
O000266,2025-09-11,C00071,P010,1,1487.5,884.68,0.0,1487.5,884.68,602.82,Marketplace
O000267,2025-05-20,C00619,P001,1,12212.51,9280.33,0.0,12212.51,9280.33,2932.18,Store
O000268,2025-02-06,C00045,P009,3,1843.37,1277.0,0.0,5530.11,3831.0,1699.11,Online
O000269,2025-06-09,C01171,P005,1,3123.65,2355.15,0.0,3123.65,2355.15,768.5,Online
O000270,2025-01-09,C00543,P012,2,1008.95,650.79,0.0,2017.9,1301.58,716.32,Online
O000271,2025-08-21,C00616,P003,1,1674.13,1006.35,83.71,1590.42,1006.35,584.07,Online
O000272,2025-04-09,C00159,P011,2,487.27,344.29,0.0,974.54,688.58,285.96,Store
O000273,2025-05-27,C01181,P004,1,825.3,619.33,0.0,825.3,619.33,205.97,Store
O000274,2025-10-31,C01181,P013,1,889.0,519.78,0.0,889.0,519.78,369.22,Store
O000275,2025-07-27,C00713,P014,1,746.01,469.1,74.6,671.41,469.1,202.31,Store
O000276,2025-05-11,C00465,P001,1,12212.51,9280.33,610.63,11601.88,9280.33,2321.55,Online
O000277,2025-06-01,C01074,P002,1,5103.35,3862.76,255.17,4848.18,3862.76,985.42,Online
O000278,2025-02-23,C00453,P005,1,3123.65,2355.15,156.18,2967.47,2355.15,612.32,Online
O000279,2025-04-30,C00913,P003,1,1674.13,1006.35,0.0,1674.13,1006.35,667.78,Online
O000280,2025-06-10,C00271,P011,1,487.27,344.29,24.36,462.91,344.29,118.62,Online
O000281,2025-04-26,C00818,P009,1,1843.37,1277.0,0.0,1843.37,1277.0,566.37,Store
O000282,2025-03-16,C00268,P005,1,3123.65,2355.15,0.0,3123.65,2355.15,768.5,Online
O000283,2025-04-23,C01171,P007,1,692.39,399.57,138.48,553.91,399.57,154.34,Online
O000284,2025-04-14,C00497,P003,1,1674.13,1006.35,0.0,1674.13,1006.35,667.78,Store
O000285,2025-12-06,C01180,P003,1,1674.13,1006.35,0.0,1674.13,1006.35,667.78,Online
O000286,2025-09-11,C00391,P011,1,487.27,344.29,24.36,462.91,344.29,118.62,Store
O000287,2025-08-15,C00347,P012,1,1008.95,650.79,201.79,807.16,650.79,156.37,Online
O000288,2025-04-22,C00299,P015,1,1375.39,1038.91,137.54,1237.85,1038.91,198.94,Online
O000289,2025-04-09,C00766,P005,2,3123.65,2355.15,624.73,5622.57,4710.3,912.27,Online
O000290,2025-06-02,C00112,P008,3,952.71,663.0,428.72,2429.41,1989.0,440.41,Store
O000291,2025-12-15,C00590,P001,1,12212.51,9280.33,1221.25,10991.26,9280.33,1710.93,Online
O000292,2025-12-04,C00965,P001,1,12212.51,9280.33,610.63,11601.88,9280.33,2321.55,Online
O000293,2025-07-13,C01120,P009,1,1843.37,1277.0,92.17,1751.2,1277.0,474.2,Marketplace
O000294,2025-11-06,C00038,P013,1,889.0,519.78,44.45,844.55,519.78,324.77,Online
O000295,2025-06-12,C00349,P002,1,5103.35,3862.76,510.34,4593.01,3862.76,730.25,Online
O000296,2025-07-27,C00109,P015,1,1375.39,1038.91,0.0,1375.39,1038.91,336.48,Online
O000297,2025-06-18,C00556,P012,2,1008.95,650.79,0.0,2017.9,1301.58,716.32,Store
O000298,2025-06-10,C00792,P008,3,952.71,663.0,0.0,2858.13,1989.0,869.13,Store
O000299,2025-03-09,C00647,P016,2,802.2,467.64,0.0,1604.4,935.28,669.12,Online
O000300,2025-10-16,C01026,P015,1,1375.39,1038.91,68.77,1306.62,1038.91,267.71,Online
O000301,2025-10-04,C01085,P010,1,1487.5,884.68,0.0,1487.5,884.68,602.82,Online
O000302,2025-10-31,C00711,P012,1,1008.95,650.79,0.0,1008.95,650.79,358.16,Marketplace
O000303,2025-05-15,C01027,P009,2,1843.37,1277.0,184.34,3502.4,2554.0,948.4,Store
O000304,2025-07-14,C00061,P009,1,1843.37,1277.0,0.0,1843.37,1277.0,566.37,Online
O000305,2025-05-08,C00282,P003,2,1674.13,1006.35,0.0,3348.26,2012.7,1335.56,Store
O000306,2025-02-02,C00466,P014,1,746.01,469.1,0.0,746.01,469.1,276.91,Marketplace
O000307,2025-06-25,C00675,P015,1,1375.39,1038.91,0.0,1375.39,1038.91,336.48,Online
O000308,2025-01-22,C01109,P007,2,692.39,399.57,0.0,1384.78,799.14,585.64,Store
O000309,2025-08-26,C01073,P005,1,3123.65,2355.15,468.55,2655.1,2355.15,299.95,Store
O000310,2025-06-07,C01157,P006,1,3653.72,2501.63,182.69,3471.03,2501.63,969.4,Marketplace
O000311,2025-02-07,C00243,P006,1,3653.72,2501.63,365.37,3288.35,2501.63,786.72,Store
O000312,2025-08-18,C00653,P014,3,746.01,469.1,0.0,2238.03,1407.3,830.73,Store
O000313,2025-12-31,C00561,P005,2,3123.65,2355.15,0.0,6247.3,4710.3,1537.0,Online
O000314,2025-02-20,C00547,P008,1,952.71,663.0,0.0,952.71,663.0,289.71,Online
O000315,2025-09-21,C00163,P016,1,802.2,467.64,80.22,721.98,467.64,254.34,Online
O000316,2025-10-10,C00766,P006,2,3653.72,2501.63,0.0,7307.44,5003.26,2304.18,Online
O000317,2025-01-27,C00396,P008,1,952.71,663.0,95.27,857.44,663.0,194.44,Online
O000318,2025-08-14,C00553,P014,1,746.01,469.1,37.3,708.71,469.1,239.61,Online
O000319,2025-10-04,C00419,P003,1,1674.13,1006.35,251.12,1423.01,1006.35,416.66,Online
O000320,2025-10-13,C01004,P011,2,487.27,344.29,97.45,877.09,688.58,188.51,Online
O000321,2025-04-07,C00086,P013,2,889.0,519.78,0.0,1778.0,1039.56,738.44,Marketplace
O000322,2025-10-11,C01172,P002,1,5103.35,3862.76,0.0,5103.35,3862.76,1240.59,Store
O000323,2025-11-13,C00087,P008,1,952.71,663.0,0.0,952.71,663.0,289.71,Store
O000324,2025-10-31,C01143,P013,1,889.0,519.78,44.45,844.55,519.78,324.77,Online
O000325,2025-05-27,C00597,P015,1,1375.39,1038.91,0.0,1375.39,1038.91,336.48,Store
O000326,2025-01-04,C00945,P006,1,3653.72,2501.63,182.69,3471.03,2501.63,969.4,Online
O000327,2025-02-04,C01059,P005,1,3123.65,2355.15,156.18,2967.47,2355.15,612.32,Online
O000328,2025-07-11,C01026,P004,1,825.3,619.33,41.26,784.04,619.33,164.71,Store
O000329,2025-02-18,C01120,P005,1,3123.65,2355.15,0.0,3123.65,2355.15,768.5,Online
O000330,2025-01-17,C00930,P007,2,692.39,399.57,0.0,1384.78,799.14,585.64,Online
O000331,2025-06-21,C00336,P004,1,825.3,619.33,41.26,784.04,619.33,164.71,Online
O000332,2025-08-08,C00175,P013,2,889.0,519.78,355.6,1422.4,1039.56,382.84,Online
O000333,2025-06-07,C00328,P013,1,889.0,519.78,0.0,889.0,519.78,369.22,Online
O000334,2025-02-15,C00687,P005,1,3123.65,2355.15,0.0,3123.65,2355.15,768.5,Store
O000335,2025-01-06,C00106,P014,1,746.01,469.1,37.3,708.71,469.1,239.61,Marketplace
O000336,2025-04-09,C00592,P006,1,3653.72,2501.63,0.0,3653.72,2501.63,1152.09,Online
O000337,2025-08-21,C00519,P001,1,12212.51,9280.33,1221.25,10991.26,9280.33,1710.93,Online
O000338,2025-02-06,C00012,P016,1,802.2,467.64,40.11,762.09,467.64,294.45,Online
O000339,2025-10-07,C00840,P015,1,1375.39,1038.91,68.77,1306.62,1038.91,267.71,Online
O000340,2025-12-15,C01121,P009,1,1843.37,1277.0,92.17,1751.2,1277.0,474.2,Store
O000341,2025-10-29,C00101,P006,1,3653.72,2501.63,182.69,3471.03,2501.63,969.4,Online
O000342,2025-06-30,C00067,P010,1,1487.5,884.68,0.0,1487.5,884.68,602.82,Online
O000343,2025-04-05,C00366,P006,1,3653.72,2501.63,182.69,3471.03,2501.63,969.4,Store
O000344,2025-04-09,C01173,P006,3,3653.72,2501.63,548.06,10413.1,7504.89,2908.21,Online
O000345,2025-07-07,C00074,P003,2,1674.13,1006.35,0.0,3348.26,2012.7,1335.56,Store
O000346,2025-04-26,C00139,P014,2,746.01,469.1,0.0,1492.02,938.2,553.82,Online
O000347,2025-07-10,C00250,P009,1,1843.37,1277.0,0.0,1843.37,1277.0,566.37,Online
O000348,2025-09-10,C00429,P002,1,5103.35,3862.76,255.17,4848.18,3862.76,985.42,Online
O000349,2025-06-10,C00180,P016,2,802.2,467.64,80.22,1524.18,935.28,588.9,Store
O000350,2025-09-13,C00589,P014,1,746.01,469.1,0.0,746.01,469.1,276.91,Online
O000351,2025-11-19,C00725,P005,1,3123.65,2355.15,0.0,3123.65,2355.15,768.5,Store
O000352,2025-05-08,C01020,P016,2,802.2,467.64,160.44,1443.96,935.28,508.68,Online
O000353,2025-01-18,C00595,P007,1,692.39,399.57,0.0,692.39,399.57,292.82,Online
O000354,2025-10-08,C00242,P007,2,692.39,399.57,276.96,1107.82,799.14,308.68,Online
O000355,2025-08-11,C00684,P012,1,1008.95,650.79,50.45,958.5,650.79,307.71,Online
O000356,2025-02-23,C00413,P010,1,1487.5,884.68,0.0,1487.5,884.68,602.82,Online
O000357,2025-02-27,C01127,P011,2,487.27,344.29,0.0,974.54,688.58,285.96,Online
O000358,2025-11-19,C00812,P001,2,12212.51,9280.33,0.0,24425.02,18560.66,5864.36,Store
O000359,2025-12-26,C00982,P016,2,802.2,467.64,80.22,1524.18,935.28,588.9,Online
O000360,2025-06-23,C00944,P011,1,487.27,344.29,48.73,438.54,344.29,94.25,Marketplace
O000361,2025-10-07,C00115,P010,1,1487.5,884.68,74.38,1413.12,884.68,528.44,Online
O000362,2025-04-24,C00039,P007,1,692.39,399.57,0.0,692.39,399.57,292.82,Marketplace
O000363,2025-10-15,C00725,P003,3,1674.13,1006.35,0.0,5022.39,3019.05,2003.34,Online
O000364,2025-12-08,C00769,P006,1,3653.72,2501.63,0.0,3653.72,2501.63,1152.09,Online
O000365,2025-05-31,C00632,P011,2,487.27,344.29,0.0,974.54,688.58,285.96,Online
O000366,2025-05-07,C00487,P012,1,1008.95,650.79,151.34,857.61,650.79,206.82,Online
O000367,2025-06-04,C00620,P006,1,3653.72,2501.63,365.37,3288.35,2501.63,786.72,Store
O000368,2025-09-30,C00190,P015,1,1375.39,1038.91,137.54,1237.85,1038.91,198.94,Marketplace
O000369,2025-04-14,C00316,P007,1,692.39,399.57,0.0,692.39,399.57,292.82,Store
O000370,2025-10-26,C00636,P011,1,487.27,344.29,48.73,438.54,344.29,94.25,Store
O000371,2025-09-03,C01058,P005,1,3123.65,2355.15,0.0,3123.65,2355.15,768.5,Online
O000372,2025-06-25,C01070,P004,1,825.3,619.33,123.79,701.51,619.33,82.18,Store
O000373,2025-02-08,C00179,P011,1,487.27,344.29,0.0,487.27,344.29,142.98,Online
O000374,2025-06-19,C00640,P001,1,12212.51,9280.33,0.0,12212.51,9280.33,2932.18,Store
O000375,2025-09-04,C00658,P007,1,692.39,399.57,0.0,692.39,399.57,292.82,Online
O000376,2025-01-26,C00904,P004,1,825.3,619.33,0.0,825.3,619.33,205.97,Online
O000377,2025-12-21,C01147,P004,1,825.3,619.33,0.0,825.3,619.33,205.97,Online
O000378,2025-11-02,C00290,P010,1,1487.5,884.68,0.0,1487.5,884.68,602.82,Online
O000379,2025-01-13,C00694,P015,1,1375.39,1038.91,0.0,1375.39,1038.91,336.48,Marketplace
O000380,2025-11-12,C00104,P004,1,825.3,619.33,0.0,825.3,619.33,205.97,Online
O000381,2025-11-09,C00914,P012,1,1008.95,650.79,100.9,908.05,650.79,257.26,Store
O000382,2025-02-05,C01093,P003,3,1674.13,1006.35,502.24,4520.15,3019.05,1501.1,Online
O000383,2025-06-22,C00270,P003,2,1674.13,1006.35,502.24,2846.02,2012.7,833.32,Online
O000384,2025-01-20,C00934,P010,2,1487.5,884.68,148.75,2826.25,1769.36,1056.89,Online
O000385,2025-11-17,C00475,P008,1,952.71,663.0,95.27,857.44,663.0,194.44,Online
O000386,2025-09-21,C00745,P013,1,889.0,519.78,133.35,755.65,519.78,235.87,Online
O000387,2025-05-22,C00666,P015,1,1375.39,1038.91,0.0,1375.39,1038.91,336.48,Online
O000388,2025-05-23,C00981,P015,2,1375.39,1038.91,0.0,2750.78,2077.82,672.96,Online
O000389,2025-04-02,C01177,P005,1,3123.65,2355.15,0.0,3123.65,2355.15,768.5,Store
O000390,2025-12-20,C00220,P011,1,487.27,344.29,0.0,487.27,344.29,142.98,Online
O000391,2025-11-18,C00945,P013,1,889.0,519.78,0.0,889.0,519.78,369.22,Online
O000392,2025-10-15,C00326,P016,1,802.2,467.64,0.0,802.2,467.64,334.56,Store
O000393,2025-08-03,C00883,P014,1,746.01,469.1,0.0,746.01,469.1,276.91,Store
O000394,2025-12-08,C00355,P003,2,1674.13,1006.35,167.41,3180.85,2012.7,1168.15,Store
O000395,2025-02-20,C00235,P015,1,1375.39,1038.91,0.0,1375.39,1038.91,336.48,Online
O000396,2025-06-02,C00631,P013,1,889.0,519.78,0.0,889.0,519.78,369.22,Store
O000397,2025-07-05,C00777,P011,1,487.27,344.29,24.36,462.91,344.29,118.62,Online
O000398,2025-03-04,C00285,P001,2,12212.51,9280.33,1221.25,23203.77,18560.66,4643.11,Online
O000399,2025-07-09,C00597,P013,1,889.0,519.78,0.0,889.0,519.78,369.22,Online
O000400,2025-05-05,C00649,P010,1,1487.5,884.68,223.12,1264.38,884.68,379.7,Online
O000401,2025-05-30,C00891,P012,4,1008.95,650.79,201.79,3834.01,2603.16,1230.85,Online
O000402,2025-11-10,C01046,P013,2,889.0,519.78,177.8,1600.2,1039.56,560.64,Online
O000403,2025-02-27,C01125,P002,1,5103.35,3862.76,255.17,4848.18,3862.76,985.42,Marketplace
O000404,2025-12-08,C00225,P010,2,1487.5,884.68,0.0,2975.0,1769.36,1205.64,Store
O000405,2025-11-01,C00808,P011,2,487.27,344.29,0.0,974.54,688.58,285.96,Online
O000406,2025-06-29,C00433,P006,1,3653.72,2501.63,0.0,3653.72,2501.63,1152.09,Online
O000407,2025-06-19,C00738,P014,1,746.01,469.1,149.2,596.81,469.1,127.71,Store
O000408,2025-11-22,C00276,P001,1,12212.51,9280.33,0.0,12212.51,9280.33,2932.18,Store
O000409,2025-09-28,C00997,P014,3,746.01,469.1,0.0,2238.03,1407.3,830.73,Online
O000410,2025-02-23,C00852,P015,2,1375.39,1038.91,137.54,2613.24,2077.82,535.42,Marketplace
O000411,2025-04-11,C00369,P015,1,1375.39,1038.91,68.77,1306.62,1038.91,267.71,Online
O000412,2025-09-21,C00728,P008,1,952.71,663.0,47.64,905.07,663.0,242.07,Online
O000413,2025-02-22,C00485,P009,1,1843.37,1277.0,0.0,1843.37,1277.0,566.37,Online
O000414,2025-03-01,C00078,P016,2,802.2,467.64,0.0,1604.4,935.28,669.12,Online
O000415,2025-04-18,C00164,P005,2,3123.65,2355.15,0.0,6247.3,4710.3,1537.0,Store
O000416,2025-01-05,C00573,P015,1,1375.39,1038.91,0.0,1375.39,1038.91,336.48,Online
O000417,2025-04-13,C00503,P016,1,802.2,467.64,40.11,762.09,467.64,294.45,Store
O000418,2025-07-15,C01105,P010,1,1487.5,884.68,223.12,1264.38,884.68,379.7,Online
O000419,2025-09-19,C00023,P016,1,802.2,467.64,120.33,681.87,467.64,214.23,Online
O000420,2025-12-31,C00679,P014,1,746.01,469.1,149.2,596.81,469.1,127.71,Online
O000421,2025-12-16,C00344,P002,2,5103.35,3862.76,510.34,9696.36,7725.52,1970.84,Online
O000422,2025-02-16,C01155,P009,1,1843.37,1277.0,0.0,1843.37,1277.0,566.37,Online
O000423,2025-12-21,C00106,P010,2,1487.5,884.68,148.75,2826.25,1769.36,1056.89,Online
O000424,2025-11-07,C00169,P005,1,3123.65,2355.15,312.36,2811.29,2355.15,456.14,Online
O000425,2025-11-04,C00272,P009,1,1843.37,1277.0,0.0,1843.37,1277.0,566.37,Store
O000426,2025-05-24,C00358,P005,1,3123.65,2355.15,0.0,3123.65,2355.15,768.5,Online
O000427,2025-09-26,C00484,P016,1,802.2,467.64,0.0,802.2,467.64,334.56,Online
O000428,2025-05-04,C00173,P005,1,3123.65,2355.15,312.36,2811.29,2355.15,456.14,Store
O000429,2025-04-16,C00846,P013,1,889.0,519.78,0.0,889.0,519.78,369.22,Online
O000430,2025-06-07,C00432,P012,1,1008.95,650.79,0.0,1008.95,650.79,358.16,Store
O000431,2025-05-27,C00108,P006,1,3653.72,2501.63,0.0,3653.72,2501.63,1152.09,Online
O000432,2025-05-25,C01091,P008,1,952.71,663.0,47.64,905.07,663.0,242.07,Online
O000433,2025-04-30,C00298,P014,1,746.01,469.1,111.9,634.11,469.1,165.01,Online
O000434,2025-11-15,C00647,P002,1,5103.35,3862.76,0.0,5103.35,3862.76,1240.59,Online
O000435,2025-10-02,C00885,P009,1,1843.37,1277.0,0.0,1843.37,1277.0,566.37,Online
O000436,2025-04-02,C01197,P013,1,889.0,519.78,44.45,844.55,519.78,324.77,Online
O000437,2025-02-27,C00400,P011,1,487.27,344.29,97.45,389.82,344.29,45.53,Online
O000438,2025-12-12,C00022,P001,2,12212.51,9280.33,0.0,24425.02,18560.66,5864.36,Online
O000439,2025-08-17,C00213,P015,1,1375.39,1038.91,68.77,1306.62,1038.91,267.71,Online
O000440,2025-04-27,C00070,P001,1,12212.51,9280.33,0.0,12212.51,9280.33,2932.18,Online
O000441,2025-11-14,C00445,P004,2,825.3,619.33,0.0,1650.6,1238.66,411.94,Store
O000442,2025-10-06,C00267,P013,1,889.0,519.78,88.9,800.1,519.78,280.32,Online
O000443,2025-05-07,C00379,P004,2,825.3,619.33,0.0,1650.6,1238.66,411.94,Online
O000444,2025-05-09,C00156,P015,3,1375.39,1038.91,0.0,4126.17,3116.73,1009.44,Online
O000445,2025-02-27,C00663,P009,1,1843.37,1277.0,0.0,1843.37,1277.0,566.37,Store
O000446,2025-05-02,C00784,P013,1,889.0,519.78,0.0,889.0,519.78,369.22,Marketplace
O000447,2025-01-01,C00543,P006,1,3653.72,2501.63,0.0,3653.72,2501.63,1152.09,Marketplace
O000448,2025-08-27,C00805,P006,1,3653.72,2501.63,0.0,3653.72,2501.63,1152.09,Online
O000449,2025-10-17,C00884,P007,1,692.39,399.57,0.0,692.39,399.57,292.82,Online
O000450,2025-04-06,C00531,P004,1,825.3,619.33,0.0,825.3,619.33,205.97,Store
O000451,2025-05-06,C00914,P001,2,12212.51,9280.33,0.0,24425.02,18560.66,5864.36,Online
O000452,2025-04-28,C00078,P013,1,889.0,519.78,44.45,844.55,519.78,324.77,Marketplace
O000453,2025-02-17,C01177,P001,1,12212.51,9280.33,1831.88,10380.63,9280.33,1100.3,Online
O000454,2025-03-30,C00894,P013,2,889.0,519.78,177.8,1600.2,1039.56,560.64,Store
O000455,2025-08-25,C01107,P008,1,952.71,663.0,142.91,809.8,663.0,146.8,Store
O000456,2025-09-29,C00988,P004,1,825.3,619.33,123.79,701.51,619.33,82.18,Online
O000457,2025-07-08,C00621,P013,1,889.0,519.78,177.8,711.2,519.78,191.42,Online
O000458,2025-07-11,C00749,P011,1,487.27,344.29,0.0,487.27,344.29,142.98,Store
O000459,2025-03-10,C00416,P006,1,3653.72,2501.63,548.06,3105.66,2501.63,604.03,Store
O000460,2025-10-05,C00613,P013,2,889.0,519.78,88.9,1689.1,1039.56,649.54,Online
O000461,2025-12-15,C00174,P015,2,1375.39,1038.91,0.0,2750.78,2077.82,672.96,Online
O000462,2025-09-04,C00489,P016,1,802.2,467.64,80.22,721.98,467.64,254.34,Online
O000463,2025-03-17,C01024,P015,3,1375.39,1038.91,0.0,4126.17,3116.73,1009.44,Online
O000464,2025-06-03,C00692,P002,1,5103.35,3862.76,0.0,5103.35,3862.76,1240.59,Store
O000465,2025-05-24,C01072,P015,3,1375.39,1038.91,412.62,3713.55,3116.73,596.82,Online
O000466,2025-03-27,C01187,P008,3,952.71,663.0,0.0,2858.13,1989.0,869.13,Online
O000467,2025-07-04,C00040,P016,2,802.2,467.64,80.22,1524.18,935.28,588.9,Online
O000468,2025-10-12,C00268,P001,1,12212.51,9280.33,0.0,12212.51,9280.33,2932.18,Online
O000469,2025-08-08,C00200,P015,1,1375.39,1038.91,137.54,1237.85,1038.91,198.94,Online
O000470,2025-03-10,C00218,P004,1,825.3,619.33,82.53,742.77,619.33,123.44,Online
O000471,2025-02-16,C00416,P014,1,746.01,469.1,74.6,671.41,469.1,202.31,Store
O000472,2025-04-04,C00824,P011,1,487.27,344.29,24.36,462.91,344.29,118.62,Online
O000473,2025-08-26,C00659,P007,2,692.39,399.57,69.24,1315.54,799.14,516.4,Online
O000474,2025-07-23,C00248,P009,1,1843.37,1277.0,0.0,1843.37,1277.0,566.37,Store
O000475,2025-08-06,C01134,P006,1,3653.72,2501.63,548.06,3105.66,2501.63,604.03,Online
O000476,2025-12-07,C00205,P013,2,889.0,519.78,0.0,1778.0,1039.56,738.44,Online
O000477,2025-02-08,C00014,P001,1,12212.51,9280.33,0.0,12212.51,9280.33,2932.18,Store
O000478,2025-04-10,C00582,P014,2,746.01,469.1,149.2,1342.82,938.2,404.62,Online
O000479,2025-10-16,C00260,P007,1,692.39,399.57,0.0,692.39,399.57,292.82,Online
O000480,2025-09-11,C00490,P006,1,3653.72,2501.63,0.0,3653.72,2501.63,1152.09,Online
O000481,2025-08-10,C01024,P003,1,1674.13,1006.35,167.41,1506.72,1006.35,500.37,Online
O000482,2025-12-23,C00010,P008,1,952.71,663.0,190.54,762.17,663.0,99.17,Marketplace
O000483,2025-01-23,C00742,P008,1,952.71,663.0,47.64,905.07,663.0,242.07,Online
O000484,2025-09-07,C00109,P007,1,692.39,399.57,0.0,692.39,399.57,292.82,Store
O000485,2025-01-10,C00972,P016,1,802.2,467.64,40.11,762.09,467.64,294.45,Online
O000486,2025-09-03,C00746,P010,1,1487.5,884.68,0.0,1487.5,884.68,602.82,Online
O000487,2025-11-21,C00929,P002,1,5103.35,3862.76,0.0,5103.35,3862.76,1240.59,Online
O000488,2025-04-10,C00324,P001,1,12212.51,9280.33,0.0,12212.51,9280.33,2932.18,Store
O000489,2025-10-17,C00911,P011,1,487.27,344.29,24.36,462.91,344.29,118.62,Store
O000490,2025-06-29,C00472,P004,1,825.3,619.33,0.0,825.3,619.33,205.97,Store
O000491,2025-08-11,C00410,P013,2,889.0,519.78,0.0,1778.0,1039.56,738.44,Online
O000492,2025-09-07,C00112,P014,1,746.01,469.1,111.9,634.11,469.1,165.01,Online
O000493,2025-05-27,C00794,P012,1,1008.95,650.79,50.45,958.5,650.79,307.71,Online
O000494,2025-04-06,C00553,P007,1,692.39,399.57,0.0,692.39,399.57,292.82,Online
O000495,2025-09-14,C00575,P005,1,3123.65,2355.15,0.0,3123.65,2355.15,768.5,Online
O000496,2025-11-21,C00704,P008,2,952.71,663.0,95.27,1810.15,1326.0,484.15,Store
O000497,2025-01-04,C00349,P008,1,952.71,663.0,95.27,857.44,663.0,194.44,Online
O000498,2025-01-16,C00444,P016,2,802.2,467.64,0.0,1604.4,935.28,669.12,Store
O000499,2025-10-07,C00506,P008,1,952.71,663.0,47.64,905.07,663.0,242.07,Store
O000500,2025-12-02,C00306,P001,1,12212.51,9280.33,0.0,12212.51,9280.33,2932.18,Marketplace
O000501,2025-09-04,C01033,P002,1,5103.35,3862.76,0.0,5103.35,3862.76,1240.59,Store
O000502,2025-09-15,C00201,P015,1,1375.39,1038.91,0.0,1375.39,1038.91,336.48,Store
O000503,2025-06-09,C00833,P007,1,692.39,399.57,0.0,692.39,399.57,292.82,Online
O000504,2025-12-06,C00186,P001,1,12212.51,9280.33,0.0,12212.51,9280.33,2932.18,Store
O000505,2025-06-01,C01169,P001,3,12212.51,9280.33,0.0,36637.53,27840.99,8796.54,Online
O000506,2025-06-27,C00831,P006,2,3653.72,2501.63,0.0,7307.44,5003.26,2304.18,Online
O000507,2025-06-12,C00003,P003,1,1674.13,1006.35,83.71,1590.42,1006.35,584.07,Online
O000508,2025-02-02,C00608,P014,2,746.01,469.1,74.6,1417.42,938.2,479.22,Online
O000509,2025-06-28,C01179,P007,2,692.39,399.57,0.0,1384.78,799.14,585.64,Store
O000510,2025-04-11,C00113,P012,2,1008.95,650.79,0.0,2017.9,1301.58,716.32,Online
O000511,2025-09-25,C00084,P012,1,1008.95,650.79,50.45,958.5,650.79,307.71,Store
O000512,2025-11-19,C01149,P007,1,692.39,399.57,0.0,692.39,399.57,292.82,Online
O000513,2025-03-06,C00980,P007,2,692.39,399.57,138.48,1246.3,799.14,447.16,Online
O000514,2025-06-17,C00548,P014,1,746.01,469.1,0.0,746.01,469.1,276.91,Online
O000515,2025-11-26,C00996,P004,1,825.3,619.33,0.0,825.3,619.33,205.97,Store
O000516,2025-02-12,C00599,P015,1,1375.39,1038.91,137.54,1237.85,1038.91,198.94,Marketplace
O000517,2025-02-13,C00135,P007,2,692.39,399.57,0.0,1384.78,799.14,585.64,Online
O000518,2025-10-12,C00367,P010,3,1487.5,884.68,0.0,4462.5,2654.04,1808.46,Online
O000519,2025-01-12,C00230,P005,1,3123.65,2355.15,312.36,2811.29,2355.15,456.14,Online
O000520,2025-04-05,C00047,P010,1,1487.5,884.68,74.38,1413.12,884.68,528.44,Marketplace
O000521,2025-10-29,C00971,P012,1,1008.95,650.79,50.45,958.5,650.79,307.71,Online
O000522,2025-09-10,C00388,P003,1,1674.13,1006.35,167.41,1506.72,1006.35,500.37,Store
O000523,2025-08-30,C01065,P011,1,487.27,344.29,0.0,487.27,344.29,142.98,Online
O000524,2025-02-04,C00669,P016,1,802.2,467.64,40.11,762.09,467.64,294.45,Store
O000525,2025-08-03,C00912,P015,1,1375.39,1038.91,0.0,1375.39,1038.91,336.48,Store
O000526,2025-12-03,C00352,P009,1,1843.37,1277.0,0.0,1843.37,1277.0,566.37,Online
O000527,2025-03-31,C00097,P005,1,3123.65,2355.15,0.0,3123.65,2355.15,768.5,Online
O000528,2025-09-21,C00330,P010,1,1487.5,884.68,0.0,1487.5,884.68,602.82,Store
O000529,2025-04-03,C00315,P006,1,3653.72,2501.63,0.0,3653.72,2501.63,1152.09,Online
O000530,2025-03-31,C00260,P015,1,1375.39,1038.91,0.0,1375.39,1038.91,336.48,Online
O000531,2025-04-25,C00072,P011,3,487.27,344.29,0.0,1461.81,1032.87,428.94,Online
O000532,2025-04-15,C00333,P010,1,1487.5,884.68,0.0,1487.5,884.68,602.82,Marketplace
O000533,2025-07-15,C00298,P015,3,1375.39,1038.91,0.0,4126.17,3116.73,1009.44,Marketplace
O000534,2025-11-10,C01119,P011,1,487.27,344.29,0.0,487.27,344.29,142.98,Store
O000535,2025-04-24,C01175,P005,2,3123.65,2355.15,312.36,5934.94,4710.3,1224.64,Marketplace
O000536,2025-03-16,C00694,P004,2,825.3,619.33,247.59,1403.01,1238.66,164.35,Online
O000537,2025-08-05,C01129,P004,1,825.3,619.33,0.0,825.3,619.33,205.97,Store
O000538,2025-10-04,C00914,P012,1,1008.95,650.79,0.0,1008.95,650.79,358.16,Online
O000539,2025-09-06,C01195,P008,2,952.71,663.0,190.54,1714.88,1326.0,388.88,Online
O000540,2025-06-13,C00172,P015,1,1375.39,1038.91,206.31,1169.08,1038.91,130.17,Marketplace
O000541,2025-12-23,C00808,P007,1,692.39,399.57,34.62,657.77,399.57,258.2,Online
O000542,2025-07-11,C00115,P012,1,1008.95,650.79,50.45,958.5,650.79,307.71,Online
O000543,2025-08-15,C00791,P012,1,1008.95,650.79,0.0,1008.95,650.79,358.16,Online
O000544,2025-06-26,C00913,P003,1,1674.13,1006.35,167.41,1506.72,1006.35,500.37,Store
O000545,2025-04-09,C00852,P015,1,1375.39,1038.91,137.54,1237.85,1038.91,198.94,Marketplace
O000546,2025-02-05,C00869,P014,1,746.01,469.1,37.3,708.71,469.1,239.61,Online
O000547,2025-04-06,C00426,P010,1,1487.5,884.68,148.75,1338.75,884.68,454.07,Marketplace
O000548,2025-06-01,C00136,P013,1,889.0,519.78,0.0,889.0,519.78,369.22,Marketplace
O000549,2025-05-31,C00849,P006,1,3653.72,2501.63,182.69,3471.03,2501.63,969.4,Store
O000550,2025-07-09,C00281,P007,1,692.39,399.57,0.0,692.39,399.57,292.82,Online
O000551,2025-08-12,C00087,P010,2,1487.5,884.68,0.0,2975.0,1769.36,1205.64,Online
O000552,2025-02-06,C00950,P008,1,952.71,663.0,0.0,952.71,663.0,289.71,Online
O000553,2025-09-25,C00968,P004,1,825.3,619.33,82.53,742.77,619.33,123.44,Online
O000554,2025-07-02,C01008,P008,1,952.71,663.0,95.27,857.44,663.0,194.44,Online
O000555,2025-01-13,C00137,P012,1,1008.95,650.79,50.45,958.5,650.79,307.71,Store
O000556,2025-10-06,C00975,P004,1,825.3,619.33,41.26,784.04,619.33,164.71,Online
O000557,2025-08-05,C00532,P006,1,3653.72,2501.63,0.0,3653.72,2501.63,1152.09,Online
O000558,2025-12-21,C00278,P012,1,1008.95,650.79,0.0,1008.95,650.79,358.16,Online
O000559,2025-12-27,C00730,P002,1,5103.35,3862.76,0.0,5103.35,3862.76,1240.59,Marketplace
O000560,2025-10-13,C01053,P007,2,692.39,399.57,0.0,1384.78,799.14,585.64,Online
O000561,2025-09-30,C00343,P011,2,487.27,344.29,97.45,877.09,688.58,188.51,Store
O000562,2025-03-03,C00617,P009,2,1843.37,1277.0,184.34,3502.4,2554.0,948.4,Online
O000563,2025-03-25,C01188,P012,2,1008.95,650.79,0.0,2017.9,1301.58,716.32,Online
O000564,2025-08-05,C00764,P016,1,802.2,467.64,120.33,681.87,467.64,214.23,Online
O000565,2025-12-08,C00447,P005,1,3123.65,2355.15,312.36,2811.29,2355.15,456.14,Store
O000566,2025-07-06,C01145,P004,1,825.3,619.33,123.79,701.51,619.33,82.18,Online
O000567,2025-01-19,C00269,P001,1,12212.51,9280.33,0.0,12212.51,9280.33,2932.18,Online
O000568,2025-06-26,C00906,P011,1,487.27,344.29,0.0,487.27,344.29,142.98,Store
O000569,2025-04-10,C00243,P008,1,952.71,663.0,47.64,905.07,663.0,242.07,Store
O000570,2025-08-21,C00630,P005,1,3123.65,2355.15,624.73,2498.92,2355.15,143.77,Online
O000571,2025-03-17,C00229,P003,1,1674.13,1006.35,0.0,1674.13,1006.35,667.78,Online
O000572,2025-09-22,C00403,P004,1,825.3,619.33,41.26,784.04,619.33,164.71,Online
O000573,2025-10-11,C00961,P004,2,825.3,619.33,0.0,1650.6,1238.66,411.94,Online
O000574,2025-07-25,C00022,P004,2,825.3,619.33,247.59,1403.01,1238.66,164.35,Online
O000575,2025-08-11,C00410,P006,1,3653.72,2501.63,0.0,3653.72,2501.63,1152.09,Online
O000576,2025-02-21,C00569,P012,1,1008.95,650.79,100.9,908.05,650.79,257.26,Store
O000577,2025-12-05,C00496,P003,1,1674.13,1006.35,83.71,1590.42,1006.35,584.07,Online
O000578,2025-05-24,C00445,P007,3,692.39,399.57,0.0,2077.17,1198.71,878.46,Store
O000579,2025-03-10,C00009,P004,3,825.3,619.33,371.38,2104.52,1857.99,246.53,Store
O000580,2025-04-09,C00973,P012,2,1008.95,650.79,0.0,2017.9,1301.58,716.32,Store
O000581,2025-01-25,C00220,P006,2,3653.72,2501.63,1461.49,5845.95,5003.26,842.69,Online
O000582,2025-02-22,C01054,P008,1,952.71,663.0,95.27,857.44,663.0,194.44,Online
O000583,2025-05-31,C00955,P004,1,825.3,619.33,0.0,825.3,619.33,205.97,Online
O000584,2025-05-24,C00591,P002,1,5103.35,3862.76,0.0,5103.35,3862.76,1240.59,Online
O000585,2025-02-26,C00936,P010,2,1487.5,884.68,297.5,2677.5,1769.36,908.14,Online
O000586,2025-02-08,C00835,P010,4,1487.5,884.68,0.0,5950.0,3538.72,2411.28,Store
O000587,2025-04-19,C00975,P012,1,1008.95,650.79,201.79,807.16,650.79,156.37,Online
O000588,2025-06-30,C00216,P013,1,889.0,519.78,44.45,844.55,519.78,324.77,Online
O000589,2025-02-11,C00294,P013,1,889.0,519.78,44.45,844.55,519.78,324.77,Online
O000590,2025-07-05,C00346,P003,1,1674.13,1006.35,0.0,1674.13,1006.35,667.78,Online
O000591,2025-08-11,C00828,P004,1,825.3,619.33,0.0,825.3,619.33,205.97,Online
O000592,2025-05-02,C01192,P009,2,1843.37,1277.0,368.67,3318.07,2554.0,764.07,Marketplace
O000593,2025-05-13,C00730,P016,1,802.2,467.64,120.33,681.87,467.64,214.23,Marketplace
O000594,2025-06-12,C01048,P009,1,1843.37,1277.0,0.0,1843.37,1277.0,566.37,Online
O000595,2025-08-03,C01003,P016,1,802.2,467.64,120.33,681.87,467.64,214.23,Online
O000596,2025-08-09,C00109,P003,1,1674.13,1006.35,0.0,1674.13,1006.35,667.78,Online
O000597,2025-08-23,C00670,P005,1,3123.65,2355.15,156.18,2967.47,2355.15,612.32,Store
O000598,2025-11-27,C01065,P016,2,802.2,467.64,0.0,1604.4,935.28,669.12,Store
O000599,2025-05-26,C01005,P009,1,1843.37,1277.0,184.34,1659.03,1277.0,382.03,Online
O000600,2025-08-27,C00037,P002,4,5103.35,3862.76,2041.34,18372.06,15451.04,2921.02,Online
O000601,2025-03-17,C00922,P011,2,487.27,344.29,0.0,974.54,688.58,285.96,Online
O000602,2025-01-09,C00363,P010,2,1487.5,884.68,0.0,2975.0,1769.36,1205.64,Online
O000603,2025-03-15,C00640,P013,1,889.0,519.78,0.0,889.0,519.78,369.22,Store
O000604,2025-09-10,C01135,P016,1,802.2,467.64,80.22,721.98,467.64,254.34,Online
O000605,2025-08-18,C00802,P009,1,1843.37,1277.0,368.67,1474.7,1277.0,197.7,Online
O000606,2025-01-07,C00723,P010,1,1487.5,884.68,0.0,1487.5,884.68,602.82,Online
O000607,2025-06-23,C00751,P012,2,1008.95,650.79,100.9,1917.0,1301.58,615.42,Store
O000608,2025-05-21,C00699,P013,1,889.0,519.78,0.0,889.0,519.78,369.22,Online
O000609,2025-06-17,C00720,P002,1,5103.35,3862.76,0.0,5103.35,3862.76,1240.59,Online
O000610,2025-06-19,C00174,P003,2,1674.13,1006.35,0.0,3348.26,2012.7,1335.56,Online
O000611,2025-10-10,C01103,P011,1,487.27,344.29,24.36,462.91,344.29,118.62,Online
O000612,2025-05-02,C01055,P014,1,746.01,469.1,37.3,708.71,469.1,239.61,Online
O000613,2025-07-13,C00649,P013,1,889.0,519.78,0.0,889.0,519.78,369.22,Online
O000614,2025-01-05,C01001,P004,2,825.3,619.33,0.0,1650.6,1238.66,411.94,Online
O000615,2025-01-29,C00696,P006,1,3653.72,2501.63,0.0,3653.72,2501.63,1152.09,Online
O000616,2025-06-14,C01018,P003,2,1674.13,1006.35,0.0,3348.26,2012.7,1335.56,Online
O000617,2025-12-05,C00098,P010,4,1487.5,884.68,0.0,5950.0,3538.72,2411.28,Online
O000618,2025-05-16,C00189,P004,1,825.3,619.33,0.0,825.3,619.33,205.97,Online
O000619,2025-12-31,C01088,P016,1,802.2,467.64,0.0,802.2,467.64,334.56,Online
O000620,2025-11-17,C00619,P010,1,1487.5,884.68,0.0,1487.5,884.68,602.82,Online
O000621,2025-12-08,C00824,P009,1,1843.37,1277.0,0.0,1843.37,1277.0,566.37,Store
O000622,2025-05-25,C00370,P001,1,12212.51,9280.33,0.0,12212.51,9280.33,2932.18,Online
O000623,2025-11-23,C01023,P007,1,692.39,399.57,69.24,623.15,399.57,223.58,Marketplace
O000624,2025-08-05,C00549,P014,3,746.01,469.1,111.9,2126.13,1407.3,718.83,Online
O000625,2025-10-28,C00411,P012,1,1008.95,650.79,0.0,1008.95,650.79,358.16,Store
O000626,2025-05-12,C00615,P014,1,746.01,469.1,74.6,671.41,469.1,202.31,Marketplace
O000627,2025-10-19,C00417,P014,1,746.01,469.1,0.0,746.01,469.1,276.91,Online
O000628,2025-03-11,C00484,P013,1,889.0,519.78,0.0,889.0,519.78,369.22,Online
O000629,2025-09-09,C00636,P015,1,1375.39,1038.91,275.08,1100.31,1038.91,61.4,Online
O000630,2025-10-02,C00076,P007,1,692.39,399.57,0.0,692.39,399.57,292.82,Online
O000631,2025-12-30,C00569,P006,1,3653.72,2501.63,0.0,3653.72,2501.63,1152.09,Store
O000632,2025-07-01,C00041,P002,2,5103.35,3862.76,0.0,10206.7,7725.52,2481.18,Online
O000633,2025-06-16,C00131,P014,2,746.01,469.1,74.6,1417.42,938.2,479.22,Store
O000634,2025-04-01,C00813,P005,1,3123.65,2355.15,156.18,2967.47,2355.15,612.32,Online
O000635,2025-07-21,C00248,P009,1,1843.37,1277.0,0.0,1843.37,1277.0,566.37,Online
O000636,2025-12-12,C00642,P011,2,487.27,344.29,48.73,925.81,688.58,237.23,Store
O000637,2025-01-19,C00484,P014,1,746.01,469.1,0.0,746.01,469.1,276.91,Online
O000638,2025-02-08,C00563,P015,1,1375.39,1038.91,137.54,1237.85,1038.91,198.94,Online
O000639,2025-05-06,C01093,P012,2,1008.95,650.79,0.0,2017.9,1301.58,716.32,Online
O000640,2025-06-22,C00973,P008,3,952.71,663.0,285.81,2572.32,1989.0,583.32,Marketplace
O000641,2025-05-21,C00744,P016,2,802.2,467.64,160.44,1443.96,935.28,508.68,Online
O000642,2025-08-30,C00072,P002,2,5103.35,3862.76,1020.67,9186.03,7725.52,1460.51,Online
O000643,2025-08-08,C01132,P013,1,889.0,519.78,133.35,755.65,519.78,235.87,Online
O000644,2025-05-06,C00250,P008,2,952.71,663.0,0.0,1905.42,1326.0,579.42,Marketplace
O000645,2025-02-27,C00805,P009,1,1843.37,1277.0,276.51,1566.86,1277.0,289.86,Store
O000646,2025-05-28,C00610,P007,2,692.39,399.57,0.0,1384.78,799.14,585.64,Online
O000647,2025-11-13,C00650,P014,2,746.01,469.1,0.0,1492.02,938.2,553.82,Online
O000648,2025-12-27,C01007,P016,2,802.2,467.64,240.66,1363.74,935.28,428.46,Online
O000649,2025-01-01,C00866,P004,2,825.3,619.33,82.53,1568.07,1238.66,329.41,Online
O000650,2025-12-14,C00721,P014,1,746.01,469.1,74.6,671.41,469.1,202.31,Store
O000651,2025-07-09,C00929,P001,2,12212.51,9280.33,1221.25,23203.77,18560.66,4643.11,Online
O000652,2025-07-10,C00909,P005,1,3123.65,2355.15,0.0,3123.65,2355.15,768.5,Online
O000653,2025-11-08,C01180,P003,1,1674.13,1006.35,0.0,1674.13,1006.35,667.78,Store
O000654,2025-04-27,C00267,P014,2,746.01,469.1,0.0,1492.02,938.2,553.82,Online
O000655,2025-05-14,C00274,P009,1,1843.37,1277.0,92.17,1751.2,1277.0,474.2,Online
O000656,2025-02-27,C00578,P007,1,692.39,399.57,0.0,692.39,399.57,292.82,Online
O000657,2025-02-13,C00773,P008,1,952.71,663.0,0.0,952.71,663.0,289.71,Online
O000658,2025-06-22,C00469,P003,3,1674.13,1006.35,0.0,5022.39,3019.05,2003.34,Store
O000659,2025-06-09,C00346,P002,1,5103.35,3862.76,0.0,5103.35,3862.76,1240.59,Online
O000660,2025-06-22,C00183,P012,1,1008.95,650.79,50.45,958.5,650.79,307.71,Online
O000661,2025-11-13,C01077,P014,2,746.01,469.1,223.8,1268.22,938.2,330.02,Store
O000662,2025-10-30,C01013,P004,1,825.3,619.33,0.0,825.3,619.33,205.97,Marketplace
O000663,2025-05-29,C00546,P010,2,1487.5,884.68,0.0,2975.0,1769.36,1205.64,Online
O000664,2025-03-21,C00424,P007,4,692.39,399.57,0.0,2769.56,1598.28,1171.28,Store
O000665,2025-08-01,C00857,P006,1,3653.72,2501.63,0.0,3653.72,2501.63,1152.09,Online
O000666,2025-07-22,C00537,P008,1,952.71,663.0,142.91,809.8,663.0,146.8,Online
O000667,2025-09-09,C00939,P003,1,1674.13,1006.35,0.0,1674.13,1006.35,667.78,Online
O000668,2025-08-17,C00815,P007,2,692.39,399.57,69.24,1315.54,799.14,516.4,Store
O000669,2025-06-13,C00525,P003,1,1674.13,1006.35,0.0,1674.13,1006.35,667.78,Online
O000670,2025-08-15,C00481,P016,2,802.2,467.64,320.88,1283.52,935.28,348.24,Marketplace
O000671,2025-05-27,C00094,P001,1,12212.51,9280.33,610.63,11601.88,9280.33,2321.55,Online
O000672,2025-01-20,C00809,P012,1,1008.95,650.79,100.9,908.05,650.79,257.26,Online
O000673,2025-02-16,C00368,P009,1,1843.37,1277.0,0.0,1843.37,1277.0,566.37,Online
O000674,2025-08-21,C00959,P005,1,3123.65,2355.15,156.18,2967.47,2355.15,612.32,Online
O000675,2025-11-01,C00534,P004,1,825.3,619.33,165.06,660.24,619.33,40.91,Online
O000676,2025-01-14,C00576,P012,3,1008.95,650.79,0.0,3026.85,1952.37,1074.48,Store
O000677,2025-05-23,C00541,P011,1,487.27,344.29,0.0,487.27,344.29,142.98,Store
O000678,2025-01-01,C01007,P005,1,3123.65,2355.15,468.55,2655.1,2355.15,299.95,Online
O000679,2025-02-23,C00902,P002,1,5103.35,3862.76,0.0,5103.35,3862.76,1240.59,Online
O000680,2025-09-16,C00964,P009,1,1843.37,1277.0,0.0,1843.37,1277.0,566.37,Online
O000681,2025-05-24,C01014,P002,1,5103.35,3862.76,1020.67,4082.68,3862.76,219.92,Online
O000682,2025-01-12,C00938,P016,1,802.2,467.64,40.11,762.09,467.64,294.45,Online
O000683,2025-11-26,C00716,P003,1,1674.13,1006.35,0.0,1674.13,1006.35,667.78,Store
O000684,2025-08-12,C01042,P009,1,1843.37,1277.0,92.17,1751.2,1277.0,474.2,Online
O000685,2025-09-29,C00009,P006,1,3653.72,2501.63,0.0,3653.72,2501.63,1152.09,Store
O000686,2025-12-24,C00194,P011,1,487.27,344.29,24.36,462.91,344.29,118.62,Store
O000687,2025-06-05,C00808,P012,1,1008.95,650.79,151.34,857.61,650.79,206.82,Store
O000688,2025-01-08,C00315,P001,1,12212.51,9280.33,1221.25,10991.26,9280.33,1710.93,Store
O000689,2025-05-02,C00930,P009,1,1843.37,1277.0,0.0,1843.37,1277.0,566.37,Marketplace
O000690,2025-12-14,C00928,P011,3,487.27,344.29,292.36,1169.45,1032.87,136.58,Marketplace
O000691,2025-06-13,C01166,P005,1,3123.65,2355.15,0.0,3123.65,2355.15,768.5,Online
O000692,2025-03-31,C00662,P002,2,5103.35,3862.76,0.0,10206.7,7725.52,2481.18,Online
O000693,2025-05-16,C00190,P013,1,889.0,519.78,0.0,889.0,519.78,369.22,Store
O000694,2025-07-05,C00817,P003,1,1674.13,1006.35,0.0,1674.13,1006.35,667.78,Online
O000695,2025-11-12,C00825,P010,1,1487.5,884.68,223.12,1264.38,884.68,379.7,Online
O000696,2025-06-27,C00612,P016,2,802.2,467.64,80.22,1524.18,935.28,588.9,Marketplace
O000697,2025-01-28,C00269,P012,1,1008.95,650.79,100.9,908.05,650.79,257.26,Online
O000698,2025-08-08,C01003,P015,2,1375.39,1038.91,0.0,2750.78,2077.82,672.96,Online
O000699,2025-12-23,C00867,P003,2,1674.13,1006.35,334.83,3013.43,2012.7,1000.73,Online
O000700,2025-02-10,C00890,P014,1,746.01,469.1,0.0,746.01,469.1,276.91,Marketplace
O000701,2025-08-16,C00460,P005,3,3123.65,2355.15,0.0,9370.95,7065.45,2305.5,Online
O000702,2025-07-11,C00172,P010,1,1487.5,884.68,0.0,1487.5,884.68,602.82,Store
O000703,2025-05-25,C00616,P005,4,3123.65,2355.15,624.73,11869.87,9420.6,2449.27,Online
O000704,2025-07-20,C00510,P014,1,746.01,469.1,0.0,746.01,469.1,276.91,Online
O000705,2025-07-31,C00093,P004,1,825.3,619.33,0.0,825.3,619.33,205.97,Online
O000706,2025-08-08,C01165,P009,1,1843.37,1277.0,92.17,1751.2,1277.0,474.2,Store
O000707,2025-08-28,C00034,P004,2,825.3,619.33,0.0,1650.6,1238.66,411.94,Store
O000708,2025-02-15,C00805,P002,1,5103.35,3862.76,510.34,4593.01,3862.76,730.25,Online
O000709,2025-02-04,C00932,P015,1,1375.39,1038.91,0.0,1375.39,1038.91,336.48,Marketplace
O000710,2025-09-10,C00384,P007,1,692.39,399.57,34.62,657.77,399.57,258.2,Online
O000711,2025-03-23,C00218,P014,1,746.01,469.1,0.0,746.01,469.1,276.91,Online
O000712,2025-09-13,C00352,P016,1,802.2,467.64,0.0,802.2,467.64,334.56,Store
O000713,2025-07-16,C00997,P010,1,1487.5,884.68,297.5,1190.0,884.68,305.32,Online
O000714,2025-10-30,C00809,P010,1,1487.5,884.68,0.0,1487.5,884.68,602.82,Online
O000715,2025-01-10,C00033,P007,2,692.39,399.57,0.0,1384.78,799.14,585.64,Online
O000716,2025-11-08,C00496,P014,2,746.01,469.1,149.2,1342.82,938.2,404.62,Online
O000717,2025-10-13,C00177,P010,2,1487.5,884.68,0.0,2975.0,1769.36,1205.64,Online
O000718,2025-08-30,C00239,P006,2,3653.72,2501.63,365.37,6942.07,5003.26,1938.81,Online
O000719,2025-09-08,C00994,P016,1,802.2,467.64,0.0,802.2,467.64,334.56,Online
O000720,2025-12-31,C00604,P013,1,889.0,519.78,0.0,889.0,519.78,369.22,Online
O000721,2025-01-05,C00885,P014,2,746.01,469.1,74.6,1417.42,938.2,479.22,Online
O000722,2025-04-29,C01136,P010,1,1487.5,884.68,0.0,1487.5,884.68,602.82,Online
O000723,2025-10-16,C01000,P008,2,952.71,663.0,0.0,1905.42,1326.0,579.42,Online
O000724,2025-03-06,C00647,P003,1,1674.13,1006.35,83.71,1590.42,1006.35,584.07,Store
O000725,2025-05-26,C00240,P016,1,802.2,467.64,40.11,762.09,467.64,294.45,Online
O000726,2025-08-12,C00894,P001,1,12212.51,9280.33,610.63,11601.88,9280.33,2321.55,Online
O000727,2025-08-27,C00898,P008,1,952.71,663.0,47.64,905.07,663.0,242.07,Store
O000728,2025-06-26,C00960,P005,2,3123.65,2355.15,312.36,5934.94,4710.3,1224.64,Online
O000729,2025-09-24,C00854,P012,2,1008.95,650.79,201.79,1816.11,1301.58,514.53,Store
O000730,2025-12-07,C00425,P010,2,1487.5,884.68,0.0,2975.0,1769.36,1205.64,Online
O000731,2025-10-09,C00355,P007,1,692.39,399.57,0.0,692.39,399.57,292.82,Store
O000732,2025-03-04,C01012,P010,1,1487.5,884.68,74.38,1413.12,884.68,528.44,Marketplace
O000733,2025-08-05,C00735,P009,1,1843.37,1277.0,0.0,1843.37,1277.0,566.37,Store
O000734,2025-12-08,C01032,P002,2,5103.35,3862.76,0.0,10206.7,7725.52,2481.18,Online
O000735,2025-11-11,C00465,P004,1,825.3,619.33,0.0,825.3,619.33,205.97,Marketplace
O000736,2025-10-10,C00728,P002,2,5103.35,3862.76,510.34,9696.36,7725.52,1970.84,Store
O000737,2025-06-26,C01056,P004,2,825.3,619.33,247.59,1403.01,1238.66,164.35,Online
O000738,2025-04-08,C00937,P004,3,825.3,619.33,247.59,2228.31,1857.99,370.32,Online
O000739,2025-04-15,C00209,P002,1,5103.35,3862.76,0.0,5103.35,3862.76,1240.59,Online
O000740,2025-04-09,C00421,P012,1,1008.95,650.79,0.0,1008.95,650.79,358.16,Online
O000741,2025-11-07,C01037,P016,2,802.2,467.64,0.0,1604.4,935.28,669.12,Online
O000742,2025-01-06,C00686,P005,1,3123.65,2355.15,0.0,3123.65,2355.15,768.5,Marketplace
O000743,2025-07-16,C00014,P008,2,952.71,663.0,0.0,1905.42,1326.0,579.42,Online
O000744,2025-12-17,C00351,P003,1,1674.13,1006.35,83.71,1590.42,1006.35,584.07,Online
O000745,2025-05-13,C00503,P005,2,3123.65,2355.15,0.0,6247.3,4710.3,1537.0,Store
O000746,2025-12-24,C00283,P014,1,746.01,469.1,0.0,746.01,469.1,276.91,Online
O000747,2025-09-16,C01058,P012,3,1008.95,650.79,0.0,3026.85,1952.37,1074.48,Store
O000748,2025-01-23,C01060,P003,1,1674.13,1006.35,0.0,1674.13,1006.35,667.78,Marketplace
O000749,2025-02-22,C00337,P014,1,746.01,469.1,74.6,671.41,469.1,202.31,Store
O000750,2025-06-14,C00310,P002,3,5103.35,3862.76,3062.01,12248.04,11588.28,659.76,Store
O000751,2025-07-21,C01065,P010,1,1487.5,884.68,148.75,1338.75,884.68,454.07,Store
O000752,2025-03-24,C00624,P011,2,487.27,344.29,0.0,974.54,688.58,285.96,Online
O000753,2025-05-25,C01081,P005,2,3123.65,2355.15,0.0,6247.3,4710.3,1537.0,Online
O000754,2025-03-26,C01115,P015,2,1375.39,1038.91,275.08,2475.7,2077.82,397.88,Store
O000755,2025-03-19,C00829,P007,2,692.39,399.57,0.0,1384.78,799.14,585.64,Online
O000756,2025-01-01,C00799,P005,1,3123.65,2355.15,0.0,3123.65,2355.15,768.5,Online
O000757,2025-02-20,C01048,P010,1,1487.5,884.68,148.75,1338.75,884.68,454.07,Online
O000758,2025-06-22,C00058,P009,1,1843.37,1277.0,184.34,1659.03,1277.0,382.03,Store
O000759,2025-07-24,C01035,P004,2,825.3,619.33,165.06,1485.54,1238.66,246.88,Online
O000760,2025-09-17,C01040,P012,1,1008.95,650.79,100.9,908.05,650.79,257.26,Marketplace
O000761,2025-10-15,C00920,P010,1,1487.5,884.68,0.0,1487.5,884.68,602.82,Online
O000762,2025-02-03,C00484,P008,1,952.71,663.0,0.0,952.71,663.0,289.71,Store
O000763,2025-12-14,C01174,P005,2,3123.65,2355.15,0.0,6247.3,4710.3,1537.0,Online
O000764,2025-04-05,C00672,P007,2,692.39,399.57,0.0,1384.78,799.14,585.64,Online
O000765,2025-03-13,C00872,P014,1,746.01,469.1,0.0,746.01,469.1,276.91,Store
O000766,2025-02-08,C00976,P007,1,692.39,399.57,0.0,692.39,399.57,292.82,Online
O000767,2025-06-03,C01145,P013,2,889.0,519.78,88.9,1689.1,1039.56,649.54,Online
O000768,2025-09-07,C00902,P016,2,802.2,467.64,0.0,1604.4,935.28,669.12,Online
O000769,2025-06-11,C01036,P005,1,3123.65,2355.15,0.0,3123.65,2355.15,768.5,Marketplace
O000770,2025-04-28,C01052,P004,2,825.3,619.33,0.0,1650.6,1238.66,411.94,Online
O000771,2025-09-16,C00322,P012,3,1008.95,650.79,0.0,3026.85,1952.37,1074.48,Store
O000772,2025-11-02,C00226,P004,1,825.3,619.33,0.0,825.3,619.33,205.97,Online
O000773,2025-09-25,C00242,P012,1,1008.95,650.79,0.0,1008.95,650.79,358.16,Online
O000774,2025-02-23,C00058,P005,1,3123.65,2355.15,156.18,2967.47,2355.15,612.32,Online
O000775,2025-08-24,C00625,P010,1,1487.5,884.68,148.75,1338.75,884.68,454.07,Online
O000776,2025-08-10,C00251,P012,1,1008.95,650.79,0.0,1008.95,650.79,358.16,Online
O000777,2025-09-08,C00635,P015,2,1375.39,1038.91,275.08,2475.7,2077.82,397.88,Online
O000778,2025-11-09,C00272,P005,1,3123.65,2355.15,0.0,3123.65,2355.15,768.5,Online
O000779,2025-04-22,C00920,P005,2,3123.65,2355.15,0.0,6247.3,4710.3,1537.0,Store
O000780,2025-09-12,C00839,P013,1,889.0,519.78,0.0,889.0,519.78,369.22,Online
O000781,2025-10-30,C00908,P009,1,1843.37,1277.0,184.34,1659.03,1277.0,382.03,Store
O000782,2025-07-26,C01172,P010,1,1487.5,884.68,0.0,1487.5,884.68,602.82,Online
O000783,2025-08-17,C00395,P002,3,5103.35,3862.76,0.0,15310.05,11588.28,3721.77,Store
O000784,2025-12-07,C01030,P001,1,12212.51,9280.33,1831.88,10380.63,9280.33,1100.3,Online
O000785,2025-03-07,C00039,P009,2,1843.37,1277.0,0.0,3686.74,2554.0,1132.74,Store
O000786,2025-03-16,C01187,P015,1,1375.39,1038.91,0.0,1375.39,1038.91,336.48,Online
O000787,2025-04-13,C00093,P016,2,802.2,467.64,0.0,1604.4,935.28,669.12,Online
O000788,2025-07-11,C00850,P001,2,12212.51,9280.33,0.0,24425.02,18560.66,5864.36,Online
O000789,2025-09-09,C00235,P004,1,825.3,619.33,0.0,825.3,619.33,205.97,Online
O000790,2025-08-14,C00184,P005,1,3123.65,2355.15,0.0,3123.65,2355.15,768.5,Online
O000791,2025-10-21,C00667,P006,1,3653.72,2501.63,0.0,3653.72,2501.63,1152.09,Online
O000792,2025-11-02,C00656,P005,1,3123.65,2355.15,0.0,3123.65,2355.15,768.5,Online
O000793,2025-04-08,C00248,P002,1,5103.35,3862.76,510.34,4593.01,3862.76,730.25,Online
O000794,2025-12-04,C01010,P013,3,889.0,519.78,0.0,2667.0,1559.34,1107.66,Online
O000795,2025-10-13,C01133,P014,1,746.01,469.1,0.0,746.01,469.1,276.91,Online
O000796,2025-12-01,C00039,P009,1,1843.37,1277.0,92.17,1751.2,1277.0,474.2,Online
O000797,2025-12-13,C01137,P005,1,3123.65,2355.15,0.0,3123.65,2355.15,768.5,Online
O000798,2025-11-04,C01025,P007,2,692.39,399.57,0.0,1384.78,799.14,585.64,Online
O000799,2025-09-06,C00345,P008,1,952.71,663.0,0.0,952.71,663.0,289.71,Marketplace
O000800,2025-06-15,C00926,P002,1,5103.35,3862.76,0.0,5103.35,3862.76,1240.59,Store
O000801,2025-12-01,C00593,P006,1,3653.72,2501.63,548.06,3105.66,2501.63,604.03,Online
O000802,2025-01-30,C00514,P013,4,889.0,519.78,355.6,3200.4,2079.12,1121.28,Online
O000803,2025-09-04,C01046,P010,1,1487.5,884.68,74.38,1413.12,884.68,528.44,Online
O000804,2025-04-16,C00616,P003,1,1674.13,1006.35,0.0,1674.13,1006.35,667.78,Online
O000805,2025-02-20,C01140,P009,2,1843.37,1277.0,0.0,3686.74,2554.0,1132.74,Online
O000806,2025-03-22,C00652,P011,1,487.27,344.29,97.45,389.82,344.29,45.53,Store
O000807,2025-05-13,C00560,P008,1,952.71,663.0,0.0,952.71,663.0,289.71,Online
O000808,2025-10-12,C00673,P001,3,12212.51,9280.33,0.0,36637.53,27840.99,8796.54,Marketplace
O000809,2025-05-18,C00976,P001,2,12212.51,9280.33,1221.25,23203.77,18560.66,4643.11,Online
O000810,2025-07-03,C01002,P013,1,889.0,519.78,88.9,800.1,519.78,280.32,Online
O000811,2025-11-26,C00159,P001,2,12212.51,9280.33,2442.5,21982.52,18560.66,3421.86,Online
O000812,2025-09-30,C00253,P012,3,1008.95,650.79,0.0,3026.85,1952.37,1074.48,Online
O000813,2025-12-06,C00793,P006,2,3653.72,2501.63,730.74,6576.7,5003.26,1573.44,Marketplace
O000814,2025-03-10,C00256,P015,1,1375.39,1038.91,0.0,1375.39,1038.91,336.48,Online
O000815,2025-02-03,C00041,P009,2,1843.37,1277.0,184.34,3502.4,2554.0,948.4,Online
O000816,2025-09-19,C00621,P008,1,952.71,663.0,0.0,952.71,663.0,289.71,Online
O000817,2025-02-22,C00575,P016,2,802.2,467.64,80.22,1524.18,935.28,588.9,Online
O000818,2025-07-24,C00402,P013,1,889.0,519.78,0.0,889.0,519.78,369.22,Online
O000819,2025-05-06,C00350,P007,1,692.39,399.57,34.62,657.77,399.57,258.2,Store
O000820,2025-08-23,C01158,P006,1,3653.72,2501.63,0.0,3653.72,2501.63,1152.09,Online
O000821,2025-02-12,C00532,P008,2,952.71,663.0,95.27,1810.15,1326.0,484.15,Online
O000822,2025-08-28,C00048,P009,2,1843.37,1277.0,368.67,3318.07,2554.0,764.07,Online
O000823,2025-04-21,C00875,P002,2,5103.35,3862.76,0.0,10206.7,7725.52,2481.18,Store
O000824,2025-09-06,C00834,P009,1,1843.37,1277.0,0.0,1843.37,1277.0,566.37,Online
O000825,2025-05-31,C01060,P002,2,5103.35,3862.76,0.0,10206.7,7725.52,2481.18,Online
O000826,2025-07-02,C00861,P015,1,1375.39,1038.91,0.0,1375.39,1038.91,336.48,Online
O000827,2025-12-02,C01172,P001,4,12212.51,9280.33,0.0,48850.04,37121.32,11728.72,Store
O000828,2025-04-05,C00153,P008,1,952.71,663.0,0.0,952.71,663.0,289.71,Online
O000829,2025-01-08,C00199,P001,1,12212.51,9280.33,1221.25,10991.26,9280.33,1710.93,Online
O000830,2025-12-26,C00685,P009,1,1843.37,1277.0,0.0,1843.37,1277.0,566.37,Marketplace
O000831,2025-07-03,C00112,P011,1,487.27,344.29,0.0,487.27,344.29,142.98,Online
O000832,2025-10-08,C00899,P004,1,825.3,619.33,41.26,784.04,619.33,164.71,Online
O000833,2025-07-14,C00125,P002,1,5103.35,3862.76,510.34,4593.01,3862.76,730.25,Store
O000834,2025-12-18,C00262,P002,3,5103.35,3862.76,0.0,15310.05,11588.28,3721.77,Online
O000835,2025-07-14,C00885,P003,1,1674.13,1006.35,0.0,1674.13,1006.35,667.78,Online
O000836,2025-06-04,C00782,P013,1,889.0,519.78,88.9,800.1,519.78,280.32,Online
O000837,2025-04-03,C00022,P015,1,1375.39,1038.91,137.54,1237.85,1038.91,198.94,Store
O000838,2025-06-09,C00208,P011,1,487.27,344.29,24.36,462.91,344.29,118.62,Online
O000839,2025-03-02,C01060,P011,1,487.27,344.29,0.0,487.27,344.29,142.98,Online
O000840,2025-05-02,C00139,P007,2,692.39,399.57,0.0,1384.78,799.14,585.64,Online
O000841,2025-02-20,C00728,P014,1,746.01,469.1,37.3,708.71,469.1,239.61,Online
O000842,2025-10-04,C00282,P002,1,5103.35,3862.76,0.0,5103.35,3862.76,1240.59,Online
O000843,2025-01-05,C00733,P010,1,1487.5,884.68,0.0,1487.5,884.68,602.82,Online
O000844,2025-04-02,C00962,P010,1,1487.5,884.68,0.0,1487.5,884.68,602.82,Marketplace
O000845,2025-06-19,C01061,P005,1,3123.65,2355.15,0.0,3123.65,2355.15,768.5,Store
O000846,2025-11-13,C00112,P014,1,746.01,469.1,149.2,596.81,469.1,127.71,Online
O000847,2025-01-22,C00413,P003,1,1674.13,1006.35,83.71,1590.42,1006.35,584.07,Store
O000848,2025-11-22,C00958,P011,2,487.27,344.29,48.73,925.81,688.58,237.23,Online
O000849,2025-01-01,C00614,P014,1,746.01,469.1,0.0,746.01,469.1,276.91,Store
O000850,2025-05-13,C00087,P016,1,802.2,467.64,0.0,802.2,467.64,334.56,Online
O000851,2025-08-21,C00472,P015,1,1375.39,1038.91,0.0,1375.39,1038.91,336.48,Store
O000852,2025-01-12,C00679,P013,1,889.0,519.78,0.0,889.0,519.78,369.22,Marketplace
O000853,2025-12-12,C00744,P001,1,12212.51,9280.33,0.0,12212.51,9280.33,2932.18,Online
O000854,2025-02-15,C00596,P015,1,1375.39,1038.91,68.77,1306.62,1038.91,267.71,Store
O000855,2025-02-03,C00090,P001,1,12212.51,9280.33,0.0,12212.51,9280.33,2932.18,Online
O000856,2025-03-19,C00537,P006,1,3653.72,2501.63,182.69,3471.03,2501.63,969.4,Online
O000857,2025-08-06,C00045,P006,2,3653.72,2501.63,1096.12,6211.32,5003.26,1208.06,Online
O000858,2025-10-28,C00282,P013,1,889.0,519.78,88.9,800.1,519.78,280.32,Online
O000859,2025-03-14,C00431,P010,1,1487.5,884.68,0.0,1487.5,884.68,602.82,Online
O000860,2025-10-09,C00351,P014,2,746.01,469.1,0.0,1492.02,938.2,553.82,Online
O000861,2025-09-06,C00268,P007,1,692.39,399.57,0.0,692.39,399.57,292.82,Online
O000862,2025-02-16,C00880,P008,3,952.71,663.0,285.81,2572.32,1989.0,583.32,Online
O000863,2025-05-01,C01097,P010,2,1487.5,884.68,0.0,2975.0,1769.36,1205.64,Online
O000864,2025-08-02,C00574,P005,2,3123.65,2355.15,937.1,5310.2,4710.3,599.9,Store
O000865,2025-08-27,C00429,P003,2,1674.13,1006.35,334.83,3013.43,2012.7,1000.73,Online
O000866,2025-02-25,C00343,P013,2,889.0,519.78,88.9,1689.1,1039.56,649.54,Online
O000867,2025-12-16,C01022,P015,1,1375.39,1038.91,68.77,1306.62,1038.91,267.71,Online
O000868,2025-04-17,C00990,P016,1,802.2,467.64,40.11,762.09,467.64,294.45,Online
O000869,2025-11-15,C01196,P002,1,5103.35,3862.76,510.34,4593.01,3862.76,730.25,Online
O000870,2025-02-17,C00481,P013,1,889.0,519.78,0.0,889.0,519.78,369.22,Online
O000871,2025-03-02,C00322,P012,1,1008.95,650.79,0.0,1008.95,650.79,358.16,Store
O000872,2025-12-03,C00605,P015,1,1375.39,1038.91,0.0,1375.39,1038.91,336.48,Online
O000873,2025-01-26,C01050,P011,1,487.27,344.29,0.0,487.27,344.29,142.98,Online
O000874,2025-10-19,C01019,P011,1,487.27,344.29,0.0,487.27,344.29,142.98,Online
O000875,2025-09-14,C00544,P003,1,1674.13,1006.35,0.0,1674.13,1006.35,667.78,Store
O000876,2025-01-08,C01051,P003,2,1674.13,1006.35,502.24,2846.02,2012.7,833.32,Online
O000877,2025-04-23,C00147,P012,1,1008.95,650.79,0.0,1008.95,650.79,358.16,Online
O000878,2025-12-21,C00675,P009,1,1843.37,1277.0,184.34,1659.03,1277.0,382.03,Store
O000879,2025-09-10,C00563,P007,2,692.39,399.57,276.96,1107.82,799.14,308.68,Marketplace
O000880,2025-06-29,C01113,P009,1,1843.37,1277.0,0.0,1843.37,1277.0,566.37,Store
O000881,2025-07-26,C00828,P013,2,889.0,519.78,177.8,1600.2,1039.56,560.64,Online
O000882,2025-10-30,C01050,P005,2,3123.65,2355.15,0.0,6247.3,4710.3,1537.0,Store
O000883,2025-05-07,C00430,P016,1,802.2,467.64,40.11,762.09,467.64,294.45,Online
O000884,2025-02-25,C00960,P015,1,1375.39,1038.91,0.0,1375.39,1038.91,336.48,Store
O000885,2025-08-02,C00879,P014,1,746.01,469.1,0.0,746.01,469.1,276.91,Online
O000886,2025-01-14,C00768,P005,1,3123.65,2355.15,0.0,3123.65,2355.15,768.5,Marketplace
O000887,2025-01-28,C00020,P016,2,802.2,467.64,160.44,1443.96,935.28,508.68,Online
O000888,2025-03-19,C00859,P014,2,746.01,469.1,0.0,1492.02,938.2,553.82,Store
O000889,2025-08-04,C01102,P010,1,1487.5,884.68,0.0,1487.5,884.68,602.82,Store
O000890,2025-12-31,C00285,P005,3,3123.65,2355.15,1874.19,7496.76,7065.45,431.31,Online
O000891,2025-06-03,C01176,P013,4,889.0,519.78,0.0,3556.0,2079.12,1476.88,Online
O000892,2025-01-14,C01095,P013,1,889.0,519.78,0.0,889.0,519.78,369.22,Online
O000893,2025-07-06,C00925,P010,1,1487.5,884.68,0.0,1487.5,884.68,602.82,Online
O000894,2025-11-08,C00066,P016,1,802.2,467.64,0.0,802.2,467.64,334.56,Marketplace
O000895,2025-01-07,C00791,P010,1,1487.5,884.68,0.0,1487.5,884.68,602.82,Online
O000896,2025-01-03,C00932,P002,1,5103.35,3862.76,0.0,5103.35,3862.76,1240.59,Online
O000897,2025-04-21,C00842,P013,1,889.0,519.78,0.0,889.0,519.78,369.22,Online
O000898,2025-08-26,C00980,P003,1,1674.13,1006.35,251.12,1423.01,1006.35,416.66,Online
O000899,2025-12-29,C00422,P010,1,1487.5,884.68,74.38,1413.12,884.68,528.44,Online
O000900,2025-08-27,C01178,P010,1,1487.5,884.68,0.0,1487.5,884.68,602.82,Store
O000901,2025-10-01,C00565,P007,1,692.39,399.57,0.0,692.39,399.57,292.82,Online
O000902,2025-10-21,C00818,P008,1,952.71,663.0,142.91,809.8,663.0,146.8,Store
O000903,2025-08-15,C00943,P015,1,1375.39,1038.91,68.77,1306.62,1038.91,267.71,Online
O000904,2025-01-15,C00935,P012,2,1008.95,650.79,100.9,1917.0,1301.58,615.42,Online
O000905,2025-07-11,C00359,P014,1,746.01,469.1,74.6,671.41,469.1,202.31,Store
O000906,2025-04-29,C00938,P013,3,889.0,519.78,0.0,2667.0,1559.34,1107.66,Online
O000907,2025-01-28,C00806,P002,1,5103.35,3862.76,510.34,4593.01,3862.76,730.25,Online
O000908,2025-07-21,C01102,P010,1,1487.5,884.68,0.0,1487.5,884.68,602.82,Store
O000909,2025-02-08,C00445,P016,1,802.2,467.64,80.22,721.98,467.64,254.34,Online
O000910,2025-09-30,C00756,P003,2,1674.13,1006.35,0.0,3348.26,2012.7,1335.56,Store
O000911,2025-08-19,C00840,P015,1,1375.39,1038.91,0.0,1375.39,1038.91,336.48,Online
O000912,2025-03-27,C00055,P003,1,1674.13,1006.35,83.71,1590.42,1006.35,584.07,Online
O000913,2025-05-06,C00704,P013,2,889.0,519.78,0.0,1778.0,1039.56,738.44,Online
O000914,2025-10-27,C00235,P005,1,3123.65,2355.15,156.18,2967.47,2355.15,612.32,Online
O000915,2025-01-25,C00140,P003,1,1674.13,1006.35,0.0,1674.13,1006.35,667.78,Marketplace
O000916,2025-05-25,C00288,P016,2,802.2,467.64,160.44,1443.96,935.28,508.68,Online
O000917,2025-01-13,C00037,P004,1,825.3,619.33,0.0,825.3,619.33,205.97,Store
O000918,2025-07-31,C00345,P003,1,1674.13,1006.35,0.0,1674.13,1006.35,667.78,Online
O000919,2025-01-25,C00903,P012,1,1008.95,650.79,50.45,958.5,650.79,307.71,Store
O000920,2025-03-09,C01091,P007,1,692.39,399.57,0.0,692.39,399.57,292.82,Online
O000921,2025-03-08,C01071,P004,1,825.3,619.33,0.0,825.3,619.33,205.97,Online
O000922,2025-08-21,C00010,P002,2,5103.35,3862.76,1020.67,9186.03,7725.52,1460.51,Marketplace
O000923,2025-04-19,C00768,P008,1,952.71,663.0,0.0,952.71,663.0,289.71,Online
O000924,2025-05-26,C00030,P011,2,487.27,344.29,48.73,925.81,688.58,237.23,Online
O000925,2025-04-21,C00198,P006,2,3653.72,2501.63,0.0,7307.44,5003.26,2304.18,Online
O000926,2025-08-16,C00670,P011,1,487.27,344.29,0.0,487.27,344.29,142.98,Online
O000927,2025-04-21,C01110,P013,3,889.0,519.78,0.0,2667.0,1559.34,1107.66,Online
O000928,2025-02-03,C00731,P011,1,487.27,344.29,0.0,487.27,344.29,142.98,Online
O000929,2025-04-21,C00798,P007,1,692.39,399.57,0.0,692.39,399.57,292.82,Store
O000930,2025-09-21,C00756,P002,1,5103.35,3862.76,0.0,5103.35,3862.76,1240.59,Online
O000931,2025-08-24,C01024,P004,2,825.3,619.33,165.06,1485.54,1238.66,246.88,Marketplace
O000932,2025-03-24,C01166,P006,1,3653.72,2501.63,0.0,3653.72,2501.63,1152.09,Online
O000933,2025-02-11,C00796,P005,1,3123.65,2355.15,156.18,2967.47,2355.15,612.32,Store
O000934,2025-04-11,C00652,P016,1,802.2,467.64,0.0,802.2,467.64,334.56,Marketplace
O000935,2025-01-06,C00920,P013,1,889.0,519.78,44.45,844.55,519.78,324.77,Online
O000936,2025-06-29,C00028,P008,1,952.71,663.0,95.27,857.44,663.0,194.44,Online
O000937,2025-10-09,C00485,P014,2,746.01,469.1,74.6,1417.42,938.2,479.22,Online
O000938,2025-11-16,C00768,P016,1,802.2,467.64,0.0,802.2,467.64,334.56,Online
O000939,2025-08-14,C00078,P008,3,952.71,663.0,142.91,2715.22,1989.0,726.22,Marketplace
O000940,2025-11-11,C00674,P005,1,3123.65,2355.15,156.18,2967.47,2355.15,612.32,Store
O000941,2025-12-31,C01067,P014,1,746.01,469.1,0.0,746.01,469.1,276.91,Online
O000942,2025-08-17,C00679,P011,1,487.27,344.29,0.0,487.27,344.29,142.98,Marketplace
O000943,2025-10-16,C00509,P008,1,952.71,663.0,0.0,952.71,663.0,289.71,Online
O000944,2025-05-30,C00906,P001,1,12212.51,9280.33,0.0,12212.51,9280.33,2932.18,Marketplace
O000945,2025-10-04,C00107,P005,3,3123.65,2355.15,0.0,9370.95,7065.45,2305.5,Online
O000946,2025-07-17,C01125,P007,1,692.39,399.57,0.0,692.39,399.57,292.82,Store
O000947,2025-03-11,C00638,P006,2,3653.72,2501.63,0.0,7307.44,5003.26,2304.18,Online
O000948,2025-04-22,C00510,P010,1,1487.5,884.68,0.0,1487.5,884.68,602.82,Online
O000949,2025-01-04,C00557,P016,1,802.2,467.64,160.44,641.76,467.64,174.12,Online
O000950,2025-12-16,C00344,P016,1,802.2,467.64,0.0,802.2,467.64,334.56,Store
O000951,2025-11-27,C00320,P016,1,802.2,467.64,0.0,802.2,467.64,334.56,Store
O000952,2025-11-14,C00615,P005,1,3123.65,2355.15,0.0,3123.65,2355.15,768.5,Online
O000953,2025-12-16,C00627,P015,1,1375.39,1038.91,68.77,1306.62,1038.91,267.71,Online
O000954,2025-04-05,C00683,P005,2,3123.65,2355.15,0.0,6247.3,4710.3,1537.0,Marketplace
O000955,2025-06-01,C00009,P001,2,12212.51,9280.33,1221.25,23203.77,18560.66,4643.11,Online
O000956,2025-11-07,C00829,P014,3,746.01,469.1,447.61,1790.42,1407.3,383.12,Online
O000957,2025-05-17,C01003,P010,1,1487.5,884.68,74.38,1413.12,884.68,528.44,Online
O000958,2025-09-04,C00080,P004,1,825.3,619.33,41.26,784.04,619.33,164.71,Online
O000959,2025-08-31,C00894,P009,2,1843.37,1277.0,368.67,3318.07,2554.0,764.07,Online
O000960,2025-01-31,C01001,P012,2,1008.95,650.79,100.9,1917.0,1301.58,615.42,Marketplace
O000961,2025-02-09,C00506,P008,1,952.71,663.0,142.91,809.8,663.0,146.8,Online
O000962,2025-08-17,C00058,P005,1,3123.65,2355.15,0.0,3123.65,2355.15,768.5,Store
O000963,2025-02-05,C00521,P008,1,952.71,663.0,142.91,809.8,663.0,146.8,Store
O000964,2025-08-11,C00026,P004,2,825.3,619.33,82.53,1568.07,1238.66,329.41,Marketplace
O000965,2025-01-06,C00815,P003,1,1674.13,1006.35,0.0,1674.13,1006.35,667.78,Online
O000966,2025-11-18,C00875,P009,2,1843.37,1277.0,0.0,3686.74,2554.0,1132.74,Online
O000967,2025-08-08,C00784,P010,2,1487.5,884.68,297.5,2677.5,1769.36,908.14,Marketplace
O000968,2025-03-16,C00183,P004,1,825.3,619.33,82.53,742.77,619.33,123.44,Online
O000969,2025-01-04,C00293,P009,2,1843.37,1277.0,553.01,3133.73,2554.0,579.73,Online
O000970,2025-12-01,C00631,P001,4,12212.51,9280.33,4885.0,43965.04,37121.32,6843.72,Online
O000971,2025-05-14,C00144,P014,1,746.01,469.1,37.3,708.71,469.1,239.61,Store
O000972,2025-04-28,C00350,P006,1,3653.72,2501.63,182.69,3471.03,2501.63,969.4,Online
O000973,2025-04-04,C00373,P004,1,825.3,619.33,82.53,742.77,619.33,123.44,Online
O000974,2025-03-03,C00121,P006,2,3653.72,2501.63,0.0,7307.44,5003.26,2304.18,Marketplace
O000975,2025-07-13,C00838,P015,1,1375.39,1038.91,68.77,1306.62,1038.91,267.71,Store
O000976,2025-12-01,C00341,P003,1,1674.13,1006.35,0.0,1674.13,1006.35,667.78,Online
O000977,2025-07-22,C00701,P001,1,12212.51,9280.33,0.0,12212.51,9280.33,2932.18,Store
O000978,2025-01-26,C00207,P001,1,12212.51,9280.33,1221.25,10991.26,9280.33,1710.93,Online
O000979,2025-06-22,C01193,P002,1,5103.35,3862.76,0.0,5103.35,3862.76,1240.59,Online
O000980,2025-10-27,C01066,P009,3,1843.37,1277.0,0.0,5530.11,3831.0,1699.11,Online
O000981,2025-05-13,C00880,P011,1,487.27,344.29,48.73,438.54,344.29,94.25,Marketplace
O000982,2025-11-22,C00491,P012,1,1008.95,650.79,0.0,1008.95,650.79,358.16,Online
O000983,2025-04-28,C00730,P011,2,487.27,344.29,0.0,974.54,688.58,285.96,Store
O000984,2025-11-20,C00823,P005,1,3123.65,2355.15,0.0,3123.65,2355.15,768.5,Online
O000985,2025-10-02,C00510,P012,1,1008.95,650.79,50.45,958.5,650.79,307.71,Store
O000986,2025-07-31,C01055,P014,1,746.01,469.1,0.0,746.01,469.1,276.91,Online
O000987,2025-08-13,C00660,P001,1,12212.51,9280.33,1221.25,10991.26,9280.33,1710.93,Marketplace
O000988,2025-01-20,C00667,P015,1,1375.39,1038.91,0.0,1375.39,1038.91,336.48,Store
O000989,2025-04-23,C00167,P012,1,1008.95,650.79,151.34,857.61,650.79,206.82,Marketplace
O000990,2025-05-20,C00206,P013,1,889.0,519.78,0.0,889.0,519.78,369.22,Online
O000991,2025-02-16,C01066,P002,1,5103.35,3862.76,510.34,4593.01,3862.76,730.25,Online
O000992,2025-01-01,C01124,P015,1,1375.39,1038.91,0.0,1375.39,1038.91,336.48,Online
O000993,2025-03-31,C01108,P008,1,952.71,663.0,0.0,952.71,663.0,289.71,Marketplace
O000994,2025-05-22,C00184,P004,1,825.3,619.33,41.26,784.04,619.33,164.71,Online
O000995,2025-11-16,C00669,P013,2,889.0,519.78,0.0,1778.0,1039.56,738.44,Online
O000996,2025-02-07,C00976,P004,1,825.3,619.33,123.79,701.51,619.33,82.18,Online
O000997,2025-10-20,C01008,P003,2,1674.13,1006.35,0.0,3348.26,2012.7,1335.56,Online
O000998,2025-05-19,C01180,P003,1,1674.13,1006.35,0.0,1674.13,1006.35,667.78,Store
O000999,2025-12-22,C00782,P014,2,746.01,469.1,0.0,1492.02,938.2,553.82,Online
O001000,2025-11-29,C00180,P004,1,825.3,619.33,41.26,784.04,619.33,164.71,Marketplace
O001001,2025-09-16,C00238,P012,1,1008.95,650.79,0.0,1008.95,650.79,358.16,Online
O001002,2025-06-10,C00004,P010,1,1487.5,884.68,0.0,1487.5,884.68,602.82,Store
O001003,2025-06-27,C00868,P011,2,487.27,344.29,97.45,877.09,688.58,188.51,Marketplace
O001004,2025-01-10,C00259,P008,1,952.71,663.0,0.0,952.71,663.0,289.71,Store
O001005,2025-09-18,C00648,P005,2,3123.65,2355.15,0.0,6247.3,4710.3,1537.0,Online
O001006,2025-05-18,C00934,P005,1,3123.65,2355.15,0.0,3123.65,2355.15,768.5,Store
O001007,2025-06-21,C00071,P011,1,487.27,344.29,97.45,389.82,344.29,45.53,Online
O001008,2025-01-13,C01176,P016,1,802.2,467.64,0.0,802.2,467.64,334.56,Online
O001009,2025-06-17,C00772,P002,4,5103.35,3862.76,0.0,20413.4,15451.04,4962.36,Store
O001010,2025-05-10,C00432,P008,2,952.71,663.0,0.0,1905.42,1326.0,579.42,Store
O001011,2025-03-25,C00367,P016,2,802.2,467.64,0.0,1604.4,935.28,669.12,Store
O001012,2025-11-17,C00327,P001,1,12212.51,9280.33,0.0,12212.51,9280.33,2932.18,Store
O001013,2025-11-15,C00714,P013,1,889.0,519.78,0.0,889.0,519.78,369.22,Online
O001014,2025-04-11,C00400,P013,1,889.0,519.78,0.0,889.0,519.78,369.22,Store
O001015,2025-11-25,C00111,P010,1,1487.5,884.68,0.0,1487.5,884.68,602.82,Online
O001016,2025-09-30,C00989,P010,2,1487.5,884.68,0.0,2975.0,1769.36,1205.64,Store
O001017,2025-09-22,C00401,P001,1,12212.51,9280.33,1221.25,10991.26,9280.33,1710.93,Online
O001018,2025-02-07,C00303,P013,3,889.0,519.78,0.0,2667.0,1559.34,1107.66,Store
O001019,2025-04-04,C00116,P004,1,825.3,619.33,0.0,825.3,619.33,205.97,Marketplace
O001020,2025-04-05,C00241,P011,1,487.27,344.29,73.09,414.18,344.29,69.89,Online
O001021,2025-11-01,C00828,P008,1,952.71,663.0,0.0,952.71,663.0,289.71,Online
O001022,2025-03-10,C00354,P013,2,889.0,519.78,355.6,1422.4,1039.56,382.84,Store
O001023,2025-11-14,C00184,P015,2,1375.39,1038.91,137.54,2613.24,2077.82,535.42,Online
O001024,2025-08-24,C00912,P012,1,1008.95,650.79,0.0,1008.95,650.79,358.16,Online
O001025,2025-11-30,C01044,P008,1,952.71,663.0,47.64,905.07,663.0,242.07,Online
O001026,2025-05-17,C00561,P004,2,825.3,619.33,0.0,1650.6,1238.66,411.94,Online
O001027,2025-03-17,C00889,P010,1,1487.5,884.68,0.0,1487.5,884.68,602.82,Online
O001028,2025-02-04,C01101,P006,1,3653.72,2501.63,182.69,3471.03,2501.63,969.4,Online
O001029,2025-01-01,C01099,P016,1,802.2,467.64,80.22,721.98,467.64,254.34,Online
O001030,2025-10-23,C00255,P007,3,692.39,399.57,207.72,1869.45,1198.71,670.74,Online
O001031,2025-11-16,C00369,P001,1,12212.51,9280.33,1221.25,10991.26,9280.33,1710.93,Online
O001032,2025-03-01,C00264,P007,1,692.39,399.57,0.0,692.39,399.57,292.82,Online
O001033,2025-11-16,C00072,P003,3,1674.13,1006.35,0.0,5022.39,3019.05,2003.34,Online
O001034,2025-12-15,C01115,P006,1,3653.72,2501.63,548.06,3105.66,2501.63,604.03,Online
O001035,2025-11-24,C00616,P002,3,5103.35,3862.76,0.0,15310.05,11588.28,3721.77,Store
O001036,2025-09-24,C01094,P015,1,1375.39,1038.91,0.0,1375.39,1038.91,336.48,Online
O001037,2025-12-27,C00722,P007,2,692.39,399.57,69.24,1315.54,799.14,516.4,Online
O001038,2025-08-17,C00076,P007,1,692.39,399.57,69.24,623.15,399.57,223.58,Online
O001039,2025-09-27,C00275,P007,1,692.39,399.57,0.0,692.39,399.57,292.82,Store
O001040,2025-11-12,C00865,P003,1,1674.13,1006.35,0.0,1674.13,1006.35,667.78,Online
O001041,2025-10-13,C00335,P013,1,889.0,519.78,133.35,755.65,519.78,235.87,Store
O001042,2025-10-18,C00294,P007,1,692.39,399.57,34.62,657.77,399.57,258.2,Marketplace
O001043,2025-08-01,C00395,P012,1,1008.95,650.79,50.45,958.5,650.79,307.71,Online
O001044,2025-06-14,C00336,P014,2,746.01,469.1,0.0,1492.02,938.2,553.82,Store
O001045,2025-01-05,C00777,P001,3,12212.51,9280.33,0.0,36637.53,27840.99,8796.54,Online
O001046,2025-12-05,C01089,P004,2,825.3,619.33,0.0,1650.6,1238.66,411.94,Online
O001047,2025-03-19,C00183,P012,2,1008.95,650.79,201.79,1816.11,1301.58,514.53,Online
O001048,2025-03-03,C00463,P009,1,1843.37,1277.0,0.0,1843.37,1277.0,566.37,Marketplace
O001049,2025-05-12,C00776,P004,2,825.3,619.33,0.0,1650.6,1238.66,411.94,Online
O001050,2025-03-30,C00628,P016,1,802.2,467.64,0.0,802.2,467.64,334.56,Online
O001051,2025-08-25,C00578,P009,1,1843.37,1277.0,184.34,1659.03,1277.0,382.03,Online
O001052,2025-02-11,C00798,P006,1,3653.72,2501.63,182.69,3471.03,2501.63,969.4,Marketplace
O001053,2025-03-30,C01089,P013,1,889.0,519.78,0.0,889.0,519.78,369.22,Online
O001054,2025-10-23,C01052,P005,1,3123.65,2355.15,0.0,3123.65,2355.15,768.5,Online
O001055,2025-11-24,C00548,P002,3,5103.35,3862.76,765.5,14544.55,11588.28,2956.27,Online
O001056,2025-10-22,C00511,P014,2,746.01,469.1,0.0,1492.02,938.2,553.82,Marketplace
O001057,2025-04-14,C00960,P010,1,1487.5,884.68,0.0,1487.5,884.68,602.82,Marketplace
O001058,2025-01-14,C00469,P010,1,1487.5,884.68,0.0,1487.5,884.68,602.82,Online
O001059,2025-10-15,C00641,P003,1,1674.13,1006.35,0.0,1674.13,1006.35,667.78,Online
O001060,2025-06-28,C00192,P006,1,3653.72,2501.63,0.0,3653.72,2501.63,1152.09,Online
O001061,2025-05-05,C01010,P001,3,12212.51,9280.33,0.0,36637.53,27840.99,8796.54,Online
O001062,2025-12-19,C00280,P016,1,802.2,467.64,40.11,762.09,467.64,294.45,Store
O001063,2025-01-23,C01091,P004,1,825.3,619.33,41.26,784.04,619.33,164.71,Marketplace
O001064,2025-03-04,C00015,P014,2,746.01,469.1,74.6,1417.42,938.2,479.22,Online
O001065,2025-05-23,C01082,P002,1,5103.35,3862.76,765.5,4337.85,3862.76,475.09,Store
O001066,2025-06-02,C01073,P008,1,952.71,663.0,0.0,952.71,663.0,289.71,Online
O001067,2025-05-25,C00724,P002,1,5103.35,3862.76,0.0,5103.35,3862.76,1240.59,Online
O001068,2025-08-13,C00232,P011,3,487.27,344.29,0.0,1461.81,1032.87,428.94,Online
O001069,2025-11-05,C00242,P010,1,1487.5,884.68,0.0,1487.5,884.68,602.82,Online
O001070,2025-04-14,C01165,P013,1,889.0,519.78,0.0,889.0,519.78,369.22,Marketplace
O001071,2025-04-14,C01056,P002,3,5103.35,3862.76,1531.0,13779.05,11588.28,2190.77,Store
O001072,2025-02-08,C00118,P012,1,1008.95,650.79,0.0,1008.95,650.79,358.16,Online
O001073,2025-07-17,C00220,P001,1,12212.51,9280.33,610.63,11601.88,9280.33,2321.55,Online
O001074,2025-05-14,C00019,P004,1,825.3,619.33,0.0,825.3,619.33,205.97,Online
O001075,2025-03-08,C00315,P014,1,746.01,469.1,0.0,746.01,469.1,276.91,Online
O001076,2025-06-28,C00513,P008,1,952.71,663.0,0.0,952.71,663.0,289.71,Online
O001077,2025-02-11,C00374,P009,1,1843.37,1277.0,0.0,1843.37,1277.0,566.37,Store
O001078,2025-01-15,C00332,P005,1,3123.65,2355.15,0.0,3123.65,2355.15,768.5,Online
O001079,2025-04-21,C00407,P004,1,825.3,619.33,0.0,825.3,619.33,205.97,Online
O001080,2025-06-06,C00679,P002,1,5103.35,3862.76,0.0,5103.35,3862.76,1240.59,Online
O001081,2025-10-16,C00545,P004,1,825.3,619.33,41.26,784.04,619.33,164.71,Store
O001082,2025-08-19,C00261,P011,2,487.27,344.29,97.45,877.09,688.58,188.51,Online
O001083,2025-06-06,C00797,P005,1,3123.65,2355.15,0.0,3123.65,2355.15,768.5,Online
O001084,2025-02-07,C00319,P012,1,1008.95,650.79,100.9,908.05,650.79,257.26,Online
O001085,2025-04-07,C00701,P014,3,746.01,469.1,111.9,2126.13,1407.3,718.83,Online
O001086,2025-10-16,C00593,P010,1,1487.5,884.68,148.75,1338.75,884.68,454.07,Online
O001087,2025-09-11,C00313,P006,1,3653.72,2501.63,365.37,3288.35,2501.63,786.72,Store
O001088,2025-07-15,C00507,P014,1,746.01,469.1,37.3,708.71,469.1,239.61,Store
O001089,2025-03-27,C01029,P006,1,3653.72,2501.63,365.37,3288.35,2501.63,786.72,Online
O001090,2025-11-18,C00305,P008,1,952.71,663.0,0.0,952.71,663.0,289.71,Online
O001091,2025-01-10,C00394,P005,1,3123.65,2355.15,156.18,2967.47,2355.15,612.32,Online
O001092,2025-01-05,C00105,P013,1,889.0,519.78,0.0,889.0,519.78,369.22,Online
O001093,2025-05-03,C00474,P008,1,952.71,663.0,0.0,952.71,663.0,289.71,Online
O001094,2025-11-26,C00106,P010,1,1487.5,884.68,0.0,1487.5,884.68,602.82,Marketplace
O001095,2025-12-19,C00857,P008,1,952.71,663.0,0.0,952.71,663.0,289.71,Online
O001096,2025-04-28,C00107,P011,1,487.27,344.29,0.0,487.27,344.29,142.98,Marketplace
O001097,2025-10-21,C00207,P014,1,746.01,469.1,111.9,634.11,469.1,165.01,Online
O001098,2025-06-08,C00624,P004,1,825.3,619.33,0.0,825.3,619.33,205.97,Online
O001099,2025-10-30,C00267,P011,1,487.27,344.29,48.73,438.54,344.29,94.25,Store
O001100,2025-08-16,C01084,P012,1,1008.95,650.79,0.0,1008.95,650.79,358.16,Online
O001101,2025-12-31,C00179,P004,1,825.3,619.33,41.26,784.04,619.33,164.71,Online
O001102,2025-08-04,C00391,P007,2,692.39,399.57,207.72,1177.06,799.14,377.92,Online
O001103,2025-07-03,C01120,P011,1,487.27,344.29,0.0,487.27,344.29,142.98,Store
O001104,2025-01-15,C01093,P005,1,3123.65,2355.15,0.0,3123.65,2355.15,768.5,Online
O001105,2025-06-06,C00518,P012,2,1008.95,650.79,0.0,2017.9,1301.58,716.32,Store
O001106,2025-05-16,C00894,P003,1,1674.13,1006.35,0.0,1674.13,1006.35,667.78,Marketplace
O001107,2025-09-18,C00045,P006,1,3653.72,2501.63,182.69,3471.03,2501.63,969.4,Online
O001108,2025-06-06,C00094,P002,2,5103.35,3862.76,510.34,9696.36,7725.52,1970.84,Store
O001109,2025-02-16,C00815,P016,2,802.2,467.64,160.44,1443.96,935.28,508.68,Marketplace
O001110,2025-11-20,C00339,P015,2,1375.39,1038.91,0.0,2750.78,2077.82,672.96,Store
O001111,2025-11-28,C00821,P009,1,1843.37,1277.0,0.0,1843.37,1277.0,566.37,Online
O001112,2025-06-22,C00019,P015,1,1375.39,1038.91,68.77,1306.62,1038.91,267.71,Online
O001113,2025-05-10,C00452,P010,2,1487.5,884.68,148.75,2826.25,1769.36,1056.89,Online
O001114,2025-04-05,C00094,P008,1,952.71,663.0,47.64,905.07,663.0,242.07,Marketplace
O001115,2025-04-25,C00569,P005,1,3123.65,2355.15,312.36,2811.29,2355.15,456.14,Online
O001116,2025-08-31,C00510,P007,1,692.39,399.57,0.0,692.39,399.57,292.82,Online
O001117,2025-10-19,C00756,P011,1,487.27,344.29,24.36,462.91,344.29,118.62,Online
O001118,2025-10-09,C00274,P014,2,746.01,469.1,0.0,1492.02,938.2,553.82,Marketplace
O001119,2025-10-26,C00022,P012,1,1008.95,650.79,151.34,857.61,650.79,206.82,Online
O001120,2025-10-10,C00033,P004,2,825.3,619.33,82.53,1568.07,1238.66,329.41,Marketplace
O001121,2025-03-10,C00528,P007,2,692.39,399.57,0.0,1384.78,799.14,585.64,Online
O001122,2025-05-28,C01192,P013,1,889.0,519.78,0.0,889.0,519.78,369.22,Store
O001123,2025-01-11,C00755,P005,2,3123.65,2355.15,0.0,6247.3,4710.3,1537.0,Online
O001124,2025-09-11,C00379,P006,1,3653.72,2501.63,0.0,3653.72,2501.63,1152.09,Store
O001125,2025-11-26,C00578,P001,1,12212.51,9280.33,1221.25,10991.26,9280.33,1710.93,Store
O001126,2025-12-26,C00385,P003,1,1674.13,1006.35,0.0,1674.13,1006.35,667.78,Online
O001127,2025-02-07,C00825,P004,2,825.3,619.33,0.0,1650.6,1238.66,411.94,Store
O001128,2025-05-14,C00025,P004,1,825.3,619.33,0.0,825.3,619.33,205.97,Store
O001129,2025-07-19,C00090,P005,1,3123.65,2355.15,0.0,3123.65,2355.15,768.5,Online
O001130,2025-01-23,C00028,P001,3,12212.51,9280.33,0.0,36637.53,27840.99,8796.54,Store
O001131,2025-10-30,C00694,P003,1,1674.13,1006.35,0.0,1674.13,1006.35,667.78,Online
O001132,2025-12-12,C00910,P006,1,3653.72,2501.63,0.0,3653.72,2501.63,1152.09,Online
O001133,2025-10-29,C01114,P009,1,1843.37,1277.0,0.0,1843.37,1277.0,566.37,Store
O001134,2025-12-29,C00211,P010,1,1487.5,884.68,148.75,1338.75,884.68,454.07,Online
O001135,2025-08-06,C00003,P008,1,952.71,663.0,0.0,952.71,663.0,289.71,Online
O001136,2025-05-21,C00588,P008,3,952.71,663.0,142.91,2715.22,1989.0,726.22,Store
O001137,2025-04-14,C00231,P016,1,802.2,467.64,0.0,802.2,467.64,334.56,Online
O001138,2025-07-29,C00578,P012,1,1008.95,650.79,0.0,1008.95,650.79,358.16,Online
O001139,2025-04-21,C00174,P002,1,5103.35,3862.76,0.0,5103.35,3862.76,1240.59,Online
O001140,2025-04-14,C00372,P014,1,746.01,469.1,37.3,708.71,469.1,239.61,Online
O001141,2025-11-12,C00588,P012,2,1008.95,650.79,0.0,2017.9,1301.58,716.32,Online
O001142,2025-06-20,C00756,P009,2,1843.37,1277.0,184.34,3502.4,2554.0,948.4,Online
O001143,2025-12-22,C00005,P005,2,3123.65,2355.15,0.0,6247.3,4710.3,1537.0,Online
O001144,2025-11-20,C00915,P016,2,802.2,467.64,0.0,1604.4,935.28,669.12,Online
O001145,2025-05-13,C00571,P005,1,3123.65,2355.15,624.73,2498.92,2355.15,143.77,Online
O001146,2025-10-20,C00789,P012,1,1008.95,650.79,0.0,1008.95,650.79,358.16,Store
O001147,2025-11-24,C00848,P011,1,487.27,344.29,73.09,414.18,344.29,69.89,Marketplace
O001148,2025-05-07,C00785,P014,1,746.01,469.1,0.0,746.01,469.1,276.91,Online
O001149,2025-04-16,C01099,P008,1,952.71,663.0,47.64,905.07,663.0,242.07,Online
O001150,2025-04-02,C01184,P008,2,952.71,663.0,0.0,1905.42,1326.0,579.42,Online
O001151,2025-10-14,C00036,P012,1,1008.95,650.79,151.34,857.61,650.79,206.82,Marketplace
O001152,2025-02-20,C00123,P012,1,1008.95,650.79,100.9,908.05,650.79,257.26,Store
O001153,2025-01-29,C00286,P010,1,1487.5,884.68,148.75,1338.75,884.68,454.07,Online
O001154,2025-10-23,C00863,P008,1,952.71,663.0,0.0,952.71,663.0,289.71,Store
O001155,2025-10-24,C00241,P005,1,3123.65,2355.15,0.0,3123.65,2355.15,768.5,Marketplace
O001156,2025-08-02,C00762,P002,2,5103.35,3862.76,510.34,9696.36,7725.52,1970.84,Online
O001157,2025-09-24,C00324,P001,1,12212.51,9280.33,0.0,12212.51,9280.33,2932.18,Online
O001158,2025-09-14,C00026,P014,1,746.01,469.1,0.0,746.01,469.1,276.91,Store
O001159,2025-10-29,C01081,P010,1,1487.5,884.68,74.38,1413.12,884.68,528.44,Online
O001160,2025-04-11,C00028,P010,1,1487.5,884.68,0.0,1487.5,884.68,602.82,Online
O001161,2025-12-12,C00356,P006,1,3653.72,2501.63,365.37,3288.35,2501.63,786.72,Store
O001162,2025-04-20,C00931,P009,3,1843.37,1277.0,0.0,5530.11,3831.0,1699.11,Store
O001163,2025-07-01,C00868,P006,1,3653.72,2501.63,0.0,3653.72,2501.63,1152.09,Online
O001164,2025-11-09,C00257,P007,1,692.39,399.57,0.0,692.39,399.57,292.82,Online
O001165,2025-01-01,C01146,P003,2,1674.13,1006.35,0.0,3348.26,2012.7,1335.56,Online
O001166,2025-11-15,C00830,P013,1,889.0,519.78,88.9,800.1,519.78,280.32,Online
O001167,2025-02-24,C00399,P009,1,1843.37,1277.0,0.0,1843.37,1277.0,566.37,Online
O001168,2025-05-29,C00688,P001,1,12212.51,9280.33,0.0,12212.51,9280.33,2932.18,Online
O001169,2025-11-05,C00434,P001,2,12212.51,9280.33,0.0,24425.02,18560.66,5864.36,Online
O001170,2025-05-17,C00067,P008,1,952.71,663.0,190.54,762.17,663.0,99.17,Online
O001171,2025-07-21,C01155,P016,1,802.2,467.64,0.0,802.2,467.64,334.56,Marketplace
O001172,2025-11-09,C00018,P012,2,1008.95,650.79,302.68,1715.22,1301.58,413.64,Online
O001173,2025-04-27,C00645,P013,2,889.0,519.78,355.6,1422.4,1039.56,382.84,Store
O001174,2025-06-03,C00200,P011,1,487.27,344.29,24.36,462.91,344.29,118.62,Online
O001175,2025-10-18,C00308,P001,1,12212.51,9280.33,0.0,12212.51,9280.33,2932.18,Online
O001176,2025-03-04,C00077,P010,1,1487.5,884.68,74.38,1413.12,884.68,528.44,Online
O001177,2025-09-01,C00192,P008,2,952.71,663.0,190.54,1714.88,1326.0,388.88,Store
O001178,2025-01-25,C00330,P011,1,487.27,344.29,0.0,487.27,344.29,142.98,Online
O001179,2025-03-31,C00883,P002,2,5103.35,3862.76,1020.67,9186.03,7725.52,1460.51,Online
O001180,2025-03-16,C00428,P003,3,1674.13,1006.35,251.12,4771.27,3019.05,1752.22,Marketplace
O001181,2025-10-21,C00200,P001,1,12212.51,9280.33,1221.25,10991.26,9280.33,1710.93,Online
O001182,2025-07-29,C00179,P016,1,802.2,467.64,0.0,802.2,467.64,334.56,Marketplace
O001183,2025-12-13,C00331,P003,1,1674.13,1006.35,0.0,1674.13,1006.35,667.78,Online
O001184,2025-01-17,C00367,P015,1,1375.39,1038.91,0.0,1375.39,1038.91,336.48,Online
O001185,2025-05-08,C00906,P005,3,3123.65,2355.15,1874.19,7496.76,7065.45,431.31,Online
O001186,2025-12-30,C00745,P010,1,1487.5,884.68,148.75,1338.75,884.68,454.07,Marketplace
O001187,2025-09-08,C00265,P015,1,1375.39,1038.91,137.54,1237.85,1038.91,198.94,Marketplace
O001188,2025-06-28,C00766,P003,2,1674.13,1006.35,0.0,3348.26,2012.7,1335.56,Online
O001189,2025-07-01,C00088,P002,2,5103.35,3862.76,0.0,10206.7,7725.52,2481.18,Store
O001190,2025-06-01,C00017,P005,2,3123.65,2355.15,0.0,6247.3,4710.3,1537.0,Online
O001191,2025-01-25,C00818,P003,1,1674.13,1006.35,167.41,1506.72,1006.35,500.37,Store
O001192,2025-06-29,C00715,P015,1,1375.39,1038.91,0.0,1375.39,1038.91,336.48,Store
O001193,2025-07-17,C00224,P003,1,1674.13,1006.35,0.0,1674.13,1006.35,667.78,Marketplace
O001194,2025-12-10,C00813,P014,1,746.01,469.1,0.0,746.01,469.1,276.91,Online
O001195,2025-06-10,C00996,P007,2,692.39,399.57,0.0,1384.78,799.14,585.64,Online
O001196,2025-06-26,C00079,P005,3,3123.65,2355.15,0.0,9370.95,7065.45,2305.5,Online
O001197,2025-10-12,C01164,P002,4,5103.35,3862.76,2041.34,18372.06,15451.04,2921.02,Online
O001198,2025-03-04,C00741,P014,3,746.01,469.1,0.0,2238.03,1407.3,830.73,Online
O001199,2025-05-30,C00047,P014,1,746.01,469.1,37.3,708.71,469.1,239.61,Online
O001200,2025-06-03,C00142,P009,1,1843.37,1277.0,0.0,1843.37,1277.0,566.37,Store
O001201,2025-06-05,C00860,P007,1,692.39,399.57,0.0,692.39,399.57,292.82,Store
O001202,2025-02-18,C00190,P014,1,746.01,469.1,74.6,671.41,469.1,202.31,Online
O001203,2025-12-03,C00716,P014,1,746.01,469.1,0.0,746.01,469.1,276.91,Store
O001204,2025-03-25,C00895,P012,3,1008.95,650.79,151.34,2875.51,1952.37,923.14,Store
O001205,2025-12-27,C01149,P007,1,692.39,399.57,34.62,657.77,399.57,258.2,Online
O001206,2025-06-26,C00664,P011,1,487.27,344.29,48.73,438.54,344.29,94.25,Marketplace
O001207,2025-05-28,C01023,P011,1,487.27,344.29,73.09,414.18,344.29,69.89,Online
O001208,2025-04-28,C01067,P001,4,12212.51,9280.33,7327.51,41522.53,37121.32,4401.21,Store
O001209,2025-12-08,C00921,P004,1,825.3,619.33,41.26,784.04,619.33,164.71,Online
O001210,2025-03-04,C01119,P006,1,3653.72,2501.63,0.0,3653.72,2501.63,1152.09,Online
O001211,2025-07-08,C00392,P001,1,12212.51,9280.33,0.0,12212.51,9280.33,2932.18,Online
O001212,2025-12-26,C00629,P004,2,825.3,619.33,82.53,1568.07,1238.66,329.41,Online
O001213,2025-02-18,C00841,P012,1,1008.95,650.79,0.0,1008.95,650.79,358.16,Online
O001214,2025-11-23,C00688,P004,3,825.3,619.33,0.0,2475.9,1857.99,617.91,Online
O001215,2025-09-14,C01133,P006,1,3653.72,2501.63,0.0,3653.72,2501.63,1152.09,Store
O001216,2025-08-12,C00896,P010,2,1487.5,884.68,446.25,2528.75,1769.36,759.39,Marketplace
O001217,2025-05-21,C00204,P003,2,1674.13,1006.35,0.0,3348.26,2012.7,1335.56,Online
O001218,2025-08-03,C00843,P004,1,825.3,619.33,82.53,742.77,619.33,123.44,Marketplace
O001219,2025-07-30,C00205,P015,1,1375.39,1038.91,137.54,1237.85,1038.91,198.94,Store
O001220,2025-11-14,C00862,P007,1,692.39,399.57,0.0,692.39,399.57,292.82,Online
O001221,2025-02-01,C00401,P016,3,802.2,467.64,0.0,2406.6,1402.92,1003.68,Store
O001222,2025-06-07,C00951,P014,2,746.01,469.1,74.6,1417.42,938.2,479.22,Store
O001223,2025-10-12,C00811,P001,3,12212.51,9280.33,3663.75,32973.78,27840.99,5132.79,Online
O001224,2025-11-01,C00549,P009,1,1843.37,1277.0,276.51,1566.86,1277.0,289.86,Marketplace
O001225,2025-10-13,C00495,P001,2,12212.51,9280.33,0.0,24425.02,18560.66,5864.36,Online
O001226,2025-05-24,C00315,P012,2,1008.95,650.79,0.0,2017.9,1301.58,716.32,Store
O001227,2025-01-19,C00651,P011,1,487.27,344.29,24.36,462.91,344.29,118.62,Online
O001228,2025-01-18,C01139,P013,1,889.0,519.78,44.45,844.55,519.78,324.77,Store
O001229,2025-09-14,C01184,P014,1,746.01,469.1,37.3,708.71,469.1,239.61,Marketplace
O001230,2025-03-19,C00356,P013,2,889.0,519.78,0.0,1778.0,1039.56,738.44,Online
O001231,2025-06-24,C00204,P005,1,3123.65,2355.15,156.18,2967.47,2355.15,612.32,Store
O001232,2025-07-13,C00533,P006,3,3653.72,2501.63,0.0,10961.16,7504.89,3456.27,Online
O001233,2025-04-23,C00896,P001,1,12212.51,9280.33,610.63,11601.88,9280.33,2321.55,Online
O001234,2025-04-24,C01114,P003,1,1674.13,1006.35,0.0,1674.13,1006.35,667.78,Store
O001235,2025-08-10,C00930,P012,1,1008.95,650.79,50.45,958.5,650.79,307.71,Online
O001236,2025-06-15,C00397,P008,2,952.71,663.0,190.54,1714.88,1326.0,388.88,Online
O001237,2025-11-15,C00534,P002,1,5103.35,3862.76,765.5,4337.85,3862.76,475.09,Online
O001238,2025-05-12,C01187,P004,1,825.3,619.33,123.79,701.51,619.33,82.18,Online
O001239,2025-09-21,C00291,P010,1,1487.5,884.68,0.0,1487.5,884.68,602.82,Online
O001240,2025-02-24,C00741,P007,1,692.39,399.57,0.0,692.39,399.57,292.82,Online
O001241,2025-12-25,C00151,P016,3,802.2,467.64,0.0,2406.6,1402.92,1003.68,Store
O001242,2025-05-11,C00769,P011,1,487.27,344.29,0.0,487.27,344.29,142.98,Online
O001243,2025-10-15,C00612,P001,2,12212.51,9280.33,1221.25,23203.77,18560.66,4643.11,Online
O001244,2025-09-23,C00065,P004,3,825.3,619.33,495.18,1980.72,1857.99,122.73,Online
O001245,2025-06-11,C01120,P001,1,12212.51,9280.33,610.63,11601.88,9280.33,2321.55,Marketplace
O001246,2025-03-28,C00395,P001,1,12212.51,9280.33,0.0,12212.51,9280.33,2932.18,Store
O001247,2025-02-24,C00443,P012,1,1008.95,650.79,0.0,1008.95,650.79,358.16,Online
O001248,2025-10-15,C00451,P003,2,1674.13,1006.35,502.24,2846.02,2012.7,833.32,Online
O001249,2025-06-27,C00987,P007,3,692.39,399.57,0.0,2077.17,1198.71,878.46,Online
O001250,2025-12-15,C00603,P015,2,1375.39,1038.91,0.0,2750.78,2077.82,672.96,Online
O001251,2025-01-08,C00820,P007,1,692.39,399.57,0.0,692.39,399.57,292.82,Store
O001252,2025-11-17,C00576,P013,1,889.0,519.78,88.9,800.1,519.78,280.32,Online
O001253,2025-11-09,C00340,P007,3,692.39,399.57,0.0,2077.17,1198.71,878.46,Store
O001254,2025-09-04,C00868,P009,2,1843.37,1277.0,184.34,3502.4,2554.0,948.4,Online
O001255,2025-11-19,C00880,P007,1,692.39,399.57,0.0,692.39,399.57,292.82,Online
O001256,2025-09-12,C00132,P015,1,1375.39,1038.91,0.0,1375.39,1038.91,336.48,Online
O001257,2025-11-24,C00840,P010,1,1487.5,884.68,148.75,1338.75,884.68,454.07,Marketplace
O001258,2025-02-23,C01087,P012,1,1008.95,650.79,0.0,1008.95,650.79,358.16,Store
O001259,2025-09-06,C00880,P006,1,3653.72,2501.63,0.0,3653.72,2501.63,1152.09,Store
O001260,2025-08-27,C00762,P005,2,3123.65,2355.15,0.0,6247.3,4710.3,1537.0,Online
O001261,2025-08-17,C00023,P011,1,487.27,344.29,24.36,462.91,344.29,118.62,Online
O001262,2025-03-08,C00477,P003,1,1674.13,1006.35,83.71,1590.42,1006.35,584.07,Online
O001263,2025-02-20,C00211,P009,2,1843.37,1277.0,553.01,3133.73,2554.0,579.73,Store
O001264,2025-04-07,C00154,P014,2,746.01,469.1,0.0,1492.02,938.2,553.82,Store
O001265,2025-04-02,C00406,P007,1,692.39,399.57,0.0,692.39,399.57,292.82,Online
O001266,2025-09-21,C00563,P014,1,746.01,469.1,0.0,746.01,469.1,276.91,Online
O001267,2025-10-18,C00785,P008,1,952.71,663.0,0.0,952.71,663.0,289.71,Online
O001268,2025-04-06,C01180,P001,3,12212.51,9280.33,0.0,36637.53,27840.99,8796.54,Store
O001269,2025-03-29,C00825,P002,2,5103.35,3862.76,1531.0,8675.7,7725.52,950.18,Online
O001270,2025-03-19,C00034,P003,1,1674.13,1006.35,167.41,1506.72,1006.35,500.37,Online
O001271,2025-10-15,C00617,P009,1,1843.37,1277.0,0.0,1843.37,1277.0,566.37,Online
O001272,2025-04-30,C00642,P016,1,802.2,467.64,0.0,802.2,467.64,334.56,Store
O001273,2025-10-29,C00931,P016,2,802.2,467.64,240.66,1363.74,935.28,428.46,Online
O001274,2025-06-14,C00766,P004,1,825.3,619.33,0.0,825.3,619.33,205.97,Online
O001275,2025-07-01,C00216,P011,2,487.27,344.29,48.73,925.81,688.58,237.23,Online
O001276,2025-08-11,C00181,P007,2,692.39,399.57,138.48,1246.3,799.14,447.16,Store
O001277,2025-11-07,C01101,P001,3,12212.51,9280.33,3663.75,32973.78,27840.99,5132.79,Online
O001278,2025-01-07,C00089,P004,1,825.3,619.33,0.0,825.3,619.33,205.97,Online
O001279,2025-11-26,C00778,P009,2,1843.37,1277.0,553.01,3133.73,2554.0,579.73,Online
O001280,2025-09-20,C00246,P005,1,3123.65,2355.15,0.0,3123.65,2355.15,768.5,Online
O001281,2025-06-10,C00847,P015,1,1375.39,1038.91,0.0,1375.39,1038.91,336.48,Online
O001282,2025-05-31,C00979,P016,3,802.2,467.64,0.0,2406.6,1402.92,1003.68,Store
O001283,2025-03-26,C00463,P003,1,1674.13,1006.35,0.0,1674.13,1006.35,667.78,Online
O001284,2025-05-27,C01144,P008,1,952.71,663.0,47.64,905.07,663.0,242.07,Online
O001285,2025-04-22,C00160,P003,3,1674.13,1006.35,0.0,5022.39,3019.05,2003.34,Online
O001286,2025-02-05,C00443,P015,2,1375.39,1038.91,0.0,2750.78,2077.82,672.96,Online
O001287,2025-10-12,C00428,P011,2,487.27,344.29,0.0,974.54,688.58,285.96,Online
O001288,2025-07-07,C00316,P004,3,825.3,619.33,0.0,2475.9,1857.99,617.91,Online
O001289,2025-03-23,C00927,P007,2,692.39,399.57,0.0,1384.78,799.14,585.64,Online
O001290,2025-01-02,C00337,P010,3,1487.5,884.68,223.12,4239.38,2654.04,1585.34,Online
O001291,2025-10-30,C00945,P004,2,825.3,619.33,0.0,1650.6,1238.66,411.94,Store
O001292,2025-07-16,C00384,P009,1,1843.37,1277.0,92.17,1751.2,1277.0,474.2,Online
O001293,2025-01-11,C00544,P004,3,825.3,619.33,0.0,2475.9,1857.99,617.91,Online
O001294,2025-08-22,C00309,P013,1,889.0,519.78,0.0,889.0,519.78,369.22,Online
O001295,2025-07-14,C00559,P012,1,1008.95,650.79,50.45,958.5,650.79,307.71,Store
O001296,2025-04-29,C00866,P007,1,692.39,399.57,0.0,692.39,399.57,292.82,Online
O001297,2025-01-20,C01085,P016,1,802.2,467.64,0.0,802.2,467.64,334.56,Online
O001298,2025-09-18,C00510,P004,1,825.3,619.33,0.0,825.3,619.33,205.97,Online
O001299,2025-10-20,C00546,P008,1,952.71,663.0,0.0,952.71,663.0,289.71,Online
O001300,2025-09-13,C00829,P013,1,889.0,519.78,0.0,889.0,519.78,369.22,Store
O001301,2025-08-10,C00550,P016,1,802.2,467.64,80.22,721.98,467.64,254.34,Online
O001302,2025-08-14,C00590,P010,2,1487.5,884.68,0.0,2975.0,1769.36,1205.64,Online
O001303,2025-02-22,C00977,P010,2,1487.5,884.68,148.75,2826.25,1769.36,1056.89,Online
O001304,2025-12-21,C00143,P006,1,3653.72,2501.63,365.37,3288.35,2501.63,786.72,Online
O001305,2025-12-08,C00027,P016,1,802.2,467.64,0.0,802.2,467.64,334.56,Marketplace
O001306,2025-12-30,C00158,P006,1,3653.72,2501.63,365.37,3288.35,2501.63,786.72,Online
O001307,2025-10-07,C00971,P001,1,12212.51,9280.33,0.0,12212.51,9280.33,2932.18,Online
O001308,2025-03-22,C00036,P010,2,1487.5,884.68,0.0,2975.0,1769.36,1205.64,Online
O001309,2025-07-21,C00301,P004,1,825.3,619.33,82.53,742.77,619.33,123.44,Online
O001310,2025-06-07,C01005,P012,4,1008.95,650.79,0.0,4035.8,2603.16,1432.64,Online
O001311,2025-04-30,C00747,P015,1,1375.39,1038.91,0.0,1375.39,1038.91,336.48,Store
O001312,2025-02-28,C01061,P016,1,802.2,467.64,40.11,762.09,467.64,294.45,Store
O001313,2025-08-03,C00043,P005,3,3123.65,2355.15,937.1,8433.85,7065.45,1368.4,Store
O001314,2025-05-08,C00291,P012,1,1008.95,650.79,0.0,1008.95,650.79,358.16,Store
O001315,2025-08-12,C00883,P012,1,1008.95,650.79,0.0,1008.95,650.79,358.16,Marketplace
O001316,2025-07-28,C00774,P004,3,825.3,619.33,247.59,2228.31,1857.99,370.32,Store
O001317,2025-04-25,C00921,P006,1,3653.72,2501.63,182.69,3471.03,2501.63,969.4,Store
O001318,2025-07-28,C00801,P014,3,746.01,469.1,0.0,2238.03,1407.3,830.73,Online
O001319,2025-01-14,C01187,P011,2,487.27,344.29,0.0,974.54,688.58,285.96,Store
O001320,2025-01-09,C01161,P012,1,1008.95,650.79,151.34,857.61,650.79,206.82,Online
O001321,2025-02-09,C00302,P015,2,1375.39,1038.91,0.0,2750.78,2077.82,672.96,Online
O001322,2025-08-25,C01144,P006,1,3653.72,2501.63,0.0,3653.72,2501.63,1152.09,Store
O001323,2025-10-08,C00032,P015,1,1375.39,1038.91,0.0,1375.39,1038.91,336.48,Online
O001324,2025-12-25,C00109,P016,1,802.2,467.64,0.0,802.2,467.64,334.56,Store
O001325,2025-07-20,C00002,P002,1,5103.35,3862.76,0.0,5103.35,3862.76,1240.59,Online
O001326,2025-09-03,C01029,P005,3,3123.65,2355.15,468.55,8902.4,7065.45,1836.95,Online
O001327,2025-10-05,C00403,P014,1,746.01,469.1,0.0,746.01,469.1,276.91,Online
O001328,2025-08-23,C00970,P012,1,1008.95,650.79,50.45,958.5,650.79,307.71,Online
O001329,2025-01-04,C00818,P004,2,825.3,619.33,247.59,1403.01,1238.66,164.35,Online
O001330,2025-06-03,C00355,P014,1,746.01,469.1,0.0,746.01,469.1,276.91,Online
O001331,2025-01-29,C00409,P009,1,1843.37,1277.0,92.17,1751.2,1277.0,474.2,Online
O001332,2025-04-19,C00176,P010,1,1487.5,884.68,74.38,1413.12,884.68,528.44,Online
O001333,2025-04-08,C00770,P014,1,746.01,469.1,0.0,746.01,469.1,276.91,Store
O001334,2025-08-03,C01032,P012,1,1008.95,650.79,0.0,1008.95,650.79,358.16,Online
O001335,2025-10-20,C00841,P015,1,1375.39,1038.91,68.77,1306.62,1038.91,267.71,Marketplace
O001336,2025-03-16,C00863,P003,2,1674.13,1006.35,167.41,3180.85,2012.7,1168.15,Online
O001337,2025-11-22,C00497,P012,1,1008.95,650.79,0.0,1008.95,650.79,358.16,Online
O001338,2025-05-26,C00601,P002,2,5103.35,3862.76,0.0,10206.7,7725.52,2481.18,Online
O001339,2025-05-08,C00013,P015,2,1375.39,1038.91,275.08,2475.7,2077.82,397.88,Online
O001340,2025-12-07,C00112,P003,1,1674.13,1006.35,167.41,1506.72,1006.35,500.37,Online
O001341,2025-02-11,C00683,P004,2,825.3,619.33,82.53,1568.07,1238.66,329.41,Store
O001342,2025-12-22,C00125,P004,2,825.3,619.33,82.53,1568.07,1238.66,329.41,Store
O001343,2025-02-10,C00109,P007,1,692.39,399.57,34.62,657.77,399.57,258.2,Marketplace
O001344,2025-02-03,C00280,P008,2,952.71,663.0,95.27,1810.15,1326.0,484.15,Online
O001345,2025-01-17,C00637,P001,2,12212.51,9280.33,1221.25,23203.77,18560.66,4643.11,Online
O001346,2025-06-14,C00138,P001,1,12212.51,9280.33,1221.25,10991.26,9280.33,1710.93,Online
O001347,2025-06-02,C00507,P007,1,692.39,399.57,0.0,692.39,399.57,292.82,Online
O001348,2025-03-17,C00801,P002,3,5103.35,3862.76,0.0,15310.05,11588.28,3721.77,Online
O001349,2025-03-28,C00377,P008,2,952.71,663.0,0.0,1905.42,1326.0,579.42,Store
O001350,2025-04-27,C00900,P004,1,825.3,619.33,41.26,784.04,619.33,164.71,Online
O001351,2025-12-28,C00493,P006,1,3653.72,2501.63,182.69,3471.03,2501.63,969.4,Online
O001352,2025-12-08,C00984,P010,1,1487.5,884.68,0.0,1487.5,884.68,602.82,Online
O001353,2025-01-27,C00753,P009,1,1843.37,1277.0,92.17,1751.2,1277.0,474.2,Online
O001354,2025-11-09,C00854,P014,1,746.01,469.1,0.0,746.01,469.1,276.91,Online
O001355,2025-10-14,C00798,P001,1,12212.51,9280.33,0.0,12212.51,9280.33,2932.18,Store
O001356,2025-05-14,C00911,P002,2,5103.35,3862.76,0.0,10206.7,7725.52,2481.18,Online
O001357,2025-08-07,C00939,P009,1,1843.37,1277.0,0.0,1843.37,1277.0,566.37,Online
O001358,2025-06-17,C01031,P007,1,692.39,399.57,34.62,657.77,399.57,258.2,Online
O001359,2025-04-08,C00129,P006,1,3653.72,2501.63,0.0,3653.72,2501.63,1152.09,Store
O001360,2025-09-25,C00695,P015,2,1375.39,1038.91,275.08,2475.7,2077.82,397.88,Online
O001361,2025-08-25,C00621,P013,1,889.0,519.78,88.9,800.1,519.78,280.32,Online
O001362,2025-11-05,C00967,P006,1,3653.72,2501.63,548.06,3105.66,2501.63,604.03,Store
O001363,2025-06-22,C01077,P009,1,1843.37,1277.0,0.0,1843.37,1277.0,566.37,Marketplace
O001364,2025-07-09,C00713,P013,1,889.0,519.78,0.0,889.0,519.78,369.22,Store
O001365,2025-05-02,C00475,P004,1,825.3,619.33,0.0,825.3,619.33,205.97,Store
O001366,2025-02-15,C00663,P008,4,952.71,663.0,381.08,3429.76,2652.0,777.76,Store
O001367,2025-03-05,C00485,P004,2,825.3,619.33,0.0,1650.6,1238.66,411.94,Store
O001368,2025-05-10,C00861,P003,1,1674.13,1006.35,0.0,1674.13,1006.35,667.78,Online
O001369,2025-11-06,C00150,P015,2,1375.39,1038.91,137.54,2613.24,2077.82,535.42,Store
O001370,2025-12-29,C00357,P011,1,487.27,344.29,0.0,487.27,344.29,142.98,Online
O001371,2025-07-12,C01176,P007,1,692.39,399.57,0.0,692.39,399.57,292.82,Store
O001372,2025-11-03,C00462,P007,2,692.39,399.57,0.0,1384.78,799.14,585.64,Online
O001373,2025-06-30,C00394,P003,1,1674.13,1006.35,83.71,1590.42,1006.35,584.07,Store
O001374,2025-10-19,C00417,P002,2,5103.35,3862.76,1020.67,9186.03,7725.52,1460.51,Online
O001375,2025-10-09,C00836,P003,1,1674.13,1006.35,83.71,1590.42,1006.35,584.07,Marketplace
O001376,2025-01-29,C01082,P016,1,802.2,467.64,0.0,802.2,467.64,334.56,Store
O001377,2025-05-29,C01026,P012,1,1008.95,650.79,100.9,908.05,650.79,257.26,Store
O001378,2025-09-24,C00138,P015,1,1375.39,1038.91,0.0,1375.39,1038.91,336.48,Online
O001379,2025-10-23,C00161,P005,2,3123.65,2355.15,0.0,6247.3,4710.3,1537.0,Online
O001380,2025-01-11,C00473,P002,1,5103.35,3862.76,0.0,5103.35,3862.76,1240.59,Online
O001381,2025-06-13,C00594,P009,1,1843.37,1277.0,0.0,1843.37,1277.0,566.37,Store
O001382,2025-04-23,C00324,P010,1,1487.5,884.68,74.38,1413.12,884.68,528.44,Store
O001383,2025-07-06,C01025,P010,1,1487.5,884.68,0.0,1487.5,884.68,602.82,Store
O001384,2025-10-22,C00228,P016,3,802.2,467.64,481.32,1925.28,1402.92,522.36,Store
O001385,2025-08-20,C00067,P011,1,487.27,344.29,0.0,487.27,344.29,142.98,Store
O001386,2025-08-15,C00122,P005,1,3123.65,2355.15,312.36,2811.29,2355.15,456.14,Online
O001387,2025-11-06,C00128,P008,1,952.71,663.0,95.27,857.44,663.0,194.44,Online
O001388,2025-04-08,C00073,P012,4,1008.95,650.79,605.37,3430.43,2603.16,827.27,Online
O001389,2025-02-24,C00166,P016,3,802.2,467.64,0.0,2406.6,1402.92,1003.68,Online
O001390,2025-04-21,C00073,P016,1,802.2,467.64,40.11,762.09,467.64,294.45,Online
O001391,2025-06-01,C00622,P008,1,952.71,663.0,0.0,952.71,663.0,289.71,Store
O001392,2025-09-03,C00402,P013,2,889.0,519.78,88.9,1689.1,1039.56,649.54,Online
O001393,2025-03-10,C00107,P013,2,889.0,519.78,88.9,1689.1,1039.56,649.54,Online
O001394,2025-11-08,C00875,P005,1,3123.65,2355.15,0.0,3123.65,2355.15,768.5,Online
O001395,2025-10-16,C00754,P012,1,1008.95,650.79,0.0,1008.95,650.79,358.16,Online
O001396,2025-09-07,C00476,P003,1,1674.13,1006.35,0.0,1674.13,1006.35,667.78,Store
O001397,2025-02-05,C01099,P002,4,5103.35,3862.76,0.0,20413.4,15451.04,4962.36,Store
O001398,2025-08-27,C00117,P003,1,1674.13,1006.35,0.0,1674.13,1006.35,667.78,Online
O001399,2025-05-28,C00644,P012,1,1008.95,650.79,100.9,908.05,650.79,257.26,Marketplace
O001400,2025-08-15,C00266,P013,1,889.0,519.78,0.0,889.0,519.78,369.22,Online
O001401,2025-09-01,C00513,P007,1,692.39,399.57,34.62,657.77,399.57,258.2,Online
O001402,2025-12-03,C00452,P015,2,1375.39,1038.91,412.62,2338.16,2077.82,260.34,Store
O001403,2025-12-31,C00600,P008,1,952.71,663.0,0.0,952.71,663.0,289.71,Store
O001404,2025-07-20,C01032,P004,1,825.3,619.33,123.79,701.51,619.33,82.18,Store
O001405,2025-06-03,C00996,P009,1,1843.37,1277.0,276.51,1566.86,1277.0,289.86,Store
O001406,2025-03-14,C01067,P008,1,952.71,663.0,47.64,905.07,663.0,242.07,Online
O001407,2025-07-20,C00291,P002,3,5103.35,3862.76,765.5,14544.55,11588.28,2956.27,Online
O001408,2025-10-23,C00930,P004,1,825.3,619.33,82.53,742.77,619.33,123.44,Online
O001409,2025-01-17,C00787,P010,2,1487.5,884.68,0.0,2975.0,1769.36,1205.64,Online
O001410,2025-05-09,C00787,P016,1,802.2,467.64,0.0,802.2,467.64,334.56,Online
O001411,2025-08-05,C00460,P007,1,692.39,399.57,34.62,657.77,399.57,258.2,Online
O001412,2025-03-02,C00625,P002,1,5103.35,3862.76,0.0,5103.35,3862.76,1240.59,Online
O001413,2025-04-14,C00689,P009,2,1843.37,1277.0,184.34,3502.4,2554.0,948.4,Store
O001414,2025-02-11,C00699,P014,2,746.01,469.1,149.2,1342.82,938.2,404.62,Marketplace
O001415,2025-01-25,C00117,P004,1,825.3,619.33,123.79,701.51,619.33,82.18,Marketplace
O001416,2025-02-08,C00589,P015,1,1375.39,1038.91,68.77,1306.62,1038.91,267.71,Store
O001417,2025-10-18,C00533,P006,3,3653.72,2501.63,0.0,10961.16,7504.89,3456.27,Marketplace
O001418,2025-05-11,C00488,P005,2,3123.65,2355.15,0.0,6247.3,4710.3,1537.0,Store
O001419,2025-08-17,C00562,P003,4,1674.13,1006.35,669.65,6026.87,4025.4,2001.47,Online
O001420,2025-04-18,C01170,P013,1,889.0,519.78,0.0,889.0,519.78,369.22,Online
O001421,2025-06-21,C00514,P001,1,12212.51,9280.33,610.63,11601.88,9280.33,2321.55,Online
O001422,2025-04-12,C00542,P006,1,3653.72,2501.63,0.0,3653.72,2501.63,1152.09,Online
O001423,2025-12-20,C00076,P012,1,1008.95,650.79,100.9,908.05,650.79,257.26,Online
O001424,2025-01-12,C00120,P003,1,1674.13,1006.35,83.71,1590.42,1006.35,584.07,Online
O001425,2025-10-02,C00132,P015,1,1375.39,1038.91,137.54,1237.85,1038.91,198.94,Online
O001426,2025-04-11,C01014,P005,1,3123.65,2355.15,0.0,3123.65,2355.15,768.5,Store
O001427,2025-02-13,C00102,P008,1,952.71,663.0,0.0,952.71,663.0,289.71,Store
O001428,2025-11-01,C00902,P011,1,487.27,344.29,24.36,462.91,344.29,118.62,Online
O001429,2025-01-17,C00531,P009,1,1843.37,1277.0,184.34,1659.03,1277.0,382.03,Store
O001430,2025-11-26,C01107,P002,1,5103.35,3862.76,0.0,5103.35,3862.76,1240.59,Online
O001431,2025-02-26,C00909,P004,1,825.3,619.33,0.0,825.3,619.33,205.97,Online
O001432,2025-11-07,C00761,P014,1,746.01,469.1,0.0,746.01,469.1,276.91,Online
O001433,2025-10-30,C00051,P011,1,487.27,344.29,0.0,487.27,344.29,142.98,Marketplace
O001434,2025-01-12,C00768,P016,3,802.2,467.64,0.0,2406.6,1402.92,1003.68,Online
O001435,2025-11-14,C00755,P002,1,5103.35,3862.76,0.0,5103.35,3862.76,1240.59,Online
O001436,2025-03-21,C00218,P007,2,692.39,399.57,0.0,1384.78,799.14,585.64,Store
O001437,2025-08-04,C01041,P012,3,1008.95,650.79,0.0,3026.85,1952.37,1074.48,Online
O001438,2025-12-05,C00308,P013,2,889.0,519.78,88.9,1689.1,1039.56,649.54,Marketplace
O001439,2025-09-21,C00460,P014,1,746.01,469.1,0.0,746.01,469.1,276.91,Store
O001440,2025-05-29,C00106,P016,1,802.2,467.64,0.0,802.2,467.64,334.56,Online
O001441,2025-03-22,C00400,P010,3,1487.5,884.68,0.0,4462.5,2654.04,1808.46,Store
O001442,2025-08-03,C00742,P008,1,952.71,663.0,47.64,905.07,663.0,242.07,Online
O001443,2025-07-17,C00494,P015,2,1375.39,1038.91,275.08,2475.7,2077.82,397.88,Online
O001444,2025-07-19,C00721,P003,3,1674.13,1006.35,251.12,4771.27,3019.05,1752.22,Online
O001445,2025-01-25,C00920,P014,1,746.01,469.1,74.6,671.41,469.1,202.31,Marketplace
O001446,2025-03-30,C01102,P008,2,952.71,663.0,0.0,1905.42,1326.0,579.42,Online
O001447,2025-09-25,C00283,P009,2,1843.37,1277.0,0.0,3686.74,2554.0,1132.74,Online
O001448,2025-05-23,C00837,P014,1,746.01,469.1,0.0,746.01,469.1,276.91,Online
O001449,2025-02-28,C00406,P006,2,3653.72,2501.63,0.0,7307.44,5003.26,2304.18,Online
O001450,2025-12-31,C00540,P016,2,802.2,467.64,0.0,1604.4,935.28,669.12,Online
O001451,2025-01-26,C00884,P001,2,12212.51,9280.33,4885.0,19540.02,18560.66,979.36,Online
O001452,2025-02-16,C01085,P013,2,889.0,519.78,0.0,1778.0,1039.56,738.44,Online
O001453,2025-10-15,C01141,P008,2,952.71,663.0,0.0,1905.42,1326.0,579.42,Store
O001454,2025-09-23,C00690,P004,4,825.3,619.33,0.0,3301.2,2477.32,823.88,Store
O001455,2025-01-16,C00727,P015,3,1375.39,1038.91,206.31,3919.86,3116.73,803.13,Store
O001456,2025-07-18,C00893,P010,2,1487.5,884.68,148.75,2826.25,1769.36,1056.89,Store
O001457,2025-10-09,C01044,P003,1,1674.13,1006.35,0.0,1674.13,1006.35,667.78,Online
O001458,2025-03-27,C00929,P013,1,889.0,519.78,0.0,889.0,519.78,369.22,Store
O001459,2025-09-07,C00573,P004,1,825.3,619.33,0.0,825.3,619.33,205.97,Online
O001460,2025-09-27,C01061,P014,1,746.01,469.1,0.0,746.01,469.1,276.91,Store
O001461,2025-12-01,C00294,P002,2,5103.35,3862.76,510.34,9696.36,7725.52,1970.84,Marketplace
O001462,2025-04-27,C00432,P014,1,746.01,469.1,37.3,708.71,469.1,239.61,Online
O001463,2025-01-07,C00204,P012,1,1008.95,650.79,0.0,1008.95,650.79,358.16,Online
O001464,2025-05-17,C00899,P008,2,952.71,663.0,0.0,1905.42,1326.0,579.42,Marketplace
O001465,2025-06-25,C00218,P008,1,952.71,663.0,0.0,952.71,663.0,289.71,Online
O001466,2025-11-24,C01042,P006,1,3653.72,2501.63,548.06,3105.66,2501.63,604.03,Marketplace
O001467,2025-11-11,C01106,P007,1,692.39,399.57,69.24,623.15,399.57,223.58,Online
O001468,2025-08-03,C00417,P010,3,1487.5,884.68,223.12,4239.38,2654.04,1585.34,Store
O001469,2025-03-23,C01067,P005,2,3123.65,2355.15,0.0,6247.3,4710.3,1537.0,Online
O001470,2025-08-11,C00246,P015,2,1375.39,1038.91,0.0,2750.78,2077.82,672.96,Online
O001471,2025-04-13,C00281,P009,2,1843.37,1277.0,0.0,3686.74,2554.0,1132.74,Online
O001472,2025-09-30,C00162,P008,2,952.71,663.0,0.0,1905.42,1326.0,579.42,Online
O001473,2025-01-14,C00566,P015,1,1375.39,1038.91,0.0,1375.39,1038.91,336.48,Store
O001474,2025-06-08,C00645,P002,1,5103.35,3862.76,765.5,4337.85,3862.76,475.09,Store
O001475,2025-06-01,C00651,P007,2,692.39,399.57,69.24,1315.54,799.14,516.4,Store
O001476,2025-04-18,C00073,P001,1,12212.51,9280.33,610.63,11601.88,9280.33,2321.55,Store
O001477,2025-07-07,C00451,P007,1,692.39,399.57,0.0,692.39,399.57,292.82,Store
O001478,2025-10-28,C01018,P010,1,1487.5,884.68,74.38,1413.12,884.68,528.44,Online
O001479,2025-04-08,C01058,P007,1,692.39,399.57,0.0,692.39,399.57,292.82,Online
O001480,2025-05-11,C00428,P006,1,3653.72,2501.63,182.69,3471.03,2501.63,969.4,Online
O001481,2025-10-20,C01196,P008,1,952.71,663.0,0.0,952.71,663.0,289.71,Store
O001482,2025-06-20,C00369,P010,2,1487.5,884.68,297.5,2677.5,1769.36,908.14,Store
O001483,2025-07-02,C01004,P013,1,889.0,519.78,0.0,889.0,519.78,369.22,Online
O001484,2025-12-30,C00449,P004,3,825.3,619.33,247.59,2228.31,1857.99,370.32,Store
O001485,2025-02-08,C00860,P015,1,1375.39,1038.91,68.77,1306.62,1038.91,267.71,Online
O001486,2025-01-15,C00952,P011,1,487.27,344.29,0.0,487.27,344.29,142.98,Online
O001487,2025-01-04,C00263,P016,2,802.2,467.64,160.44,1443.96,935.28,508.68,Online
O001488,2025-12-15,C00481,P001,1,12212.51,9280.33,0.0,12212.51,9280.33,2932.18,Store
O001489,2025-07-29,C00838,P002,1,5103.35,3862.76,0.0,5103.35,3862.76,1240.59,Store
O001490,2025-06-10,C00843,P013,2,889.0,519.78,0.0,1778.0,1039.56,738.44,Online
O001491,2025-01-16,C00112,P009,1,1843.37,1277.0,0.0,1843.37,1277.0,566.37,Online
O001492,2025-04-18,C00094,P010,1,1487.5,884.68,0.0,1487.5,884.68,602.82,Store
O001493,2025-11-07,C01098,P007,2,692.39,399.57,0.0,1384.78,799.14,585.64,Marketplace
O001494,2025-08-15,C00676,P005,1,3123.65,2355.15,0.0,3123.65,2355.15,768.5,Store
O001495,2025-06-19,C00777,P003,2,1674.13,1006.35,0.0,3348.26,2012.7,1335.56,Online
O001496,2025-02-03,C01133,P003,1,1674.13,1006.35,0.0,1674.13,1006.35,667.78,Online
O001497,2025-09-08,C00407,P006,2,3653.72,2501.63,0.0,7307.44,5003.26,2304.18,Store
O001498,2025-09-04,C00595,P006,3,3653.72,2501.63,0.0,10961.16,7504.89,3456.27,Online
O001499,2025-09-26,C00510,P001,1,12212.51,9280.33,0.0,12212.51,9280.33,2932.18,Marketplace
O001500,2025-05-21,C00210,P013,2,889.0,519.78,0.0,1778.0,1039.56,738.44,Online
O001501,2025-10-01,C00050,P008,1,952.71,663.0,47.64,905.07,663.0,242.07,Online
O001502,2025-04-06,C00254,P013,1,889.0,519.78,0.0,889.0,519.78,369.22,Store
O001503,2025-08-15,C00553,P003,1,1674.13,1006.35,0.0,1674.13,1006.35,667.78,Store
O001504,2025-02-08,C00851,P001,1,12212.51,9280.33,1221.25,10991.26,9280.33,1710.93,Online
O001505,2025-10-29,C00311,P004,2,825.3,619.33,165.06,1485.54,1238.66,246.88,Online
O001506,2025-01-29,C00640,P011,1,487.27,344.29,24.36,462.91,344.29,118.62,Online
O001507,2025-11-14,C00940,P007,1,692.39,399.57,103.86,588.53,399.57,188.96,Online
O001508,2025-09-02,C00772,P010,1,1487.5,884.68,0.0,1487.5,884.68,602.82,Online
O001509,2025-08-24,C00571,P016,1,802.2,467.64,40.11,762.09,467.64,294.45,Online
O001510,2025-07-04,C00784,P001,4,12212.51,9280.33,2442.5,46407.54,37121.32,9286.22,Marketplace
O001511,2025-09-29,C01120,P004,1,825.3,619.33,41.26,784.04,619.33,164.71,Online
O001512,2025-08-24,C00476,P015,1,1375.39,1038.91,68.77,1306.62,1038.91,267.71,Online
O001513,2025-08-27,C00681,P005,2,3123.65,2355.15,1249.46,4997.84,4710.3,287.54,Online
O001514,2025-09-23,C00347,P007,2,692.39,399.57,0.0,1384.78,799.14,585.64,Online
O001515,2025-12-25,C00290,P013,1,889.0,519.78,0.0,889.0,519.78,369.22,Store
O001516,2025-12-06,C01161,P008,1,952.71,663.0,0.0,952.71,663.0,289.71,Online
O001517,2025-03-06,C00692,P005,1,3123.65,2355.15,156.18,2967.47,2355.15,612.32,Online
O001518,2025-06-26,C00012,P009,2,1843.37,1277.0,368.67,3318.07,2554.0,764.07,Store
O001519,2025-01-03,C01118,P016,1,802.2,467.64,40.11,762.09,467.64,294.45,Online
O001520,2025-05-22,C00990,P003,3,1674.13,1006.35,0.0,5022.39,3019.05,2003.34,Online
O001521,2025-06-07,C00261,P001,1,12212.51,9280.33,610.63,11601.88,9280.33,2321.55,Online
O001522,2025-11-20,C00897,P004,1,825.3,619.33,0.0,825.3,619.33,205.97,Online
O001523,2025-05-26,C01075,P016,1,802.2,467.64,80.22,721.98,467.64,254.34,Online
O001524,2025-10-20,C00019,P010,1,1487.5,884.68,297.5,1190.0,884.68,305.32,Store
O001525,2025-06-02,C00556,P011,1,487.27,344.29,0.0,487.27,344.29,142.98,Store
O001526,2025-07-12,C00290,P010,1,1487.5,884.68,0.0,1487.5,884.68,602.82,Online
O001527,2025-03-14,C00761,P009,1,1843.37,1277.0,0.0,1843.37,1277.0,566.37,Online
O001528,2025-11-01,C00278,P006,1,3653.72,2501.63,365.37,3288.35,2501.63,786.72,Online
O001529,2025-12-10,C00853,P006,1,3653.72,2501.63,0.0,3653.72,2501.63,1152.09,Marketplace
O001530,2025-05-20,C00639,P007,1,692.39,399.57,0.0,692.39,399.57,292.82,Online
O001531,2025-07-06,C00194,P002,1,5103.35,3862.76,255.17,4848.18,3862.76,985.42,Online
O001532,2025-10-20,C01146,P008,1,952.71,663.0,0.0,952.71,663.0,289.71,Online
O001533,2025-03-02,C00583,P014,1,746.01,469.1,0.0,746.01,469.1,276.91,Online
O001534,2025-07-17,C00826,P009,1,1843.37,1277.0,92.17,1751.2,1277.0,474.2,Online
O001535,2025-10-22,C00313,P004,2,825.3,619.33,0.0,1650.6,1238.66,411.94,Online
O001536,2025-11-15,C00210,P005,2,3123.65,2355.15,312.36,5934.94,4710.3,1224.64,Store
O001537,2025-10-29,C00677,P009,3,1843.37,1277.0,276.51,5253.6,3831.0,1422.6,Online
O001538,2025-12-10,C00970,P007,1,692.39,399.57,69.24,623.15,399.57,223.58,Marketplace
O001539,2025-01-11,C00188,P005,1,3123.65,2355.15,0.0,3123.65,2355.15,768.5,Online
O001540,2025-03-03,C00160,P002,1,5103.35,3862.76,510.34,4593.01,3862.76,730.25,Online
O001541,2025-11-29,C00967,P011,1,487.27,344.29,48.73,438.54,344.29,94.25,Online
O001542,2025-08-14,C00806,P013,2,889.0,519.78,88.9,1689.1,1039.56,649.54,Online
O001543,2025-06-02,C01070,P011,1,487.27,344.29,48.73,438.54,344.29,94.25,Store
O001544,2025-07-18,C00341,P009,2,1843.37,1277.0,368.67,3318.07,2554.0,764.07,Online
O001545,2025-02-21,C01004,P009,2,1843.37,1277.0,184.34,3502.4,2554.0,948.4,Online
O001546,2025-09-17,C00714,P006,1,3653.72,2501.63,0.0,3653.72,2501.63,1152.09,Online
O001547,2025-02-28,C00709,P014,1,746.01,469.1,37.3,708.71,469.1,239.61,Marketplace
O001548,2025-03-13,C00392,P013,1,889.0,519.78,133.35,755.65,519.78,235.87,Marketplace
O001549,2025-05-28,C00402,P015,1,1375.39,1038.91,0.0,1375.39,1038.91,336.48,Online
O001550,2025-12-15,C00673,P004,3,825.3,619.33,371.38,2104.52,1857.99,246.53,Online
O001551,2025-03-04,C00027,P009,1,1843.37,1277.0,0.0,1843.37,1277.0,566.37,Online
O001552,2025-11-06,C00090,P009,1,1843.37,1277.0,0.0,1843.37,1277.0,566.37,Online
O001553,2025-08-31,C00063,P016,4,802.2,467.64,160.44,3048.36,1870.56,1177.8,Online
O001554,2025-11-26,C00970,P004,1,825.3,619.33,0.0,825.3,619.33,205.97,Store
O001555,2025-04-17,C00314,P006,2,3653.72,2501.63,0.0,7307.44,5003.26,2304.18,Online
O001556,2025-08-14,C00245,P002,1,5103.35,3862.76,255.17,4848.18,3862.76,985.42,Online
O001557,2025-11-09,C01115,P009,4,1843.37,1277.0,0.0,7373.48,5108.0,2265.48,Online
O001558,2025-08-06,C00035,P011,2,487.27,344.29,97.45,877.09,688.58,188.51,Online
O001559,2025-08-29,C00347,P012,1,1008.95,650.79,151.34,857.61,650.79,206.82,Online
O001560,2025-09-16,C00126,P003,1,1674.13,1006.35,167.41,1506.72,1006.35,500.37,Online
O001561,2025-09-19,C00547,P003,1,1674.13,1006.35,0.0,1674.13,1006.35,667.78,Online
O001562,2025-01-05,C01036,P014,1,746.01,469.1,37.3,708.71,469.1,239.61,Store
O001563,2025-09-18,C00007,P010,1,1487.5,884.68,0.0,1487.5,884.68,602.82,Online
O001564,2025-02-23,C01164,P003,1,1674.13,1006.35,0.0,1674.13,1006.35,667.78,Online
O001565,2025-02-16,C00186,P006,2,3653.72,2501.63,0.0,7307.44,5003.26,2304.18,Online
O001566,2025-08-03,C00042,P006,2,3653.72,2501.63,0.0,7307.44,5003.26,2304.18,Online
O001567,2025-06-26,C00167,P008,1,952.71,663.0,47.64,905.07,663.0,242.07,Marketplace
O001568,2025-01-09,C00392,P005,1,3123.65,2355.15,0.0,3123.65,2355.15,768.5,Online
O001569,2025-04-09,C00572,P005,1,3123.65,2355.15,0.0,3123.65,2355.15,768.5,Store
O001570,2025-01-20,C00559,P007,1,692.39,399.57,0.0,692.39,399.57,292.82,Store
O001571,2025-08-29,C00542,P003,1,1674.13,1006.35,83.71,1590.42,1006.35,584.07,Online
O001572,2025-03-02,C01072,P015,2,1375.39,1038.91,137.54,2613.24,2077.82,535.42,Online
O001573,2025-06-27,C01199,P013,1,889.0,519.78,44.45,844.55,519.78,324.77,Marketplace
O001574,2025-12-04,C00889,P012,1,1008.95,650.79,50.45,958.5,650.79,307.71,Online
O001575,2025-03-03,C00701,P009,1,1843.37,1277.0,184.34,1659.03,1277.0,382.03,Online
O001576,2025-05-25,C00958,P009,1,1843.37,1277.0,0.0,1843.37,1277.0,566.37,Store
O001577,2025-08-04,C00382,P016,1,802.2,467.64,40.11,762.09,467.64,294.45,Online
O001578,2025-01-03,C00774,P002,1,5103.35,3862.76,0.0,5103.35,3862.76,1240.59,Online
O001579,2025-06-09,C00017,P006,1,3653.72,2501.63,0.0,3653.72,2501.63,1152.09,Online
O001580,2025-08-15,C00206,P006,3,3653.72,2501.63,0.0,10961.16,7504.89,3456.27,Online
O001581,2025-09-26,C00382,P001,1,12212.51,9280.33,610.63,11601.88,9280.33,2321.55,Online
O001582,2025-04-30,C00891,P013,1,889.0,519.78,0.0,889.0,519.78,369.22,Store
O001583,2025-03-30,C00692,P016,1,802.2,467.64,0.0,802.2,467.64,334.56,Marketplace
O001584,2025-11-25,C00480,P004,1,825.3,619.33,82.53,742.77,619.33,123.44,Marketplace
O001585,2025-03-09,C00821,P001,1,12212.51,9280.33,0.0,12212.51,9280.33,2932.18,Online
O001586,2025-12-23,C01074,P007,3,692.39,399.57,103.86,1973.31,1198.71,774.6,Online
O001587,2025-04-08,C00683,P002,3,5103.35,3862.76,0.0,15310.05,11588.28,3721.77,Store
O001588,2025-09-24,C00709,P015,1,1375.39,1038.91,0.0,1375.39,1038.91,336.48,Store
O001589,2025-04-15,C00411,P006,1,3653.72,2501.63,0.0,3653.72,2501.63,1152.09,Online
O001590,2025-11-19,C00417,P014,1,746.01,469.1,0.0,746.01,469.1,276.91,Store
O001591,2025-05-03,C00767,P001,1,12212.51,9280.33,0.0,12212.51,9280.33,2932.18,Online
O001592,2025-01-29,C00808,P007,3,692.39,399.57,103.86,1973.31,1198.71,774.6,Store
O001593,2025-05-17,C00498,P004,1,825.3,619.33,0.0,825.3,619.33,205.97,Marketplace
O001594,2025-07-14,C00819,P011,2,487.27,344.29,97.45,877.09,688.58,188.51,Store
O001595,2025-08-14,C00870,P013,1,889.0,519.78,0.0,889.0,519.78,369.22,Store
O001596,2025-11-28,C00056,P008,2,952.71,663.0,0.0,1905.42,1326.0,579.42,Online
O001597,2025-06-19,C00742,P011,1,487.27,344.29,0.0,487.27,344.29,142.98,Online
O001598,2025-01-09,C00816,P003,1,1674.13,1006.35,0.0,1674.13,1006.35,667.78,Online
O001599,2025-02-09,C00433,P010,1,1487.5,884.68,0.0,1487.5,884.68,602.82,Store
O001600,2025-01-25,C00872,P005,1,3123.65,2355.15,0.0,3123.65,2355.15,768.5,Store
O001601,2025-09-18,C00072,P009,3,1843.37,1277.0,0.0,5530.11,3831.0,1699.11,Online
O001602,2025-08-14,C01060,P004,1,825.3,619.33,0.0,825.3,619.33,205.97,Store
O001603,2025-05-04,C00208,P013,2,889.0,519.78,0.0,1778.0,1039.56,738.44,Online
O001604,2025-02-07,C01177,P013,2,889.0,519.78,0.0,1778.0,1039.56,738.44,Store
O001605,2025-11-24,C00823,P014,2,746.01,469.1,0.0,1492.02,938.2,553.82,Online
O001606,2025-09-08,C00238,P015,1,1375.39,1038.91,137.54,1237.85,1038.91,198.94,Store
O001607,2025-06-25,C01096,P012,1,1008.95,650.79,0.0,1008.95,650.79,358.16,Online
O001608,2025-03-31,C00786,P003,1,1674.13,1006.35,0.0,1674.13,1006.35,667.78,Marketplace
O001609,2025-02-06,C00529,P007,1,692.39,399.57,34.62,657.77,399.57,258.2,Store
O001610,2025-11-12,C00891,P002,1,5103.35,3862.76,0.0,5103.35,3862.76,1240.59,Store
O001611,2025-06-25,C00943,P012,1,1008.95,650.79,50.45,958.5,650.79,307.71,Online
O001612,2025-10-11,C00872,P011,1,487.27,344.29,48.73,438.54,344.29,94.25,Online
O001613,2025-03-22,C00548,P006,1,3653.72,2501.63,0.0,3653.72,2501.63,1152.09,Online
O001614,2025-04-24,C00610,P002,1,5103.35,3862.76,0.0,5103.35,3862.76,1240.59,Online
O001615,2025-02-09,C00812,P008,1,952.71,663.0,0.0,952.71,663.0,289.71,Online
O001616,2025-10-28,C00297,P016,1,802.2,467.64,0.0,802.2,467.64,334.56,Marketplace
O001617,2025-08-12,C00500,P015,1,1375.39,1038.91,0.0,1375.39,1038.91,336.48,Online
O001618,2025-11-14,C00208,P013,1,889.0,519.78,44.45,844.55,519.78,324.77,Online
O001619,2025-12-15,C00619,P014,1,746.01,469.1,0.0,746.01,469.1,276.91,Store
O001620,2025-04-25,C00163,P014,3,746.01,469.1,223.8,2014.23,1407.3,606.93,Online
O001621,2025-07-05,C00621,P008,2,952.71,663.0,0.0,1905.42,1326.0,579.42,Online
O001622,2025-11-19,C00441,P014,1,746.01,469.1,37.3,708.71,469.1,239.61,Online
O001623,2025-02-25,C01028,P002,1,5103.35,3862.76,765.5,4337.85,3862.76,475.09,Store
O001624,2025-02-09,C00559,P001,1,12212.51,9280.33,0.0,12212.51,9280.33,2932.18,Online
O001625,2025-12-20,C00266,P009,1,1843.37,1277.0,92.17,1751.2,1277.0,474.2,Marketplace
O001626,2025-02-09,C00652,P004,1,825.3,619.33,0.0,825.3,619.33,205.97,Online
O001627,2025-12-13,C00131,P010,2,1487.5,884.68,148.75,2826.25,1769.36,1056.89,Online
O001628,2025-08-25,C00862,P011,1,487.27,344.29,0.0,487.27,344.29,142.98,Online
O001629,2025-10-16,C00703,P011,1,487.27,344.29,48.73,438.54,344.29,94.25,Online
O001630,2025-09-19,C01022,P007,1,692.39,399.57,0.0,692.39,399.57,292.82,Online
O001631,2025-08-04,C00826,P002,1,5103.35,3862.76,255.17,4848.18,3862.76,985.42,Online
O001632,2025-05-27,C00997,P012,1,1008.95,650.79,50.45,958.5,650.79,307.71,Online
O001633,2025-12-02,C00623,P010,2,1487.5,884.68,0.0,2975.0,1769.36,1205.64,Online
O001634,2025-06-17,C00320,P006,1,3653.72,2501.63,182.69,3471.03,2501.63,969.4,Online
O001635,2025-04-02,C00048,P010,1,1487.5,884.68,0.0,1487.5,884.68,602.82,Online
O001636,2025-12-19,C01101,P005,1,3123.65,2355.15,468.55,2655.1,2355.15,299.95,Online
O001637,2025-02-28,C00811,P007,1,692.39,399.57,0.0,692.39,399.57,292.82,Online
O001638,2025-02-28,C00326,P013,1,889.0,519.78,0.0,889.0,519.78,369.22,Online
O001639,2025-10-31,C00572,P011,2,487.27,344.29,48.73,925.81,688.58,237.23,Store
O001640,2025-06-18,C00651,P013,1,889.0,519.78,0.0,889.0,519.78,369.22,Store
O001641,2025-09-26,C00587,P015,1,1375.39,1038.91,137.54,1237.85,1038.91,198.94,Online
O001642,2025-12-29,C00007,P011,2,487.27,344.29,48.73,925.81,688.58,237.23,Store
O001643,2025-02-14,C00202,P013,1,889.0,519.78,0.0,889.0,519.78,369.22,Online
O001644,2025-12-11,C00387,P001,1,12212.51,9280.33,0.0,12212.51,9280.33,2932.18,Online
O001645,2025-06-30,C00165,P014,3,746.01,469.1,0.0,2238.03,1407.3,830.73,Online
O001646,2025-06-19,C01166,P016,2,802.2,467.64,240.66,1363.74,935.28,428.46,Online
O001647,2025-12-22,C00798,P007,2,692.39,399.57,0.0,1384.78,799.14,585.64,Online
O001648,2025-07-10,C00491,P006,1,3653.72,2501.63,182.69,3471.03,2501.63,969.4,Online
O001649,2025-06-04,C00272,P010,1,1487.5,884.68,0.0,1487.5,884.68,602.82,Online
O001650,2025-07-07,C00941,P008,2,952.71,663.0,0.0,1905.42,1326.0,579.42,Online
O001651,2025-01-07,C00363,P015,1,1375.39,1038.91,0.0,1375.39,1038.91,336.48,Online
O001652,2025-05-13,C00679,P006,1,3653.72,2501.63,182.69,3471.03,2501.63,969.4,Online
O001653,2025-08-23,C00067,P014,2,746.01,469.1,298.4,1193.62,938.2,255.42,Store
O001654,2025-02-14,C00145,P014,3,746.01,469.1,223.8,2014.23,1407.3,606.93,Online
O001655,2025-11-10,C01094,P001,1,12212.51,9280.33,1221.25,10991.26,9280.33,1710.93,Online
O001656,2025-09-06,C00816,P002,1,5103.35,3862.76,255.17,4848.18,3862.76,985.42,Online
O001657,2025-01-31,C00902,P014,2,746.01,469.1,0.0,1492.02,938.2,553.82,Store
O001658,2025-01-23,C01188,P004,2,825.3,619.33,0.0,1650.6,1238.66,411.94,Store
O001659,2025-06-09,C00291,P008,2,952.71,663.0,0.0,1905.42,1326.0,579.42,Online
O001660,2025-12-29,C00152,P015,2,1375.39,1038.91,0.0,2750.78,2077.82,672.96,Online
O001661,2025-06-07,C00533,P011,1,487.27,344.29,0.0,487.27,344.29,142.98,Store
O001662,2025-02-08,C00529,P009,1,1843.37,1277.0,184.34,1659.03,1277.0,382.03,Online
O001663,2025-03-23,C00591,P001,1,12212.51,9280.33,0.0,12212.51,9280.33,2932.18,Online
O001664,2025-12-22,C00597,P010,3,1487.5,884.68,0.0,4462.5,2654.04,1808.46,Online
O001665,2025-09-15,C00974,P015,1,1375.39,1038.91,0.0,1375.39,1038.91,336.48,Store
O001666,2025-07-25,C00264,P005,1,3123.65,2355.15,312.36,2811.29,2355.15,456.14,Online
O001667,2025-03-18,C00467,P001,2,12212.51,9280.33,1221.25,23203.77,18560.66,4643.11,Online
O001668,2025-01-12,C00025,P009,1,1843.37,1277.0,0.0,1843.37,1277.0,566.37,Store
O001669,2025-10-22,C01059,P013,1,889.0,519.78,133.35,755.65,519.78,235.87,Marketplace
O001670,2025-08-12,C00320,P011,1,487.27,344.29,0.0,487.27,344.29,142.98,Marketplace
O001671,2025-01-13,C00347,P016,1,802.2,467.64,80.22,721.98,467.64,254.34,Online
O001672,2025-02-15,C00133,P011,1,487.27,344.29,0.0,487.27,344.29,142.98,Online
O001673,2025-06-04,C00245,P007,1,692.39,399.57,0.0,692.39,399.57,292.82,Marketplace
O001674,2025-04-23,C00025,P008,2,952.71,663.0,0.0,1905.42,1326.0,579.42,Online
O001675,2025-08-21,C00203,P011,1,487.27,344.29,0.0,487.27,344.29,142.98,Marketplace
O001676,2025-01-17,C01102,P003,3,1674.13,1006.35,0.0,5022.39,3019.05,2003.34,Online
O001677,2025-12-26,C00508,P008,1,952.71,663.0,47.64,905.07,663.0,242.07,Store
O001678,2025-08-11,C00502,P008,2,952.71,663.0,0.0,1905.42,1326.0,579.42,Online
O001679,2025-12-20,C00545,P009,1,1843.37,1277.0,0.0,1843.37,1277.0,566.37,Store
O001680,2025-07-07,C00131,P005,1,3123.65,2355.15,0.0,3123.65,2355.15,768.5,Online
O001681,2025-12-10,C01200,P016,1,802.2,467.64,0.0,802.2,467.64,334.56,Store
O001682,2025-12-31,C00654,P003,1,1674.13,1006.35,0.0,1674.13,1006.35,667.78,Online
O001683,2025-06-12,C00405,P004,1,825.3,619.33,0.0,825.3,619.33,205.97,Online
O001684,2025-11-22,C01166,P001,1,12212.51,9280.33,1221.25,10991.26,9280.33,1710.93,Online
O001685,2025-03-15,C00907,P007,1,692.39,399.57,34.62,657.77,399.57,258.2,Store
O001686,2025-08-21,C00002,P009,2,1843.37,1277.0,184.34,3502.4,2554.0,948.4,Online
O001687,2025-08-12,C00362,P011,1,487.27,344.29,0.0,487.27,344.29,142.98,Marketplace
O001688,2025-11-15,C00614,P009,2,1843.37,1277.0,0.0,3686.74,2554.0,1132.74,Online
O001689,2025-03-01,C01150,P010,1,1487.5,884.68,0.0,1487.5,884.68,602.82,Store
O001690,2025-12-01,C00374,P016,1,802.2,467.64,80.22,721.98,467.64,254.34,Online
O001691,2025-08-10,C01016,P006,1,3653.72,2501.63,365.37,3288.35,2501.63,786.72,Store
O001692,2025-02-06,C00194,P015,1,1375.39,1038.91,68.77,1306.62,1038.91,267.71,Store
O001693,2025-10-05,C00397,P004,2,825.3,619.33,0.0,1650.6,1238.66,411.94,Online
O001694,2025-07-15,C00656,P016,1,802.2,467.64,0.0,802.2,467.64,334.56,Online
O001695,2025-12-18,C01170,P005,1,3123.65,2355.15,0.0,3123.65,2355.15,768.5,Online
O001696,2025-08-30,C00352,P006,1,3653.72,2501.63,0.0,3653.72,2501.63,1152.09,Marketplace
O001697,2025-11-20,C00971,P014,2,746.01,469.1,0.0,1492.02,938.2,553.82,Marketplace
O001698,2025-08-07,C00967,P010,1,1487.5,884.68,0.0,1487.5,884.68,602.82,Store
O001699,2025-07-11,C00646,P015,1,1375.39,1038.91,68.77,1306.62,1038.91,267.71,Store
O001700,2025-01-17,C00012,P013,1,889.0,519.78,0.0,889.0,519.78,369.22,Online
O001701,2025-01-12,C00287,P015,2,1375.39,1038.91,0.0,2750.78,2077.82,672.96,Store
O001702,2025-07-12,C00428,P009,1,1843.37,1277.0,0.0,1843.37,1277.0,566.37,Online
O001703,2025-01-22,C00784,P011,1,487.27,344.29,24.36,462.91,344.29,118.62,Store
O001704,2025-04-30,C01031,P015,2,1375.39,1038.91,0.0,2750.78,2077.82,672.96,Online
O001705,2025-07-29,C00667,P016,3,802.2,467.64,120.33,2286.27,1402.92,883.35,Marketplace
O001706,2025-11-02,C00095,P013,2,889.0,519.78,266.7,1511.3,1039.56,471.74,Online
O001707,2025-09-27,C00574,P013,1,889.0,519.78,0.0,889.0,519.78,369.22,Online
O001708,2025-07-11,C01102,P012,1,1008.95,650.79,0.0,1008.95,650.79,358.16,Online
O001709,2025-06-24,C00152,P011,3,487.27,344.29,73.09,1388.72,1032.87,355.85,Store
O001710,2025-10-12,C00309,P010,1,1487.5,884.68,74.38,1413.12,884.68,528.44,Online
O001711,2025-07-23,C00672,P009,1,1843.37,1277.0,184.34,1659.03,1277.0,382.03,Store
O001712,2025-06-13,C00288,P003,2,1674.13,1006.35,167.41,3180.85,2012.7,1168.15,Store
O001713,2025-09-08,C00740,P015,2,1375.39,1038.91,0.0,2750.78,2077.82,672.96,Online
O001714,2025-08-15,C00467,P015,1,1375.39,1038.91,0.0,1375.39,1038.91,336.48,Marketplace
O001715,2025-01-07,C00531,P009,1,1843.37,1277.0,276.51,1566.86,1277.0,289.86,Online
O001716,2025-01-29,C00842,P014,1,746.01,469.1,0.0,746.01,469.1,276.91,Online
O001717,2025-02-02,C01083,P002,3,5103.35,3862.76,0.0,15310.05,11588.28,3721.77,Online
O001718,2025-05-14,C00896,P002,3,5103.35,3862.76,1531.0,13779.05,11588.28,2190.77,Online
O001719,2025-03-20,C01104,P016,1,802.2,467.64,0.0,802.2,467.64,334.56,Online
O001720,2025-02-27,C00155,P003,3,1674.13,1006.35,502.24,4520.15,3019.05,1501.1,Online
O001721,2025-01-26,C01052,P003,1,1674.13,1006.35,0.0,1674.13,1006.35,667.78,Store
O001722,2025-08-14,C00391,P003,2,1674.13,1006.35,0.0,3348.26,2012.7,1335.56,Online
O001723,2025-10-12,C00925,P005,1,3123.65,2355.15,0.0,3123.65,2355.15,768.5,Online
O001724,2025-01-04,C00696,P015,1,1375.39,1038.91,68.77,1306.62,1038.91,267.71,Store
O001725,2025-04-09,C00886,P001,1,12212.51,9280.33,0.0,12212.51,9280.33,2932.18,Online
O001726,2025-02-08,C00799,P001,1,12212.51,9280.33,0.0,12212.51,9280.33,2932.18,Online
O001727,2025-09-28,C00457,P011,1,487.27,344.29,24.36,462.91,344.29,118.62,Online
O001728,2025-10-12,C01177,P012,2,1008.95,650.79,100.9,1917.0,1301.58,615.42,Online
O001729,2025-06-06,C00387,P005,1,3123.65,2355.15,0.0,3123.65,2355.15,768.5,Online
O001730,2025-03-16,C00081,P005,1,3123.65,2355.15,468.55,2655.1,2355.15,299.95,Online
O001731,2025-10-15,C00646,P008,1,952.71,663.0,0.0,952.71,663.0,289.71,Online
O001732,2025-05-10,C00556,P008,3,952.71,663.0,0.0,2858.13,1989.0,869.13,Online
O001733,2025-06-24,C00282,P015,1,1375.39,1038.91,206.31,1169.08,1038.91,130.17,Online
O001734,2025-03-25,C00428,P013,1,889.0,519.78,0.0,889.0,519.78,369.22,Online
O001735,2025-01-22,C00780,P004,1,825.3,619.33,0.0,825.3,619.33,205.97,Marketplace
O001736,2025-01-27,C01058,P004,1,825.3,619.33,0.0,825.3,619.33,205.97,Marketplace
O001737,2025-07-14,C00734,P011,1,487.27,344.29,0.0,487.27,344.29,142.98,Online
O001738,2025-12-03,C01039,P012,1,1008.95,650.79,0.0,1008.95,650.79,358.16,Marketplace
O001739,2025-08-24,C00034,P001,1,12212.51,9280.33,0.0,12212.51,9280.33,2932.18,Marketplace
O001740,2025-04-02,C00205,P012,1,1008.95,650.79,0.0,1008.95,650.79,358.16,Online
O001741,2025-01-21,C00616,P008,4,952.71,663.0,0.0,3810.84,2652.0,1158.84,Online
O001742,2025-10-30,C00799,P016,1,802.2,467.64,120.33,681.87,467.64,214.23,Store
O001743,2025-12-23,C00663,P002,1,5103.35,3862.76,0.0,5103.35,3862.76,1240.59,Online
O001744,2025-03-25,C00263,P005,1,3123.65,2355.15,0.0,3123.65,2355.15,768.5,Online
O001745,2025-09-19,C00430,P010,1,1487.5,884.68,0.0,1487.5,884.68,602.82,Online
O001746,2025-05-27,C00354,P006,3,3653.72,2501.63,1644.17,9316.99,7504.89,1812.1,Store
O001747,2025-09-14,C00372,P012,2,1008.95,650.79,0.0,2017.9,1301.58,716.32,Online
O001748,2025-02-27,C01019,P007,1,692.39,399.57,34.62,657.77,399.57,258.2,Marketplace
O001749,2025-01-15,C00544,P011,1,487.27,344.29,0.0,487.27,344.29,142.98,Online
O001750,2025-06-11,C00964,P002,2,5103.35,3862.76,0.0,10206.7,7725.52,2481.18,Online
O001751,2025-06-12,C01105,P013,2,889.0,519.78,88.9,1689.1,1039.56,649.54,Online
O001752,2025-11-16,C00206,P001,1,12212.51,9280.33,0.0,12212.51,9280.33,2932.18,Online
O001753,2025-10-08,C00136,P004,3,825.3,619.33,0.0,2475.9,1857.99,617.91,Online
O001754,2025-10-07,C01100,P015,1,1375.39,1038.91,68.77,1306.62,1038.91,267.71,Online
O001755,2025-01-12,C00638,P016,1,802.2,467.64,120.33,681.87,467.64,214.23,Online
O001756,2025-10-01,C01106,P012,3,1008.95,650.79,151.34,2875.51,1952.37,923.14,Online
O001757,2025-09-28,C01010,P007,1,692.39,399.57,0.0,692.39,399.57,292.82,Store
O001758,2025-07-27,C00293,P008,1,952.71,663.0,47.64,905.07,663.0,242.07,Store
O001759,2025-01-27,C00579,P004,1,825.3,619.33,0.0,825.3,619.33,205.97,Store
O001760,2025-03-13,C00617,P011,2,487.27,344.29,0.0,974.54,688.58,285.96,Online
O001761,2025-03-01,C01059,P009,2,1843.37,1277.0,0.0,3686.74,2554.0,1132.74,Online
O001762,2025-05-25,C00298,P002,2,5103.35,3862.76,1020.67,9186.03,7725.52,1460.51,Online
O001763,2025-04-03,C00406,P006,1,3653.72,2501.63,182.69,3471.03,2501.63,969.4,Store
O001764,2025-11-05,C00488,P006,1,3653.72,2501.63,0.0,3653.72,2501.63,1152.09,Online
O001765,2025-01-08,C00705,P007,1,692.39,399.57,69.24,623.15,399.57,223.58,Online
O001766,2025-03-20,C00926,P007,1,692.39,399.57,0.0,692.39,399.57,292.82,Online
O001767,2025-01-27,C00573,P011,1,487.27,344.29,48.73,438.54,344.29,94.25,Online
O001768,2025-06-23,C00999,P015,1,1375.39,1038.91,68.77,1306.62,1038.91,267.71,Online
O001769,2025-02-19,C01064,P009,1,1843.37,1277.0,0.0,1843.37,1277.0,566.37,Online
O001770,2025-07-18,C01113,P005,1,3123.65,2355.15,624.73,2498.92,2355.15,143.77,Store
O001771,2025-12-15,C00247,P010,1,1487.5,884.68,0.0,1487.5,884.68,602.82,Online
O001772,2025-06-30,C01134,P003,3,1674.13,1006.35,1004.48,4017.91,3019.05,998.86,Online
O001773,2025-01-24,C01047,P007,1,692.39,399.57,34.62,657.77,399.57,258.2,Store
O001774,2025-11-12,C00407,P012,1,1008.95,650.79,100.9,908.05,650.79,257.26,Online
O001775,2025-02-15,C01087,P002,2,5103.35,3862.76,0.0,10206.7,7725.52,2481.18,Online
O001776,2025-01-15,C01088,P006,1,3653.72,2501.63,0.0,3653.72,2501.63,1152.09,Online
O001777,2025-06-02,C00464,P005,1,3123.65,2355.15,468.55,2655.1,2355.15,299.95,Online
O001778,2025-08-10,C00415,P009,1,1843.37,1277.0,276.51,1566.86,1277.0,289.86,Online
O001779,2025-07-25,C00799,P014,2,746.01,469.1,0.0,1492.02,938.2,553.82,Online
O001780,2025-09-30,C00615,P001,1,12212.51,9280.33,610.63,11601.88,9280.33,2321.55,Store
O001781,2025-08-24,C00428,P003,1,1674.13,1006.35,0.0,1674.13,1006.35,667.78,Online
O001782,2025-12-06,C00329,P008,1,952.71,663.0,0.0,952.71,663.0,289.71,Online
O001783,2025-08-16,C00397,P008,2,952.71,663.0,0.0,1905.42,1326.0,579.42,Marketplace
O001784,2025-01-09,C00566,P005,2,3123.65,2355.15,0.0,6247.3,4710.3,1537.0,Store
O001785,2025-06-15,C00311,P007,1,692.39,399.57,34.62,657.77,399.57,258.2,Store
O001786,2025-11-15,C00023,P004,1,825.3,619.33,0.0,825.3,619.33,205.97,Store
O001787,2025-08-02,C00965,P008,1,952.71,663.0,0.0,952.71,663.0,289.71,Online
O001788,2025-04-27,C00931,P005,1,3123.65,2355.15,624.73,2498.92,2355.15,143.77,Marketplace
O001789,2025-12-10,C00700,P009,3,1843.37,1277.0,0.0,5530.11,3831.0,1699.11,Store
O001790,2025-03-13,C00524,P004,1,825.3,619.33,0.0,825.3,619.33,205.97,Online
O001791,2025-03-05,C00998,P010,1,1487.5,884.68,0.0,1487.5,884.68,602.82,Marketplace
O001792,2025-07-24,C00743,P008,2,952.71,663.0,95.27,1810.15,1326.0,484.15,Store
O001793,2025-07-28,C00886,P014,1,746.01,469.1,0.0,746.01,469.1,276.91,Store
O001794,2025-03-13,C00565,P009,1,1843.37,1277.0,0.0,1843.37,1277.0,566.37,Store
O001795,2025-10-04,C00515,P012,1,1008.95,650.79,0.0,1008.95,650.79,358.16,Store
O001796,2025-10-01,C00498,P016,1,802.2,467.64,0.0,802.2,467.64,334.56,Online
O001797,2025-11-16,C01000,P013,1,889.0,519.78,88.9,800.1,519.78,280.32,Store
O001798,2025-12-04,C00087,P004,1,825.3,619.33,82.53,742.77,619.33,123.44,Marketplace
O001799,2025-04-05,C01179,P004,1,825.3,619.33,82.53,742.77,619.33,123.44,Online
O001800,2025-06-15,C00864,P013,2,889.0,519.78,0.0,1778.0,1039.56,738.44,Online
O001801,2025-02-01,C00902,P015,1,1375.39,1038.91,0.0,1375.39,1038.91,336.48,Marketplace
O001802,2025-01-11,C00885,P001,1,12212.51,9280.33,0.0,12212.51,9280.33,2932.18,Online
O001803,2025-10-28,C00674,P004,1,825.3,619.33,0.0,825.3,619.33,205.97,Online
O001804,2025-08-05,C00936,P009,1,1843.37,1277.0,92.17,1751.2,1277.0,474.2,Online
O001805,2025-10-16,C00510,P009,1,1843.37,1277.0,0.0,1843.37,1277.0,566.37,Online
O001806,2025-04-12,C00539,P006,1,3653.72,2501.63,365.37,3288.35,2501.63,786.72,Online
O001807,2025-09-24,C00660,P013,2,889.0,519.78,177.8,1600.2,1039.56,560.64,Online
O001808,2025-08-02,C01024,P003,1,1674.13,1006.35,83.71,1590.42,1006.35,584.07,Store
O001809,2025-06-28,C00467,P011,2,487.27,344.29,0.0,974.54,688.58,285.96,Store
O001810,2025-03-29,C00832,P011,1,487.27,344.29,24.36,462.91,344.29,118.62,Store
O001811,2025-02-10,C00415,P009,2,1843.37,1277.0,0.0,3686.74,2554.0,1132.74,Online
O001812,2025-03-17,C00897,P012,2,1008.95,650.79,302.68,1715.22,1301.58,413.64,Online
O001813,2025-02-15,C00229,P007,1,692.39,399.57,103.86,588.53,399.57,188.96,Store
O001814,2025-06-09,C01148,P010,2,1487.5,884.68,0.0,2975.0,1769.36,1205.64,Online
O001815,2025-03-21,C00156,P007,1,692.39,399.57,34.62,657.77,399.57,258.2,Marketplace
O001816,2025-11-06,C00829,P009,1,1843.37,1277.0,0.0,1843.37,1277.0,566.37,Online
O001817,2025-03-27,C00273,P013,1,889.0,519.78,133.35,755.65,519.78,235.87,Store
O001818,2025-04-02,C00602,P003,1,1674.13,1006.35,0.0,1674.13,1006.35,667.78,Store
O001819,2025-05-28,C00504,P005,1,3123.65,2355.15,0.0,3123.65,2355.15,768.5,Online
O001820,2025-06-10,C00449,P008,2,952.71,663.0,0.0,1905.42,1326.0,579.42,Store
O001821,2025-07-21,C00298,P001,1,12212.51,9280.33,1831.88,10380.63,9280.33,1100.3,Store
O001822,2025-08-30,C00990,P015,1,1375.39,1038.91,68.77,1306.62,1038.91,267.71,Online
O001823,2025-12-19,C00845,P006,2,3653.72,2501.63,365.37,6942.07,5003.26,1938.81,Online
O001824,2025-01-02,C00793,P009,2,1843.37,1277.0,737.35,2949.39,2554.0,395.39,Store
O001825,2025-08-13,C00540,P014,1,746.01,469.1,111.9,634.11,469.1,165.01,Marketplace
O001826,2025-10-16,C00656,P012,1,1008.95,650.79,50.45,958.5,650.79,307.71,Online
O001827,2025-08-21,C00506,P005,1,3123.65,2355.15,468.55,2655.1,2355.15,299.95,Marketplace
O001828,2025-03-18,C00975,P011,1,487.27,344.29,48.73,438.54,344.29,94.25,Online
O001829,2025-04-26,C00714,P008,1,952.71,663.0,47.64,905.07,663.0,242.07,Online
O001830,2025-06-03,C00897,P016,1,802.2,467.64,0.0,802.2,467.64,334.56,Marketplace
O001831,2025-04-13,C00046,P015,1,1375.39,1038.91,0.0,1375.39,1038.91,336.48,Online
O001832,2025-07-13,C00303,P003,2,1674.13,1006.35,0.0,3348.26,2012.7,1335.56,Store
O001833,2025-06-15,C01167,P009,3,1843.37,1277.0,276.51,5253.6,3831.0,1422.6,Store
O001834,2025-12-25,C01006,P014,2,746.01,469.1,223.8,1268.22,938.2,330.02,Marketplace
O001835,2025-03-31,C00441,P015,1,1375.39,1038.91,68.77,1306.62,1038.91,267.71,Online
O001836,2025-06-23,C00477,P014,1,746.01,469.1,0.0,746.01,469.1,276.91,Store
O001837,2025-05-02,C00645,P001,3,12212.51,9280.33,0.0,36637.53,27840.99,8796.54,Store
O001838,2025-05-23,C00246,P003,1,1674.13,1006.35,0.0,1674.13,1006.35,667.78,Store
O001839,2025-04-16,C00399,P008,3,952.71,663.0,285.81,2572.32,1989.0,583.32,Marketplace
O001840,2025-11-01,C00372,P001,1,12212.51,9280.33,0.0,12212.51,9280.33,2932.18,Online
O001841,2025-12-26,C00183,P004,3,825.3,619.33,123.79,2352.11,1857.99,494.12,Marketplace
O001842,2025-11-13,C00794,P014,1,746.01,469.1,0.0,746.01,469.1,276.91,Store
O001843,2025-05-03,C00375,P004,1,825.3,619.33,0.0,825.3,619.33,205.97,Online
O001844,2025-01-09,C00517,P016,1,802.2,467.64,0.0,802.2,467.64,334.56,Online
O001845,2025-09-19,C00720,P003,1,1674.13,1006.35,167.41,1506.72,1006.35,500.37,Online
O001846,2025-03-14,C00042,P002,4,5103.35,3862.76,0.0,20413.4,15451.04,4962.36,Online
O001847,2025-12-25,C00346,P001,3,12212.51,9280.33,0.0,36637.53,27840.99,8796.54,Online
O001848,2025-08-11,C00788,P010,1,1487.5,884.68,223.12,1264.38,884.68,379.7,Online
O001849,2025-02-10,C00143,P006,1,3653.72,2501.63,182.69,3471.03,2501.63,969.4,Online
O001850,2025-07-23,C00448,P012,1,1008.95,650.79,50.45,958.5,650.79,307.71,Online
O001851,2025-09-21,C00767,P006,2,3653.72,2501.63,365.37,6942.07,5003.26,1938.81,Store
O001852,2025-11-24,C00364,P005,2,3123.65,2355.15,0.0,6247.3,4710.3,1537.0,Online
O001853,2025-06-27,C01101,P004,2,825.3,619.33,0.0,1650.6,1238.66,411.94,Online
O001854,2025-12-14,C00715,P006,1,3653.72,2501.63,0.0,3653.72,2501.63,1152.09,Online
O001855,2025-11-14,C00396,P005,4,3123.65,2355.15,1874.19,10620.41,9420.6,1199.81,Marketplace
O001856,2025-03-25,C01123,P013,2,889.0,519.78,266.7,1511.3,1039.56,471.74,Store
O001857,2025-11-14,C00135,P011,1,487.27,344.29,0.0,487.27,344.29,142.98,Marketplace
O001858,2025-04-21,C01006,P007,2,692.39,399.57,0.0,1384.78,799.14,585.64,Online
O001859,2025-09-08,C00984,P004,2,825.3,619.33,0.0,1650.6,1238.66,411.94,Store
O001860,2025-01-07,C01080,P013,2,889.0,519.78,88.9,1689.1,1039.56,649.54,Online
O001861,2025-03-25,C00278,P015,2,1375.39,1038.91,0.0,2750.78,2077.82,672.96,Online
O001862,2025-07-27,C00828,P014,1,746.01,469.1,0.0,746.01,469.1,276.91,Online
O001863,2025-11-10,C00659,P016,1,802.2,467.64,0.0,802.2,467.64,334.56,Marketplace
O001864,2025-01-22,C00589,P002,1,5103.35,3862.76,0.0,5103.35,3862.76,1240.59,Marketplace
O001865,2025-01-03,C00629,P006,1,3653.72,2501.63,182.69,3471.03,2501.63,969.4,Online
O001866,2025-05-07,C00097,P010,1,1487.5,884.68,0.0,1487.5,884.68,602.82,Online
O001867,2025-10-24,C00889,P006,1,3653.72,2501.63,182.69,3471.03,2501.63,969.4,Online
O001868,2025-07-07,C00440,P004,1,825.3,619.33,0.0,825.3,619.33,205.97,Online
O001869,2025-12-28,C00656,P003,2,1674.13,1006.35,0.0,3348.26,2012.7,1335.56,Online
O001870,2025-01-14,C00032,P002,3,5103.35,3862.76,0.0,15310.05,11588.28,3721.77,Store
O001871,2025-01-12,C00595,P001,2,12212.51,9280.33,1221.25,23203.77,18560.66,4643.11,Marketplace
O001872,2025-03-28,C00678,P006,4,3653.72,2501.63,1461.49,13153.39,10006.52,3146.87,Online
O001873,2025-01-12,C00824,P002,1,5103.35,3862.76,255.17,4848.18,3862.76,985.42,Online
O001874,2025-01-25,C00529,P014,2,746.01,469.1,74.6,1417.42,938.2,479.22,Marketplace
O001875,2025-10-28,C00635,P007,3,692.39,399.57,103.86,1973.31,1198.71,774.6,Marketplace
O001876,2025-08-31,C00839,P001,1,12212.51,9280.33,0.0,12212.51,9280.33,2932.18,Online
O001877,2025-05-02,C00389,P016,1,802.2,467.64,0.0,802.2,467.64,334.56,Store
O001878,2025-05-27,C00086,P015,1,1375.39,1038.91,68.77,1306.62,1038.91,267.71,Online
O001879,2025-02-24,C00235,P004,1,825.3,619.33,82.53,742.77,619.33,123.44,Online
O001880,2025-08-26,C01100,P011,1,487.27,344.29,24.36,462.91,344.29,118.62,Marketplace
O001881,2025-12-22,C00816,P010,1,1487.5,884.68,0.0,1487.5,884.68,602.82,Online
O001882,2025-06-22,C00223,P004,1,825.3,619.33,82.53,742.77,619.33,123.44,Online
O001883,2025-08-09,C00178,P016,1,802.2,467.64,0.0,802.2,467.64,334.56,Online
O001884,2025-04-29,C00981,P004,1,825.3,619.33,0.0,825.3,619.33,205.97,Online
O001885,2025-11-05,C00172,P003,1,1674.13,1006.35,83.71,1590.42,1006.35,584.07,Online
O001886,2025-07-02,C00293,P015,1,1375.39,1038.91,0.0,1375.39,1038.91,336.48,Marketplace
O001887,2025-10-15,C00388,P007,2,692.39,399.57,0.0,1384.78,799.14,585.64,Online
O001888,2025-11-03,C00313,P011,2,487.27,344.29,0.0,974.54,688.58,285.96,Online
O001889,2025-10-27,C00947,P007,2,692.39,399.57,0.0,1384.78,799.14,585.64,Online
O001890,2025-03-23,C00598,P003,1,1674.13,1006.35,83.71,1590.42,1006.35,584.07,Online
O001891,2025-07-30,C00899,P001,2,12212.51,9280.33,0.0,24425.02,18560.66,5864.36,Online
O001892,2025-05-30,C01083,P010,1,1487.5,884.68,0.0,1487.5,884.68,602.82,Marketplace
O001893,2025-02-06,C00117,P004,2,825.3,619.33,0.0,1650.6,1238.66,411.94,Online
O001894,2025-12-18,C00348,P011,1,487.27,344.29,0.0,487.27,344.29,142.98,Online
O001895,2025-11-08,C00479,P001,1,12212.51,9280.33,610.63,11601.88,9280.33,2321.55,Store
O001896,2025-12-27,C01162,P004,2,825.3,619.33,165.06,1485.54,1238.66,246.88,Online
O001897,2025-02-28,C01118,P003,1,1674.13,1006.35,167.41,1506.72,1006.35,500.37,Online
O001898,2025-05-11,C01171,P013,1,889.0,519.78,44.45,844.55,519.78,324.77,Online
O001899,2025-07-21,C00487,P016,1,802.2,467.64,0.0,802.2,467.64,334.56,Marketplace
O001900,2025-08-31,C00932,P016,3,802.2,467.64,0.0,2406.6,1402.92,1003.68,Online
O001901,2025-02-04,C00738,P008,1,952.71,663.0,47.64,905.07,663.0,242.07,Online
O001902,2025-04-03,C00796,P009,2,1843.37,1277.0,0.0,3686.74,2554.0,1132.74,Online
O001903,2025-07-26,C00615,P005,1,3123.65,2355.15,0.0,3123.65,2355.15,768.5,Store
O001904,2025-12-19,C00465,P013,1,889.0,519.78,44.45,844.55,519.78,324.77,Online
O001905,2025-11-28,C00832,P014,2,746.01,469.1,0.0,1492.02,938.2,553.82,Online
O001906,2025-11-01,C00796,P015,1,1375.39,1038.91,0.0,1375.39,1038.91,336.48,Online
O001907,2025-12-16,C01086,P007,1,692.39,399.57,34.62,657.77,399.57,258.2,Online
O001908,2025-08-01,C00745,P015,1,1375.39,1038.91,137.54,1237.85,1038.91,198.94,Online
O001909,2025-06-08,C00629,P007,1,692.39,399.57,0.0,692.39,399.57,292.82,Online
O001910,2025-01-24,C00927,P010,2,1487.5,884.68,446.25,2528.75,1769.36,759.39,Store
O001911,2025-10-20,C00845,P002,1,5103.35,3862.76,0.0,5103.35,3862.76,1240.59,Store
O001912,2025-01-04,C00788,P014,1,746.01,469.1,0.0,746.01,469.1,276.91,Store
O001913,2025-08-08,C00791,P006,1,3653.72,2501.63,182.69,3471.03,2501.63,969.4,Online
O001914,2025-12-30,C00320,P013,1,889.0,519.78,88.9,800.1,519.78,280.32,Online
O001915,2025-01-20,C00649,P015,1,1375.39,1038.91,68.77,1306.62,1038.91,267.71,Store
O001916,2025-06-01,C00997,P011,1,487.27,344.29,48.73,438.54,344.29,94.25,Online
O001917,2025-02-19,C00073,P004,2,825.3,619.33,0.0,1650.6,1238.66,411.94,Online
O001918,2025-06-26,C00109,P011,2,487.27,344.29,0.0,974.54,688.58,285.96,Marketplace
O001919,2025-04-06,C00416,P005,3,3123.65,2355.15,0.0,9370.95,7065.45,2305.5,Online
O001920,2025-04-15,C00647,P015,1,1375.39,1038.91,68.77,1306.62,1038.91,267.71,Online
O001921,2025-09-07,C00208,P006,2,3653.72,2501.63,0.0,7307.44,5003.26,2304.18,Online
O001922,2025-04-27,C01091,P014,1,746.01,469.1,37.3,708.71,469.1,239.61,Online
O001923,2025-12-20,C00576,P008,3,952.71,663.0,142.91,2715.22,1989.0,726.22,Online
O001924,2025-08-16,C00912,P004,2,825.3,619.33,0.0,1650.6,1238.66,411.94,Online
O001925,2025-03-07,C00777,P016,1,802.2,467.64,0.0,802.2,467.64,334.56,Store
O001926,2025-12-01,C00743,P015,1,1375.39,1038.91,0.0,1375.39,1038.91,336.48,Store
O001927,2025-09-19,C01008,P012,2,1008.95,650.79,403.58,1614.32,1301.58,312.74,Store
O001928,2025-10-22,C00142,P006,1,3653.72,2501.63,0.0,3653.72,2501.63,1152.09,Online
O001929,2025-08-31,C00307,P004,4,825.3,619.33,330.12,2971.08,2477.32,493.76,Store
O001930,2025-07-05,C00657,P010,2,1487.5,884.68,446.25,2528.75,1769.36,759.39,Online
O001931,2025-09-03,C01014,P001,1,12212.51,9280.33,610.63,11601.88,9280.33,2321.55,Marketplace
O001932,2025-05-05,C00748,P009,1,1843.37,1277.0,0.0,1843.37,1277.0,566.37,Online
O001933,2025-09-25,C00049,P016,1,802.2,467.64,0.0,802.2,467.64,334.56,Online
O001934,2025-05-11,C00628,P009,1,1843.37,1277.0,0.0,1843.37,1277.0,566.37,Online
O001935,2025-08-25,C00939,P003,1,1674.13,1006.35,0.0,1674.13,1006.35,667.78,Store
O001936,2025-01-18,C00022,P001,1,12212.51,9280.33,0.0,12212.51,9280.33,2932.18,Online
O001937,2025-02-09,C00796,P002,2,5103.35,3862.76,0.0,10206.7,7725.52,2481.18,Online
O001938,2025-01-21,C00752,P014,1,746.01,469.1,0.0,746.01,469.1,276.91,Marketplace
O001939,2025-08-13,C00536,P007,1,692.39,399.57,0.0,692.39,399.57,292.82,Marketplace
O001940,2025-12-21,C00174,P011,2,487.27,344.29,97.45,877.09,688.58,188.51,Online
O001941,2025-10-09,C00264,P004,1,825.3,619.33,0.0,825.3,619.33,205.97,Online
O001942,2025-01-08,C01172,P008,2,952.71,663.0,190.54,1714.88,1326.0,388.88,Online
O001943,2025-04-10,C00028,P011,2,487.27,344.29,48.73,925.81,688.58,237.23,Online
O001944,2025-08-28,C00944,P011,2,487.27,344.29,0.0,974.54,688.58,285.96,Online
O001945,2025-03-28,C00285,P007,3,692.39,399.57,311.58,1765.59,1198.71,566.88,Online
O001946,2025-10-25,C00188,P001,1,12212.51,9280.33,610.63,11601.88,9280.33,2321.55,Online
O001947,2025-01-14,C00163,P013,1,889.0,519.78,0.0,889.0,519.78,369.22,Online
O001948,2025-11-30,C00405,P016,1,802.2,467.64,0.0,802.2,467.64,334.56,Online
O001949,2025-01-02,C00126,P015,1,1375.39,1038.91,0.0,1375.39,1038.91,336.48,Online
O001950,2025-10-20,C00405,P009,1,1843.37,1277.0,0.0,1843.37,1277.0,566.37,Marketplace
O001951,2025-11-21,C00254,P003,1,1674.13,1006.35,167.41,1506.72,1006.35,500.37,Store
O001952,2025-02-10,C00467,P006,1,3653.72,2501.63,365.37,3288.35,2501.63,786.72,Online
O001953,2025-11-14,C00845,P010,1,1487.5,884.68,0.0,1487.5,884.68,602.82,Online
O001954,2025-11-12,C00494,P001,1,12212.51,9280.33,1831.88,10380.63,9280.33,1100.3,Online
O001955,2025-04-21,C00331,P003,1,1674.13,1006.35,0.0,1674.13,1006.35,667.78,Marketplace
O001956,2025-01-14,C00124,P014,1,746.01,469.1,74.6,671.41,469.1,202.31,Store
O001957,2025-08-19,C00025,P003,1,1674.13,1006.35,167.41,1506.72,1006.35,500.37,Marketplace
O001958,2025-03-25,C00135,P009,2,1843.37,1277.0,0.0,3686.74,2554.0,1132.74,Online
O001959,2025-05-10,C00984,P012,1,1008.95,650.79,100.9,908.05,650.79,257.26,Online
O001960,2025-08-19,C00390,P008,1,952.71,663.0,0.0,952.71,663.0,289.71,Online
O001961,2025-11-22,C00953,P015,1,1375.39,1038.91,137.54,1237.85,1038.91,198.94,Marketplace
O001962,2025-05-25,C00826,P015,2,1375.39,1038.91,0.0,2750.78,2077.82,672.96,Online
O001963,2025-12-11,C00790,P014,3,746.01,469.1,223.8,2014.23,1407.3,606.93,Store
O001964,2025-01-28,C00782,P005,1,3123.65,2355.15,0.0,3123.65,2355.15,768.5,Store
O001965,2025-03-07,C00354,P005,1,3123.65,2355.15,0.0,3123.65,2355.15,768.5,Online
O001966,2025-06-12,C00802,P016,1,802.2,467.64,0.0,802.2,467.64,334.56,Online
O001967,2025-08-17,C00804,P006,1,3653.72,2501.63,548.06,3105.66,2501.63,604.03,Online
O001968,2025-09-18,C00467,P007,1,692.39,399.57,34.62,657.77,399.57,258.2,Online
O001969,2025-06-13,C00328,P016,3,802.2,467.64,0.0,2406.6,1402.92,1003.68,Marketplace
O001970,2025-10-28,C00138,P011,2,487.27,344.29,48.73,925.81,688.58,237.23,Online
O001971,2025-10-30,C01063,P016,2,802.2,467.64,0.0,1604.4,935.28,669.12,Online
O001972,2025-10-14,C00631,P006,1,3653.72,2501.63,0.0,3653.72,2501.63,1152.09,Online
O001973,2025-01-10,C00250,P005,1,3123.65,2355.15,0.0,3123.65,2355.15,768.5,Online
O001974,2025-07-14,C00263,P012,1,1008.95,650.79,0.0,1008.95,650.79,358.16,Online
O001975,2025-04-28,C00758,P014,1,746.01,469.1,111.9,634.11,469.1,165.01,Store
O001976,2025-09-27,C00641,P016,2,802.2,467.64,80.22,1524.18,935.28,588.9,Online
O001977,2025-03-21,C00679,P007,2,692.39,399.57,207.72,1177.06,799.14,377.92,Store
O001978,2025-04-03,C01173,P008,2,952.71,663.0,95.27,1810.15,1326.0,484.15,Store
O001979,2025-09-23,C00511,P016,1,802.2,467.64,80.22,721.98,467.64,254.34,Online
O001980,2025-11-28,C00196,P013,2,889.0,519.78,88.9,1689.1,1039.56,649.54,Online
O001981,2025-12-16,C01006,P015,1,1375.39,1038.91,137.54,1237.85,1038.91,198.94,Marketplace
O001982,2025-12-27,C00545,P003,1,1674.13,1006.35,167.41,1506.72,1006.35,500.37,Store
O001983,2025-09-14,C00566,P005,1,3123.65,2355.15,312.36,2811.29,2355.15,456.14,Online
O001984,2025-05-13,C00458,P001,1,12212.51,9280.33,1221.25,10991.26,9280.33,1710.93,Online
O001985,2025-10-03,C00300,P009,3,1843.37,1277.0,0.0,5530.11,3831.0,1699.11,Online
O001986,2025-09-21,C01099,P007,2,692.39,399.57,69.24,1315.54,799.14,516.4,Marketplace
O001987,2025-06-20,C00247,P010,2,1487.5,884.68,148.75,2826.25,1769.36,1056.89,Online
O001988,2025-01-01,C01033,P010,1,1487.5,884.68,0.0,1487.5,884.68,602.82,Store
O001989,2025-11-09,C00023,P010,1,1487.5,884.68,0.0,1487.5,884.68,602.82,Online
O001990,2025-03-05,C00864,P003,1,1674.13,1006.35,167.41,1506.72,1006.35,500.37,Marketplace
O001991,2025-10-11,C00915,P013,1,889.0,519.78,44.45,844.55,519.78,324.77,Store
O001992,2025-05-01,C00221,P009,1,1843.37,1277.0,0.0,1843.37,1277.0,566.37,Online
O001993,2025-04-17,C00584,P006,1,3653.72,2501.63,0.0,3653.72,2501.63,1152.09,Online
O001994,2025-06-24,C00108,P011,1,487.27,344.29,0.0,487.27,344.29,142.98,Online
O001995,2025-07-23,C00769,P001,1,12212.51,9280.33,610.63,11601.88,9280.33,2321.55,Online
O001996,2025-06-14,C00669,P002,1,5103.35,3862.76,0.0,5103.35,3862.76,1240.59,Store
O001997,2025-11-01,C00081,P002,2,5103.35,3862.76,510.34,9696.36,7725.52,1970.84,Online
O001998,2025-04-30,C00140,P005,1,3123.65,2355.15,0.0,3123.65,2355.15,768.5,Marketplace
O001999,2025-02-13,C00482,P003,2,1674.13,1006.35,669.65,2678.61,2012.7,665.91,Online
O002000,2025-11-08,C00846,P011,2,487.27,344.29,0.0,974.54,688.58,285.96,Online
O002001,2025-06-05,C01075,P014,1,746.01,469.1,0.0,746.01,469.1,276.91,Online
O002002,2025-07-26,C00184,P007,1,692.39,399.57,0.0,692.39,399.57,292.82,Marketplace
O002003,2025-04-18,C00535,P008,1,952.71,663.0,47.64,905.07,663.0,242.07,Online
O002004,2025-09-08,C00108,P008,1,952.71,663.0,0.0,952.71,663.0,289.71,Store
O002005,2025-11-30,C00313,P005,1,3123.65,2355.15,0.0,3123.65,2355.15,768.5,Store
O002006,2025-05-10,C00811,P001,1,12212.51,9280.33,0.0,12212.51,9280.33,2932.18,Online
O002007,2025-10-20,C00850,P003,1,1674.13,1006.35,83.71,1590.42,1006.35,584.07,Online
O002008,2025-01-20,C01194,P016,1,802.2,467.64,40.11,762.09,467.64,294.45,Online
O002009,2025-10-09,C00754,P006,1,3653.72,2501.63,0.0,3653.72,2501.63,1152.09,Online
O002010,2025-10-12,C00577,P009,1,1843.37,1277.0,0.0,1843.37,1277.0,566.37,Online
O002011,2025-01-01,C00413,P009,1,1843.37,1277.0,0.0,1843.37,1277.0,566.37,Online
O002012,2025-04-29,C00245,P010,1,1487.5,884.68,0.0,1487.5,884.68,602.82,Marketplace
O002013,2025-02-04,C01049,P013,1,889.0,519.78,0.0,889.0,519.78,369.22,Online
O002014,2025-07-17,C00219,P007,1,692.39,399.57,34.62,657.77,399.57,258.2,Store
O002015,2025-09-02,C00439,P010,1,1487.5,884.68,0.0,1487.5,884.68,602.82,Online
O002016,2025-02-28,C01161,P009,1,1843.37,1277.0,0.0,1843.37,1277.0,566.37,Online
O002017,2025-11-21,C00371,P011,1,487.27,344.29,73.09,414.18,344.29,69.89,Online
O002018,2025-06-10,C00671,P015,4,1375.39,1038.91,275.08,5226.48,4155.64,1070.84,Online
O002019,2025-06-28,C01007,P016,1,802.2,467.64,0.0,802.2,467.64,334.56,Marketplace
O002020,2025-07-25,C00509,P003,1,1674.13,1006.35,167.41,1506.72,1006.35,500.37,Store
O002021,2025-01-12,C00103,P001,3,12212.51,9280.33,5495.63,31141.9,27840.99,3300.91,Online
O002022,2025-10-03,C00782,P006,1,3653.72,2501.63,0.0,3653.72,2501.63,1152.09,Online
O002023,2025-06-30,C00867,P012,1,1008.95,650.79,0.0,1008.95,650.79,358.16,Online
O002024,2025-08-30,C00072,P004,1,825.3,619.33,0.0,825.3,619.33,205.97,Marketplace
O002025,2025-08-04,C00420,P004,3,825.3,619.33,123.79,2352.11,1857.99,494.12,Store
O002026,2025-09-08,C00063,P016,1,802.2,467.64,0.0,802.2,467.64,334.56,Store
O002027,2025-10-26,C00933,P009,1,1843.37,1277.0,92.17,1751.2,1277.0,474.2,Online
O002028,2025-05-06,C00314,P007,1,692.39,399.57,34.62,657.77,399.57,258.2,Online
O002029,2025-08-05,C01019,P014,2,746.01,469.1,0.0,1492.02,938.2,553.82,Marketplace
O002030,2025-11-02,C01182,P002,1,5103.35,3862.76,765.5,4337.85,3862.76,475.09,Store
O002031,2025-10-12,C00577,P016,1,802.2,467.64,0.0,802.2,467.64,334.56,Store
O002032,2025-07-04,C00386,P008,2,952.71,663.0,190.54,1714.88,1326.0,388.88,Marketplace
O002033,2025-02-08,C00091,P014,1,746.01,469.1,37.3,708.71,469.1,239.61,Store
O002034,2025-08-11,C00097,P010,1,1487.5,884.68,74.38,1413.12,884.68,528.44,Online
O002035,2025-07-03,C00968,P006,1,3653.72,2501.63,548.06,3105.66,2501.63,604.03,Store
O002036,2025-06-27,C01108,P005,1,3123.65,2355.15,156.18,2967.47,2355.15,612.32,Online
O002037,2025-10-21,C01189,P013,1,889.0,519.78,177.8,711.2,519.78,191.42,Store
O002038,2025-12-06,C00303,P016,1,802.2,467.64,0.0,802.2,467.64,334.56,Marketplace
O002039,2025-05-31,C00178,P009,2,1843.37,1277.0,0.0,3686.74,2554.0,1132.74,Online
O002040,2025-05-06,C00956,P015,2,1375.39,1038.91,275.08,2475.7,2077.82,397.88,Online
O002041,2025-10-28,C00088,P011,1,487.27,344.29,48.73,438.54,344.29,94.25,Online
O002042,2025-11-04,C00700,P006,2,3653.72,2501.63,365.37,6942.07,5003.26,1938.81,Marketplace
O002043,2025-12-02,C00422,P013,1,889.0,519.78,0.0,889.0,519.78,369.22,Online
O002044,2025-08-22,C01027,P002,1,5103.35,3862.76,255.17,4848.18,3862.76,985.42,Online
O002045,2025-01-08,C01128,P006,2,3653.72,2501.63,365.37,6942.07,5003.26,1938.81,Store
O002046,2025-12-07,C01002,P004,1,825.3,619.33,82.53,742.77,619.33,123.44,Online
O002047,2025-05-09,C00809,P013,1,889.0,519.78,0.0,889.0,519.78,369.22,Online
O002048,2025-09-21,C00218,P008,1,952.71,663.0,0.0,952.71,663.0,289.71,Store
O002049,2025-06-06,C00386,P001,2,12212.51,9280.33,3663.75,20761.27,18560.66,2200.61,Store
O002050,2025-12-18,C01015,P005,3,3123.65,2355.15,468.55,8902.4,7065.45,1836.95,Online
O002051,2025-12-24,C00832,P010,2,1487.5,884.68,0.0,2975.0,1769.36,1205.64,Online
O002052,2025-01-05,C00392,P001,1,12212.51,9280.33,0.0,12212.51,9280.33,2932.18,Online
O002053,2025-03-27,C00147,P003,1,1674.13,1006.35,251.12,1423.01,1006.35,416.66,Online
O002054,2025-06-24,C00733,P013,1,889.0,519.78,44.45,844.55,519.78,324.77,Online
O002055,2025-10-17,C00768,P007,1,692.39,399.57,34.62,657.77,399.57,258.2,Marketplace
O002056,2025-07-12,C00086,P016,3,802.2,467.64,0.0,2406.6,1402.92,1003.68,Online
O002057,2025-11-07,C00524,P016,2,802.2,467.64,0.0,1604.4,935.28,669.12,Online
O002058,2025-04-29,C00201,P014,2,746.01,469.1,74.6,1417.42,938.2,479.22,Online
O002059,2025-08-06,C01005,P001,1,12212.51,9280.33,1831.88,10380.63,9280.33,1100.3,Store
O002060,2025-04-24,C00178,P016,1,802.2,467.64,0.0,802.2,467.64,334.56,Online
O002061,2025-05-25,C00193,P015,1,1375.39,1038.91,0.0,1375.39,1038.91,336.48,Online
O002062,2025-01-26,C00962,P002,1,5103.35,3862.76,255.17,4848.18,3862.76,985.42,Store
O002063,2025-05-16,C00925,P007,1,692.39,399.57,0.0,692.39,399.57,292.82,Store
O002064,2025-10-30,C00058,P015,1,1375.39,1038.91,0.0,1375.39,1038.91,336.48,Online
O002065,2025-08-20,C01158,P013,2,889.0,519.78,0.0,1778.0,1039.56,738.44,Store
O002066,2025-03-17,C00519,P004,2,825.3,619.33,0.0,1650.6,1238.66,411.94,Marketplace
O002067,2025-11-24,C00601,P006,1,3653.72,2501.63,182.69,3471.03,2501.63,969.4,Online
O002068,2025-12-11,C00318,P003,1,1674.13,1006.35,0.0,1674.13,1006.35,667.78,Online
O002069,2025-10-29,C00362,P013,1,889.0,519.78,0.0,889.0,519.78,369.22,Online
O002070,2025-10-16,C01196,P016,1,802.2,467.64,0.0,802.2,467.64,334.56,Store
O002071,2025-01-01,C00238,P004,1,825.3,619.33,0.0,825.3,619.33,205.97,Marketplace
O002072,2025-05-27,C01153,P001,1,12212.51,9280.33,0.0,12212.51,9280.33,2932.18,Store
O002073,2025-10-14,C00043,P012,1,1008.95,650.79,0.0,1008.95,650.79,358.16,Online
O002074,2025-05-22,C00572,P014,1,746.01,469.1,0.0,746.01,469.1,276.91,Online
O002075,2025-02-22,C00539,P012,1,1008.95,650.79,0.0,1008.95,650.79,358.16,Online
O002076,2025-10-31,C00282,P004,1,825.3,619.33,0.0,825.3,619.33,205.97,Online
O002077,2025-03-10,C00403,P015,1,1375.39,1038.91,0.0,1375.39,1038.91,336.48,Online
O002078,2025-12-27,C00979,P003,3,1674.13,1006.35,251.12,4771.27,3019.05,1752.22,Online
O002079,2025-03-31,C00238,P002,1,5103.35,3862.76,0.0,5103.35,3862.76,1240.59,Online
O002080,2025-08-08,C00801,P001,1,12212.51,9280.33,0.0,12212.51,9280.33,2932.18,Online
O002081,2025-07-11,C01075,P009,1,1843.37,1277.0,0.0,1843.37,1277.0,566.37,Store
O002082,2025-03-04,C00281,P011,3,487.27,344.29,146.18,1315.63,1032.87,282.76,Store
O002083,2025-03-14,C00387,P016,1,802.2,467.64,0.0,802.2,467.64,334.56,Online
O002084,2025-06-10,C01133,P003,1,1674.13,1006.35,0.0,1674.13,1006.35,667.78,Online
O002085,2025-06-18,C00140,P016,1,802.2,467.64,160.44,641.76,467.64,174.12,Online
O002086,2025-03-30,C00506,P014,2,746.01,469.1,0.0,1492.02,938.2,553.82,Online
O002087,2025-06-25,C00538,P014,1,746.01,469.1,0.0,746.01,469.1,276.91,Store
O002088,2025-09-26,C00809,P001,1,12212.51,9280.33,610.63,11601.88,9280.33,2321.55,Online
O002089,2025-03-14,C00922,P008,2,952.71,663.0,0.0,1905.42,1326.0,579.42,Online
O002090,2025-09-02,C01044,P014,1,746.01,469.1,74.6,671.41,469.1,202.31,Online
O002091,2025-03-18,C01068,P010,1,1487.5,884.68,0.0,1487.5,884.68,602.82,Online
O002092,2025-06-08,C00855,P003,1,1674.13,1006.35,83.71,1590.42,1006.35,584.07,Store
O002093,2025-11-20,C00082,P012,1,1008.95,650.79,0.0,1008.95,650.79,358.16,Store
O002094,2025-04-08,C00700,P010,2,1487.5,884.68,148.75,2826.25,1769.36,1056.89,Marketplace
O002095,2025-04-12,C00963,P016,1,802.2,467.64,80.22,721.98,467.64,254.34,Store
O002096,2025-05-12,C01148,P005,1,3123.65,2355.15,0.0,3123.65,2355.15,768.5,Online
O002097,2025-04-12,C00702,P003,1,1674.13,1006.35,0.0,1674.13,1006.35,667.78,Online
O002098,2025-01-19,C00592,P008,1,952.71,663.0,142.91,809.8,663.0,146.8,Marketplace
O002099,2025-03-23,C01160,P007,1,692.39,399.57,0.0,692.39,399.57,292.82,Store
O002100,2025-10-06,C01061,P014,1,746.01,469.1,37.3,708.71,469.1,239.61,Store
O002101,2025-12-05,C00386,P005,2,3123.65,2355.15,312.36,5934.94,4710.3,1224.64,Online
O002102,2025-12-31,C00741,P011,1,487.27,344.29,0.0,487.27,344.29,142.98,Online
O002103,2025-11-27,C00241,P010,1,1487.5,884.68,0.0,1487.5,884.68,602.82,Store
O002104,2025-05-09,C00691,P006,2,3653.72,2501.63,730.74,6576.7,5003.26,1573.44,Online
O002105,2025-12-10,C00803,P016,2,802.2,467.64,240.66,1363.74,935.28,428.46,Online
O002106,2025-11-06,C00700,P005,1,3123.65,2355.15,0.0,3123.65,2355.15,768.5,Online
O002107,2025-03-30,C00772,P013,1,889.0,519.78,0.0,889.0,519.78,369.22,Marketplace
O002108,2025-08-01,C01014,P015,3,1375.39,1038.91,206.31,3919.86,3116.73,803.13,Store
O002109,2025-05-23,C01047,P014,1,746.01,469.1,0.0,746.01,469.1,276.91,Online
O002110,2025-03-06,C01003,P004,1,825.3,619.33,0.0,825.3,619.33,205.97,Online
O002111,2025-03-17,C00371,P004,1,825.3,619.33,82.53,742.77,619.33,123.44,Online
O002112,2025-07-18,C00144,P009,1,1843.37,1277.0,0.0,1843.37,1277.0,566.37,Online
O002113,2025-05-23,C00197,P014,1,746.01,469.1,74.6,671.41,469.1,202.31,Online
O002114,2025-11-12,C00021,P004,1,825.3,619.33,41.26,784.04,619.33,164.71,Online
O002115,2025-04-03,C00881,P008,1,952.71,663.0,47.64,905.07,663.0,242.07,Online
O002116,2025-11-01,C00547,P012,2,1008.95,650.79,0.0,2017.9,1301.58,716.32,Online
O002117,2025-08-12,C00649,P008,1,952.71,663.0,142.91,809.8,663.0,146.8,Online
O002118,2025-10-18,C01110,P001,3,12212.51,9280.33,0.0,36637.53,27840.99,8796.54,Store
O002119,2025-04-12,C00553,P016,1,802.2,467.64,0.0,802.2,467.64,334.56,Online
O002120,2025-09-24,C00496,P015,1,1375.39,1038.91,137.54,1237.85,1038.91,198.94,Marketplace
O002121,2025-12-21,C00573,P004,1,825.3,619.33,41.26,784.04,619.33,164.71,Online
O002122,2025-04-20,C00792,P015,1,1375.39,1038.91,0.0,1375.39,1038.91,336.48,Online
O002123,2025-11-26,C00910,P015,1,1375.39,1038.91,137.54,1237.85,1038.91,198.94,Store
O002124,2025-09-22,C00779,P001,1,12212.51,9280.33,0.0,12212.51,9280.33,2932.18,Store
O002125,2025-01-03,C01007,P014,2,746.01,469.1,0.0,1492.02,938.2,553.82,Online
O002126,2025-03-26,C01023,P013,2,889.0,519.78,88.9,1689.1,1039.56,649.54,Online
O002127,2025-10-09,C00159,P013,1,889.0,519.78,0.0,889.0,519.78,369.22,Online
O002128,2025-11-24,C00724,P013,1,889.0,519.78,44.45,844.55,519.78,324.77,Store
O002129,2025-10-31,C00778,P016,3,802.2,467.64,120.33,2286.27,1402.92,883.35,Online
O002130,2025-04-27,C00133,P015,2,1375.39,1038.91,0.0,2750.78,2077.82,672.96,Online
O002131,2025-08-09,C00737,P013,1,889.0,519.78,0.0,889.0,519.78,369.22,Online
O002132,2025-06-03,C00869,P003,1,1674.13,1006.35,0.0,1674.13,1006.35,667.78,Online
O002133,2025-06-02,C00533,P016,1,802.2,467.64,0.0,802.2,467.64,334.56,Online
O002134,2025-01-12,C01060,P007,2,692.39,399.57,276.96,1107.82,799.14,308.68,Online
O002135,2025-05-13,C00469,P003,2,1674.13,1006.35,0.0,3348.26,2012.7,1335.56,Online
O002136,2025-10-31,C01133,P002,1,5103.35,3862.76,0.0,5103.35,3862.76,1240.59,Online
O002137,2025-10-20,C00306,P010,1,1487.5,884.68,0.0,1487.5,884.68,602.82,Store
O002138,2025-10-27,C00381,P008,1,952.71,663.0,0.0,952.71,663.0,289.71,Online
O002139,2025-08-16,C00189,P002,1,5103.35,3862.76,510.34,4593.01,3862.76,730.25,Store
O002140,2025-09-28,C00361,P010,1,1487.5,884.68,223.12,1264.38,884.68,379.7,Store
O002141,2025-02-12,C00484,P001,2,12212.51,9280.33,0.0,24425.02,18560.66,5864.36,Store
O002142,2025-12-09,C00138,P004,1,825.3,619.33,82.53,742.77,619.33,123.44,Online
O002143,2025-11-22,C00948,P012,2,1008.95,650.79,0.0,2017.9,1301.58,716.32,Marketplace
O002144,2025-10-29,C00504,P001,1,12212.51,9280.33,0.0,12212.51,9280.33,2932.18,Online
O002145,2025-12-30,C00043,P002,1,5103.35,3862.76,0.0,5103.35,3862.76,1240.59,Online
O002146,2025-01-21,C00271,P008,2,952.71,663.0,190.54,1714.88,1326.0,388.88,Online
O002147,2025-04-17,C00572,P015,1,1375.39,1038.91,0.0,1375.39,1038.91,336.48,Online
O002148,2025-12-02,C00509,P006,1,3653.72,2501.63,365.37,3288.35,2501.63,786.72,Online
O002149,2025-10-30,C00773,P005,1,3123.65,2355.15,0.0,3123.65,2355.15,768.5,Store
O002150,2025-04-27,C00809,P013,2,889.0,519.78,0.0,1778.0,1039.56,738.44,Online
O002151,2025-05-04,C01065,P012,2,1008.95,650.79,100.9,1917.0,1301.58,615.42,Store
O002152,2025-10-08,C00830,P009,1,1843.37,1277.0,0.0,1843.37,1277.0,566.37,Online
O002153,2025-10-19,C01024,P005,2,3123.65,2355.15,0.0,6247.3,4710.3,1537.0,Online
O002154,2025-07-22,C00753,P010,1,1487.5,884.68,223.12,1264.38,884.68,379.7,Online
O002155,2025-02-20,C00614,P012,1,1008.95,650.79,0.0,1008.95,650.79,358.16,Store
O002156,2025-09-28,C00442,P014,2,746.01,469.1,149.2,1342.82,938.2,404.62,Online
O002157,2025-11-20,C00287,P010,1,1487.5,884.68,0.0,1487.5,884.68,602.82,Marketplace
O002158,2025-10-04,C00900,P009,1,1843.37,1277.0,0.0,1843.37,1277.0,566.37,Online
O002159,2025-05-21,C00420,P015,1,1375.39,1038.91,206.31,1169.08,1038.91,130.17,Online
O002160,2025-10-02,C00299,P004,1,825.3,619.33,0.0,825.3,619.33,205.97,Online
O002161,2025-10-17,C00792,P014,1,746.01,469.1,0.0,746.01,469.1,276.91,Store
O002162,2025-11-30,C01130,P016,1,802.2,467.64,160.44,641.76,467.64,174.12,Store
O002163,2025-02-21,C00139,P012,1,1008.95,650.79,0.0,1008.95,650.79,358.16,Online
O002164,2025-01-27,C00023,P004,1,825.3,619.33,41.26,784.04,619.33,164.71,Online
O002165,2025-06-06,C00051,P007,1,692.39,399.57,0.0,692.39,399.57,292.82,Online
O002166,2025-08-27,C00685,P015,1,1375.39,1038.91,0.0,1375.39,1038.91,336.48,Online
O002167,2025-06-05,C01059,P004,2,825.3,619.33,165.06,1485.54,1238.66,246.88,Online
O002168,2025-10-18,C01053,P002,1,5103.35,3862.76,0.0,5103.35,3862.76,1240.59,Store
O002169,2025-05-16,C01037,P003,4,1674.13,1006.35,0.0,6696.52,4025.4,2671.12,Store
O002170,2025-05-24,C00677,P015,2,1375.39,1038.91,137.54,2613.24,2077.82,535.42,Online
O002171,2025-04-16,C00403,P003,1,1674.13,1006.35,0.0,1674.13,1006.35,667.78,Online
O002172,2025-06-07,C00091,P010,1,1487.5,884.68,0.0,1487.5,884.68,602.82,Online
O002173,2025-05-26,C00397,P014,2,746.01,469.1,149.2,1342.82,938.2,404.62,Online
O002174,2025-01-02,C01164,P009,4,1843.37,1277.0,0.0,7373.48,5108.0,2265.48,Marketplace
O002175,2025-03-18,C00335,P002,1,5103.35,3862.76,0.0,5103.35,3862.76,1240.59,Online
O002176,2025-05-12,C00960,P006,3,3653.72,2501.63,0.0,10961.16,7504.89,3456.27,Online
O002177,2025-03-31,C00942,P011,1,487.27,344.29,97.45,389.82,344.29,45.53,Store
O002178,2025-12-11,C00529,P011,1,487.27,344.29,0.0,487.27,344.29,142.98,Online
O002179,2025-12-16,C01066,P009,2,1843.37,1277.0,368.67,3318.07,2554.0,764.07,Online
O002180,2025-09-20,C00046,P014,1,746.01,469.1,0.0,746.01,469.1,276.91,Online
O002181,2025-12-17,C01022,P013,1,889.0,519.78,44.45,844.55,519.78,324.77,Store
O002182,2025-04-18,C00528,P004,2,825.3,619.33,82.53,1568.07,1238.66,329.41,Store
O002183,2025-03-15,C00449,P008,1,952.71,663.0,0.0,952.71,663.0,289.71,Online
O002184,2025-02-08,C01111,P012,1,1008.95,650.79,0.0,1008.95,650.79,358.16,Online
O002185,2025-06-08,C00613,P003,1,1674.13,1006.35,83.71,1590.42,1006.35,584.07,Marketplace
O002186,2025-03-12,C00136,P011,3,487.27,344.29,0.0,1461.81,1032.87,428.94,Online
O002187,2025-11-08,C00886,P005,1,3123.65,2355.15,624.73,2498.92,2355.15,143.77,Online
O002188,2025-08-29,C00759,P004,1,825.3,619.33,0.0,825.3,619.33,205.97,Marketplace
O002189,2025-10-25,C00812,P007,1,692.39,399.57,69.24,623.15,399.57,223.58,Online
O002190,2025-02-05,C00338,P011,1,487.27,344.29,0.0,487.27,344.29,142.98,Online
O002191,2025-03-25,C00170,P004,1,825.3,619.33,82.53,742.77,619.33,123.44,Online
O002192,2025-09-20,C01107,P014,1,746.01,469.1,0.0,746.01,469.1,276.91,Marketplace
O002193,2025-11-06,C00312,P002,1,5103.35,3862.76,0.0,5103.35,3862.76,1240.59,Online
O002194,2025-06-21,C00752,P012,1,1008.95,650.79,0.0,1008.95,650.79,358.16,Online
O002195,2025-06-22,C00635,P011,1,487.27,344.29,97.45,389.82,344.29,45.53,Online
O002196,2025-12-28,C00081,P001,2,12212.51,9280.33,0.0,24425.02,18560.66,5864.36,Online
O002197,2025-02-16,C00801,P016,1,802.2,467.64,40.11,762.09,467.64,294.45,Online
O002198,2025-05-21,C01078,P003,2,1674.13,1006.35,0.0,3348.26,2012.7,1335.56,Online
O002199,2025-04-28,C00533,P006,1,3653.72,2501.63,182.69,3471.03,2501.63,969.4,Online
O002200,2025-10-04,C00459,P010,1,1487.5,884.68,148.75,1338.75,884.68,454.07,Store
O002201,2025-08-02,C00969,P015,1,1375.39,1038.91,0.0,1375.39,1038.91,336.48,Online
O002202,2025-08-08,C00822,P014,2,746.01,469.1,0.0,1492.02,938.2,553.82,Marketplace
O002203,2025-01-26,C00634,P011,1,487.27,344.29,0.0,487.27,344.29,142.98,Store
O002204,2025-01-09,C00076,P003,1,1674.13,1006.35,167.41,1506.72,1006.35,500.37,Online
O002205,2025-09-28,C00920,P005,1,3123.65,2355.15,0.0,3123.65,2355.15,768.5,Store
O002206,2025-01-10,C00656,P008,2,952.71,663.0,0.0,1905.42,1326.0,579.42,Online
O002207,2025-05-01,C01131,P010,3,1487.5,884.68,0.0,4462.5,2654.04,1808.46,Online
O002208,2025-05-05,C00070,P012,1,1008.95,650.79,0.0,1008.95,650.79,358.16,Online
O002209,2025-06-19,C00065,P009,1,1843.37,1277.0,184.34,1659.03,1277.0,382.03,Online
O002210,2025-03-13,C00815,P011,1,487.27,344.29,48.73,438.54,344.29,94.25,Store
O002211,2025-06-01,C00865,P011,3,487.27,344.29,146.18,1315.63,1032.87,282.76,Store
O002212,2025-07-27,C00377,P001,2,12212.51,9280.33,0.0,24425.02,18560.66,5864.36,Online
O002213,2025-02-18,C00191,P016,2,802.2,467.64,0.0,1604.4,935.28,669.12,Online
O002214,2025-06-03,C00288,P008,1,952.71,663.0,0.0,952.71,663.0,289.71,Online
O002215,2025-12-13,C00415,P006,1,3653.72,2501.63,365.37,3288.35,2501.63,786.72,Online
O002216,2025-10-20,C00703,P012,1,1008.95,650.79,0.0,1008.95,650.79,358.16,Store
O002217,2025-03-09,C01027,P007,1,692.39,399.57,0.0,692.39,399.57,292.82,Store
O002218,2025-02-19,C01035,P009,1,1843.37,1277.0,184.34,1659.03,1277.0,382.03,Marketplace
O002219,2025-06-01,C00403,P014,2,746.01,469.1,74.6,1417.42,938.2,479.22,Online
O002220,2025-01-19,C01121,P010,1,1487.5,884.68,148.75,1338.75,884.68,454.07,Online
O002221,2025-04-10,C00682,P001,1,12212.51,9280.33,610.63,11601.88,9280.33,2321.55,Store
O002222,2025-03-01,C00972,P014,3,746.01,469.1,335.7,1902.33,1407.3,495.03,Online
O002223,2025-06-16,C00473,P011,2,487.27,344.29,0.0,974.54,688.58,285.96,Online
O002224,2025-07-21,C00080,P008,1,952.71,663.0,47.64,905.07,663.0,242.07,Online
O002225,2025-12-11,C00009,P008,1,952.71,663.0,142.91,809.8,663.0,146.8,Online
O002226,2025-05-26,C00814,P001,1,12212.51,9280.33,1831.88,10380.63,9280.33,1100.3,Store
O002227,2025-06-13,C00561,P014,1,746.01,469.1,74.6,671.41,469.1,202.31,Store
O002228,2025-08-30,C00628,P002,1,5103.35,3862.76,255.17,4848.18,3862.76,985.42,Online
O002229,2025-03-10,C01132,P010,2,1487.5,884.68,297.5,2677.5,1769.36,908.14,Marketplace
O002230,2025-06-24,C00797,P011,1,487.27,344.29,24.36,462.91,344.29,118.62,Online
O002231,2025-02-18,C00880,P003,1,1674.13,1006.35,0.0,1674.13,1006.35,667.78,Online
O002232,2025-04-18,C00204,P005,3,3123.65,2355.15,468.55,8902.4,7065.45,1836.95,Online
O002233,2025-08-14,C00599,P009,1,1843.37,1277.0,276.51,1566.86,1277.0,289.86,Online
O002234,2025-06-10,C00336,P012,1,1008.95,650.79,151.34,857.61,650.79,206.82,Online
O002235,2025-04-29,C01111,P003,1,1674.13,1006.35,0.0,1674.13,1006.35,667.78,Online
O002236,2025-05-29,C00007,P008,1,952.71,663.0,95.27,857.44,663.0,194.44,Store
O002237,2025-05-30,C00554,P006,1,3653.72,2501.63,0.0,3653.72,2501.63,1152.09,Online
O002238,2025-10-20,C01095,P015,1,1375.39,1038.91,0.0,1375.39,1038.91,336.48,Online
O002239,2025-05-23,C00171,P012,2,1008.95,650.79,0.0,2017.9,1301.58,716.32,Online
O002240,2025-06-09,C00388,P009,2,1843.37,1277.0,553.01,3133.73,2554.0,579.73,Online
O002241,2025-01-11,C00177,P003,1,1674.13,1006.35,0.0,1674.13,1006.35,667.78,Online
O002242,2025-05-18,C01096,P007,1,692.39,399.57,103.86,588.53,399.57,188.96,Online
O002243,2025-03-19,C00062,P011,2,487.27,344.29,97.45,877.09,688.58,188.51,Online
O002244,2025-03-18,C01050,P013,1,889.0,519.78,0.0,889.0,519.78,369.22,Online
O002245,2025-09-11,C00138,P008,2,952.71,663.0,285.81,1619.61,1326.0,293.61,Store
O002246,2025-09-15,C01142,P015,1,1375.39,1038.91,68.77,1306.62,1038.91,267.71,Online
O002247,2025-11-16,C00086,P002,1,5103.35,3862.76,0.0,5103.35,3862.76,1240.59,Online
O002248,2025-10-18,C00763,P011,1,487.27,344.29,48.73,438.54,344.29,94.25,Marketplace
O002249,2025-09-20,C00950,P003,1,1674.13,1006.35,0.0,1674.13,1006.35,667.78,Online
O002250,2025-03-26,C00239,P005,1,3123.65,2355.15,156.18,2967.47,2355.15,612.32,Online
O002251,2025-05-26,C00698,P004,1,825.3,619.33,0.0,825.3,619.33,205.97,Store
O002252,2025-11-19,C00650,P008,1,952.71,663.0,95.27,857.44,663.0,194.44,Online
O002253,2025-02-11,C00219,P002,3,5103.35,3862.76,765.5,14544.55,11588.28,2956.27,Marketplace
O002254,2025-05-05,C00529,P013,4,889.0,519.78,0.0,3556.0,2079.12,1476.88,Store
O002255,2025-06-16,C00153,P012,1,1008.95,650.79,0.0,1008.95,650.79,358.16,Online
O002256,2025-08-29,C00047,P001,4,12212.51,9280.33,0.0,48850.04,37121.32,11728.72,Store
O002257,2025-10-07,C00282,P004,1,825.3,619.33,0.0,825.3,619.33,205.97,Online
O002258,2025-07-07,C00684,P011,2,487.27,344.29,0.0,974.54,688.58,285.96,Online
O002259,2025-10-29,C00162,P008,1,952.71,663.0,0.0,952.71,663.0,289.71,Store
O002260,2025-01-19,C01109,P003,2,1674.13,1006.35,0.0,3348.26,2012.7,1335.56,Online
O002261,2025-03-09,C01119,P010,2,1487.5,884.68,148.75,2826.25,1769.36,1056.89,Online
O002262,2025-08-06,C00827,P002,1,5103.35,3862.76,510.34,4593.01,3862.76,730.25,Online
O002263,2025-04-12,C00683,P009,2,1843.37,1277.0,0.0,3686.74,2554.0,1132.74,Online
O002264,2025-02-11,C00009,P004,2,825.3,619.33,0.0,1650.6,1238.66,411.94,Store
O002265,2025-10-15,C00832,P004,1,825.3,619.33,41.26,784.04,619.33,164.71,Online
O002266,2025-06-16,C00508,P003,1,1674.13,1006.35,0.0,1674.13,1006.35,667.78,Marketplace
O002267,2025-04-19,C00213,P001,1,12212.51,9280.33,610.63,11601.88,9280.33,2321.55,Online
O002268,2025-02-05,C01044,P008,4,952.71,663.0,0.0,3810.84,2652.0,1158.84,Online
O002269,2025-08-20,C00560,P007,1,692.39,399.57,0.0,692.39,399.57,292.82,Online
O002270,2025-08-17,C00796,P007,2,692.39,399.57,0.0,1384.78,799.14,585.64,Online
O002271,2025-12-19,C00843,P010,1,1487.5,884.68,74.38,1413.12,884.68,528.44,Store
O002272,2025-06-13,C00861,P009,1,1843.37,1277.0,0.0,1843.37,1277.0,566.37,Marketplace
O002273,2025-03-14,C00831,P007,2,692.39,399.57,69.24,1315.54,799.14,516.4,Online
O002274,2025-05-16,C01189,P004,3,825.3,619.33,0.0,2475.9,1857.99,617.91,Store
O002275,2025-12-19,C00473,P008,2,952.71,663.0,95.27,1810.15,1326.0,484.15,Store
O002276,2025-03-11,C00273,P007,1,692.39,399.57,0.0,692.39,399.57,292.82,Online
O002277,2025-07-15,C00431,P004,2,825.3,619.33,0.0,1650.6,1238.66,411.94,Online
O002278,2025-09-26,C00423,P015,1,1375.39,1038.91,68.77,1306.62,1038.91,267.71,Store
O002279,2025-02-18,C00756,P011,3,487.27,344.29,0.0,1461.81,1032.87,428.94,Online
O002280,2025-11-12,C00564,P015,1,1375.39,1038.91,137.54,1237.85,1038.91,198.94,Online
O002281,2025-05-10,C00798,P012,1,1008.95,650.79,50.45,958.5,650.79,307.71,Marketplace
O002282,2025-01-05,C00498,P016,1,802.2,467.64,0.0,802.2,467.64,334.56,Online
O002283,2025-01-27,C00007,P014,1,746.01,469.1,0.0,746.01,469.1,276.91,Store
O002284,2025-06-09,C00123,P015,1,1375.39,1038.91,0.0,1375.39,1038.91,336.48,Online
O002285,2025-05-29,C00589,P005,1,3123.65,2355.15,0.0,3123.65,2355.15,768.5,Store
O002286,2025-09-21,C00970,P003,1,1674.13,1006.35,0.0,1674.13,1006.35,667.78,Online
O002287,2025-08-18,C00921,P007,2,692.39,399.57,0.0,1384.78,799.14,585.64,Online
O002288,2025-07-19,C00800,P009,1,1843.37,1277.0,0.0,1843.37,1277.0,566.37,Marketplace
O002289,2025-02-19,C00036,P008,1,952.71,663.0,0.0,952.71,663.0,289.71,Marketplace
O002290,2025-03-08,C01130,P005,1,3123.65,2355.15,156.18,2967.47,2355.15,612.32,Online
O002291,2025-10-27,C00203,P009,2,1843.37,1277.0,0.0,3686.74,2554.0,1132.74,Online
O002292,2025-02-27,C00827,P001,1,12212.51,9280.33,1831.88,10380.63,9280.33,1100.3,Online
O002293,2025-09-16,C00580,P009,2,1843.37,1277.0,368.67,3318.07,2554.0,764.07,Store
O002294,2025-12-08,C01139,P006,1,3653.72,2501.63,730.74,2922.98,2501.63,421.35,Online
O002295,2025-11-22,C00041,P011,2,487.27,344.29,97.45,877.09,688.58,188.51,Online
O002296,2025-05-10,C00699,P001,1,12212.51,9280.33,0.0,12212.51,9280.33,2932.18,Store
O002297,2025-08-03,C00871,P009,2,1843.37,1277.0,0.0,3686.74,2554.0,1132.74,Online
O002298,2025-06-21,C00824,P012,1,1008.95,650.79,0.0,1008.95,650.79,358.16,Online
O002299,2025-09-15,C00502,P011,1,487.27,344.29,0.0,487.27,344.29,142.98,Online
O002300,2025-04-12,C00494,P011,1,487.27,344.29,0.0,487.27,344.29,142.98,Online
O002301,2025-07-28,C00157,P004,1,825.3,619.33,0.0,825.3,619.33,205.97,Online
O002302,2025-10-18,C00090,P007,1,692.39,399.57,0.0,692.39,399.57,292.82,Store
O002303,2025-12-20,C00211,P015,2,1375.39,1038.91,0.0,2750.78,2077.82,672.96,Online
O002304,2025-10-13,C00760,P004,1,825.3,619.33,0.0,825.3,619.33,205.97,Online
O002305,2025-04-26,C00247,P009,1,1843.37,1277.0,184.34,1659.03,1277.0,382.03,Store
O002306,2025-09-21,C00192,P011,3,487.27,344.29,73.09,1388.72,1032.87,355.85,Online
O002307,2025-05-30,C00513,P008,1,952.71,663.0,47.64,905.07,663.0,242.07,Online
O002308,2025-10-27,C00014,P016,2,802.2,467.64,0.0,1604.4,935.28,669.12,Online
O002309,2025-02-05,C00678,P004,1,825.3,619.33,41.26,784.04,619.33,164.71,Marketplace
O002310,2025-11-29,C00569,P001,1,12212.51,9280.33,0.0,12212.51,9280.33,2932.18,Online
O002311,2025-10-14,C00927,P006,1,3653.72,2501.63,0.0,3653.72,2501.63,1152.09,Online
O002312,2025-10-30,C00044,P009,1,1843.37,1277.0,184.34,1659.03,1277.0,382.03,Online
O002313,2025-11-07,C00093,P006,1,3653.72,2501.63,0.0,3653.72,2501.63,1152.09,Online
O002314,2025-07-27,C00944,P002,1,5103.35,3862.76,0.0,5103.35,3862.76,1240.59,Online
O002315,2025-04-16,C00242,P007,1,692.39,399.57,69.24,623.15,399.57,223.58,Store
O002316,2025-06-07,C00885,P005,2,3123.65,2355.15,624.73,5622.57,4710.3,912.27,Online
O002317,2025-05-01,C00775,P001,1,12212.51,9280.33,0.0,12212.51,9280.33,2932.18,Online
O002318,2025-02-24,C00861,P004,1,825.3,619.33,0.0,825.3,619.33,205.97,Online
O002319,2025-01-12,C00851,P004,1,825.3,619.33,41.26,784.04,619.33,164.71,Online
O002320,2025-05-25,C01066,P011,2,487.27,344.29,0.0,974.54,688.58,285.96,Marketplace
O002321,2025-05-16,C01092,P007,3,692.39,399.57,0.0,2077.17,1198.71,878.46,Online
O002322,2025-01-03,C00912,P009,1,1843.37,1277.0,92.17,1751.2,1277.0,474.2,Marketplace
O002323,2025-05-24,C00042,P007,1,692.39,399.57,0.0,692.39,399.57,292.82,Online
O002324,2025-01-30,C00187,P004,2,825.3,619.33,0.0,1650.6,1238.66,411.94,Online
O002325,2025-08-25,C01093,P004,1,825.3,619.33,0.0,825.3,619.33,205.97,Online
O002326,2025-10-06,C00277,P002,1,5103.35,3862.76,0.0,5103.35,3862.76,1240.59,Online
O002327,2025-12-14,C00259,P008,2,952.71,663.0,0.0,1905.42,1326.0,579.42,Online
O002328,2025-04-25,C00152,P008,1,952.71,663.0,0.0,952.71,663.0,289.71,Online
O002329,2025-04-14,C00192,P009,1,1843.37,1277.0,0.0,1843.37,1277.0,566.37,Store
O002330,2025-04-28,C00091,P014,1,746.01,469.1,74.6,671.41,469.1,202.31,Online
O002331,2025-01-05,C00452,P003,1,1674.13,1006.35,83.71,1590.42,1006.35,584.07,Online
O002332,2025-12-26,C01120,P003,2,1674.13,1006.35,0.0,3348.26,2012.7,1335.56,Online
O002333,2025-09-05,C00566,P011,1,487.27,344.29,48.73,438.54,344.29,94.25,Store
O002334,2025-12-30,C00050,P001,1,12212.51,9280.33,0.0,12212.51,9280.33,2932.18,Store
O002335,2025-11-17,C01200,P003,1,1674.13,1006.35,0.0,1674.13,1006.35,667.78,Marketplace
O002336,2025-05-01,C00202,P015,2,1375.39,1038.91,0.0,2750.78,2077.82,672.96,Online
O002337,2025-10-13,C00053,P005,4,3123.65,2355.15,0.0,12494.6,9420.6,3074.0,Store
O002338,2025-05-29,C01033,P010,2,1487.5,884.68,0.0,2975.0,1769.36,1205.64,Online
O002339,2025-03-25,C00303,P016,1,802.2,467.64,0.0,802.2,467.64,334.56,Store
O002340,2025-08-19,C00309,P006,2,3653.72,2501.63,0.0,7307.44,5003.26,2304.18,Online
O002341,2025-10-15,C00087,P011,1,487.27,344.29,0.0,487.27,344.29,142.98,Online
O002342,2025-06-10,C00054,P002,1,5103.35,3862.76,0.0,5103.35,3862.76,1240.59,Online
O002343,2025-09-29,C00504,P013,1,889.0,519.78,0.0,889.0,519.78,369.22,Online
O002344,2025-02-07,C01057,P009,1,1843.37,1277.0,0.0,1843.37,1277.0,566.37,Online
O002345,2025-08-14,C00483,P014,1,746.01,469.1,0.0,746.01,469.1,276.91,Online
O002346,2025-05-22,C00659,P012,1,1008.95,650.79,0.0,1008.95,650.79,358.16,Store
O002347,2025-10-19,C01182,P013,2,889.0,519.78,88.9,1689.1,1039.56,649.54,Online
O002348,2025-05-31,C00963,P002,1,5103.35,3862.76,0.0,5103.35,3862.76,1240.59,Online
O002349,2025-04-24,C01144,P015,1,1375.39,1038.91,137.54,1237.85,1038.91,198.94,Online
O002350,2025-08-25,C01077,P006,1,3653.72,2501.63,0.0,3653.72,2501.63,1152.09,Store
O002351,2025-03-07,C00251,P013,1,889.0,519.78,0.0,889.0,519.78,369.22,Store
O002352,2025-12-27,C01084,P001,1,12212.51,9280.33,610.63,11601.88,9280.33,2321.55,Marketplace
O002353,2025-12-07,C00364,P016,1,802.2,467.64,120.33,681.87,467.64,214.23,Online
O002354,2025-09-15,C00775,P007,1,692.39,399.57,0.0,692.39,399.57,292.82,Online
O002355,2025-09-06,C00318,P003,1,1674.13,1006.35,0.0,1674.13,1006.35,667.78,Store
O002356,2025-11-27,C00350,P010,1,1487.5,884.68,0.0,1487.5,884.68,602.82,Online
O002357,2025-11-19,C00860,P005,1,3123.65,2355.15,156.18,2967.47,2355.15,612.32,Online
O002358,2025-06-29,C00439,P004,1,825.3,619.33,82.53,742.77,619.33,123.44,Online
O002359,2025-07-09,C00084,P013,1,889.0,519.78,177.8,711.2,519.78,191.42,Online
O002360,2025-06-03,C00727,P012,2,1008.95,650.79,201.79,1816.11,1301.58,514.53,Online
O002361,2025-07-15,C00826,P008,2,952.71,663.0,0.0,1905.42,1326.0,579.42,Online
O002362,2025-11-07,C00383,P010,1,1487.5,884.68,148.75,1338.75,884.68,454.07,Store
O002363,2025-09-19,C00174,P016,1,802.2,467.64,0.0,802.2,467.64,334.56,Online
O002364,2025-05-23,C00596,P001,2,12212.51,9280.33,1221.25,23203.77,18560.66,4643.11,Online
O002365,2025-12-08,C01139,P006,2,3653.72,2501.63,0.0,7307.44,5003.26,2304.18,Store
O002366,2025-11-12,C00275,P015,1,1375.39,1038.91,68.77,1306.62,1038.91,267.71,Store
O002367,2025-04-11,C00697,P002,1,5103.35,3862.76,255.17,4848.18,3862.76,985.42,Marketplace
O002368,2025-09-01,C00597,P008,1,952.71,663.0,0.0,952.71,663.0,289.71,Marketplace
O002369,2025-01-12,C00728,P007,2,692.39,399.57,0.0,1384.78,799.14,585.64,Online
O002370,2025-08-27,C00251,P013,2,889.0,519.78,177.8,1600.2,1039.56,560.64,Store
O002371,2025-02-18,C00185,P004,2,825.3,619.33,0.0,1650.6,1238.66,411.94,Online
O002372,2025-02-11,C00254,P002,1,5103.35,3862.76,0.0,5103.35,3862.76,1240.59,Online
O002373,2025-06-15,C00406,P016,1,802.2,467.64,0.0,802.2,467.64,334.56,Online
O002374,2025-03-23,C00463,P002,2,5103.35,3862.76,1020.67,9186.03,7725.52,1460.51,Store
O002375,2025-10-18,C00172,P016,2,802.2,467.64,0.0,1604.4,935.28,669.12,Online
O002376,2025-06-07,C00946,P014,2,746.01,469.1,74.6,1417.42,938.2,479.22,Online
O002377,2025-08-04,C00018,P001,3,12212.51,9280.33,0.0,36637.53,27840.99,8796.54,Online
O002378,2025-06-07,C00061,P004,1,825.3,619.33,0.0,825.3,619.33,205.97,Online
O002379,2025-05-14,C01073,P001,1,12212.51,9280.33,0.0,12212.51,9280.33,2932.18,Online
O002380,2025-03-08,C01019,P009,2,1843.37,1277.0,368.67,3318.07,2554.0,764.07,Online
O002381,2025-12-02,C00851,P001,2,12212.51,9280.33,1221.25,23203.77,18560.66,4643.11,Online
O002382,2025-01-07,C00709,P005,2,3123.65,2355.15,0.0,6247.3,4710.3,1537.0,Online
O002383,2025-01-14,C00253,P010,1,1487.5,884.68,0.0,1487.5,884.68,602.82,Online
O002384,2025-03-14,C01086,P016,1,802.2,467.64,0.0,802.2,467.64,334.56,Online
O002385,2025-06-12,C00835,P007,1,692.39,399.57,34.62,657.77,399.57,258.2,Marketplace
O002386,2025-03-07,C01036,P005,1,3123.65,2355.15,0.0,3123.65,2355.15,768.5,Online
O002387,2025-12-13,C00857,P003,1,1674.13,1006.35,251.12,1423.01,1006.35,416.66,Store
O002388,2025-05-10,C00603,P005,1,3123.65,2355.15,0.0,3123.65,2355.15,768.5,Store
O002389,2025-07-25,C00752,P001,2,12212.51,9280.33,0.0,24425.02,18560.66,5864.36,Online
O002390,2025-10-03,C00810,P014,1,746.01,469.1,74.6,671.41,469.1,202.31,Online
O002391,2025-09-13,C00197,P004,2,825.3,619.33,0.0,1650.6,1238.66,411.94,Store
O002392,2025-09-23,C00087,P007,2,692.39,399.57,0.0,1384.78,799.14,585.64,Store
O002393,2025-01-25,C00740,P013,1,889.0,519.78,44.45,844.55,519.78,324.77,Store
O002394,2025-10-08,C00056,P013,1,889.0,519.78,0.0,889.0,519.78,369.22,Online
O002395,2025-09-10,C00436,P004,3,825.3,619.33,247.59,2228.31,1857.99,370.32,Online
O002396,2025-11-06,C00698,P012,1,1008.95,650.79,0.0,1008.95,650.79,358.16,Online
O002397,2025-10-16,C00894,P004,1,825.3,619.33,82.53,742.77,619.33,123.44,Online
O002398,2025-06-13,C01150,P005,1,3123.65,2355.15,624.73,2498.92,2355.15,143.77,Store
O002399,2025-04-05,C00595,P002,1,5103.35,3862.76,0.0,5103.35,3862.76,1240.59,Online
O002400,2025-09-27,C01081,P015,2,1375.39,1038.91,0.0,2750.78,2077.82,672.96,Online
O002401,2025-11-17,C01127,P005,1,3123.65,2355.15,0.0,3123.65,2355.15,768.5,Online
O002402,2025-04-20,C00255,P002,1,5103.35,3862.76,0.0,5103.35,3862.76,1240.59,Store
O002403,2025-12-02,C00037,P002,1,5103.35,3862.76,1020.67,4082.68,3862.76,219.92,Online
O002404,2025-11-06,C00133,P010,1,1487.5,884.68,0.0,1487.5,884.68,602.82,Online
O002405,2025-08-26,C00928,P009,1,1843.37,1277.0,0.0,1843.37,1277.0,566.37,Store
O002406,2025-01-25,C01174,P014,2,746.01,469.1,74.6,1417.42,938.2,479.22,Online
O002407,2025-05-21,C00608,P015,1,1375.39,1038.91,0.0,1375.39,1038.91,336.48,Online
O002408,2025-04-27,C00750,P013,1,889.0,519.78,44.45,844.55,519.78,324.77,Online
O002409,2025-01-25,C01158,P004,1,825.3,619.33,82.53,742.77,619.33,123.44,Store
O002410,2025-03-20,C01167,P007,3,692.39,399.57,207.72,1869.45,1198.71,670.74,Online
O002411,2025-03-09,C00457,P010,2,1487.5,884.68,297.5,2677.5,1769.36,908.14,Online
O002412,2025-06-22,C01155,P002,1,5103.35,3862.76,255.17,4848.18,3862.76,985.42,Marketplace
O002413,2025-01-12,C00969,P005,1,3123.65,2355.15,0.0,3123.65,2355.15,768.5,Store
O002414,2025-10-15,C00063,P015,1,1375.39,1038.91,0.0,1375.39,1038.91,336.48,Online
O002415,2025-05-08,C00468,P008,1,952.71,663.0,47.64,905.07,663.0,242.07,Marketplace
O002416,2025-04-06,C00500,P005,1,3123.65,2355.15,156.18,2967.47,2355.15,612.32,Online
O002417,2025-04-02,C00584,P001,2,12212.51,9280.33,3663.75,20761.27,18560.66,2200.61,Store
O002418,2025-05-21,C00242,P005,2,3123.65,2355.15,312.36,5934.94,4710.3,1224.64,Online
O002419,2025-01-31,C00062,P005,1,3123.65,2355.15,312.36,2811.29,2355.15,456.14,Online
O002420,2025-11-30,C00301,P014,1,746.01,469.1,0.0,746.01,469.1,276.91,Online
O002421,2025-01-20,C01174,P013,1,889.0,519.78,44.45,844.55,519.78,324.77,Marketplace
O002422,2025-05-26,C00444,P001,1,12212.51,9280.33,1221.25,10991.26,9280.33,1710.93,Online
O002423,2025-11-12,C00299,P007,2,692.39,399.57,0.0,1384.78,799.14,585.64,Online
O002424,2025-06-09,C00247,P009,2,1843.37,1277.0,368.67,3318.07,2554.0,764.07,Online
O002425,2025-12-15,C00306,P008,1,952.71,663.0,95.27,857.44,663.0,194.44,Store
O002426,2025-02-12,C00557,P002,2,5103.35,3862.76,1020.67,9186.03,7725.52,1460.51,Online
O002427,2025-09-11,C00459,P001,1,12212.51,9280.33,1221.25,10991.26,9280.33,1710.93,Online
O002428,2025-05-10,C00801,P013,1,889.0,519.78,0.0,889.0,519.78,369.22,Store
O002429,2025-03-01,C00793,P007,1,692.39,399.57,34.62,657.77,399.57,258.2,Store
O002430,2025-05-31,C00686,P001,1,12212.51,9280.33,0.0,12212.51,9280.33,2932.18,Online
O002431,2025-10-14,C00572,P003,1,1674.13,1006.35,83.71,1590.42,1006.35,584.07,Store
O002432,2025-01-05,C00659,P002,1,5103.35,3862.76,510.34,4593.01,3862.76,730.25,Store
O002433,2025-09-23,C01069,P007,2,692.39,399.57,207.72,1177.06,799.14,377.92,Online
O002434,2025-12-11,C00295,P002,2,5103.35,3862.76,0.0,10206.7,7725.52,2481.18,Online
O002435,2025-05-10,C00035,P016,1,802.2,467.64,40.11,762.09,467.64,294.45,Online
O002436,2025-09-24,C00120,P015,2,1375.39,1038.91,137.54,2613.24,2077.82,535.42,Store
O002437,2025-06-27,C00844,P005,1,3123.65,2355.15,0.0,3123.65,2355.15,768.5,Online
O002438,2025-09-10,C00189,P016,2,802.2,467.64,160.44,1443.96,935.28,508.68,Marketplace
O002439,2025-02-25,C00098,P006,1,3653.72,2501.63,548.06,3105.66,2501.63,604.03,Online
O002440,2025-03-24,C00540,P001,1,12212.51,9280.33,0.0,12212.51,9280.33,2932.18,Online
O002441,2025-04-09,C00138,P007,1,692.39,399.57,0.0,692.39,399.57,292.82,Online
O002442,2025-05-29,C00272,P011,1,487.27,344.29,73.09,414.18,344.29,69.89,Online
O002443,2025-11-25,C00822,P004,1,825.3,619.33,123.79,701.51,619.33,82.18,Online
O002444,2025-06-05,C00420,P006,1,3653.72,2501.63,0.0,3653.72,2501.63,1152.09,Online
O002445,2025-07-09,C00778,P004,1,825.3,619.33,0.0,825.3,619.33,205.97,Store
O002446,2025-09-20,C00651,P005,1,3123.65,2355.15,0.0,3123.65,2355.15,768.5,Marketplace
O002447,2025-03-21,C00771,P004,1,825.3,619.33,0.0,825.3,619.33,205.97,Store
O002448,2025-09-09,C01117,P010,1,1487.5,884.68,74.38,1413.12,884.68,528.44,Store
O002449,2025-04-07,C00346,P011,1,487.27,344.29,48.73,438.54,344.29,94.25,Online
O002450,2025-09-17,C00089,P004,1,825.3,619.33,0.0,825.3,619.33,205.97,Online
O002451,2025-09-17,C00926,P007,2,692.39,399.57,138.48,1246.3,799.14,447.16,Online
O002452,2025-04-13,C01095,P004,3,825.3,619.33,371.38,2104.52,1857.99,246.53,Store
O002453,2025-02-09,C01024,P006,3,3653.72,2501.63,0.0,10961.16,7504.89,3456.27,Store
O002454,2025-09-30,C00189,P016,2,802.2,467.64,80.22,1524.18,935.28,588.9,Store
O002455,2025-04-11,C00210,P007,1,692.39,399.57,103.86,588.53,399.57,188.96,Online
O002456,2025-12-25,C01173,P011,2,487.27,344.29,0.0,974.54,688.58,285.96,Store
O002457,2025-11-04,C00897,P008,2,952.71,663.0,190.54,1714.88,1326.0,388.88,Online
O002458,2025-08-09,C01105,P008,2,952.71,663.0,190.54,1714.88,1326.0,388.88,Online
O002459,2025-11-04,C00653,P014,1,746.01,469.1,0.0,746.01,469.1,276.91,Store
O002460,2025-05-04,C00047,P016,2,802.2,467.64,80.22,1524.18,935.28,588.9,Store
O002461,2025-08-19,C00878,P013,2,889.0,519.78,355.6,1422.4,1039.56,382.84,Online
O002462,2025-06-27,C00126,P013,2,889.0,519.78,0.0,1778.0,1039.56,738.44,Marketplace
O002463,2025-03-04,C01062,P005,2,3123.65,2355.15,0.0,6247.3,4710.3,1537.0,Store
O002464,2025-04-26,C00771,P005,1,3123.65,2355.15,312.36,2811.29,2355.15,456.14,Online
O002465,2025-07-10,C00716,P011,1,487.27,344.29,0.0,487.27,344.29,142.98,Online
O002466,2025-03-03,C00750,P001,2,12212.51,9280.33,0.0,24425.02,18560.66,5864.36,Online
O002467,2025-09-13,C00215,P009,1,1843.37,1277.0,0.0,1843.37,1277.0,566.37,Online
O002468,2025-01-07,C00357,P003,4,1674.13,1006.35,0.0,6696.52,4025.4,2671.12,Online
O002469,2025-06-04,C00936,P002,1,5103.35,3862.76,0.0,5103.35,3862.76,1240.59,Store
O002470,2025-04-02,C00482,P014,1,746.01,469.1,0.0,746.01,469.1,276.91,Store
O002471,2025-01-14,C00034,P006,1,3653.72,2501.63,548.06,3105.66,2501.63,604.03,Store
O002472,2025-08-17,C00070,P008,1,952.71,663.0,0.0,952.71,663.0,289.71,Marketplace
O002473,2025-03-27,C00514,P010,1,1487.5,884.68,0.0,1487.5,884.68,602.82,Online
O002474,2025-05-13,C01049,P003,1,1674.13,1006.35,0.0,1674.13,1006.35,667.78,Online
O002475,2025-07-02,C01118,P015,3,1375.39,1038.91,412.62,3713.55,3116.73,596.82,Online
O002476,2025-03-03,C00904,P003,1,1674.13,1006.35,0.0,1674.13,1006.35,667.78,Store
O002477,2025-08-07,C00823,P015,1,1375.39,1038.91,0.0,1375.39,1038.91,336.48,Store
O002478,2025-09-03,C00383,P001,3,12212.51,9280.33,0.0,36637.53,27840.99,8796.54,Online
O002479,2025-08-18,C00160,P003,2,1674.13,1006.35,167.41,3180.85,2012.7,1168.15,Online
O002480,2025-03-20,C01090,P016,1,802.2,467.64,0.0,802.2,467.64,334.56,Online
O002481,2025-05-29,C00894,P016,2,802.2,467.64,0.0,1604.4,935.28,669.12,Store
O002482,2025-05-18,C00656,P007,1,692.39,399.57,34.62,657.77,399.57,258.2,Store
O002483,2025-11-10,C01090,P011,2,487.27,344.29,0.0,974.54,688.58,285.96,Online
O002484,2025-03-06,C00487,P012,1,1008.95,650.79,0.0,1008.95,650.79,358.16,Online
O002485,2025-01-13,C00739,P013,1,889.0,519.78,44.45,844.55,519.78,324.77,Store
O002486,2025-08-01,C01166,P002,1,5103.35,3862.76,0.0,5103.35,3862.76,1240.59,Online
O002487,2025-08-30,C01110,P006,2,3653.72,2501.63,0.0,7307.44,5003.26,2304.18,Online
O002488,2025-08-01,C00515,P006,3,3653.72,2501.63,0.0,10961.16,7504.89,3456.27,Online
O002489,2025-06-30,C00402,P005,1,3123.65,2355.15,312.36,2811.29,2355.15,456.14,Online
O002490,2025-12-04,C00506,P005,2,3123.65,2355.15,312.36,5934.94,4710.3,1224.64,Store
O002491,2025-06-22,C00802,P008,2,952.71,663.0,0.0,1905.42,1326.0,579.42,Marketplace
O002492,2025-06-09,C01173,P004,1,825.3,619.33,0.0,825.3,619.33,205.97,Online
O002493,2025-06-13,C00672,P006,1,3653.72,2501.63,0.0,3653.72,2501.63,1152.09,Marketplace
O002494,2025-07-07,C00990,P006,3,3653.72,2501.63,0.0,10961.16,7504.89,3456.27,Online
O002495,2025-07-10,C01179,P006,1,3653.72,2501.63,182.69,3471.03,2501.63,969.4,Store
O002496,2025-11-04,C00456,P011,1,487.27,344.29,48.73,438.54,344.29,94.25,Online
O002497,2025-09-13,C00458,P004,1,825.3,619.33,0.0,825.3,619.33,205.97,Online
O002498,2025-07-02,C01003,P009,3,1843.37,1277.0,829.52,4700.59,3831.0,869.59,Online
O002499,2025-04-27,C00033,P011,2,487.27,344.29,97.45,877.09,688.58,188.51,Online
O002500,2025-10-09,C00536,P008,1,952.71,663.0,0.0,952.71,663.0,289.71,Online
O002501,2025-07-15,C01050,P003,3,1674.13,1006.35,0.0,5022.39,3019.05,2003.34,Online
O002502,2025-02-03,C00992,P006,1,3653.72,2501.63,0.0,3653.72,2501.63,1152.09,Store
O002503,2025-02-21,C01192,P008,1,952.71,663.0,0.0,952.71,663.0,289.71,Store
O002504,2025-04-22,C00431,P013,1,889.0,519.78,0.0,889.0,519.78,369.22,Online
O002505,2025-09-09,C00670,P011,1,487.27,344.29,0.0,487.27,344.29,142.98,Online
O002506,2025-03-23,C00440,P014,1,746.01,469.1,74.6,671.41,469.1,202.31,Online
O002507,2025-08-20,C00488,P014,1,746.01,469.1,0.0,746.01,469.1,276.91,Online
O002508,2025-08-15,C00545,P005,2,3123.65,2355.15,312.36,5934.94,4710.3,1224.64,Online
O002509,2025-08-21,C00179,P002,2,5103.35,3862.76,0.0,10206.7,7725.52,2481.18,Online
O002510,2025-08-09,C01084,P004,2,825.3,619.33,0.0,1650.6,1238.66,411.94,Online
O002511,2025-02-11,C00270,P016,1,802.2,467.64,0.0,802.2,467.64,334.56,Online
O002512,2025-01-21,C01054,P012,1,1008.95,650.79,100.9,908.05,650.79,257.26,Marketplace
O002513,2025-02-11,C01142,P014,1,746.01,469.1,111.9,634.11,469.1,165.01,Store
O002514,2025-04-23,C01196,P014,2,746.01,469.1,0.0,1492.02,938.2,553.82,Online
O002515,2025-04-15,C00612,P006,1,3653.72,2501.63,182.69,3471.03,2501.63,969.4,Online
O002516,2025-07-11,C00573,P011,2,487.27,344.29,0.0,974.54,688.58,285.96,Online
O002517,2025-01-17,C00650,P010,1,1487.5,884.68,0.0,1487.5,884.68,602.82,Marketplace
O002518,2025-04-30,C00244,P003,2,1674.13,1006.35,0.0,3348.26,2012.7,1335.56,Online
O002519,2025-05-09,C00279,P001,2,12212.51,9280.33,0.0,24425.02,18560.66,5864.36,Store
O002520,2025-05-10,C00763,P008,1,952.71,663.0,95.27,857.44,663.0,194.44,Online
O002521,2025-03-01,C00485,P005,1,3123.65,2355.15,312.36,2811.29,2355.15,456.14,Marketplace
O002522,2025-02-17,C00238,P011,2,487.27,344.29,0.0,974.54,688.58,285.96,Online
O002523,2025-01-29,C00697,P016,1,802.2,467.64,0.0,802.2,467.64,334.56,Online
O002524,2025-04-07,C01138,P006,2,3653.72,2501.63,0.0,7307.44,5003.26,2304.18,Online
O002525,2025-01-10,C01065,P013,1,889.0,519.78,44.45,844.55,519.78,324.77,Store
O002526,2025-08-30,C00296,P016,3,802.2,467.64,120.33,2286.27,1402.92,883.35,Marketplace
O002527,2025-11-10,C00867,P015,2,1375.39,1038.91,275.08,2475.7,2077.82,397.88,Store
O002528,2025-08-20,C00600,P014,1,746.01,469.1,0.0,746.01,469.1,276.91,Online
O002529,2025-10-04,C01056,P006,3,3653.72,2501.63,0.0,10961.16,7504.89,3456.27,Marketplace
O002530,2025-10-11,C00143,P007,2,692.39,399.57,0.0,1384.78,799.14,585.64,Online
O002531,2025-07-22,C00217,P005,1,3123.65,2355.15,0.0,3123.65,2355.15,768.5,Online
O002532,2025-09-04,C00294,P001,1,12212.51,9280.33,610.63,11601.88,9280.33,2321.55,Online
O002533,2025-10-17,C00017,P003,1,1674.13,1006.35,0.0,1674.13,1006.35,667.78,Online
O002534,2025-09-21,C00418,P015,1,1375.39,1038.91,0.0,1375.39,1038.91,336.48,Store
O002535,2025-08-02,C00828,P003,1,1674.13,1006.35,0.0,1674.13,1006.35,667.78,Online
O002536,2025-07-19,C00717,P016,1,802.2,467.64,0.0,802.2,467.64,334.56,Marketplace
O002537,2025-03-20,C01152,P009,1,1843.37,1277.0,0.0,1843.37,1277.0,566.37,Store
O002538,2025-12-09,C00067,P011,1,487.27,344.29,0.0,487.27,344.29,142.98,Store
O002539,2025-12-10,C00929,P013,2,889.0,519.78,88.9,1689.1,1039.56,649.54,Store
O002540,2025-06-22,C00804,P002,1,5103.35,3862.76,0.0,5103.35,3862.76,1240.59,Online
O002541,2025-03-10,C00248,P016,1,802.2,467.64,0.0,802.2,467.64,334.56,Online
O002542,2025-03-28,C00908,P007,3,692.39,399.57,103.86,1973.31,1198.71,774.6,Marketplace
O002543,2025-04-11,C00060,P011,1,487.27,344.29,0.0,487.27,344.29,142.98,Marketplace
O002544,2025-01-08,C00439,P014,2,746.01,469.1,223.8,1268.22,938.2,330.02,Store
O002545,2025-11-29,C00670,P003,1,1674.13,1006.35,0.0,1674.13,1006.35,667.78,Online
O002546,2025-07-19,C00485,P006,1,3653.72,2501.63,0.0,3653.72,2501.63,1152.09,Marketplace
O002547,2025-03-28,C01183,P007,1,692.39,399.57,103.86,588.53,399.57,188.96,Online
O002548,2025-02-12,C00251,P016,2,802.2,467.64,0.0,1604.4,935.28,669.12,Store
O002549,2025-04-19,C01010,P008,1,952.71,663.0,0.0,952.71,663.0,289.71,Online
O002550,2025-06-01,C00041,P011,1,487.27,344.29,0.0,487.27,344.29,142.98,Store
O002551,2025-01-17,C01021,P004,1,825.3,619.33,0.0,825.3,619.33,205.97,Store
O002552,2025-05-13,C01193,P015,1,1375.39,1038.91,68.77,1306.62,1038.91,267.71,Online
O002553,2025-05-28,C00332,P002,1,5103.35,3862.76,255.17,4848.18,3862.76,985.42,Online
O002554,2025-10-04,C01080,P016,2,802.2,467.64,0.0,1604.4,935.28,669.12,Store
O002555,2025-08-20,C00670,P005,1,3123.65,2355.15,156.18,2967.47,2355.15,612.32,Marketplace
O002556,2025-11-10,C00498,P005,1,3123.65,2355.15,312.36,2811.29,2355.15,456.14,Store
O002557,2025-08-16,C00202,P005,2,3123.65,2355.15,0.0,6247.3,4710.3,1537.0,Store
O002558,2025-05-19,C00112,P007,1,692.39,399.57,69.24,623.15,399.57,223.58,Online
O002559,2025-07-30,C01136,P016,1,802.2,467.64,120.33,681.87,467.64,214.23,Store
O002560,2025-01-28,C01063,P015,1,1375.39,1038.91,0.0,1375.39,1038.91,336.48,Store
O002561,2025-02-20,C00763,P012,1,1008.95,650.79,50.45,958.5,650.79,307.71,Online
O002562,2025-09-18,C00125,P002,1,5103.35,3862.76,0.0,5103.35,3862.76,1240.59,Online
O002563,2025-09-18,C00795,P003,2,1674.13,1006.35,334.83,3013.43,2012.7,1000.73,Online
O002564,2025-12-16,C00225,P015,1,1375.39,1038.91,137.54,1237.85,1038.91,198.94,Online
O002565,2025-12-18,C00431,P003,1,1674.13,1006.35,0.0,1674.13,1006.35,667.78,Online
O002566,2025-01-08,C00714,P001,1,12212.51,9280.33,0.0,12212.51,9280.33,2932.18,Online
O002567,2025-11-16,C01048,P007,1,692.39,399.57,69.24,623.15,399.57,223.58,Marketplace
O002568,2025-05-18,C01181,P014,4,746.01,469.1,0.0,2984.04,1876.4,1107.64,Store
O002569,2025-02-07,C01024,P003,1,1674.13,1006.35,0.0,1674.13,1006.35,667.78,Online
O002570,2025-04-21,C00310,P005,1,3123.65,2355.15,0.0,3123.65,2355.15,768.5,Store
O002571,2025-08-08,C00943,P014,1,746.01,469.1,37.3,708.71,469.1,239.61,Online
O002572,2025-12-03,C00183,P004,1,825.3,619.33,0.0,825.3,619.33,205.97,Online
O002573,2025-08-11,C00371,P002,1,5103.35,3862.76,255.17,4848.18,3862.76,985.42,Online
O002574,2025-05-16,C00703,P015,3,1375.39,1038.91,0.0,4126.17,3116.73,1009.44,Online
O002575,2025-09-13,C00439,P002,1,5103.35,3862.76,0.0,5103.35,3862.76,1240.59,Online
O002576,2025-12-26,C00427,P001,1,12212.51,9280.33,0.0,12212.51,9280.33,2932.18,Store
O002577,2025-11-25,C00618,P004,1,825.3,619.33,82.53,742.77,619.33,123.44,Online
O002578,2025-02-18,C00185,P010,1,1487.5,884.68,74.38,1413.12,884.68,528.44,Online
O002579,2025-10-19,C01075,P005,3,3123.65,2355.15,937.1,8433.85,7065.45,1368.4,Online
O002580,2025-11-20,C00669,P005,1,3123.65,2355.15,0.0,3123.65,2355.15,768.5,Online
O002581,2025-03-19,C00397,P012,4,1008.95,650.79,0.0,4035.8,2603.16,1432.64,Online
O002582,2025-04-15,C00136,P001,2,12212.51,9280.33,0.0,24425.02,18560.66,5864.36,Store
O002583,2025-06-18,C00708,P005,2,3123.65,2355.15,312.36,5934.94,4710.3,1224.64,Store
O002584,2025-08-05,C00200,P008,3,952.71,663.0,0.0,2858.13,1989.0,869.13,Online
O002585,2025-04-29,C00869,P012,1,1008.95,650.79,0.0,1008.95,650.79,358.16,Online
O002586,2025-07-09,C00267,P007,2,692.39,399.57,0.0,1384.78,799.14,585.64,Online
O002587,2025-09-12,C00320,P001,1,12212.51,9280.33,0.0,12212.51,9280.33,2932.18,Online
O002588,2025-09-23,C00253,P012,1,1008.95,650.79,0.0,1008.95,650.79,358.16,Online
O002589,2025-05-29,C00570,P002,1,5103.35,3862.76,255.17,4848.18,3862.76,985.42,Online
O002590,2025-06-13,C00175,P014,1,746.01,469.1,37.3,708.71,469.1,239.61,Online
O002591,2025-05-20,C00267,P005,2,3123.65,2355.15,0.0,6247.3,4710.3,1537.0,Marketplace
O002592,2025-12-13,C00220,P011,1,487.27,344.29,73.09,414.18,344.29,69.89,Online
O002593,2025-09-15,C00016,P008,2,952.71,663.0,190.54,1714.88,1326.0,388.88,Online
O002594,2025-09-26,C00121,P004,1,825.3,619.33,0.0,825.3,619.33,205.97,Marketplace
O002595,2025-06-30,C01017,P015,1,1375.39,1038.91,137.54,1237.85,1038.91,198.94,Online
O002596,2025-06-09,C00133,P012,1,1008.95,650.79,50.45,958.5,650.79,307.71,Marketplace
O002597,2025-12-17,C00762,P010,1,1487.5,884.68,0.0,1487.5,884.68,602.82,Online
O002598,2025-10-15,C00983,P004,1,825.3,619.33,82.53,742.77,619.33,123.44,Online
O002599,2025-10-15,C00006,P004,1,825.3,619.33,0.0,825.3,619.33,205.97,Online
O002600,2025-08-14,C01054,P004,1,825.3,619.33,0.0,825.3,619.33,205.97,Marketplace
O002601,2025-01-11,C00845,P008,1,952.71,663.0,0.0,952.71,663.0,289.71,Store
O002602,2025-01-10,C00185,P016,1,802.2,467.64,0.0,802.2,467.64,334.56,Online
O002603,2025-09-28,C01059,P004,2,825.3,619.33,82.53,1568.07,1238.66,329.41,Online
O002604,2025-09-30,C00304,P001,2,12212.51,9280.33,0.0,24425.02,18560.66,5864.36,Online
O002605,2025-07-02,C00125,P015,1,1375.39,1038.91,0.0,1375.39,1038.91,336.48,Online
O002606,2025-06-02,C00209,P008,1,952.71,663.0,47.64,905.07,663.0,242.07,Online
O002607,2025-11-11,C00098,P010,1,1487.5,884.68,0.0,1487.5,884.68,602.82,Online
O002608,2025-11-30,C00615,P007,2,692.39,399.57,0.0,1384.78,799.14,585.64,Store
O002609,2025-05-04,C00051,P001,1,12212.51,9280.33,0.0,12212.51,9280.33,2932.18,Online
O002610,2025-04-24,C01082,P012,1,1008.95,650.79,50.45,958.5,650.79,307.71,Online
O002611,2025-10-05,C01017,P001,1,12212.51,9280.33,610.63,11601.88,9280.33,2321.55,Online
O002612,2025-08-01,C00411,P013,1,889.0,519.78,88.9,800.1,519.78,280.32,Marketplace
O002613,2025-06-21,C00521,P014,2,746.01,469.1,0.0,1492.02,938.2,553.82,Online
O002614,2025-10-15,C00724,P003,1,1674.13,1006.35,167.41,1506.72,1006.35,500.37,Store
O002615,2025-06-23,C00973,P001,1,12212.51,9280.33,2442.5,9770.01,9280.33,489.68,Online
O002616,2025-04-23,C00872,P004,1,825.3,619.33,0.0,825.3,619.33,205.97,Online
O002617,2025-05-02,C00139,P004,1,825.3,619.33,41.26,784.04,619.33,164.71,Store
O002618,2025-02-01,C00255,P009,1,1843.37,1277.0,92.17,1751.2,1277.0,474.2,Online
O002619,2025-08-10,C00484,P003,2,1674.13,1006.35,167.41,3180.85,2012.7,1168.15,Store
O002620,2025-04-29,C00553,P001,1,12212.51,9280.33,610.63,11601.88,9280.33,2321.55,Store
O002621,2025-02-08,C00649,P006,1,3653.72,2501.63,182.69,3471.03,2501.63,969.4,Online
O002622,2025-09-25,C00610,P016,3,802.2,467.64,0.0,2406.6,1402.92,1003.68,Online
O002623,2025-08-21,C01010,P008,1,952.71,663.0,0.0,952.71,663.0,289.71,Online
O002624,2025-01-18,C00247,P014,1,746.01,469.1,37.3,708.71,469.1,239.61,Online
O002625,2025-05-29,C00842,P013,3,889.0,519.78,0.0,2667.0,1559.34,1107.66,Online
O002626,2025-05-29,C00101,P016,1,802.2,467.64,0.0,802.2,467.64,334.56,Online
O002627,2025-05-06,C00357,P011,1,487.27,344.29,0.0,487.27,344.29,142.98,Store
O002628,2025-10-29,C01056,P010,1,1487.5,884.68,223.12,1264.38,884.68,379.7,Marketplace
O002629,2025-12-26,C00914,P001,1,12212.51,9280.33,1221.25,10991.26,9280.33,1710.93,Online
O002630,2025-08-26,C00883,P005,1,3123.65,2355.15,0.0,3123.65,2355.15,768.5,Online
O002631,2025-05-15,C01108,P006,1,3653.72,2501.63,0.0,3653.72,2501.63,1152.09,Store
O002632,2025-05-31,C00057,P009,1,1843.37,1277.0,276.51,1566.86,1277.0,289.86,Marketplace
O002633,2025-08-24,C00172,P008,1,952.71,663.0,47.64,905.07,663.0,242.07,Online
O002634,2025-08-12,C01051,P015,2,1375.39,1038.91,275.08,2475.7,2077.82,397.88,Online
O002635,2025-07-22,C00911,P001,2,12212.51,9280.33,0.0,24425.02,18560.66,5864.36,Online
O002636,2025-09-13,C00594,P001,2,12212.51,9280.33,2442.5,21982.52,18560.66,3421.86,Marketplace
O002637,2025-03-27,C00818,P009,1,1843.37,1277.0,0.0,1843.37,1277.0,566.37,Store
O002638,2025-05-30,C00925,P012,1,1008.95,650.79,50.45,958.5,650.79,307.71,Online
O002639,2025-08-23,C00902,P012,1,1008.95,650.79,0.0,1008.95,650.79,358.16,Online
O002640,2025-12-11,C00053,P009,1,1843.37,1277.0,0.0,1843.37,1277.0,566.37,Online
O002641,2025-01-22,C00192,P006,2,3653.72,2501.63,0.0,7307.44,5003.26,2304.18,Online
O002642,2025-12-14,C00826,P003,2,1674.13,1006.35,167.41,3180.85,2012.7,1168.15,Marketplace
O002643,2025-10-12,C01047,P016,1,802.2,467.64,40.11,762.09,467.64,294.45,Store
O002644,2025-09-26,C00868,P005,1,3123.65,2355.15,312.36,2811.29,2355.15,456.14,Online
O002645,2025-09-15,C00978,P002,1,5103.35,3862.76,255.17,4848.18,3862.76,985.42,Online
O002646,2025-01-29,C00242,P009,2,1843.37,1277.0,0.0,3686.74,2554.0,1132.74,Online
O002647,2025-08-01,C00231,P012,1,1008.95,650.79,0.0,1008.95,650.79,358.16,Online
O002648,2025-10-10,C00509,P006,1,3653.72,2501.63,182.69,3471.03,2501.63,969.4,Store
O002649,2025-02-19,C01133,P008,1,952.71,663.0,0.0,952.71,663.0,289.71,Online
O002650,2025-04-05,C00943,P013,1,889.0,519.78,44.45,844.55,519.78,324.77,Store
O002651,2025-03-29,C00864,P010,2,1487.5,884.68,0.0,2975.0,1769.36,1205.64,Online
O002652,2025-02-13,C00543,P014,1,746.01,469.1,0.0,746.01,469.1,276.91,Online
O002653,2025-10-05,C00133,P015,1,1375.39,1038.91,68.77,1306.62,1038.91,267.71,Online
O002654,2025-06-20,C00292,P006,4,3653.72,2501.63,0.0,14614.88,10006.52,4608.36,Store
O002655,2025-07-08,C00833,P009,1,1843.37,1277.0,0.0,1843.37,1277.0,566.37,Online
O002656,2025-12-19,C01176,P008,1,952.71,663.0,0.0,952.71,663.0,289.71,Store
O002657,2025-07-03,C00467,P002,2,5103.35,3862.76,0.0,10206.7,7725.52,2481.18,Online
O002658,2025-01-03,C00983,P005,4,3123.65,2355.15,1249.46,11245.14,9420.6,1824.54,Online
O002659,2025-07-10,C01180,P003,1,1674.13,1006.35,83.71,1590.42,1006.35,584.07,Online
O002660,2025-04-28,C00615,P003,1,1674.13,1006.35,167.41,1506.72,1006.35,500.37,Online
O002661,2025-01-19,C00509,P012,1,1008.95,650.79,201.79,807.16,650.79,156.37,Online
O002662,2025-01-23,C00335,P007,2,692.39,399.57,0.0,1384.78,799.14,585.64,Online
O002663,2025-01-30,C00835,P001,1,12212.51,9280.33,2442.5,9770.01,9280.33,489.68,Online
O002664,2025-10-22,C00522,P011,1,487.27,344.29,0.0,487.27,344.29,142.98,Online
O002665,2025-04-18,C00045,P006,1,3653.72,2501.63,548.06,3105.66,2501.63,604.03,Store
O002666,2025-10-08,C01015,P005,1,3123.65,2355.15,156.18,2967.47,2355.15,612.32,Online
O002667,2025-05-08,C00065,P007,2,692.39,399.57,0.0,1384.78,799.14,585.64,Store
O002668,2025-08-17,C00853,P013,2,889.0,519.78,0.0,1778.0,1039.56,738.44,Store
O002669,2025-04-21,C00134,P005,2,3123.65,2355.15,312.36,5934.94,4710.3,1224.64,Online
O002670,2025-05-16,C01120,P002,1,5103.35,3862.76,765.5,4337.85,3862.76,475.09,Store
O002671,2025-12-28,C00821,P015,2,1375.39,1038.91,0.0,2750.78,2077.82,672.96,Online
O002672,2025-07-05,C00907,P009,1,1843.37,1277.0,184.34,1659.03,1277.0,382.03,Online
O002673,2025-05-24,C00464,P011,1,487.27,344.29,73.09,414.18,344.29,69.89,Online
O002674,2025-03-13,C00543,P014,1,746.01,469.1,0.0,746.01,469.1,276.91,Store
O002675,2025-05-09,C00510,P013,2,889.0,519.78,0.0,1778.0,1039.56,738.44,Online
O002676,2025-12-30,C01038,P013,1,889.0,519.78,44.45,844.55,519.78,324.77,Store
O002677,2025-09-18,C00671,P011,1,487.27,344.29,97.45,389.82,344.29,45.53,Store
O002678,2025-01-03,C00101,P004,1,825.3,619.33,0.0,825.3,619.33,205.97,Online
O002679,2025-04-14,C00370,P002,2,5103.35,3862.76,1020.67,9186.03,7725.52,1460.51,Marketplace
O002680,2025-08-12,C00505,P013,2,889.0,519.78,0.0,1778.0,1039.56,738.44,Online
O002681,2025-11-16,C00972,P003,1,1674.13,1006.35,83.71,1590.42,1006.35,584.07,Online
O002682,2025-12-28,C01102,P013,1,889.0,519.78,0.0,889.0,519.78,369.22,Online
O002683,2025-12-20,C00258,P004,1,825.3,619.33,0.0,825.3,619.33,205.97,Online
O002684,2025-01-10,C00115,P013,1,889.0,519.78,0.0,889.0,519.78,369.22,Online
O002685,2025-10-29,C01173,P010,2,1487.5,884.68,0.0,2975.0,1769.36,1205.64,Marketplace
O002686,2025-08-19,C00513,P006,1,3653.72,2501.63,548.06,3105.66,2501.63,604.03,Marketplace
O002687,2025-08-07,C00562,P014,1,746.01,469.1,0.0,746.01,469.1,276.91,Online
O002688,2025-03-07,C00893,P009,1,1843.37,1277.0,184.34,1659.03,1277.0,382.03,Marketplace
O002689,2025-04-22,C00645,P014,2,746.01,469.1,0.0,1492.02,938.2,553.82,Online
O002690,2025-01-13,C01101,P001,1,12212.51,9280.33,1221.25,10991.26,9280.33,1710.93,Online
O002691,2025-03-27,C00654,P008,1,952.71,663.0,0.0,952.71,663.0,289.71,Online
O002692,2025-08-22,C00871,P005,1,3123.65,2355.15,312.36,2811.29,2355.15,456.14,Online
O002693,2025-03-31,C00829,P013,2,889.0,519.78,177.8,1600.2,1039.56,560.64,Online
O002694,2025-11-10,C00858,P011,2,487.27,344.29,0.0,974.54,688.58,285.96,Online
O002695,2025-02-23,C00685,P012,1,1008.95,650.79,0.0,1008.95,650.79,358.16,Store
O002696,2025-01-12,C00872,P006,2,3653.72,2501.63,0.0,7307.44,5003.26,2304.18,Online
O002697,2025-07-28,C00371,P015,1,1375.39,1038.91,137.54,1237.85,1038.91,198.94,Store
O002698,2025-01-14,C00971,P010,1,1487.5,884.68,148.75,1338.75,884.68,454.07,Online
O002699,2025-05-01,C00800,P001,1,12212.51,9280.33,0.0,12212.51,9280.33,2932.18,Store
O002700,2025-01-20,C00205,P003,1,1674.13,1006.35,334.83,1339.3,1006.35,332.95,Online
O002701,2025-03-16,C00515,P013,4,889.0,519.78,0.0,3556.0,2079.12,1476.88,Marketplace
O002702,2025-08-31,C01100,P001,1,12212.51,9280.33,610.63,11601.88,9280.33,2321.55,Marketplace
O002703,2025-08-11,C00986,P016,4,802.2,467.64,0.0,3208.8,1870.56,1338.24,Store
O002704,2025-03-11,C00355,P012,1,1008.95,650.79,100.9,908.05,650.79,257.26,Online
O002705,2025-11-08,C00560,P015,1,1375.39,1038.91,68.77,1306.62,1038.91,267.71,Store
O002706,2025-07-30,C00337,P014,1,746.01,469.1,37.3,708.71,469.1,239.61,Marketplace
O002707,2025-04-11,C00110,P007,1,692.39,399.57,0.0,692.39,399.57,292.82,Store
O002708,2025-07-05,C00981,P011,1,487.27,344.29,0.0,487.27,344.29,142.98,Online
O002709,2025-05-12,C00791,P002,1,5103.35,3862.76,0.0,5103.35,3862.76,1240.59,Store
O002710,2025-04-21,C00346,P012,4,1008.95,650.79,605.37,3430.43,2603.16,827.27,Online
O002711,2025-05-12,C00262,P004,1,825.3,619.33,41.26,784.04,619.33,164.71,Online
O002712,2025-01-20,C00665,P009,1,1843.37,1277.0,184.34,1659.03,1277.0,382.03,Marketplace
O002713,2025-01-24,C00097,P002,1,5103.35,3862.76,0.0,5103.35,3862.76,1240.59,Online
O002714,2025-08-15,C00753,P010,1,1487.5,884.68,0.0,1487.5,884.68,602.82,Online
O002715,2025-06-03,C00404,P003,1,1674.13,1006.35,251.12,1423.01,1006.35,416.66,Online
O002716,2025-10-20,C00917,P010,2,1487.5,884.68,148.75,2826.25,1769.36,1056.89,Store
O002717,2025-08-18,C01007,P003,1,1674.13,1006.35,251.12,1423.01,1006.35,416.66,Online
O002718,2025-11-06,C00423,P008,1,952.71,663.0,47.64,905.07,663.0,242.07,Store
O002719,2025-12-25,C00341,P016,1,802.2,467.64,0.0,802.2,467.64,334.56,Store
O002720,2025-07-21,C01104,P013,2,889.0,519.78,177.8,1600.2,1039.56,560.64,Store
O002721,2025-02-07,C00725,P001,1,12212.51,9280.33,0.0,12212.51,9280.33,2932.18,Store
O002722,2025-09-17,C00793,P008,2,952.71,663.0,0.0,1905.42,1326.0,579.42,Store
O002723,2025-07-07,C00399,P002,1,5103.35,3862.76,1020.67,4082.68,3862.76,219.92,Marketplace
O002724,2025-02-26,C00666,P005,1,3123.65,2355.15,312.36,2811.29,2355.15,456.14,Online
O002725,2025-01-20,C00471,P010,1,1487.5,884.68,148.75,1338.75,884.68,454.07,Store
O002726,2025-09-30,C00213,P003,2,1674.13,1006.35,0.0,3348.26,2012.7,1335.56,Online
O002727,2025-04-29,C00587,P003,2,1674.13,1006.35,0.0,3348.26,2012.7,1335.56,Online
O002728,2025-03-12,C00521,P009,3,1843.37,1277.0,829.52,4700.59,3831.0,869.59,Online
O002729,2025-01-04,C00876,P002,2,5103.35,3862.76,0.0,10206.7,7725.52,2481.18,Online
O002730,2025-08-09,C00741,P003,1,1674.13,1006.35,83.71,1590.42,1006.35,584.07,Online
O002731,2025-01-14,C01132,P004,1,825.3,619.33,41.26,784.04,619.33,164.71,Store
O002732,2025-01-03,C00657,P008,1,952.71,663.0,0.0,952.71,663.0,289.71,Online
O002733,2025-08-04,C01029,P009,2,1843.37,1277.0,184.34,3502.4,2554.0,948.4,Store
O002734,2025-08-17,C01164,P014,4,746.01,469.1,0.0,2984.04,1876.4,1107.64,Store
O002735,2025-12-02,C00125,P010,4,1487.5,884.68,0.0,5950.0,3538.72,2411.28,Online
O002736,2025-07-05,C00273,P016,1,802.2,467.64,80.22,721.98,467.64,254.34,Store
O002737,2025-02-24,C00520,P013,1,889.0,519.78,88.9,800.1,519.78,280.32,Store
O002738,2025-09-11,C01107,P013,2,889.0,519.78,0.0,1778.0,1039.56,738.44,Online
O002739,2025-01-24,C00418,P008,1,952.71,663.0,0.0,952.71,663.0,289.71,Online
O002740,2025-06-11,C01164,P004,1,825.3,619.33,0.0,825.3,619.33,205.97,Online
O002741,2025-06-07,C01126,P016,1,802.2,467.64,120.33,681.87,467.64,214.23,Online
O002742,2025-03-23,C01161,P007,4,692.39,399.57,0.0,2769.56,1598.28,1171.28,Online
O002743,2025-06-08,C00102,P007,1,692.39,399.57,0.0,692.39,399.57,292.82,Store
O002744,2025-07-07,C00031,P006,1,3653.72,2501.63,365.37,3288.35,2501.63,786.72,Online
O002745,2025-03-01,C01070,P013,1,889.0,519.78,0.0,889.0,519.78,369.22,Online
O002746,2025-11-01,C00062,P016,2,802.2,467.64,0.0,1604.4,935.28,669.12,Online
O002747,2025-11-15,C00606,P007,1,692.39,399.57,69.24,623.15,399.57,223.58,Online
O002748,2025-07-30,C00482,P010,3,1487.5,884.68,223.12,4239.38,2654.04,1585.34,Online
O002749,2025-06-01,C00175,P002,2,5103.35,3862.76,0.0,10206.7,7725.52,2481.18,Store
O002750,2025-04-19,C01128,P005,1,3123.65,2355.15,0.0,3123.65,2355.15,768.5,Store
O002751,2025-03-17,C00648,P004,1,825.3,619.33,0.0,825.3,619.33,205.97,Store
O002752,2025-01-30,C00035,P015,2,1375.39,1038.91,0.0,2750.78,2077.82,672.96,Online
O002753,2025-11-10,C00758,P009,3,1843.37,1277.0,829.52,4700.59,3831.0,869.59,Online
O002754,2025-04-27,C00897,P003,1,1674.13,1006.35,251.12,1423.01,1006.35,416.66,Online
O002755,2025-12-22,C00887,P013,1,889.0,519.78,0.0,889.0,519.78,369.22,Online
O002756,2025-07-11,C00805,P012,1,1008.95,650.79,0.0,1008.95,650.79,358.16,Online
O002757,2025-01-19,C00461,P010,1,1487.5,884.68,0.0,1487.5,884.68,602.82,Online
O002758,2025-06-22,C00817,P009,2,1843.37,1277.0,0.0,3686.74,2554.0,1132.74,Online
O002759,2025-08-16,C00031,P012,2,1008.95,650.79,201.79,1816.11,1301.58,514.53,Online
O002760,2025-12-16,C01123,P007,1,692.39,399.57,0.0,692.39,399.57,292.82,Online
O002761,2025-07-02,C01163,P013,1,889.0,519.78,44.45,844.55,519.78,324.77,Store
O002762,2025-04-23,C01082,P008,1,952.71,663.0,47.64,905.07,663.0,242.07,Online
O002763,2025-07-02,C01159,P004,1,825.3,619.33,165.06,660.24,619.33,40.91,Store
O002764,2025-05-26,C00994,P003,1,1674.13,1006.35,0.0,1674.13,1006.35,667.78,Online
O002765,2025-11-15,C00370,P012,1,1008.95,650.79,0.0,1008.95,650.79,358.16,Online
O002766,2025-04-26,C00773,P001,2,12212.51,9280.33,0.0,24425.02,18560.66,5864.36,Online
O002767,2025-04-23,C00179,P005,1,3123.65,2355.15,156.18,2967.47,2355.15,612.32,Marketplace
O002768,2025-09-08,C00931,P006,1,3653.72,2501.63,0.0,3653.72,2501.63,1152.09,Online
O002769,2025-09-08,C00012,P012,3,1008.95,650.79,454.03,2572.82,1952.37,620.45,Store
O002770,2025-10-30,C00740,P011,1,487.27,344.29,97.45,389.82,344.29,45.53,Online
O002771,2025-11-09,C00997,P015,1,1375.39,1038.91,0.0,1375.39,1038.91,336.48,Store
O002772,2025-04-28,C01000,P010,1,1487.5,884.68,0.0,1487.5,884.68,602.82,Online
O002773,2025-10-28,C01110,P005,1,3123.65,2355.15,156.18,2967.47,2355.15,612.32,Online
O002774,2025-06-10,C00283,P014,1,746.01,469.1,0.0,746.01,469.1,276.91,Online
O002775,2025-07-17,C00978,P011,1,487.27,344.29,0.0,487.27,344.29,142.98,Online
O002776,2025-09-17,C00542,P012,1,1008.95,650.79,0.0,1008.95,650.79,358.16,Store
O002777,2025-05-28,C00710,P010,1,1487.5,884.68,148.75,1338.75,884.68,454.07,Online
O002778,2025-08-28,C00892,P005,1,3123.65,2355.15,156.18,2967.47,2355.15,612.32,Online
O002779,2025-02-16,C00752,P016,2,802.2,467.64,80.22,1524.18,935.28,588.9,Online
O002780,2025-07-17,C00102,P003,1,1674.13,1006.35,0.0,1674.13,1006.35,667.78,Store
O002781,2025-02-16,C00701,P014,1,746.01,469.1,0.0,746.01,469.1,276.91,Online
O002782,2025-03-19,C00279,P009,2,1843.37,1277.0,0.0,3686.74,2554.0,1132.74,Online
O002783,2025-05-04,C00334,P011,2,487.27,344.29,97.45,877.09,688.58,188.51,Online
O002784,2025-03-16,C00120,P003,1,1674.13,1006.35,83.71,1590.42,1006.35,584.07,Marketplace
O002785,2025-12-25,C01059,P006,1,3653.72,2501.63,0.0,3653.72,2501.63,1152.09,Online
O002786,2025-05-17,C00185,P005,4,3123.65,2355.15,0.0,12494.6,9420.6,3074.0,Marketplace
O002787,2025-03-31,C01111,P012,1,1008.95,650.79,0.0,1008.95,650.79,358.16,Store
O002788,2025-11-21,C01152,P002,1,5103.35,3862.76,255.17,4848.18,3862.76,985.42,Marketplace
O002789,2025-03-02,C00365,P015,2,1375.39,1038.91,0.0,2750.78,2077.82,672.96,Store
O002790,2025-05-18,C00177,P011,1,487.27,344.29,0.0,487.27,344.29,142.98,Store
O002791,2025-02-19,C00743,P008,3,952.71,663.0,285.81,2572.32,1989.0,583.32,Online
O002792,2025-09-16,C01167,P005,1,3123.65,2355.15,0.0,3123.65,2355.15,768.5,Online
O002793,2025-04-17,C00882,P011,2,487.27,344.29,0.0,974.54,688.58,285.96,Online
O002794,2025-04-23,C00178,P010,1,1487.5,884.68,0.0,1487.5,884.68,602.82,Online
O002795,2025-12-16,C00289,P015,1,1375.39,1038.91,68.77,1306.62,1038.91,267.71,Online
O002796,2025-09-11,C00845,P012,1,1008.95,650.79,0.0,1008.95,650.79,358.16,Marketplace
O002797,2025-04-28,C00237,P014,2,746.01,469.1,0.0,1492.02,938.2,553.82,Online
O002798,2025-07-17,C01055,P005,3,3123.65,2355.15,0.0,9370.95,7065.45,2305.5,Online
O002799,2025-12-03,C01103,P003,1,1674.13,1006.35,167.41,1506.72,1006.35,500.37,Store
O002800,2025-12-31,C00073,P009,1,1843.37,1277.0,0.0,1843.37,1277.0,566.37,Store
O002801,2025-02-20,C00826,P008,2,952.71,663.0,0.0,1905.42,1326.0,579.42,Store
O002802,2025-09-02,C00437,P012,1,1008.95,650.79,0.0,1008.95,650.79,358.16,Store
O002803,2025-02-04,C00496,P011,2,487.27,344.29,0.0,974.54,688.58,285.96,Online
O002804,2025-10-29,C00831,P009,3,1843.37,1277.0,0.0,5530.11,3831.0,1699.11,Store
O002805,2025-03-10,C00918,P007,1,692.39,399.57,0.0,692.39,399.57,292.82,Store
O002806,2025-12-15,C00515,P010,3,1487.5,884.68,0.0,4462.5,2654.04,1808.46,Online
O002807,2025-11-16,C00363,P011,2,487.27,344.29,0.0,974.54,688.58,285.96,Marketplace
O002808,2025-02-18,C00611,P013,3,889.0,519.78,0.0,2667.0,1559.34,1107.66,Online
O002809,2025-03-15,C00109,P015,2,1375.39,1038.91,412.62,2338.16,2077.82,260.34,Store
O002810,2025-07-11,C00806,P012,1,1008.95,650.79,0.0,1008.95,650.79,358.16,Online
O002811,2025-09-18,C00814,P006,1,3653.72,2501.63,0.0,3653.72,2501.63,1152.09,Store
O002812,2025-12-22,C00070,P011,2,487.27,344.29,0.0,974.54,688.58,285.96,Online
O002813,2025-03-11,C00634,P001,1,12212.51,9280.33,610.63,11601.88,9280.33,2321.55,Store
O002814,2025-03-31,C00205,P003,4,1674.13,1006.35,0.0,6696.52,4025.4,2671.12,Online
O002815,2025-09-17,C00795,P004,1,825.3,619.33,41.26,784.04,619.33,164.71,Online
O002816,2025-05-06,C00605,P015,2,1375.39,1038.91,0.0,2750.78,2077.82,672.96,Store
O002817,2025-08-19,C00345,P001,1,12212.51,9280.33,610.63,11601.88,9280.33,2321.55,Marketplace
O002818,2025-10-22,C00646,P009,2,1843.37,1277.0,0.0,3686.74,2554.0,1132.74,Online
O002819,2025-05-09,C00002,P003,1,1674.13,1006.35,0.0,1674.13,1006.35,667.78,Marketplace
O002820,2025-10-07,C01159,P012,2,1008.95,650.79,0.0,2017.9,1301.58,716.32,Online
O002821,2025-11-09,C00856,P002,1,5103.35,3862.76,0.0,5103.35,3862.76,1240.59,Online
O002822,2025-04-10,C00375,P012,3,1008.95,650.79,151.34,2875.51,1952.37,923.14,Store
O002823,2025-11-22,C00532,P015,1,1375.39,1038.91,68.77,1306.62,1038.91,267.71,Online
O002824,2025-10-24,C00579,P002,3,5103.35,3862.76,0.0,15310.05,11588.28,3721.77,Store
O002825,2025-07-01,C00392,P005,1,3123.65,2355.15,156.18,2967.47,2355.15,612.32,Marketplace
O002826,2025-06-23,C00750,P001,3,12212.51,9280.33,1831.88,34805.65,27840.99,6964.66,Store
O002827,2025-11-12,C00099,P001,4,12212.51,9280.33,0.0,48850.04,37121.32,11728.72,Store
O002828,2025-12-30,C00443,P010,2,1487.5,884.68,0.0,2975.0,1769.36,1205.64,Store
O002829,2025-07-07,C01186,P004,1,825.3,619.33,0.0,825.3,619.33,205.97,Marketplace
O002830,2025-02-26,C00440,P014,1,746.01,469.1,37.3,708.71,469.1,239.61,Marketplace
O002831,2025-01-31,C00583,P003,1,1674.13,1006.35,0.0,1674.13,1006.35,667.78,Online
O002832,2025-03-25,C00193,P008,4,952.71,663.0,0.0,3810.84,2652.0,1158.84,Online
O002833,2025-06-01,C00357,P012,1,1008.95,650.79,100.9,908.05,650.79,257.26,Marketplace
O002834,2025-02-05,C01162,P011,1,487.27,344.29,0.0,487.27,344.29,142.98,Online
O002835,2025-08-01,C00122,P014,3,746.01,469.1,111.9,2126.13,1407.3,718.83,Online
O002836,2025-12-30,C00040,P013,1,889.0,519.78,133.35,755.65,519.78,235.87,Marketplace
O002837,2025-04-16,C01122,P002,1,5103.35,3862.76,0.0,5103.35,3862.76,1240.59,Online
O002838,2025-12-08,C00539,P002,2,5103.35,3862.76,1020.67,9186.03,7725.52,1460.51,Marketplace
O002839,2025-08-08,C01026,P009,2,1843.37,1277.0,0.0,3686.74,2554.0,1132.74,Store
O002840,2025-06-12,C00447,P007,1,692.39,399.57,0.0,692.39,399.57,292.82,Online
O002841,2025-08-08,C00768,P008,1,952.71,663.0,0.0,952.71,663.0,289.71,Online
O002842,2025-09-27,C00322,P011,1,487.27,344.29,0.0,487.27,344.29,142.98,Online
O002843,2025-04-30,C00023,P003,1,1674.13,1006.35,334.83,1339.3,1006.35,332.95,Online
O002844,2025-12-02,C00267,P013,1,889.0,519.78,0.0,889.0,519.78,369.22,Online
O002845,2025-07-01,C00377,P002,1,5103.35,3862.76,255.17,4848.18,3862.76,985.42,Online
O002846,2025-04-16,C00307,P008,2,952.71,663.0,0.0,1905.42,1326.0,579.42,Store
O002847,2025-08-05,C00143,P001,2,12212.51,9280.33,0.0,24425.02,18560.66,5864.36,Online
O002848,2025-07-24,C00864,P002,1,5103.35,3862.76,0.0,5103.35,3862.76,1240.59,Store
O002849,2025-03-11,C01108,P014,1,746.01,469.1,0.0,746.01,469.1,276.91,Online
O002850,2025-02-13,C00239,P003,1,1674.13,1006.35,0.0,1674.13,1006.35,667.78,Store
O002851,2025-11-25,C00014,P010,2,1487.5,884.68,0.0,2975.0,1769.36,1205.64,Marketplace
O002852,2025-10-28,C00935,P011,2,487.27,344.29,194.91,779.63,688.58,91.05,Online
O002853,2025-08-16,C01113,P015,1,1375.39,1038.91,68.77,1306.62,1038.91,267.71,Online
O002854,2025-07-03,C00351,P014,1,746.01,469.1,0.0,746.01,469.1,276.91,Online
O002855,2025-04-17,C00493,P014,1,746.01,469.1,74.6,671.41,469.1,202.31,Store
O002856,2025-03-25,C00290,P015,1,1375.39,1038.91,0.0,1375.39,1038.91,336.48,Online
O002857,2025-12-04,C00947,P015,2,1375.39,1038.91,137.54,2613.24,2077.82,535.42,Online
O002858,2025-09-07,C00912,P004,1,825.3,619.33,0.0,825.3,619.33,205.97,Online
O002859,2025-12-29,C01128,P001,1,12212.51,9280.33,0.0,12212.51,9280.33,2932.18,Marketplace
O002860,2025-01-21,C00203,P006,1,3653.72,2501.63,548.06,3105.66,2501.63,604.03,Online
O002861,2025-07-15,C00255,P016,2,802.2,467.64,80.22,1524.18,935.28,588.9,Online
O002862,2025-06-27,C00889,P004,2,825.3,619.33,0.0,1650.6,1238.66,411.94,Online
O002863,2025-01-07,C00761,P011,1,487.27,344.29,0.0,487.27,344.29,142.98,Online
O002864,2025-03-11,C00641,P015,2,1375.39,1038.91,0.0,2750.78,2077.82,672.96,Store
O002865,2025-05-07,C00193,P013,1,889.0,519.78,0.0,889.0,519.78,369.22,Online
O002866,2025-06-09,C00696,P008,1,952.71,663.0,95.27,857.44,663.0,194.44,Store
O002867,2025-09-05,C00443,P003,1,1674.13,1006.35,0.0,1674.13,1006.35,667.78,Marketplace
O002868,2025-07-22,C01042,P016,2,802.2,467.64,160.44,1443.96,935.28,508.68,Online
O002869,2025-05-28,C00637,P002,1,5103.35,3862.76,1020.67,4082.68,3862.76,219.92,Online
O002870,2025-05-23,C00977,P006,1,3653.72,2501.63,0.0,3653.72,2501.63,1152.09,Online
O002871,2025-07-18,C00604,P005,1,3123.65,2355.15,312.36,2811.29,2355.15,456.14,Online
O002872,2025-06-03,C00319,P002,1,5103.35,3862.76,0.0,5103.35,3862.76,1240.59,Online
O002873,2025-05-22,C00571,P007,2,692.39,399.57,207.72,1177.06,799.14,377.92,Store
O002874,2025-11-09,C00225,P003,1,1674.13,1006.35,251.12,1423.01,1006.35,416.66,Online
O002875,2025-06-14,C00402,P001,1,12212.51,9280.33,610.63,11601.88,9280.33,2321.55,Store
O002876,2025-11-10,C00262,P002,1,5103.35,3862.76,1020.67,4082.68,3862.76,219.92,Online
O002877,2025-01-21,C00306,P008,2,952.71,663.0,0.0,1905.42,1326.0,579.42,Online
O002878,2025-03-23,C00736,P005,2,3123.65,2355.15,0.0,6247.3,4710.3,1537.0,Online
O002879,2025-03-10,C00398,P002,2,5103.35,3862.76,1020.67,9186.03,7725.52,1460.51,Online
O002880,2025-05-11,C00856,P011,2,487.27,344.29,0.0,974.54,688.58,285.96,Online
O002881,2025-03-28,C00006,P002,1,5103.35,3862.76,510.34,4593.01,3862.76,730.25,Online
O002882,2025-08-06,C00902,P015,1,1375.39,1038.91,0.0,1375.39,1038.91,336.48,Online
O002883,2025-11-01,C01101,P008,1,952.71,663.0,0.0,952.71,663.0,289.71,Online
O002884,2025-12-11,C00332,P003,1,1674.13,1006.35,167.41,1506.72,1006.35,500.37,Store
O002885,2025-12-07,C00152,P016,1,802.2,467.64,80.22,721.98,467.64,254.34,Online
O002886,2025-06-10,C00326,P007,1,692.39,399.57,69.24,623.15,399.57,223.58,Online
O002887,2025-06-27,C01109,P009,1,1843.37,1277.0,0.0,1843.37,1277.0,566.37,Online
O002888,2025-04-27,C01163,P003,2,1674.13,1006.35,0.0,3348.26,2012.7,1335.56,Online
O002889,2025-07-15,C00998,P001,1,12212.51,9280.33,0.0,12212.51,9280.33,2932.18,Online
O002890,2025-11-23,C00755,P014,2,746.01,469.1,223.8,1268.22,938.2,330.02,Online
O002891,2025-03-27,C00084,P013,1,889.0,519.78,0.0,889.0,519.78,369.22,Online
O002892,2025-10-16,C01169,P013,1,889.0,519.78,0.0,889.0,519.78,369.22,Online
O002893,2025-03-22,C00522,P010,1,1487.5,884.68,0.0,1487.5,884.68,602.82,Online
O002894,2025-06-01,C00403,P010,1,1487.5,884.68,0.0,1487.5,884.68,602.82,Online
O002895,2025-03-02,C00854,P012,1,1008.95,650.79,50.45,958.5,650.79,307.71,Online
O002896,2025-03-02,C00930,P007,1,692.39,399.57,0.0,692.39,399.57,292.82,Online
O002897,2025-12-20,C00241,P003,1,1674.13,1006.35,0.0,1674.13,1006.35,667.78,Online
O002898,2025-01-28,C00842,P005,3,3123.65,2355.15,468.55,8902.4,7065.45,1836.95,Marketplace
O002899,2025-02-12,C01137,P011,1,487.27,344.29,0.0,487.27,344.29,142.98,Store
O002900,2025-06-18,C01052,P002,1,5103.35,3862.76,0.0,5103.35,3862.76,1240.59,Marketplace
O002901,2025-03-27,C00201,P014,1,746.01,469.1,0.0,746.01,469.1,276.91,Online
O002902,2025-06-26,C00174,P013,1,889.0,519.78,0.0,889.0,519.78,369.22,Online
O002903,2025-01-17,C00491,P005,2,3123.65,2355.15,937.1,5310.2,4710.3,599.9,Online
O002904,2025-04-08,C00944,P006,2,3653.72,2501.63,365.37,6942.07,5003.26,1938.81,Online
O002905,2025-07-17,C00484,P008,1,952.71,663.0,142.91,809.8,663.0,146.8,Marketplace
O002906,2025-04-08,C00072,P008,1,952.71,663.0,47.64,905.07,663.0,242.07,Online
O002907,2025-03-06,C01084,P016,1,802.2,467.64,0.0,802.2,467.64,334.56,Store
O002908,2025-11-26,C00758,P015,2,1375.39,1038.91,0.0,2750.78,2077.82,672.96,Store
O002909,2025-12-07,C00551,P016,1,802.2,467.64,0.0,802.2,467.64,334.56,Online
O002910,2025-01-05,C00550,P011,3,487.27,344.29,0.0,1461.81,1032.87,428.94,Online
O002911,2025-01-02,C00760,P016,4,802.2,467.64,0.0,3208.8,1870.56,1338.24,Online
O002912,2025-01-22,C01030,P013,3,889.0,519.78,0.0,2667.0,1559.34,1107.66,Online
O002913,2025-04-22,C00575,P005,1,3123.65,2355.15,0.0,3123.65,2355.15,768.5,Online
O002914,2025-02-26,C01097,P001,1,12212.51,9280.33,1831.88,10380.63,9280.33,1100.3,Marketplace
O002915,2025-03-07,C00628,P003,2,1674.13,1006.35,0.0,3348.26,2012.7,1335.56,Online
O002916,2025-11-26,C00293,P011,2,487.27,344.29,0.0,974.54,688.58,285.96,Online
O002917,2025-04-08,C00619,P015,1,1375.39,1038.91,137.54,1237.85,1038.91,198.94,Online
O002918,2025-05-24,C00929,P009,1,1843.37,1277.0,0.0,1843.37,1277.0,566.37,Store
O002919,2025-05-05,C00244,P009,1,1843.37,1277.0,0.0,1843.37,1277.0,566.37,Store
O002920,2025-06-16,C00108,P009,1,1843.37,1277.0,92.17,1751.2,1277.0,474.2,Online
O002921,2025-03-27,C00323,P014,2,746.01,469.1,0.0,1492.02,938.2,553.82,Online
O002922,2025-03-17,C00633,P007,2,692.39,399.57,0.0,1384.78,799.14,585.64,Online
O002923,2025-12-10,C00451,P015,1,1375.39,1038.91,206.31,1169.08,1038.91,130.17,Store
O002924,2025-10-21,C00038,P001,1,12212.51,9280.33,610.63,11601.88,9280.33,2321.55,Online
O002925,2025-02-28,C01088,P012,3,1008.95,650.79,0.0,3026.85,1952.37,1074.48,Online
O002926,2025-05-18,C00755,P015,1,1375.39,1038.91,206.31,1169.08,1038.91,130.17,Online
O002927,2025-04-09,C00321,P007,1,692.39,399.57,103.86,588.53,399.57,188.96,Online
O002928,2025-07-11,C00361,P014,2,746.01,469.1,0.0,1492.02,938.2,553.82,Online
O002929,2025-08-31,C00547,P016,1,802.2,467.64,0.0,802.2,467.64,334.56,Online
O002930,2025-11-15,C00336,P001,2,12212.51,9280.33,0.0,24425.02,18560.66,5864.36,Online
O002931,2025-02-18,C00303,P008,2,952.71,663.0,0.0,1905.42,1326.0,579.42,Online
O002932,2025-02-01,C00881,P013,2,889.0,519.78,0.0,1778.0,1039.56,738.44,Online
O002933,2025-10-04,C00007,P004,1,825.3,619.33,0.0,825.3,619.33,205.97,Store
O002934,2025-01-20,C00732,P005,2,3123.65,2355.15,937.1,5310.2,4710.3,599.9,Online
O002935,2025-06-03,C00753,P011,1,487.27,344.29,24.36,462.91,344.29,118.62,Online
O002936,2025-03-09,C00052,P005,1,3123.65,2355.15,156.18,2967.47,2355.15,612.32,Store
O002937,2025-08-02,C00135,P010,1,1487.5,884.68,0.0,1487.5,884.68,602.82,Store
O002938,2025-05-23,C00400,P004,1,825.3,619.33,41.26,784.04,619.33,164.71,Online
O002939,2025-08-20,C01175,P004,2,825.3,619.33,0.0,1650.6,1238.66,411.94,Online
O002940,2025-08-01,C00178,P016,4,802.2,467.64,481.32,2727.48,1870.56,856.92,Online
O002941,2025-03-20,C00406,P013,1,889.0,519.78,0.0,889.0,519.78,369.22,Online
O002942,2025-08-02,C00801,P006,2,3653.72,2501.63,0.0,7307.44,5003.26,2304.18,Online
O002943,2025-04-26,C01179,P016,2,802.2,467.64,0.0,1604.4,935.28,669.12,Store
O002944,2025-04-02,C00722,P007,2,692.39,399.57,0.0,1384.78,799.14,585.64,Online
O002945,2025-09-27,C00907,P008,2,952.71,663.0,0.0,1905.42,1326.0,579.42,Online
O002946,2025-06-17,C00357,P001,1,12212.51,9280.33,1221.25,10991.26,9280.33,1710.93,Store
O002947,2025-02-27,C00455,P012,1,1008.95,650.79,0.0,1008.95,650.79,358.16,Online
O002948,2025-10-11,C01039,P012,3,1008.95,650.79,0.0,3026.85,1952.37,1074.48,Online
O002949,2025-01-26,C00101,P015,1,1375.39,1038.91,0.0,1375.39,1038.91,336.48,Online
O002950,2025-03-07,C00248,P006,2,3653.72,2501.63,0.0,7307.44,5003.26,2304.18,Online
O002951,2025-09-05,C00029,P016,1,802.2,467.64,0.0,802.2,467.64,334.56,Online
O002952,2025-09-11,C01134,P008,2,952.71,663.0,95.27,1810.15,1326.0,484.15,Online
O002953,2025-02-13,C00375,P003,3,1674.13,1006.35,0.0,5022.39,3019.05,2003.34,Store
O002954,2025-04-07,C00891,P009,1,1843.37,1277.0,0.0,1843.37,1277.0,566.37,Online
O002955,2025-02-11,C00411,P011,1,487.27,344.29,0.0,487.27,344.29,142.98,Online
O002956,2025-08-15,C00444,P005,1,3123.65,2355.15,0.0,3123.65,2355.15,768.5,Store
O002957,2025-09-19,C00035,P004,2,825.3,619.33,0.0,1650.6,1238.66,411.94,Marketplace
O002958,2025-06-16,C00709,P005,2,3123.65,2355.15,312.36,5934.94,4710.3,1224.64,Store
O002959,2025-10-06,C00378,P006,2,3653.72,2501.63,0.0,7307.44,5003.26,2304.18,Online
O002960,2025-03-30,C00375,P011,1,487.27,344.29,24.36,462.91,344.29,118.62,Marketplace
O002961,2025-06-27,C00497,P016,2,802.2,467.64,0.0,1604.4,935.28,669.12,Store
O002962,2025-07-16,C00235,P002,1,5103.35,3862.76,255.17,4848.18,3862.76,985.42,Online
O002963,2025-11-03,C00215,P008,1,952.71,663.0,47.64,905.07,663.0,242.07,Online
O002964,2025-09-24,C01145,P010,2,1487.5,884.68,148.75,2826.25,1769.36,1056.89,Online
O002965,2025-09-25,C00028,P003,1,1674.13,1006.35,0.0,1674.13,1006.35,667.78,Online
O002966,2025-03-15,C00118,P010,1,1487.5,884.68,0.0,1487.5,884.68,602.82,Store
O002967,2025-01-08,C00970,P012,1,1008.95,650.79,0.0,1008.95,650.79,358.16,Online
O002968,2025-10-24,C00976,P002,1,5103.35,3862.76,0.0,5103.35,3862.76,1240.59,Online
O002969,2025-06-13,C00357,P003,1,1674.13,1006.35,0.0,1674.13,1006.35,667.78,Store
O002970,2025-03-26,C00148,P003,1,1674.13,1006.35,251.12,1423.01,1006.35,416.66,Online
O002971,2025-03-13,C00878,P009,1,1843.37,1277.0,276.51,1566.86,1277.0,289.86,Online
O002972,2025-02-24,C00770,P007,1,692.39,399.57,0.0,692.39,399.57,292.82,Online
O002973,2025-02-16,C00379,P002,1,5103.35,3862.76,0.0,5103.35,3862.76,1240.59,Online
O002974,2025-08-26,C00520,P006,1,3653.72,2501.63,0.0,3653.72,2501.63,1152.09,Online
O002975,2025-04-14,C01017,P004,1,825.3,619.33,41.26,784.04,619.33,164.71,Online
O002976,2025-07-29,C00151,P007,1,692.39,399.57,69.24,623.15,399.57,223.58,Online
O002977,2025-02-11,C00827,P015,1,1375.39,1038.91,68.77,1306.62,1038.91,267.71,Online
O002978,2025-11-12,C01160,P016,1,802.2,467.64,0.0,802.2,467.64,334.56,Online
O002979,2025-09-25,C00991,P008,1,952.71,663.0,47.64,905.07,663.0,242.07,Store
O002980,2025-09-20,C00271,P015,1,1375.39,1038.91,68.77,1306.62,1038.91,267.71,Online
O002981,2025-12-02,C00695,P016,1,802.2,467.64,0.0,802.2,467.64,334.56,Online
O002982,2025-12-31,C00426,P010,1,1487.5,884.68,74.38,1413.12,884.68,528.44,Online
O002983,2025-09-16,C00783,P011,1,487.27,344.29,0.0,487.27,344.29,142.98,Online
O002984,2025-10-10,C01185,P011,1,487.27,344.29,0.0,487.27,344.29,142.98,Online
O002985,2025-04-24,C00248,P003,1,1674.13,1006.35,0.0,1674.13,1006.35,667.78,Online
O002986,2025-12-29,C00775,P009,4,1843.37,1277.0,368.67,7004.81,5108.0,1896.81,Online
O002987,2025-02-09,C00582,P016,1,802.2,467.64,0.0,802.2,467.64,334.56,Online
O002988,2025-08-08,C01150,P015,1,1375.39,1038.91,0.0,1375.39,1038.91,336.48,Store
O002989,2025-05-09,C00892,P016,1,802.2,467.64,40.11,762.09,467.64,294.45,Online
O002990,2025-01-08,C00634,P003,1,1674.13,1006.35,0.0,1674.13,1006.35,667.78,Store
O002991,2025-04-11,C00874,P002,1,5103.35,3862.76,0.0,5103.35,3862.76,1240.59,Online
O002992,2025-06-25,C00501,P012,1,1008.95,650.79,0.0,1008.95,650.79,358.16,Online
O002993,2025-04-17,C00791,P009,1,1843.37,1277.0,92.17,1751.2,1277.0,474.2,Marketplace
O002994,2025-04-11,C00904,P003,1,1674.13,1006.35,83.71,1590.42,1006.35,584.07,Store
O002995,2025-09-17,C00282,P013,1,889.0,519.78,0.0,889.0,519.78,369.22,Store
O002996,2025-09-03,C00955,P001,1,12212.51,9280.33,0.0,12212.51,9280.33,2932.18,Online
O002997,2025-10-02,C00330,P015,1,1375.39,1038.91,0.0,1375.39,1038.91,336.48,Online
O002998,2025-02-01,C00161,P011,1,487.27,344.29,73.09,414.18,344.29,69.89,Online
O002999,2025-05-17,C01147,P011,1,487.27,344.29,0.0,487.27,344.29,142.98,Online
O003000,2025-01-12,C00891,P008,1,952.71,663.0,0.0,952.71,663.0,289.71,Online
O003001,2025-10-29,C00599,P008,1,952.71,663.0,0.0,952.71,663.0,289.71,Online
O003002,2025-01-16,C00626,P004,1,825.3,619.33,123.79,701.51,619.33,82.18,Online
O003003,2025-05-09,C00497,P009,1,1843.37,1277.0,0.0,1843.37,1277.0,566.37,Online
O003004,2025-03-04,C00553,P014,1,746.01,469.1,0.0,746.01,469.1,276.91,Store
O003005,2025-04-19,C01150,P006,1,3653.72,2501.63,0.0,3653.72,2501.63,1152.09,Online
O003006,2025-01-21,C00861,P005,1,3123.65,2355.15,0.0,3123.65,2355.15,768.5,Marketplace
O003007,2025-06-07,C01179,P009,1,1843.37,1277.0,0.0,1843.37,1277.0,566.37,Marketplace
O003008,2025-09-26,C01170,P015,1,1375.39,1038.91,68.77,1306.62,1038.91,267.71,Online
O003009,2025-06-11,C00981,P002,1,5103.35,3862.76,0.0,5103.35,3862.76,1240.59,Store
O003010,2025-09-17,C00713,P007,1,692.39,399.57,34.62,657.77,399.57,258.2,Online
O003011,2025-04-12,C00690,P016,2,802.2,467.64,0.0,1604.4,935.28,669.12,Store
O003012,2025-08-11,C00077,P008,1,952.71,663.0,0.0,952.71,663.0,289.71,Online
O003013,2025-02-28,C00624,P013,3,889.0,519.78,0.0,2667.0,1559.34,1107.66,Online
O003014,2025-09-04,C01161,P002,2,5103.35,3862.76,0.0,10206.7,7725.52,2481.18,Store
O003015,2025-05-08,C00729,P004,1,825.3,619.33,0.0,825.3,619.33,205.97,Store
O003016,2025-10-10,C00946,P011,2,487.27,344.29,97.45,877.09,688.58,188.51,Online
O003017,2025-11-21,C00803,P007,1,692.39,399.57,0.0,692.39,399.57,292.82,Store
O003018,2025-01-25,C00966,P001,1,12212.51,9280.33,0.0,12212.51,9280.33,2932.18,Store
O003019,2025-05-11,C01175,P007,3,692.39,399.57,0.0,2077.17,1198.71,878.46,Online
O003020,2025-12-19,C00612,P007,1,692.39,399.57,0.0,692.39,399.57,292.82,Online
O003021,2025-07-15,C00174,P003,1,1674.13,1006.35,0.0,1674.13,1006.35,667.78,Online
O003022,2025-10-08,C00420,P010,2,1487.5,884.68,0.0,2975.0,1769.36,1205.64,Online
O003023,2025-06-03,C00278,P002,2,5103.35,3862.76,0.0,10206.7,7725.52,2481.18,Online
O003024,2025-05-13,C00376,P009,1,1843.37,1277.0,92.17,1751.2,1277.0,474.2,Online
O003025,2025-08-15,C00476,P015,2,1375.39,1038.91,0.0,2750.78,2077.82,672.96,Store
O003026,2025-07-08,C00812,P001,1,12212.51,9280.33,1221.25,10991.26,9280.33,1710.93,Marketplace
O003027,2025-09-22,C00643,P005,1,3123.65,2355.15,0.0,3123.65,2355.15,768.5,Store
O003028,2025-05-14,C00103,P005,2,3123.65,2355.15,312.36,5934.94,4710.3,1224.64,Online
O003029,2025-07-30,C00998,P015,2,1375.39,1038.91,0.0,2750.78,2077.82,672.96,Online
O003030,2025-03-01,C00077,P010,1,1487.5,884.68,0.0,1487.5,884.68,602.82,Online
O003031,2025-12-30,C01099,P012,3,1008.95,650.79,0.0,3026.85,1952.37,1074.48,Store
O003032,2025-12-30,C00575,P014,1,746.01,469.1,0.0,746.01,469.1,276.91,Store
O003033,2025-08-01,C00327,P007,1,692.39,399.57,0.0,692.39,399.57,292.82,Online
O003034,2025-08-04,C00479,P001,1,12212.51,9280.33,0.0,12212.51,9280.33,2932.18,Online
O003035,2025-08-14,C00221,P007,1,692.39,399.57,0.0,692.39,399.57,292.82,Online
O003036,2025-05-11,C00405,P009,1,1843.37,1277.0,0.0,1843.37,1277.0,566.37,Store
O003037,2025-03-17,C00252,P014,2,746.01,469.1,0.0,1492.02,938.2,553.82,Store
O003038,2025-10-13,C00897,P014,1,746.01,469.1,0.0,746.01,469.1,276.91,Online
O003039,2025-10-04,C00646,P008,2,952.71,663.0,0.0,1905.42,1326.0,579.42,Online
O003040,2025-06-05,C00759,P007,1,692.39,399.57,103.86,588.53,399.57,188.96,Online
O003041,2025-09-05,C00473,P009,2,1843.37,1277.0,0.0,3686.74,2554.0,1132.74,Online
O003042,2025-08-06,C00555,P005,1,3123.65,2355.15,0.0,3123.65,2355.15,768.5,Online
O003043,2025-07-09,C01191,P001,1,12212.51,9280.33,610.63,11601.88,9280.33,2321.55,Marketplace
O003044,2025-06-12,C00272,P010,1,1487.5,884.68,0.0,1487.5,884.68,602.82,Online
O003045,2025-06-29,C00848,P009,1,1843.37,1277.0,0.0,1843.37,1277.0,566.37,Store
O003046,2025-02-03,C00209,P016,1,802.2,467.64,40.11,762.09,467.64,294.45,Online
O003047,2025-02-10,C00534,P014,1,746.01,469.1,74.6,671.41,469.1,202.31,Online
O003048,2025-11-03,C00375,P009,1,1843.37,1277.0,0.0,1843.37,1277.0,566.37,Online
O003049,2025-12-04,C01100,P015,1,1375.39,1038.91,68.77,1306.62,1038.91,267.71,Online
O003050,2025-11-10,C00696,P003,1,1674.13,1006.35,0.0,1674.13,1006.35,667.78,Online
O003051,2025-03-16,C01198,P011,1,487.27,344.29,48.73,438.54,344.29,94.25,Online
O003052,2025-10-06,C00522,P005,3,3123.65,2355.15,0.0,9370.95,7065.45,2305.5,Online
O003053,2025-06-25,C00925,P003,2,1674.13,1006.35,0.0,3348.26,2012.7,1335.56,Online
O003054,2025-05-30,C00097,P004,1,825.3,619.33,123.79,701.51,619.33,82.18,Online
O003055,2025-09-30,C00710,P014,2,746.01,469.1,74.6,1417.42,938.2,479.22,Online
O003056,2025-11-21,C00152,P015,2,1375.39,1038.91,275.08,2475.7,2077.82,397.88,Online
O003057,2025-04-18,C00074,P008,1,952.71,663.0,0.0,952.71,663.0,289.71,Online
O003058,2025-05-19,C00516,P012,1,1008.95,650.79,0.0,1008.95,650.79,358.16,Store
O003059,2025-12-16,C00225,P016,1,802.2,467.64,0.0,802.2,467.64,334.56,Marketplace
O003060,2025-09-28,C00795,P009,1,1843.37,1277.0,92.17,1751.2,1277.0,474.2,Online
O003061,2025-12-13,C00044,P012,2,1008.95,650.79,0.0,2017.9,1301.58,716.32,Online
O003062,2025-10-16,C00361,P013,1,889.0,519.78,44.45,844.55,519.78,324.77,Online
O003063,2025-07-31,C00784,P007,2,692.39,399.57,69.24,1315.54,799.14,516.4,Online
O003064,2025-09-29,C01106,P007,1,692.39,399.57,0.0,692.39,399.57,292.82,Online
O003065,2025-03-07,C00038,P010,1,1487.5,884.68,0.0,1487.5,884.68,602.82,Online
O003066,2025-09-05,C01189,P011,1,487.27,344.29,0.0,487.27,344.29,142.98,Store
O003067,2025-06-05,C00022,P012,1,1008.95,650.79,0.0,1008.95,650.79,358.16,Online
O003068,2025-02-16,C00716,P003,1,1674.13,1006.35,167.41,1506.72,1006.35,500.37,Online
O003069,2025-07-20,C00918,P016,1,802.2,467.64,40.11,762.09,467.64,294.45,Online
O003070,2025-05-28,C00875,P007,1,692.39,399.57,69.24,623.15,399.57,223.58,Store
O003071,2025-05-04,C00849,P008,1,952.71,663.0,0.0,952.71,663.0,289.71,Online
O003072,2025-01-01,C00654,P006,1,3653.72,2501.63,0.0,3653.72,2501.63,1152.09,Online
O003073,2025-09-04,C00857,P003,2,1674.13,1006.35,0.0,3348.26,2012.7,1335.56,Online
O003074,2025-12-09,C00275,P001,1,12212.51,9280.33,610.63,11601.88,9280.33,2321.55,Marketplace
O003075,2025-05-08,C00310,P010,1,1487.5,884.68,0.0,1487.5,884.68,602.82,Store
O003076,2025-07-10,C00841,P007,1,692.39,399.57,34.62,657.77,399.57,258.2,Online
O003077,2025-03-08,C01192,P013,1,889.0,519.78,0.0,889.0,519.78,369.22,Store
O003078,2025-01-04,C00316,P014,1,746.01,469.1,37.3,708.71,469.1,239.61,Online
O003079,2025-10-30,C00369,P002,1,5103.35,3862.76,0.0,5103.35,3862.76,1240.59,Store
O003080,2025-10-21,C01054,P001,1,12212.51,9280.33,610.63,11601.88,9280.33,2321.55,Online
O003081,2025-05-23,C00420,P004,1,825.3,619.33,0.0,825.3,619.33,205.97,Store
O003082,2025-07-10,C00090,P009,1,1843.37,1277.0,184.34,1659.03,1277.0,382.03,Online
O003083,2025-01-21,C00322,P003,2,1674.13,1006.35,0.0,3348.26,2012.7,1335.56,Store
O003084,2025-08-15,C00194,P006,2,3653.72,2501.63,0.0,7307.44,5003.26,2304.18,Online
O003085,2025-11-09,C00231,P012,1,1008.95,650.79,100.9,908.05,650.79,257.26,Online
O003086,2025-04-27,C01098,P016,4,802.2,467.64,0.0,3208.8,1870.56,1338.24,Online
O003087,2025-10-29,C01194,P004,1,825.3,619.33,0.0,825.3,619.33,205.97,Online
O003088,2025-05-22,C00798,P010,4,1487.5,884.68,595.0,5355.0,3538.72,1816.28,Store
O003089,2025-02-08,C00002,P002,2,5103.35,3862.76,0.0,10206.7,7725.52,2481.18,Marketplace
O003090,2025-12-21,C01020,P015,1,1375.39,1038.91,0.0,1375.39,1038.91,336.48,Store
O003091,2025-09-09,C01067,P011,2,487.27,344.29,146.18,828.36,688.58,139.78,Online
O003092,2025-11-29,C00578,P013,2,889.0,519.78,177.8,1600.2,1039.56,560.64,Online
O003093,2025-07-26,C00892,P005,1,3123.65,2355.15,156.18,2967.47,2355.15,612.32,Online
O003094,2025-07-29,C00289,P014,2,746.01,469.1,0.0,1492.02,938.2,553.82,Online
O003095,2025-04-25,C00036,P010,2,1487.5,884.68,0.0,2975.0,1769.36,1205.64,Online
O003096,2025-08-13,C00519,P007,2,692.39,399.57,0.0,1384.78,799.14,585.64,Store
O003097,2025-05-14,C01047,P004,1,825.3,619.33,82.53,742.77,619.33,123.44,Online
O003098,2025-09-08,C00833,P009,1,1843.37,1277.0,0.0,1843.37,1277.0,566.37,Store
O003099,2025-08-07,C01053,P007,1,692.39,399.57,0.0,692.39,399.57,292.82,Online
O003100,2025-04-01,C00885,P014,1,746.01,469.1,37.3,708.71,469.1,239.61,Store
O003101,2025-12-20,C00005,P002,1,5103.35,3862.76,765.5,4337.85,3862.76,475.09,Store
O003102,2025-02-15,C01105,P011,1,487.27,344.29,0.0,487.27,344.29,142.98,Store
O003103,2025-02-07,C00008,P011,1,487.27,344.29,0.0,487.27,344.29,142.98,Online
O003104,2025-05-22,C00501,P008,1,952.71,663.0,0.0,952.71,663.0,289.71,Online
O003105,2025-04-10,C00332,P014,2,746.01,469.1,74.6,1417.42,938.2,479.22,Store
O003106,2025-11-24,C01157,P002,1,5103.35,3862.76,0.0,5103.35,3862.76,1240.59,Store
O003107,2025-07-09,C00336,P015,2,1375.39,1038.91,412.62,2338.16,2077.82,260.34,Store
O003108,2025-02-04,C00364,P007,2,692.39,399.57,0.0,1384.78,799.14,585.64,Store
O003109,2025-05-27,C00418,P007,2,692.39,399.57,0.0,1384.78,799.14,585.64,Store
O003110,2025-01-30,C01036,P011,1,487.27,344.29,48.73,438.54,344.29,94.25,Marketplace
O003111,2025-11-30,C00825,P006,1,3653.72,2501.63,0.0,3653.72,2501.63,1152.09,Online
O003112,2025-03-25,C00625,P004,1,825.3,619.33,0.0,825.3,619.33,205.97,Online
O003113,2025-10-08,C01036,P006,1,3653.72,2501.63,0.0,3653.72,2501.63,1152.09,Online
O003114,2025-12-10,C00204,P008,1,952.71,663.0,0.0,952.71,663.0,289.71,Store
O003115,2025-09-27,C00130,P016,1,802.2,467.64,120.33,681.87,467.64,214.23,Store
O003116,2025-06-03,C00041,P013,3,889.0,519.78,0.0,2667.0,1559.34,1107.66,Online
O003117,2025-04-12,C00089,P014,2,746.01,469.1,74.6,1417.42,938.2,479.22,Store
O003118,2025-08-03,C00343,P001,1,12212.51,9280.33,1831.88,10380.63,9280.33,1100.3,Online
O003119,2025-05-30,C00546,P008,2,952.71,663.0,95.27,1810.15,1326.0,484.15,Online
O003120,2025-03-24,C00911,P014,1,746.01,469.1,111.9,634.11,469.1,165.01,Store
O003121,2025-04-20,C00722,P014,1,746.01,469.1,0.0,746.01,469.1,276.91,Online
O003122,2025-10-02,C00613,P012,1,1008.95,650.79,0.0,1008.95,650.79,358.16,Store
O003123,2025-07-20,C00309,P013,1,889.0,519.78,44.45,844.55,519.78,324.77,Store
O003124,2025-10-11,C01094,P013,2,889.0,519.78,88.9,1689.1,1039.56,649.54,Online
O003125,2025-06-22,C00193,P005,1,3123.65,2355.15,0.0,3123.65,2355.15,768.5,Online
O003126,2025-11-23,C01159,P006,1,3653.72,2501.63,0.0,3653.72,2501.63,1152.09,Online
O003127,2025-07-25,C00892,P001,2,12212.51,9280.33,1221.25,23203.77,18560.66,4643.11,Store
O003128,2025-03-04,C01187,P001,1,12212.51,9280.33,610.63,11601.88,9280.33,2321.55,Online
O003129,2025-03-14,C00844,P014,1,746.01,469.1,149.2,596.81,469.1,127.71,Online
O003130,2025-09-08,C00897,P013,1,889.0,519.78,44.45,844.55,519.78,324.77,Online
O003131,2025-05-04,C00937,P010,2,1487.5,884.68,0.0,2975.0,1769.36,1205.64,Online
O003132,2025-05-01,C01170,P010,1,1487.5,884.68,0.0,1487.5,884.68,602.82,Online
O003133,2025-10-02,C01033,P010,1,1487.5,884.68,0.0,1487.5,884.68,602.82,Online
O003134,2025-04-30,C00939,P011,1,487.27,344.29,24.36,462.91,344.29,118.62,Online
O003135,2025-11-13,C01093,P004,4,825.3,619.33,0.0,3301.2,2477.32,823.88,Online
O003136,2025-06-13,C00058,P009,1,1843.37,1277.0,0.0,1843.37,1277.0,566.37,Online
O003137,2025-10-13,C01055,P013,2,889.0,519.78,0.0,1778.0,1039.56,738.44,Online
O003138,2025-09-22,C00065,P006,1,3653.72,2501.63,548.06,3105.66,2501.63,604.03,Online
O003139,2025-11-16,C00820,P010,1,1487.5,884.68,223.12,1264.38,884.68,379.7,Online
O003140,2025-06-10,C01115,P006,1,3653.72,2501.63,365.37,3288.35,2501.63,786.72,Online
O003141,2025-11-04,C00214,P008,1,952.71,663.0,95.27,857.44,663.0,194.44,Online
O003142,2025-03-30,C00390,P002,1,5103.35,3862.76,0.0,5103.35,3862.76,1240.59,Store
O003143,2025-05-22,C01129,P008,1,952.71,663.0,47.64,905.07,663.0,242.07,Online
O003144,2025-07-22,C00218,P012,1,1008.95,650.79,100.9,908.05,650.79,257.26,Online
O003145,2025-11-05,C00916,P012,3,1008.95,650.79,0.0,3026.85,1952.37,1074.48,Online
O003146,2025-08-15,C00707,P013,2,889.0,519.78,0.0,1778.0,1039.56,738.44,Online
O003147,2025-11-30,C00729,P007,1,692.39,399.57,103.86,588.53,399.57,188.96,Online
O003148,2025-08-10,C00600,P004,1,825.3,619.33,82.53,742.77,619.33,123.44,Online
O003149,2025-02-10,C00898,P010,1,1487.5,884.68,74.38,1413.12,884.68,528.44,Online
O003150,2025-07-15,C00983,P001,1,12212.51,9280.33,0.0,12212.51,9280.33,2932.18,Online
O003151,2025-03-09,C00072,P001,1,12212.51,9280.33,1221.25,10991.26,9280.33,1710.93,Online
O003152,2025-09-21,C00252,P002,1,5103.35,3862.76,765.5,4337.85,3862.76,475.09,Online
O003153,2025-01-02,C00517,P005,1,3123.65,2355.15,468.55,2655.1,2355.15,299.95,Online
O003154,2025-12-27,C00562,P011,3,487.27,344.29,73.09,1388.72,1032.87,355.85,Marketplace
O003155,2025-05-05,C00767,P006,1,3653.72,2501.63,0.0,3653.72,2501.63,1152.09,Online
O003156,2025-04-20,C00259,P004,1,825.3,619.33,0.0,825.3,619.33,205.97,Online
O003157,2025-03-27,C00979,P005,1,3123.65,2355.15,0.0,3123.65,2355.15,768.5,Online
O003158,2025-04-30,C00371,P004,1,825.3,619.33,0.0,825.3,619.33,205.97,Online
O003159,2025-05-07,C00604,P015,2,1375.39,1038.91,0.0,2750.78,2077.82,672.96,Online
O003160,2025-09-12,C00797,P010,1,1487.5,884.68,74.38,1413.12,884.68,528.44,Online
O003161,2025-07-02,C00457,P014,1,746.01,469.1,0.0,746.01,469.1,276.91,Store
O003162,2025-01-16,C00475,P008,1,952.71,663.0,0.0,952.71,663.0,289.71,Online
O003163,2025-03-03,C00281,P010,1,1487.5,884.68,0.0,1487.5,884.68,602.82,Online
O003164,2025-06-07,C00116,P001,2,12212.51,9280.33,0.0,24425.02,18560.66,5864.36,Store
O003165,2025-09-25,C00188,P003,3,1674.13,1006.35,502.24,4520.15,3019.05,1501.1,Online
O003166,2025-02-04,C00294,P015,1,1375.39,1038.91,0.0,1375.39,1038.91,336.48,Online
O003167,2025-09-24,C01118,P008,1,952.71,663.0,47.64,905.07,663.0,242.07,Store
O003168,2025-03-05,C00658,P011,1,487.27,344.29,24.36,462.91,344.29,118.62,Online
O003169,2025-02-19,C00710,P005,2,3123.65,2355.15,0.0,6247.3,4710.3,1537.0,Online
O003170,2025-09-12,C01029,P011,1,487.27,344.29,24.36,462.91,344.29,118.62,Online
O003171,2025-05-29,C00113,P011,3,487.27,344.29,0.0,1461.81,1032.87,428.94,Online
O003172,2025-11-21,C00744,P010,1,1487.5,884.68,0.0,1487.5,884.68,602.82,Online
O003173,2025-10-31,C00552,P016,1,802.2,467.64,0.0,802.2,467.64,334.56,Online
O003174,2025-10-03,C00290,P010,1,1487.5,884.68,0.0,1487.5,884.68,602.82,Store
O003175,2025-12-23,C00606,P004,2,825.3,619.33,165.06,1485.54,1238.66,246.88,Online
O003176,2025-06-21,C01190,P010,2,1487.5,884.68,595.0,2380.0,1769.36,610.64,Online
O003177,2025-07-20,C00533,P010,2,1487.5,884.68,148.75,2826.25,1769.36,1056.89,Online
O003178,2025-11-20,C00474,P016,1,802.2,467.64,0.0,802.2,467.64,334.56,Online
O003179,2025-02-04,C01086,P007,1,692.39,399.57,69.24,623.15,399.57,223.58,Online
O003180,2025-08-04,C00412,P008,2,952.71,663.0,0.0,1905.42,1326.0,579.42,Online
O003181,2025-03-06,C00374,P014,3,746.01,469.1,0.0,2238.03,1407.3,830.73,Online
O003182,2025-01-08,C00359,P003,1,1674.13,1006.35,0.0,1674.13,1006.35,667.78,Online
O003183,2025-10-28,C00403,P001,1,12212.51,9280.33,610.63,11601.88,9280.33,2321.55,Online
O003184,2025-12-09,C00129,P011,1,487.27,344.29,0.0,487.27,344.29,142.98,Online
O003185,2025-11-28,C00670,P007,3,692.39,399.57,103.86,1973.31,1198.71,774.6,Online
O003186,2025-03-17,C01049,P002,1,5103.35,3862.76,255.17,4848.18,3862.76,985.42,Online
O003187,2025-06-23,C00871,P016,1,802.2,467.64,0.0,802.2,467.64,334.56,Online
O003188,2025-02-16,C00180,P016,1,802.2,467.64,0.0,802.2,467.64,334.56,Online
O003189,2025-01-15,C00815,P003,4,1674.13,1006.35,0.0,6696.52,4025.4,2671.12,Store
O003190,2025-12-27,C00280,P009,2,1843.37,1277.0,184.34,3502.4,2554.0,948.4,Online
O003191,2025-05-27,C00700,P002,1,5103.35,3862.76,255.17,4848.18,3862.76,985.42,Store
O003192,2025-01-26,C00076,P004,1,825.3,619.33,41.26,784.04,619.33,164.71,Online
O003193,2025-11-04,C00467,P001,1,12212.51,9280.33,0.0,12212.51,9280.33,2932.18,Marketplace
O003194,2025-04-03,C00698,P006,1,3653.72,2501.63,0.0,3653.72,2501.63,1152.09,Online
O003195,2025-08-20,C01070,P010,2,1487.5,884.68,0.0,2975.0,1769.36,1205.64,Online
O003196,2025-01-21,C00568,P010,1,1487.5,884.68,223.12,1264.38,884.68,379.7,Store
O003197,2025-11-03,C00938,P012,1,1008.95,650.79,50.45,958.5,650.79,307.71,Store
O003198,2025-02-07,C01005,P011,1,487.27,344.29,24.36,462.91,344.29,118.62,Store
O003199,2025-10-03,C00259,P004,2,825.3,619.33,0.0,1650.6,1238.66,411.94,Online
O003200,2025-06-06,C00904,P015,2,1375.39,1038.91,137.54,2613.24,2077.82,535.42,Store
O003201,2025-06-28,C00152,P005,1,3123.65,2355.15,0.0,3123.65,2355.15,768.5,Online
O003202,2025-05-12,C00926,P003,1,1674.13,1006.35,251.12,1423.01,1006.35,416.66,Store
O003203,2025-11-07,C01084,P010,3,1487.5,884.68,0.0,4462.5,2654.04,1808.46,Online
O003204,2025-12-14,C00203,P009,2,1843.37,1277.0,0.0,3686.74,2554.0,1132.74,Online
O003205,2025-01-28,C00328,P013,4,889.0,519.78,0.0,3556.0,2079.12,1476.88,Online
O003206,2025-09-17,C00446,P001,1,12212.51,9280.33,0.0,12212.51,9280.33,2932.18,Store
O003207,2025-03-17,C01099,P004,2,825.3,619.33,82.53,1568.07,1238.66,329.41,Online
O003208,2025-03-08,C01007,P003,1,1674.13,1006.35,251.12,1423.01,1006.35,416.66,Online
O003209,2025-12-08,C00047,P006,2,3653.72,2501.63,0.0,7307.44,5003.26,2304.18,Online
O003210,2025-07-13,C00759,P011,1,487.27,344.29,48.73,438.54,344.29,94.25,Marketplace
O003211,2025-06-11,C01199,P007,1,692.39,399.57,69.24,623.15,399.57,223.58,Online
O003212,2025-12-13,C00642,P001,2,12212.51,9280.33,0.0,24425.02,18560.66,5864.36,Store
O003213,2025-12-27,C00653,P007,1,692.39,399.57,0.0,692.39,399.57,292.82,Store
O003214,2025-09-14,C00249,P004,1,825.3,619.33,82.53,742.77,619.33,123.44,Online
O003215,2025-03-13,C00510,P005,2,3123.65,2355.15,1249.46,4997.84,4710.3,287.54,Online
O003216,2025-03-28,C00646,P012,1,1008.95,650.79,50.45,958.5,650.79,307.71,Online
O003217,2025-09-19,C00121,P011,2,487.27,344.29,97.45,877.09,688.58,188.51,Store
O003218,2025-08-02,C00252,P002,1,5103.35,3862.76,0.0,5103.35,3862.76,1240.59,Online
O003219,2025-06-02,C00435,P015,1,1375.39,1038.91,0.0,1375.39,1038.91,336.48,Online
O003220,2025-07-29,C01088,P016,1,802.2,467.64,80.22,721.98,467.64,254.34,Online
O003221,2025-03-02,C00901,P003,1,1674.13,1006.35,0.0,1674.13,1006.35,667.78,Store
O003222,2025-09-25,C00822,P008,1,952.71,663.0,0.0,952.71,663.0,289.71,Online
O003223,2025-09-19,C00015,P011,1,487.27,344.29,97.45,389.82,344.29,45.53,Marketplace
O003224,2025-08-06,C00882,P003,1,1674.13,1006.35,251.12,1423.01,1006.35,416.66,Online
O003225,2025-10-10,C00505,P003,1,1674.13,1006.35,167.41,1506.72,1006.35,500.37,Store
O003226,2025-05-16,C00491,P016,1,802.2,467.64,0.0,802.2,467.64,334.56,Store
O003227,2025-12-28,C00237,P004,1,825.3,619.33,0.0,825.3,619.33,205.97,Marketplace
O003228,2025-04-03,C00088,P005,2,3123.65,2355.15,937.1,5310.2,4710.3,599.9,Online
O003229,2025-04-19,C00373,P015,1,1375.39,1038.91,0.0,1375.39,1038.91,336.48,Online
O003230,2025-08-29,C00775,P014,1,746.01,469.1,111.9,634.11,469.1,165.01,Online
O003231,2025-12-21,C01068,P003,1,1674.13,1006.35,0.0,1674.13,1006.35,667.78,Online
O003232,2025-05-22,C00845,P003,1,1674.13,1006.35,0.0,1674.13,1006.35,667.78,Marketplace
O003233,2025-10-18,C00946,P011,1,487.27,344.29,0.0,487.27,344.29,142.98,Online
O003234,2025-08-25,C00614,P014,2,746.01,469.1,0.0,1492.02,938.2,553.82,Online
O003235,2025-12-06,C00255,P002,1,5103.35,3862.76,255.17,4848.18,3862.76,985.42,Online
O003236,2025-11-08,C01005,P007,1,692.39,399.57,0.0,692.39,399.57,292.82,Online
O003237,2025-06-26,C00865,P005,3,3123.65,2355.15,0.0,9370.95,7065.45,2305.5,Online
O003238,2025-05-21,C00531,P009,1,1843.37,1277.0,0.0,1843.37,1277.0,566.37,Online
O003239,2025-07-08,C00650,P007,3,692.39,399.57,103.86,1973.31,1198.71,774.6,Online
O003240,2025-02-18,C00092,P014,1,746.01,469.1,0.0,746.01,469.1,276.91,Store
O003241,2025-10-29,C00008,P006,1,3653.72,2501.63,0.0,3653.72,2501.63,1152.09,Store
O003242,2025-07-09,C01043,P015,2,1375.39,1038.91,275.08,2475.7,2077.82,397.88,Store
O003243,2025-05-16,C00719,P004,2,825.3,619.33,0.0,1650.6,1238.66,411.94,Store
O003244,2025-02-12,C00674,P015,1,1375.39,1038.91,0.0,1375.39,1038.91,336.48,Online
O003245,2025-12-19,C00403,P001,1,12212.51,9280.33,0.0,12212.51,9280.33,2932.18,Online
O003246,2025-03-31,C01147,P004,2,825.3,619.33,165.06,1485.54,1238.66,246.88,Store
O003247,2025-10-22,C00555,P002,1,5103.35,3862.76,765.5,4337.85,3862.76,475.09,Online
O003248,2025-12-07,C01071,P003,1,1674.13,1006.35,0.0,1674.13,1006.35,667.78,Online
O003249,2025-09-02,C00736,P008,2,952.71,663.0,0.0,1905.42,1326.0,579.42,Online
O003250,2025-07-11,C00973,P015,1,1375.39,1038.91,0.0,1375.39,1038.91,336.48,Online
O003251,2025-11-14,C00018,P001,1,12212.51,9280.33,0.0,12212.51,9280.33,2932.18,Marketplace
O003252,2025-04-16,C00396,P014,3,746.01,469.1,0.0,2238.03,1407.3,830.73,Online
O003253,2025-12-29,C00273,P012,1,1008.95,650.79,0.0,1008.95,650.79,358.16,Online
O003254,2025-11-06,C00537,P003,1,1674.13,1006.35,0.0,1674.13,1006.35,667.78,Store
O003255,2025-08-21,C00175,P002,2,5103.35,3862.76,0.0,10206.7,7725.52,2481.18,Online
O003256,2025-09-22,C00015,P009,2,1843.37,1277.0,0.0,3686.74,2554.0,1132.74,Online
O003257,2025-12-10,C01014,P009,1,1843.37,1277.0,0.0,1843.37,1277.0,566.37,Online
O003258,2025-02-06,C00492,P003,1,1674.13,1006.35,0.0,1674.13,1006.35,667.78,Online
O003259,2025-11-01,C00203,P005,1,3123.65,2355.15,0.0,3123.65,2355.15,768.5,Marketplace
O003260,2025-02-10,C00058,P016,1,802.2,467.64,0.0,802.2,467.64,334.56,Online
O003261,2025-01-17,C01177,P014,1,746.01,469.1,0.0,746.01,469.1,276.91,Online
O003262,2025-12-10,C01016,P010,2,1487.5,884.68,0.0,2975.0,1769.36,1205.64,Online
O003263,2025-10-04,C00439,P006,1,3653.72,2501.63,0.0,3653.72,2501.63,1152.09,Store
O003264,2025-11-03,C00106,P002,1,5103.35,3862.76,0.0,5103.35,3862.76,1240.59,Online
O003265,2025-02-28,C00782,P007,1,692.39,399.57,0.0,692.39,399.57,292.82,Online
O003266,2025-07-02,C00919,P006,1,3653.72,2501.63,548.06,3105.66,2501.63,604.03,Store
O003267,2025-02-10,C00066,P011,2,487.27,344.29,0.0,974.54,688.58,285.96,Store
O003268,2025-02-08,C00849,P005,1,3123.65,2355.15,0.0,3123.65,2355.15,768.5,Online
O003269,2025-07-11,C01114,P001,1,12212.51,9280.33,0.0,12212.51,9280.33,2932.18,Online
O003270,2025-09-24,C00062,P002,1,5103.35,3862.76,0.0,5103.35,3862.76,1240.59,Online
O003271,2025-05-27,C01154,P001,1,12212.51,9280.33,0.0,12212.51,9280.33,2932.18,Online
O003272,2025-11-29,C00184,P007,2,692.39,399.57,0.0,1384.78,799.14,585.64,Online
O003273,2025-05-07,C00329,P003,1,1674.13,1006.35,0.0,1674.13,1006.35,667.78,Online
O003274,2025-02-15,C00085,P016,2,802.2,467.64,80.22,1524.18,935.28,588.9,Online
O003275,2025-02-14,C00381,P004,1,825.3,619.33,82.53,742.77,619.33,123.44,Online
O003276,2025-01-01,C00573,P014,2,746.01,469.1,298.4,1193.62,938.2,255.42,Online
O003277,2025-06-17,C00343,P003,1,1674.13,1006.35,0.0,1674.13,1006.35,667.78,Online
O003278,2025-04-18,C00502,P014,1,746.01,469.1,149.2,596.81,469.1,127.71,Store
O003279,2025-01-19,C00618,P010,2,1487.5,884.68,446.25,2528.75,1769.36,759.39,Online
O003280,2025-11-28,C00739,P005,1,3123.65,2355.15,0.0,3123.65,2355.15,768.5,Online
O003281,2025-03-13,C00371,P007,3,692.39,399.57,0.0,2077.17,1198.71,878.46,Online
O003282,2025-04-19,C00035,P009,1,1843.37,1277.0,184.34,1659.03,1277.0,382.03,Store
O003283,2025-09-25,C00972,P006,1,3653.72,2501.63,0.0,3653.72,2501.63,1152.09,Store
O003284,2025-08-28,C00862,P012,1,1008.95,650.79,0.0,1008.95,650.79,358.16,Online
O003285,2025-10-28,C00838,P003,1,1674.13,1006.35,83.71,1590.42,1006.35,584.07,Online
O003286,2025-03-31,C01142,P001,3,12212.51,9280.33,1831.88,34805.65,27840.99,6964.66,Online
O003287,2025-04-13,C00707,P012,1,1008.95,650.79,0.0,1008.95,650.79,358.16,Online
O003288,2025-09-07,C00270,P004,1,825.3,619.33,41.26,784.04,619.33,164.71,Online
O003289,2025-01-08,C01100,P003,1,1674.13,1006.35,0.0,1674.13,1006.35,667.78,Store
O003290,2025-06-02,C00585,P014,1,746.01,469.1,37.3,708.71,469.1,239.61,Store
O003291,2025-12-13,C01053,P014,1,746.01,469.1,0.0,746.01,469.1,276.91,Marketplace
O003292,2025-06-23,C00020,P009,1,1843.37,1277.0,0.0,1843.37,1277.0,566.37,Online
O003293,2025-12-09,C00473,P015,2,1375.39,1038.91,137.54,2613.24,2077.82,535.42,Online
O003294,2025-06-07,C01157,P004,1,825.3,619.33,0.0,825.3,619.33,205.97,Online
O003295,2025-08-03,C01162,P005,1,3123.65,2355.15,0.0,3123.65,2355.15,768.5,Online
O003296,2025-06-26,C01170,P007,1,692.39,399.57,103.86,588.53,399.57,188.96,Online
O003297,2025-06-24,C00405,P011,3,487.27,344.29,0.0,1461.81,1032.87,428.94,Online
O003298,2025-12-06,C00896,P009,1,1843.37,1277.0,276.51,1566.86,1277.0,289.86,Online
O003299,2025-12-04,C00241,P008,1,952.71,663.0,0.0,952.71,663.0,289.71,Online
O003300,2025-05-26,C00885,P006,1,3653.72,2501.63,365.37,3288.35,2501.63,786.72,Online
O003301,2025-11-20,C00341,P007,2,692.39,399.57,0.0,1384.78,799.14,585.64,Marketplace
O003302,2025-06-10,C00304,P001,1,12212.51,9280.33,0.0,12212.51,9280.33,2932.18,Store
O003303,2025-05-07,C00447,P001,1,12212.51,9280.33,0.0,12212.51,9280.33,2932.18,Online
O003304,2025-03-23,C00510,P010,2,1487.5,884.68,595.0,2380.0,1769.36,610.64,Online
O003305,2025-05-27,C00228,P001,1,12212.51,9280.33,0.0,12212.51,9280.33,2932.18,Store
O003306,2025-08-27,C01164,P003,1,1674.13,1006.35,0.0,1674.13,1006.35,667.78,Store
O003307,2025-03-25,C00048,P003,1,1674.13,1006.35,167.41,1506.72,1006.35,500.37,Online
O003308,2025-04-23,C00482,P005,2,3123.65,2355.15,0.0,6247.3,4710.3,1537.0,Online
O003309,2025-08-13,C01192,P015,2,1375.39,1038.91,137.54,2613.24,2077.82,535.42,Online
O003310,2025-11-28,C01110,P011,1,487.27,344.29,97.45,389.82,344.29,45.53,Marketplace
O003311,2025-08-31,C01122,P014,1,746.01,469.1,0.0,746.01,469.1,276.91,Online
O003312,2025-05-23,C00104,P001,3,12212.51,9280.33,3663.75,32973.78,27840.99,5132.79,Marketplace
O003313,2025-02-10,C01055,P009,2,1843.37,1277.0,0.0,3686.74,2554.0,1132.74,Online
O003314,2025-09-15,C00199,P008,3,952.71,663.0,0.0,2858.13,1989.0,869.13,Online
O003315,2025-10-12,C00175,P011,1,487.27,344.29,24.36,462.91,344.29,118.62,Online
O003316,2025-04-15,C00531,P011,1,487.27,344.29,48.73,438.54,344.29,94.25,Marketplace
O003317,2025-07-21,C00633,P005,3,3123.65,2355.15,0.0,9370.95,7065.45,2305.5,Online
O003318,2025-11-03,C00025,P003,1,1674.13,1006.35,0.0,1674.13,1006.35,667.78,Online
O003319,2025-11-27,C00846,P014,1,746.01,469.1,0.0,746.01,469.1,276.91,Marketplace
O003320,2025-09-23,C00513,P010,1,1487.5,884.68,74.38,1413.12,884.68,528.44,Store
O003321,2025-07-29,C00885,P015,1,1375.39,1038.91,0.0,1375.39,1038.91,336.48,Online
O003322,2025-02-20,C00283,P009,2,1843.37,1277.0,184.34,3502.4,2554.0,948.4,Store
O003323,2025-04-28,C01105,P003,2,1674.13,1006.35,0.0,3348.26,2012.7,1335.56,Online
O003324,2025-07-20,C00456,P015,1,1375.39,1038.91,137.54,1237.85,1038.91,198.94,Marketplace
O003325,2025-02-08,C00306,P013,1,889.0,519.78,0.0,889.0,519.78,369.22,Online
O003326,2025-01-28,C00144,P016,1,802.2,467.64,0.0,802.2,467.64,334.56,Online
O003327,2025-09-16,C00466,P012,1,1008.95,650.79,0.0,1008.95,650.79,358.16,Online
O003328,2025-03-25,C00456,P012,4,1008.95,650.79,0.0,4035.8,2603.16,1432.64,Online
O003329,2025-06-04,C00327,P004,4,825.3,619.33,165.06,3136.14,2477.32,658.82,Online
O003330,2025-04-27,C00680,P004,1,825.3,619.33,41.26,784.04,619.33,164.71,Marketplace
O003331,2025-01-02,C00362,P011,1,487.27,344.29,0.0,487.27,344.29,142.98,Store
O003332,2025-04-03,C00815,P004,2,825.3,619.33,0.0,1650.6,1238.66,411.94,Online
O003333,2025-06-15,C00449,P002,1,5103.35,3862.76,0.0,5103.35,3862.76,1240.59,Online
O003334,2025-12-16,C00262,P008,1,952.71,663.0,0.0,952.71,663.0,289.71,Online
O003335,2025-10-23,C00360,P007,4,692.39,399.57,0.0,2769.56,1598.28,1171.28,Store
O003336,2025-09-15,C00875,P003,1,1674.13,1006.35,0.0,1674.13,1006.35,667.78,Store
O003337,2025-03-22,C00542,P012,1,1008.95,650.79,50.45,958.5,650.79,307.71,Online
O003338,2025-09-25,C00666,P008,3,952.71,663.0,285.81,2572.32,1989.0,583.32,Store
O003339,2025-08-23,C00530,P010,1,1487.5,884.68,0.0,1487.5,884.68,602.82,Store
O003340,2025-11-17,C00364,P005,3,3123.65,2355.15,0.0,9370.95,7065.45,2305.5,Online
O003341,2025-11-07,C00615,P013,2,889.0,519.78,0.0,1778.0,1039.56,738.44,Online
O003342,2025-10-28,C00682,P008,1,952.71,663.0,0.0,952.71,663.0,289.71,Store
O003343,2025-12-23,C00420,P010,1,1487.5,884.68,0.0,1487.5,884.68,602.82,Online
O003344,2025-08-01,C01144,P014,1,746.01,469.1,149.2,596.81,469.1,127.71,Online
O003345,2025-03-03,C00335,P011,2,487.27,344.29,48.73,925.81,688.58,237.23,Online
O003346,2025-02-18,C00940,P006,1,3653.72,2501.63,730.74,2922.98,2501.63,421.35,Online
O003347,2025-05-07,C00857,P013,3,889.0,519.78,400.05,2266.95,1559.34,707.61,Store
O003348,2025-08-11,C00313,P005,1,3123.65,2355.15,0.0,3123.65,2355.15,768.5,Marketplace
O003349,2025-10-06,C00906,P014,2,746.01,469.1,0.0,1492.02,938.2,553.82,Store
O003350,2025-10-21,C00553,P010,1,1487.5,884.68,148.75,1338.75,884.68,454.07,Store
O003351,2025-10-11,C01185,P002,1,5103.35,3862.76,0.0,5103.35,3862.76,1240.59,Online
O003352,2025-10-04,C00223,P010,1,1487.5,884.68,0.0,1487.5,884.68,602.82,Online
O003353,2025-04-17,C00299,P005,1,3123.65,2355.15,312.36,2811.29,2355.15,456.14,Store
O003354,2025-05-26,C00630,P002,1,5103.35,3862.76,0.0,5103.35,3862.76,1240.59,Store
O003355,2025-04-09,C00775,P005,3,3123.65,2355.15,0.0,9370.95,7065.45,2305.5,Online
O003356,2025-03-14,C00887,P009,1,1843.37,1277.0,184.34,1659.03,1277.0,382.03,Online
O003357,2025-05-02,C00526,P006,1,3653.72,2501.63,0.0,3653.72,2501.63,1152.09,Store
O003358,2025-01-30,C00580,P003,2,1674.13,1006.35,0.0,3348.26,2012.7,1335.56,Store
O003359,2025-07-07,C01010,P007,1,692.39,399.57,0.0,692.39,399.57,292.82,Online
O003360,2025-12-30,C00511,P001,2,12212.51,9280.33,0.0,24425.02,18560.66,5864.36,Online
O003361,2025-12-20,C00691,P010,1,1487.5,884.68,148.75,1338.75,884.68,454.07,Store
O003362,2025-10-15,C00133,P009,1,1843.37,1277.0,0.0,1843.37,1277.0,566.37,Online
O003363,2025-07-14,C00830,P013,1,889.0,519.78,88.9,800.1,519.78,280.32,Online
O003364,2025-06-05,C00202,P004,4,825.3,619.33,0.0,3301.2,2477.32,823.88,Online
O003365,2025-06-21,C00760,P010,1,1487.5,884.68,74.38,1413.12,884.68,528.44,Online
O003366,2025-12-01,C00382,P008,2,952.71,663.0,0.0,1905.42,1326.0,579.42,Online
O003367,2025-02-10,C00637,P014,1,746.01,469.1,111.9,634.11,469.1,165.01,Online
O003368,2025-03-04,C00206,P013,1,889.0,519.78,0.0,889.0,519.78,369.22,Online
O003369,2025-01-23,C00413,P004,1,825.3,619.33,41.26,784.04,619.33,164.71,Online
O003370,2025-12-26,C00102,P003,1,1674.13,1006.35,0.0,1674.13,1006.35,667.78,Marketplace
O003371,2025-03-16,C00430,P010,3,1487.5,884.68,0.0,4462.5,2654.04,1808.46,Online
O003372,2025-02-17,C00220,P016,2,802.2,467.64,80.22,1524.18,935.28,588.9,Online
O003373,2025-06-09,C01137,P014,1,746.01,469.1,37.3,708.71,469.1,239.61,Store
O003374,2025-11-09,C00795,P005,2,3123.65,2355.15,937.1,5310.2,4710.3,599.9,Store
O003375,2025-04-28,C00105,P009,1,1843.37,1277.0,92.17,1751.2,1277.0,474.2,Store
O003376,2025-04-10,C00956,P011,2,487.27,344.29,146.18,828.36,688.58,139.78,Online
O003377,2025-06-16,C00158,P007,3,692.39,399.57,0.0,2077.17,1198.71,878.46,Online
O003378,2025-10-17,C00340,P004,1,825.3,619.33,123.79,701.51,619.33,82.18,Online
O003379,2025-06-05,C00909,P001,1,12212.51,9280.33,1221.25,10991.26,9280.33,1710.93,Online
O003380,2025-01-07,C00116,P008,1,952.71,663.0,142.91,809.8,663.0,146.8,Online
O003381,2025-07-15,C00057,P004,2,825.3,619.33,0.0,1650.6,1238.66,411.94,Store
O003382,2025-02-25,C00266,P007,1,692.39,399.57,69.24,623.15,399.57,223.58,Online
O003383,2025-11-17,C00787,P009,1,1843.37,1277.0,184.34,1659.03,1277.0,382.03,Online
O003384,2025-07-12,C00994,P011,2,487.27,344.29,0.0,974.54,688.58,285.96,Store
O003385,2025-02-16,C01147,P004,2,825.3,619.33,0.0,1650.6,1238.66,411.94,Store
O003386,2025-05-28,C01121,P001,1,12212.51,9280.33,610.63,11601.88,9280.33,2321.55,Online
O003387,2025-10-02,C00721,P015,2,1375.39,1038.91,0.0,2750.78,2077.82,672.96,Online
O003388,2025-06-06,C00527,P010,1,1487.5,884.68,148.75,1338.75,884.68,454.07,Online
O003389,2025-07-21,C00810,P006,1,3653.72,2501.63,365.37,3288.35,2501.63,786.72,Online
O003390,2025-05-06,C00078,P013,1,889.0,519.78,88.9,800.1,519.78,280.32,Online
O003391,2025-11-01,C00934,P009,1,1843.37,1277.0,0.0,1843.37,1277.0,566.37,Online
O003392,2025-10-21,C00907,P012,1,1008.95,650.79,50.45,958.5,650.79,307.71,Online
O003393,2025-03-05,C01184,P012,2,1008.95,650.79,302.68,1715.22,1301.58,413.64,Marketplace
O003394,2025-11-21,C00184,P011,1,487.27,344.29,0.0,487.27,344.29,142.98,Online
O003395,2025-06-25,C00611,P005,1,3123.65,2355.15,0.0,3123.65,2355.15,768.5,Marketplace
O003396,2025-04-26,C00446,P007,1,692.39,399.57,138.48,553.91,399.57,154.34,Marketplace
O003397,2025-07-23,C01071,P009,2,1843.37,1277.0,0.0,3686.74,2554.0,1132.74,Store
O003398,2025-11-17,C00231,P008,1,952.71,663.0,0.0,952.71,663.0,289.71,Store
O003399,2025-01-31,C01031,P003,1,1674.13,1006.35,0.0,1674.13,1006.35,667.78,Marketplace
O003400,2025-04-23,C00871,P003,2,1674.13,1006.35,0.0,3348.26,2012.7,1335.56,Online
O003401,2025-12-31,C00302,P004,1,825.3,619.33,0.0,825.3,619.33,205.97,Online
O003402,2025-11-21,C00747,P013,2,889.0,519.78,0.0,1778.0,1039.56,738.44,Store
O003403,2025-12-10,C00474,P011,1,487.27,344.29,0.0,487.27,344.29,142.98,Online
O003404,2025-03-08,C00668,P001,2,12212.51,9280.33,2442.5,21982.52,18560.66,3421.86,Online
O003405,2025-03-16,C01022,P014,1,746.01,469.1,149.2,596.81,469.1,127.71,Online
O003406,2025-02-14,C01199,P014,2,746.01,469.1,0.0,1492.02,938.2,553.82,Online
O003407,2025-09-17,C01131,P011,1,487.27,344.29,48.73,438.54,344.29,94.25,Store
O003408,2025-06-03,C00281,P003,2,1674.13,1006.35,502.24,2846.02,2012.7,833.32,Online
O003409,2025-06-04,C00202,P005,1,3123.65,2355.15,0.0,3123.65,2355.15,768.5,Online
O003410,2025-12-29,C01038,P004,1,825.3,619.33,0.0,825.3,619.33,205.97,Online
O003411,2025-08-22,C00094,P015,1,1375.39,1038.91,68.77,1306.62,1038.91,267.71,Online
O003412,2025-02-20,C00606,P010,1,1487.5,884.68,74.38,1413.12,884.68,528.44,Marketplace
O003413,2025-11-02,C00574,P014,2,746.01,469.1,0.0,1492.02,938.2,553.82,Online
O003414,2025-09-19,C00133,P015,1,1375.39,1038.91,0.0,1375.39,1038.91,336.48,Online
O003415,2025-11-11,C01025,P015,1,1375.39,1038.91,0.0,1375.39,1038.91,336.48,Online
O003416,2025-05-05,C00985,P008,1,952.71,663.0,47.64,905.07,663.0,242.07,Online
O003417,2025-09-02,C00997,P011,1,487.27,344.29,0.0,487.27,344.29,142.98,Online
O003418,2025-01-30,C00381,P015,1,1375.39,1038.91,0.0,1375.39,1038.91,336.48,Online
O003419,2025-05-02,C00665,P015,1,1375.39,1038.91,0.0,1375.39,1038.91,336.48,Online
O003420,2025-05-05,C00354,P011,1,487.27,344.29,48.73,438.54,344.29,94.25,Store
O003421,2025-02-06,C00825,P005,2,3123.65,2355.15,0.0,6247.3,4710.3,1537.0,Online
O003422,2025-06-19,C00615,P002,1,5103.35,3862.76,0.0,5103.35,3862.76,1240.59,Online
O003423,2025-05-04,C00913,P013,2,889.0,519.78,0.0,1778.0,1039.56,738.44,Marketplace
O003424,2025-12-23,C00423,P011,1,487.27,344.29,0.0,487.27,344.29,142.98,Marketplace
O003425,2025-02-04,C00975,P014,2,746.01,469.1,0.0,1492.02,938.2,553.82,Online
O003426,2025-03-28,C01084,P014,2,746.01,469.1,149.2,1342.82,938.2,404.62,Online
O003427,2025-05-14,C00833,P001,2,12212.51,9280.33,0.0,24425.02,18560.66,5864.36,Marketplace
O003428,2025-07-15,C00806,P008,1,952.71,663.0,47.64,905.07,663.0,242.07,Store
O003429,2025-10-01,C00482,P009,1,1843.37,1277.0,184.34,1659.03,1277.0,382.03,Store
O003430,2025-07-20,C00297,P016,1,802.2,467.64,0.0,802.2,467.64,334.56,Online
O003431,2025-10-12,C00671,P015,1,1375.39,1038.91,0.0,1375.39,1038.91,336.48,Online
O003432,2025-03-18,C00393,P011,1,487.27,344.29,0.0,487.27,344.29,142.98,Online
O003433,2025-02-28,C00949,P016,2,802.2,467.64,0.0,1604.4,935.28,669.12,Online
O003434,2025-05-06,C00158,P001,1,12212.51,9280.33,1221.25,10991.26,9280.33,1710.93,Online
O003435,2025-04-19,C00371,P016,1,802.2,467.64,0.0,802.2,467.64,334.56,Store
O003436,2025-08-12,C00933,P007,1,692.39,399.57,34.62,657.77,399.57,258.2,Online
O003437,2025-10-05,C00302,P016,1,802.2,467.64,80.22,721.98,467.64,254.34,Store
O003438,2025-03-09,C00760,P016,1,802.2,467.64,0.0,802.2,467.64,334.56,Online
O003439,2025-03-10,C00867,P006,1,3653.72,2501.63,0.0,3653.72,2501.63,1152.09,Online
O003440,2025-06-14,C01113,P012,1,1008.95,650.79,0.0,1008.95,650.79,358.16,Online
O003441,2025-11-01,C01182,P008,1,952.71,663.0,0.0,952.71,663.0,289.71,Online
O003442,2025-06-11,C00871,P001,1,12212.51,9280.33,1221.25,10991.26,9280.33,1710.93,Online
O003443,2025-12-31,C00061,P006,2,3653.72,2501.63,1461.49,5845.95,5003.26,842.69,Marketplace
O003444,2025-12-08,C01126,P001,1,12212.51,9280.33,2442.5,9770.01,9280.33,489.68,Online
O003445,2025-11-05,C00815,P009,1,1843.37,1277.0,0.0,1843.37,1277.0,566.37,Online
O003446,2025-12-09,C00052,P003,1,1674.13,1006.35,167.41,1506.72,1006.35,500.37,Store
O003447,2025-02-11,C00443,P003,1,1674.13,1006.35,0.0,1674.13,1006.35,667.78,Store
O003448,2025-12-20,C00081,P011,2,487.27,344.29,146.18,828.36,688.58,139.78,Online
O003449,2025-04-19,C00407,P007,1,692.39,399.57,69.24,623.15,399.57,223.58,Online
O003450,2025-02-20,C00573,P013,1,889.0,519.78,88.9,800.1,519.78,280.32,Store
O003451,2025-09-07,C00903,P006,1,3653.72,2501.63,365.37,3288.35,2501.63,786.72,Online
O003452,2025-12-07,C00495,P001,1,12212.51,9280.33,1831.88,10380.63,9280.33,1100.3,Online
O003453,2025-01-21,C00815,P011,1,487.27,344.29,0.0,487.27,344.29,142.98,Online
O003454,2025-10-27,C01127,P011,1,487.27,344.29,24.36,462.91,344.29,118.62,Store
O003455,2025-05-19,C00461,P005,1,3123.65,2355.15,0.0,3123.65,2355.15,768.5,Store
O003456,2025-12-25,C00370,P003,1,1674.13,1006.35,83.71,1590.42,1006.35,584.07,Store
O003457,2025-11-20,C00456,P012,1,1008.95,650.79,0.0,1008.95,650.79,358.16,Store
O003458,2025-04-02,C00880,P002,1,5103.35,3862.76,0.0,5103.35,3862.76,1240.59,Online
O003459,2025-10-07,C00810,P011,2,487.27,344.29,0.0,974.54,688.58,285.96,Online
O003460,2025-05-05,C00623,P012,3,1008.95,650.79,151.34,2875.51,1952.37,923.14,Online
O003461,2025-04-21,C00766,P001,1,12212.51,9280.33,0.0,12212.51,9280.33,2932.18,Store
O003462,2025-12-20,C00891,P010,2,1487.5,884.68,0.0,2975.0,1769.36,1205.64,Online
O003463,2025-05-19,C00745,P014,2,746.01,469.1,0.0,1492.02,938.2,553.82,Online
O003464,2025-09-30,C00021,P004,1,825.3,619.33,82.53,742.77,619.33,123.44,Online
O003465,2025-04-09,C00096,P006,1,3653.72,2501.63,0.0,3653.72,2501.63,1152.09,Online
O003466,2025-09-09,C00613,P008,1,952.71,663.0,0.0,952.71,663.0,289.71,Online
O003467,2025-12-04,C00071,P008,1,952.71,663.0,0.0,952.71,663.0,289.71,Marketplace
O003468,2025-04-14,C00507,P007,1,692.39,399.57,103.86,588.53,399.57,188.96,Online
O003469,2025-08-02,C00138,P002,1,5103.35,3862.76,0.0,5103.35,3862.76,1240.59,Store
O003470,2025-09-06,C00679,P012,2,1008.95,650.79,0.0,2017.9,1301.58,716.32,Online
O003471,2025-06-01,C00464,P011,1,487.27,344.29,48.73,438.54,344.29,94.25,Store
O003472,2025-09-07,C00069,P008,2,952.71,663.0,95.27,1810.15,1326.0,484.15,Store
O003473,2025-10-02,C01148,P010,2,1487.5,884.68,0.0,2975.0,1769.36,1205.64,Online
O003474,2025-06-14,C00503,P007,2,692.39,399.57,0.0,1384.78,799.14,585.64,Online
O003475,2025-12-07,C00335,P014,1,746.01,469.1,74.6,671.41,469.1,202.31,Online
O003476,2025-01-08,C01156,P008,1,952.71,663.0,95.27,857.44,663.0,194.44,Store
O003477,2025-10-11,C00554,P003,1,1674.13,1006.35,83.71,1590.42,1006.35,584.07,Online
O003478,2025-01-05,C00683,P013,1,889.0,519.78,88.9,800.1,519.78,280.32,Online
O003479,2025-05-25,C00275,P002,1,5103.35,3862.76,0.0,5103.35,3862.76,1240.59,Online
O003480,2025-04-11,C00406,P003,1,1674.13,1006.35,0.0,1674.13,1006.35,667.78,Online
O003481,2025-06-13,C00328,P003,2,1674.13,1006.35,0.0,3348.26,2012.7,1335.56,Online
O003482,2025-05-27,C00550,P003,1,1674.13,1006.35,251.12,1423.01,1006.35,416.66,Online
O003483,2025-03-05,C00201,P005,1,3123.65,2355.15,0.0,3123.65,2355.15,768.5,Store
O003484,2025-04-01,C00205,P016,1,802.2,467.64,40.11,762.09,467.64,294.45,Online
O003485,2025-04-27,C00868,P009,1,1843.37,1277.0,0.0,1843.37,1277.0,566.37,Store
O003486,2025-12-20,C00817,P009,1,1843.37,1277.0,184.34,1659.03,1277.0,382.03,Online
O003487,2025-09-24,C00053,P014,1,746.01,469.1,74.6,671.41,469.1,202.31,Online
O003488,2025-11-06,C00010,P006,1,3653.72,2501.63,365.37,3288.35,2501.63,786.72,Marketplace
O003489,2025-06-22,C00646,P005,1,3123.65,2355.15,0.0,3123.65,2355.15,768.5,Store
O003490,2025-02-16,C00129,P012,2,1008.95,650.79,201.79,1816.11,1301.58,514.53,Online
O003491,2025-05-20,C00651,P004,1,825.3,619.33,41.26,784.04,619.33,164.71,Online
O003492,2025-09-03,C01192,P004,1,825.3,619.33,41.26,784.04,619.33,164.71,Online
O003493,2025-05-29,C00905,P016,3,802.2,467.64,0.0,2406.6,1402.92,1003.68,Online
O003494,2025-09-03,C00955,P005,1,3123.65,2355.15,156.18,2967.47,2355.15,612.32,Store
O003495,2025-01-05,C00315,P003,1,1674.13,1006.35,0.0,1674.13,1006.35,667.78,Store
O003496,2025-07-03,C00659,P004,1,825.3,619.33,41.26,784.04,619.33,164.71,Marketplace
O003497,2025-01-20,C00620,P016,1,802.2,467.64,0.0,802.2,467.64,334.56,Online
O003498,2025-02-15,C01177,P007,3,692.39,399.57,207.72,1869.45,1198.71,670.74,Store
O003499,2025-01-12,C01144,P014,1,746.01,469.1,0.0,746.01,469.1,276.91,Online
O003500,2025-03-11,C00118,P006,1,3653.72,2501.63,182.69,3471.03,2501.63,969.4,Store
O003501,2025-01-17,C00888,P009,1,1843.37,1277.0,0.0,1843.37,1277.0,566.37,Online
O003502,2025-05-27,C00736,P007,2,692.39,399.57,0.0,1384.78,799.14,585.64,Marketplace
O003503,2025-06-03,C00657,P014,2,746.01,469.1,0.0,1492.02,938.2,553.82,Online
O003504,2025-10-31,C00353,P001,2,12212.51,9280.33,0.0,24425.02,18560.66,5864.36,Online
O003505,2025-04-18,C01198,P006,1,3653.72,2501.63,548.06,3105.66,2501.63,604.03,Store
O003506,2025-08-24,C00654,P012,1,1008.95,650.79,50.45,958.5,650.79,307.71,Online
O003507,2025-11-04,C00326,P006,1,3653.72,2501.63,0.0,3653.72,2501.63,1152.09,Store
O003508,2025-12-18,C01093,P006,1,3653.72,2501.63,365.37,3288.35,2501.63,786.72,Marketplace
O003509,2025-03-11,C00831,P006,2,3653.72,2501.63,1461.49,5845.95,5003.26,842.69,Online
O003510,2025-07-02,C01132,P014,1,746.01,469.1,74.6,671.41,469.1,202.31,Store
O003511,2025-09-07,C00027,P003,2,1674.13,1006.35,0.0,3348.26,2012.7,1335.56,Online
O003512,2025-08-16,C00561,P003,1,1674.13,1006.35,83.71,1590.42,1006.35,584.07,Online
O003513,2025-04-12,C00028,P014,1,746.01,469.1,74.6,671.41,469.1,202.31,Online
O003514,2025-03-16,C00276,P014,1,746.01,469.1,0.0,746.01,469.1,276.91,Store
O003515,2025-08-04,C00702,P002,3,5103.35,3862.76,0.0,15310.05,11588.28,3721.77,Online
O003516,2025-07-22,C00137,P016,2,802.2,467.64,80.22,1524.18,935.28,588.9,Online
O003517,2025-07-11,C00475,P003,1,1674.13,1006.35,167.41,1506.72,1006.35,500.37,Online
O003518,2025-09-06,C00504,P012,2,1008.95,650.79,0.0,2017.9,1301.58,716.32,Online
O003519,2025-08-30,C00329,P010,2,1487.5,884.68,0.0,2975.0,1769.36,1205.64,Marketplace
O003520,2025-06-28,C00456,P013,2,889.0,519.78,88.9,1689.1,1039.56,649.54,Online
O003521,2025-08-07,C00044,P005,1,3123.65,2355.15,156.18,2967.47,2355.15,612.32,Online
O003522,2025-03-23,C00576,P013,1,889.0,519.78,44.45,844.55,519.78,324.77,Online
O003523,2025-04-02,C00113,P016,3,802.2,467.64,240.66,2165.94,1402.92,763.02,Online
O003524,2025-06-24,C00448,P012,1,1008.95,650.79,50.45,958.5,650.79,307.71,Online
O003525,2025-08-27,C00356,P007,1,692.39,399.57,0.0,692.39,399.57,292.82,Store
O003526,2025-09-17,C00301,P008,1,952.71,663.0,0.0,952.71,663.0,289.71,Store
O003527,2025-12-31,C00406,P014,1,746.01,469.1,37.3,708.71,469.1,239.61,Store
O003528,2025-06-12,C00531,P010,2,1487.5,884.68,446.25,2528.75,1769.36,759.39,Online
O003529,2025-02-17,C00410,P004,1,825.3,619.33,0.0,825.3,619.33,205.97,Store
O003530,2025-11-25,C00239,P007,1,692.39,399.57,0.0,692.39,399.57,292.82,Store
O003531,2025-11-24,C00796,P012,1,1008.95,650.79,0.0,1008.95,650.79,358.16,Marketplace
O003532,2025-04-26,C00065,P014,2,746.01,469.1,0.0,1492.02,938.2,553.82,Online
O003533,2025-12-03,C00599,P006,1,3653.72,2501.63,0.0,3653.72,2501.63,1152.09,Online
O003534,2025-12-03,C00878,P003,1,1674.13,1006.35,167.41,1506.72,1006.35,500.37,Online
O003535,2025-08-13,C01128,P015,1,1375.39,1038.91,0.0,1375.39,1038.91,336.48,Store
O003536,2025-12-18,C01157,P007,1,692.39,399.57,34.62,657.77,399.57,258.2,Online
O003537,2025-11-24,C00346,P010,1,1487.5,884.68,0.0,1487.5,884.68,602.82,Online
O003538,2025-05-27,C00548,P003,2,1674.13,1006.35,0.0,3348.26,2012.7,1335.56,Online
O003539,2025-03-04,C00878,P011,2,487.27,344.29,0.0,974.54,688.58,285.96,Online
O003540,2025-10-21,C00524,P015,1,1375.39,1038.91,275.08,1100.31,1038.91,61.4,Online
O003541,2025-11-19,C00601,P012,2,1008.95,650.79,0.0,2017.9,1301.58,716.32,Store
O003542,2025-11-21,C00857,P002,1,5103.35,3862.76,0.0,5103.35,3862.76,1240.59,Online
O003543,2025-01-13,C00889,P009,1,1843.37,1277.0,0.0,1843.37,1277.0,566.37,Marketplace
O003544,2025-07-08,C00695,P008,1,952.71,663.0,0.0,952.71,663.0,289.71,Store
O003545,2025-10-14,C00987,P009,1,1843.37,1277.0,0.0,1843.37,1277.0,566.37,Online
O003546,2025-07-27,C00658,P001,2,12212.51,9280.33,0.0,24425.02,18560.66,5864.36,Store
O003547,2025-04-24,C00977,P003,1,1674.13,1006.35,0.0,1674.13,1006.35,667.78,Online
O003548,2025-01-22,C00841,P004,1,825.3,619.33,0.0,825.3,619.33,205.97,Marketplace
O003549,2025-12-15,C01071,P009,1,1843.37,1277.0,0.0,1843.37,1277.0,566.37,Online
O003550,2025-08-02,C00769,P003,1,1674.13,1006.35,0.0,1674.13,1006.35,667.78,Store
O003551,2025-06-20,C00720,P014,1,746.01,469.1,0.0,746.01,469.1,276.91,Online
O003552,2025-11-19,C00795,P008,1,952.71,663.0,142.91,809.8,663.0,146.8,Marketplace
O003553,2025-02-23,C00138,P012,1,1008.95,650.79,100.9,908.05,650.79,257.26,Online
O003554,2025-10-25,C00764,P002,3,5103.35,3862.76,0.0,15310.05,11588.28,3721.77,Online
O003555,2025-11-16,C00342,P004,1,825.3,619.33,0.0,825.3,619.33,205.97,Online
O003556,2025-05-06,C00931,P013,1,889.0,519.78,177.8,711.2,519.78,191.42,Online
O003557,2025-10-04,C00878,P002,1,5103.35,3862.76,0.0,5103.35,3862.76,1240.59,Store
O003558,2025-07-23,C00910,P009,3,1843.37,1277.0,276.51,5253.6,3831.0,1422.6,Online
O003559,2025-07-13,C00056,P013,1,889.0,519.78,0.0,889.0,519.78,369.22,Online
O003560,2025-06-18,C00829,P016,2,802.2,467.64,160.44,1443.96,935.28,508.68,Online
O003561,2025-06-01,C00278,P006,2,3653.72,2501.63,0.0,7307.44,5003.26,2304.18,Store
O003562,2025-02-04,C00974,P009,2,1843.37,1277.0,184.34,3502.4,2554.0,948.4,Store
O003563,2025-07-03,C00926,P014,1,746.01,469.1,0.0,746.01,469.1,276.91,Online
O003564,2025-10-13,C00096,P013,1,889.0,519.78,0.0,889.0,519.78,369.22,Online
O003565,2025-02-26,C00624,P006,2,3653.72,2501.63,365.37,6942.07,5003.26,1938.81,Store
O003566,2025-08-10,C01032,P016,4,802.2,467.64,0.0,3208.8,1870.56,1338.24,Store
O003567,2025-10-30,C00661,P001,2,12212.51,9280.33,1221.25,23203.77,18560.66,4643.11,Online
O003568,2025-06-12,C00285,P004,2,825.3,619.33,0.0,1650.6,1238.66,411.94,Online
O003569,2025-01-19,C01149,P014,2,746.01,469.1,149.2,1342.82,938.2,404.62,Online
O003570,2025-09-21,C00823,P015,1,1375.39,1038.91,0.0,1375.39,1038.91,336.48,Online
O003571,2025-10-09,C00126,P003,1,1674.13,1006.35,0.0,1674.13,1006.35,667.78,Marketplace
O003572,2025-04-23,C00031,P016,1,802.2,467.64,80.22,721.98,467.64,254.34,Online
O003573,2025-11-23,C01043,P003,1,1674.13,1006.35,83.71,1590.42,1006.35,584.07,Online
O003574,2025-01-30,C00328,P016,1,802.2,467.64,0.0,802.2,467.64,334.56,Store
O003575,2025-05-15,C00418,P008,1,952.71,663.0,0.0,952.71,663.0,289.71,Marketplace
O003576,2025-03-08,C00013,P014,2,746.01,469.1,0.0,1492.02,938.2,553.82,Online
O003577,2025-03-06,C00830,P010,1,1487.5,884.68,0.0,1487.5,884.68,602.82,Store
O003578,2025-10-19,C01097,P008,3,952.71,663.0,0.0,2858.13,1989.0,869.13,Store
O003579,2025-01-25,C00670,P010,2,1487.5,884.68,148.75,2826.25,1769.36,1056.89,Store
O003580,2025-02-06,C00232,P010,1,1487.5,884.68,74.38,1413.12,884.68,528.44,Marketplace
O003581,2025-01-01,C00921,P001,4,12212.51,9280.33,2442.5,46407.54,37121.32,9286.22,Online
O003582,2025-02-06,C00697,P015,1,1375.39,1038.91,0.0,1375.39,1038.91,336.48,Marketplace
O003583,2025-05-21,C01087,P006,3,3653.72,2501.63,0.0,10961.16,7504.89,3456.27,Online
O003584,2025-08-20,C01050,P009,1,1843.37,1277.0,0.0,1843.37,1277.0,566.37,Online
O003585,2025-05-16,C00301,P003,1,1674.13,1006.35,0.0,1674.13,1006.35,667.78,Online
O003586,2025-07-07,C01029,P001,1,12212.51,9280.33,0.0,12212.51,9280.33,2932.18,Online
O003587,2025-05-08,C00455,P004,1,825.3,619.33,41.26,784.04,619.33,164.71,Online
O003588,2025-07-20,C00107,P004,1,825.3,619.33,82.53,742.77,619.33,123.44,Store
O003589,2025-05-07,C01190,P005,2,3123.65,2355.15,312.36,5934.94,4710.3,1224.64,Online
O003590,2025-09-14,C00004,P007,3,692.39,399.57,207.72,1869.45,1198.71,670.74,Online
O003591,2025-06-13,C00112,P005,1,3123.65,2355.15,0.0,3123.65,2355.15,768.5,Online
O003592,2025-02-04,C00099,P007,1,692.39,399.57,34.62,657.77,399.57,258.2,Online
O003593,2025-07-13,C00135,P015,1,1375.39,1038.91,0.0,1375.39,1038.91,336.48,Online
O003594,2025-07-10,C00850,P006,1,3653.72,2501.63,365.37,3288.35,2501.63,786.72,Store
O003595,2025-04-14,C01079,P011,2,487.27,344.29,0.0,974.54,688.58,285.96,Store
O003596,2025-01-23,C00938,P005,1,3123.65,2355.15,156.18,2967.47,2355.15,612.32,Marketplace
O003597,2025-09-22,C01158,P006,1,3653.72,2501.63,0.0,3653.72,2501.63,1152.09,Online
O003598,2025-10-17,C00155,P014,1,746.01,469.1,0.0,746.01,469.1,276.91,Online
O003599,2025-09-17,C00231,P013,2,889.0,519.78,0.0,1778.0,1039.56,738.44,Online
O003600,2025-12-24,C00803,P005,1,3123.65,2355.15,0.0,3123.65,2355.15,768.5,Online
O003601,2025-03-16,C00035,P008,1,952.71,663.0,0.0,952.71,663.0,289.71,Online
O003602,2025-12-21,C00359,P014,1,746.01,469.1,111.9,634.11,469.1,165.01,Online
O003603,2025-03-13,C00552,P007,1,692.39,399.57,34.62,657.77,399.57,258.2,Online
O003604,2025-09-16,C00377,P009,1,1843.37,1277.0,0.0,1843.37,1277.0,566.37,Store
O003605,2025-07-07,C00993,P001,1,12212.51,9280.33,0.0,12212.51,9280.33,2932.18,Store
O003606,2025-06-22,C00293,P010,1,1487.5,884.68,148.75,1338.75,884.68,454.07,Online
O003607,2025-10-17,C00039,P003,3,1674.13,1006.35,0.0,5022.39,3019.05,2003.34,Online
O003608,2025-02-14,C00746,P008,1,952.71,663.0,47.64,905.07,663.0,242.07,Online
O003609,2025-03-02,C00925,P013,2,889.0,519.78,266.7,1511.3,1039.56,471.74,Online
O003610,2025-03-24,C00772,P015,1,1375.39,1038.91,206.31,1169.08,1038.91,130.17,Online
O003611,2025-05-03,C00769,P011,1,487.27,344.29,48.73,438.54,344.29,94.25,Store
O003612,2025-12-24,C00087,P012,1,1008.95,650.79,50.45,958.5,650.79,307.71,Online
O003613,2025-01-16,C01027,P003,2,1674.13,1006.35,334.83,3013.43,2012.7,1000.73,Store
O003614,2025-03-07,C00571,P001,3,12212.51,9280.33,3663.75,32973.78,27840.99,5132.79,Store
O003615,2025-05-25,C00558,P005,1,3123.65,2355.15,312.36,2811.29,2355.15,456.14,Online
O003616,2025-06-11,C01021,P008,1,952.71,663.0,0.0,952.71,663.0,289.71,Store
O003617,2025-08-22,C00842,P005,4,3123.65,2355.15,1874.19,10620.41,9420.6,1199.81,Online
O003618,2025-05-24,C00079,P013,1,889.0,519.78,0.0,889.0,519.78,369.22,Store
O003619,2025-12-24,C01084,P014,1,746.01,469.1,0.0,746.01,469.1,276.91,Online
O003620,2025-07-07,C00636,P016,3,802.2,467.64,240.66,2165.94,1402.92,763.02,Store
O003621,2025-11-18,C00357,P005,2,3123.65,2355.15,937.1,5310.2,4710.3,599.9,Online
O003622,2025-01-13,C01075,P013,1,889.0,519.78,133.35,755.65,519.78,235.87,Online
O003623,2025-07-03,C00264,P001,1,12212.51,9280.33,0.0,12212.51,9280.33,2932.18,Marketplace
O003624,2025-04-21,C01166,P014,1,746.01,469.1,74.6,671.41,469.1,202.31,Online
O003625,2025-10-17,C00317,P008,1,952.71,663.0,95.27,857.44,663.0,194.44,Store
O003626,2025-10-22,C00819,P015,2,1375.39,1038.91,0.0,2750.78,2077.82,672.96,Online
O003627,2025-08-03,C00889,P001,1,12212.51,9280.33,0.0,12212.51,9280.33,2932.18,Online
O003628,2025-04-30,C00101,P009,2,1843.37,1277.0,368.67,3318.07,2554.0,764.07,Online
O003629,2025-02-24,C00410,P007,3,692.39,399.57,103.86,1973.31,1198.71,774.6,Online
O003630,2025-01-27,C00259,P013,1,889.0,519.78,0.0,889.0,519.78,369.22,Online
O003631,2025-04-28,C00610,P002,1,5103.35,3862.76,255.17,4848.18,3862.76,985.42,Online
O003632,2025-08-09,C00817,P005,2,3123.65,2355.15,312.36,5934.94,4710.3,1224.64,Marketplace
O003633,2025-08-19,C00625,P008,2,952.71,663.0,190.54,1714.88,1326.0,388.88,Store
O003634,2025-02-22,C01156,P003,1,1674.13,1006.35,0.0,1674.13,1006.35,667.78,Online
O003635,2025-10-22,C01178,P016,1,802.2,467.64,120.33,681.87,467.64,214.23,Store
O003636,2025-11-17,C00963,P005,1,3123.65,2355.15,156.18,2967.47,2355.15,612.32,Online
O003637,2025-08-21,C00671,P013,1,889.0,519.78,44.45,844.55,519.78,324.77,Store
O003638,2025-06-07,C00278,P010,2,1487.5,884.68,0.0,2975.0,1769.36,1205.64,Marketplace
O003639,2025-09-26,C00310,P002,1,5103.35,3862.76,0.0,5103.35,3862.76,1240.59,Store
O003640,2025-01-21,C00064,P016,4,802.2,467.64,0.0,3208.8,1870.56,1338.24,Marketplace
O003641,2025-02-22,C00210,P009,1,1843.37,1277.0,92.17,1751.2,1277.0,474.2,Online
O003642,2025-10-02,C01165,P002,1,5103.35,3862.76,510.34,4593.01,3862.76,730.25,Online
O003643,2025-11-09,C00270,P001,1,12212.51,9280.33,610.63,11601.88,9280.33,2321.55,Online
O003644,2025-10-08,C00006,P015,1,1375.39,1038.91,0.0,1375.39,1038.91,336.48,Marketplace
O003645,2025-08-02,C00882,P011,3,487.27,344.29,0.0,1461.81,1032.87,428.94,Store
O003646,2025-01-31,C00595,P001,1,12212.51,9280.33,1221.25,10991.26,9280.33,1710.93,Online
O003647,2025-12-03,C00528,P004,2,825.3,619.33,0.0,1650.6,1238.66,411.94,Marketplace
O003648,2025-07-02,C00398,P016,1,802.2,467.64,0.0,802.2,467.64,334.56,Online
O003649,2025-01-23,C00027,P002,1,5103.35,3862.76,0.0,5103.35,3862.76,1240.59,Online
O003650,2025-02-01,C00151,P016,4,802.2,467.64,0.0,3208.8,1870.56,1338.24,Online
O003651,2025-03-15,C00177,P006,3,3653.72,2501.63,0.0,10961.16,7504.89,3456.27,Online
O003652,2025-01-10,C01196,P003,1,1674.13,1006.35,0.0,1674.13,1006.35,667.78,Online
O003653,2025-02-23,C00942,P002,1,5103.35,3862.76,255.17,4848.18,3862.76,985.42,Store
O003654,2025-02-21,C00636,P009,2,1843.37,1277.0,0.0,3686.74,2554.0,1132.74,Online
O003655,2025-05-28,C00555,P016,1,802.2,467.64,0.0,802.2,467.64,334.56,Marketplace
O003656,2025-06-09,C00852,P005,2,3123.65,2355.15,0.0,6247.3,4710.3,1537.0,Online
O003657,2025-01-14,C00011,P016,1,802.2,467.64,0.0,802.2,467.64,334.56,Store
O003658,2025-06-27,C00147,P016,1,802.2,467.64,160.44,641.76,467.64,174.12,Store
O003659,2025-02-22,C00732,P003,1,1674.13,1006.35,0.0,1674.13,1006.35,667.78,Store
O003660,2025-12-01,C01103,P012,1,1008.95,650.79,0.0,1008.95,650.79,358.16,Online
O003661,2025-01-22,C00524,P002,1,5103.35,3862.76,0.0,5103.35,3862.76,1240.59,Store
O003662,2025-01-30,C01043,P001,1,12212.51,9280.33,0.0,12212.51,9280.33,2932.18,Online
O003663,2025-07-10,C00196,P011,2,487.27,344.29,0.0,974.54,688.58,285.96,Online
O003664,2025-09-17,C00804,P012,1,1008.95,650.79,50.45,958.5,650.79,307.71,Marketplace
O003665,2025-07-24,C00097,P016,2,802.2,467.64,0.0,1604.4,935.28,669.12,Online
O003666,2025-02-28,C00504,P001,2,12212.51,9280.33,0.0,24425.02,18560.66,5864.36,Online
O003667,2025-09-21,C01106,P009,4,1843.37,1277.0,1474.7,5898.78,5108.0,790.78,Online
O003668,2025-01-12,C01119,P005,1,3123.65,2355.15,312.36,2811.29,2355.15,456.14,Online
O003669,2025-04-29,C00429,P013,1,889.0,519.78,0.0,889.0,519.78,369.22,Marketplace
O003670,2025-10-17,C00082,P008,1,952.71,663.0,142.91,809.8,663.0,146.8,Online
O003671,2025-12-04,C00818,P009,1,1843.37,1277.0,92.17,1751.2,1277.0,474.2,Online
O003672,2025-09-05,C00911,P001,1,12212.51,9280.33,0.0,12212.51,9280.33,2932.18,Online
O003673,2025-12-20,C00693,P003,3,1674.13,1006.35,0.0,5022.39,3019.05,2003.34,Store
O003674,2025-05-07,C00424,P007,2,692.39,399.57,0.0,1384.78,799.14,585.64,Online
O003675,2025-03-16,C00410,P002,3,5103.35,3862.76,765.5,14544.55,11588.28,2956.27,Online
O003676,2025-12-27,C00540,P001,1,12212.51,9280.33,0.0,12212.51,9280.33,2932.18,Online
O003677,2025-07-23,C00885,P016,1,802.2,467.64,40.11,762.09,467.64,294.45,Online
O003678,2025-02-18,C00990,P002,1,5103.35,3862.76,0.0,5103.35,3862.76,1240.59,Store
O003679,2025-03-20,C00241,P003,1,1674.13,1006.35,83.71,1590.42,1006.35,584.07,Store
O003680,2025-08-29,C00578,P008,1,952.71,663.0,0.0,952.71,663.0,289.71,Store
O003681,2025-12-15,C00298,P013,1,889.0,519.78,0.0,889.0,519.78,369.22,Online
O003682,2025-06-03,C01134,P011,1,487.27,344.29,0.0,487.27,344.29,142.98,Store
O003683,2025-10-01,C00494,P006,1,3653.72,2501.63,0.0,3653.72,2501.63,1152.09,Store
O003684,2025-04-06,C00067,P010,4,1487.5,884.68,595.0,5355.0,3538.72,1816.28,Store
O003685,2025-08-02,C00326,P005,1,3123.65,2355.15,0.0,3123.65,2355.15,768.5,Marketplace
O003686,2025-10-21,C00015,P016,1,802.2,467.64,0.0,802.2,467.64,334.56,Store
O003687,2025-07-28,C00607,P016,2,802.2,467.64,240.66,1363.74,935.28,428.46,Online
O003688,2025-12-09,C01090,P005,3,3123.65,2355.15,937.1,8433.85,7065.45,1368.4,Online
O003689,2025-03-29,C00131,P010,1,1487.5,884.68,0.0,1487.5,884.68,602.82,Online
O003690,2025-11-02,C00695,P008,1,952.71,663.0,0.0,952.71,663.0,289.71,Store
O003691,2025-09-21,C00794,P014,1,746.01,469.1,0.0,746.01,469.1,276.91,Online
O003692,2025-11-21,C01181,P013,3,889.0,519.78,0.0,2667.0,1559.34,1107.66,Marketplace
O003693,2025-11-16,C00283,P013,1,889.0,519.78,0.0,889.0,519.78,369.22,Online
O003694,2025-06-06,C00766,P016,2,802.2,467.64,240.66,1363.74,935.28,428.46,Online
O003695,2025-06-05,C00796,P013,1,889.0,519.78,133.35,755.65,519.78,235.87,Online
O003696,2025-05-19,C00485,P002,1,5103.35,3862.76,0.0,5103.35,3862.76,1240.59,Store
O003697,2025-05-01,C00760,P002,1,5103.35,3862.76,0.0,5103.35,3862.76,1240.59,Online
O003698,2025-03-06,C00879,P009,2,1843.37,1277.0,184.34,3502.4,2554.0,948.4,Online
O003699,2025-04-17,C00023,P007,1,692.39,399.57,34.62,657.77,399.57,258.2,Marketplace
O003700,2025-05-27,C00121,P008,1,952.71,663.0,0.0,952.71,663.0,289.71,Online
O003701,2025-05-17,C00538,P011,1,487.27,344.29,0.0,487.27,344.29,142.98,Marketplace
O003702,2025-06-11,C00760,P015,2,1375.39,1038.91,0.0,2750.78,2077.82,672.96,Store
O003703,2025-04-10,C01177,P006,3,3653.72,2501.63,0.0,10961.16,7504.89,3456.27,Online
O003704,2025-12-04,C01093,P014,1,746.01,469.1,74.6,671.41,469.1,202.31,Online
O003705,2025-11-03,C01010,P010,1,1487.5,884.68,0.0,1487.5,884.68,602.82,Online
O003706,2025-05-21,C00281,P002,1,5103.35,3862.76,255.17,4848.18,3862.76,985.42,Marketplace
O003707,2025-03-24,C00577,P010,3,1487.5,884.68,0.0,4462.5,2654.04,1808.46,Online
O003708,2025-06-26,C01142,P001,1,12212.51,9280.33,0.0,12212.51,9280.33,2932.18,Online
O003709,2025-07-17,C00798,P012,1,1008.95,650.79,0.0,1008.95,650.79,358.16,Online
O003710,2025-04-22,C00580,P011,1,487.27,344.29,0.0,487.27,344.29,142.98,Store
O003711,2025-02-25,C00760,P005,1,3123.65,2355.15,156.18,2967.47,2355.15,612.32,Online
O003712,2025-06-28,C00835,P013,1,889.0,519.78,133.35,755.65,519.78,235.87,Online
O003713,2025-07-05,C00861,P005,1,3123.65,2355.15,0.0,3123.65,2355.15,768.5,Online
O003714,2025-08-06,C00607,P015,2,1375.39,1038.91,0.0,2750.78,2077.82,672.96,Online
O003715,2025-11-12,C00832,P001,1,12212.51,9280.33,0.0,12212.51,9280.33,2932.18,Marketplace
O003716,2025-08-05,C00750,P012,1,1008.95,650.79,0.0,1008.95,650.79,358.16,Online
O003717,2025-04-30,C00009,P003,1,1674.13,1006.35,83.71,1590.42,1006.35,584.07,Online
O003718,2025-06-24,C00185,P014,1,746.01,469.1,0.0,746.01,469.1,276.91,Online
O003719,2025-01-23,C00711,P015,1,1375.39,1038.91,0.0,1375.39,1038.91,336.48,Online
O003720,2025-08-01,C00619,P003,1,1674.13,1006.35,83.71,1590.42,1006.35,584.07,Online
O003721,2025-08-23,C01162,P009,1,1843.37,1277.0,0.0,1843.37,1277.0,566.37,Online
O003722,2025-01-13,C00749,P007,1,692.39,399.57,69.24,623.15,399.57,223.58,Store
O003723,2025-04-11,C00958,P002,1,5103.35,3862.76,0.0,5103.35,3862.76,1240.59,Online
O003724,2025-01-24,C00164,P013,1,889.0,519.78,44.45,844.55,519.78,324.77,Online
O003725,2025-12-30,C00829,P007,1,692.39,399.57,0.0,692.39,399.57,292.82,Online
O003726,2025-01-11,C00482,P007,2,692.39,399.57,69.24,1315.54,799.14,516.4,Online
O003727,2025-09-30,C01146,P015,1,1375.39,1038.91,206.31,1169.08,1038.91,130.17,Online
O003728,2025-10-08,C00960,P002,2,5103.35,3862.76,2041.34,8165.36,7725.52,439.84,Marketplace
O003729,2025-04-04,C00980,P016,2,802.2,467.64,0.0,1604.4,935.28,669.12,Online
O003730,2025-07-20,C00013,P004,1,825.3,619.33,0.0,825.3,619.33,205.97,Online
O003731,2025-01-21,C00886,P016,1,802.2,467.64,0.0,802.2,467.64,334.56,Store
O003732,2025-12-06,C00982,P007,2,692.39,399.57,0.0,1384.78,799.14,585.64,Online
O003733,2025-07-30,C00830,P010,1,1487.5,884.68,0.0,1487.5,884.68,602.82,Online
O003734,2025-05-20,C00274,P011,1,487.27,344.29,0.0,487.27,344.29,142.98,Online
O003735,2025-10-20,C00943,P013,1,889.0,519.78,44.45,844.55,519.78,324.77,Online
O003736,2025-10-25,C00339,P015,1,1375.39,1038.91,0.0,1375.39,1038.91,336.48,Marketplace
O003737,2025-04-11,C00327,P008,2,952.71,663.0,190.54,1714.88,1326.0,388.88,Store
O003738,2025-10-31,C00096,P005,1,3123.65,2355.15,0.0,3123.65,2355.15,768.5,Online
O003739,2025-12-25,C00515,P001,1,12212.51,9280.33,610.63,11601.88,9280.33,2321.55,Online
O003740,2025-01-28,C00359,P009,1,1843.37,1277.0,0.0,1843.37,1277.0,566.37,Online
O003741,2025-02-10,C00145,P005,2,3123.65,2355.15,0.0,6247.3,4710.3,1537.0,Store
O003742,2025-12-21,C00679,P011,2,487.27,344.29,0.0,974.54,688.58,285.96,Online
O003743,2025-10-30,C00701,P005,2,3123.65,2355.15,0.0,6247.3,4710.3,1537.0,Marketplace
O003744,2025-05-26,C00663,P014,1,746.01,469.1,37.3,708.71,469.1,239.61,Online
O003745,2025-09-13,C01129,P008,1,952.71,663.0,0.0,952.71,663.0,289.71,Store
O003746,2025-08-15,C00583,P008,1,952.71,663.0,0.0,952.71,663.0,289.71,Store
O003747,2025-08-24,C00886,P005,3,3123.65,2355.15,0.0,9370.95,7065.45,2305.5,Online
O003748,2025-12-27,C00448,P007,3,692.39,399.57,0.0,2077.17,1198.71,878.46,Store
O003749,2025-01-13,C00070,P013,1,889.0,519.78,0.0,889.0,519.78,369.22,Online
O003750,2025-07-29,C00908,P001,1,12212.51,9280.33,0.0,12212.51,9280.33,2932.18,Online
O003751,2025-08-17,C00071,P011,1,487.27,344.29,0.0,487.27,344.29,142.98,Online
O003752,2025-04-10,C00624,P005,1,3123.65,2355.15,0.0,3123.65,2355.15,768.5,Store
O003753,2025-01-31,C00969,P010,2,1487.5,884.68,0.0,2975.0,1769.36,1205.64,Online
O003754,2025-01-16,C00038,P014,1,746.01,469.1,74.6,671.41,469.1,202.31,Online
O003755,2025-05-17,C00877,P015,1,1375.39,1038.91,0.0,1375.39,1038.91,336.48,Marketplace
O003756,2025-11-25,C00881,P006,1,3653.72,2501.63,0.0,3653.72,2501.63,1152.09,Store
O003757,2025-06-15,C00391,P012,1,1008.95,650.79,100.9,908.05,650.79,257.26,Marketplace
O003758,2025-11-06,C00538,P014,2,746.01,469.1,0.0,1492.02,938.2,553.82,Online
O003759,2025-04-10,C00646,P016,1,802.2,467.64,0.0,802.2,467.64,334.56,Online
O003760,2025-04-19,C00446,P016,2,802.2,467.64,160.44,1443.96,935.28,508.68,Store
O003761,2025-12-09,C00159,P009,1,1843.37,1277.0,92.17,1751.2,1277.0,474.2,Online
O003762,2025-06-22,C00646,P011,1,487.27,344.29,0.0,487.27,344.29,142.98,Store
O003763,2025-08-25,C00426,P005,2,3123.65,2355.15,624.73,5622.57,4710.3,912.27,Online
O003764,2025-06-11,C00444,P005,1,3123.65,2355.15,0.0,3123.65,2355.15,768.5,Online
O003765,2025-08-04,C00781,P004,1,825.3,619.33,0.0,825.3,619.33,205.97,Online
O003766,2025-09-21,C01093,P003,1,1674.13,1006.35,251.12,1423.01,1006.35,416.66,Online
O003767,2025-09-20,C00591,P011,1,487.27,344.29,0.0,487.27,344.29,142.98,Store
O003768,2025-10-19,C00374,P015,1,1375.39,1038.91,68.77,1306.62,1038.91,267.71,Marketplace
O003769,2025-10-01,C00335,P005,2,3123.65,2355.15,624.73,5622.57,4710.3,912.27,Marketplace
O003770,2025-01-03,C00623,P016,1,802.2,467.64,80.22,721.98,467.64,254.34,Marketplace
O003771,2025-01-28,C00331,P011,1,487.27,344.29,0.0,487.27,344.29,142.98,Online
O003772,2025-11-22,C01007,P003,2,1674.13,1006.35,334.83,3013.43,2012.7,1000.73,Online
O003773,2025-05-29,C00264,P007,1,692.39,399.57,34.62,657.77,399.57,258.2,Online
O003774,2025-01-28,C00119,P011,1,487.27,344.29,97.45,389.82,344.29,45.53,Online
O003775,2025-11-06,C00795,P002,1,5103.35,3862.76,0.0,5103.35,3862.76,1240.59,Store
O003776,2025-03-06,C00524,P012,1,1008.95,650.79,0.0,1008.95,650.79,358.16,Marketplace
O003777,2025-12-22,C01099,P009,1,1843.37,1277.0,184.34,1659.03,1277.0,382.03,Online
O003778,2025-01-21,C00878,P015,1,1375.39,1038.91,68.77,1306.62,1038.91,267.71,Store
O003779,2025-09-09,C00395,P008,3,952.71,663.0,285.81,2572.32,1989.0,583.32,Store
O003780,2025-08-23,C00911,P005,1,3123.65,2355.15,312.36,2811.29,2355.15,456.14,Online
O003781,2025-08-15,C01113,P002,1,5103.35,3862.76,0.0,5103.35,3862.76,1240.59,Online
O003782,2025-01-13,C00821,P005,1,3123.65,2355.15,0.0,3123.65,2355.15,768.5,Online
O003783,2025-11-09,C00653,P015,2,1375.39,1038.91,0.0,2750.78,2077.82,672.96,Online
O003784,2025-02-18,C01023,P013,1,889.0,519.78,88.9,800.1,519.78,280.32,Online
O003785,2025-04-28,C01011,P012,1,1008.95,650.79,151.34,857.61,650.79,206.82,Online
O003786,2025-02-23,C00883,P009,1,1843.37,1277.0,0.0,1843.37,1277.0,566.37,Online
O003787,2025-05-18,C00692,P014,2,746.01,469.1,149.2,1342.82,938.2,404.62,Online
O003788,2025-02-22,C00118,P012,1,1008.95,650.79,0.0,1008.95,650.79,358.16,Online
O003789,2025-02-13,C00219,P005,1,3123.65,2355.15,0.0,3123.65,2355.15,768.5,Online
O003790,2025-10-30,C00141,P016,3,802.2,467.64,0.0,2406.6,1402.92,1003.68,Store
O003791,2025-02-22,C00414,P007,1,692.39,399.57,103.86,588.53,399.57,188.96,Marketplace
O003792,2025-03-15,C00035,P008,2,952.71,663.0,190.54,1714.88,1326.0,388.88,Store
O003793,2025-02-15,C00131,P015,1,1375.39,1038.91,0.0,1375.39,1038.91,336.48,Online
O003794,2025-01-13,C00611,P009,1,1843.37,1277.0,0.0,1843.37,1277.0,566.37,Online
O003795,2025-06-14,C00125,P006,1,3653.72,2501.63,182.69,3471.03,2501.63,969.4,Store
O003796,2025-04-12,C01108,P008,1,952.71,663.0,47.64,905.07,663.0,242.07,Store
O003797,2025-10-07,C00142,P007,1,692.39,399.57,34.62,657.77,399.57,258.2,Online
O003798,2025-09-15,C00888,P003,2,1674.13,1006.35,0.0,3348.26,2012.7,1335.56,Online
O003799,2025-12-03,C01180,P016,1,802.2,467.64,0.0,802.2,467.64,334.56,Marketplace
O003800,2025-12-22,C01138,P009,1,1843.37,1277.0,0.0,1843.37,1277.0,566.37,Online
O003801,2025-05-18,C01079,P001,1,12212.51,9280.33,1831.88,10380.63,9280.33,1100.3,Online
O003802,2025-06-12,C00725,P013,2,889.0,519.78,0.0,1778.0,1039.56,738.44,Marketplace
O003803,2025-04-21,C00030,P011,1,487.27,344.29,24.36,462.91,344.29,118.62,Online
O003804,2025-04-12,C00515,P001,2,12212.51,9280.33,1221.25,23203.77,18560.66,4643.11,Online
O003805,2025-01-17,C01124,P002,1,5103.35,3862.76,1020.67,4082.68,3862.76,219.92,Online
O003806,2025-09-25,C00514,P009,1,1843.37,1277.0,184.34,1659.03,1277.0,382.03,Store
O003807,2025-07-01,C00478,P003,1,1674.13,1006.35,0.0,1674.13,1006.35,667.78,Marketplace
O003808,2025-01-24,C00287,P011,1,487.27,344.29,24.36,462.91,344.29,118.62,Store
O003809,2025-01-29,C00960,P007,2,692.39,399.57,0.0,1384.78,799.14,585.64,Online
O003810,2025-06-20,C01155,P015,1,1375.39,1038.91,0.0,1375.39,1038.91,336.48,Online
O003811,2025-08-16,C00943,P012,1,1008.95,650.79,151.34,857.61,650.79,206.82,Online
O003812,2025-07-07,C00633,P003,1,1674.13,1006.35,0.0,1674.13,1006.35,667.78,Online
O003813,2025-12-12,C01071,P006,1,3653.72,2501.63,0.0,3653.72,2501.63,1152.09,Store
O003814,2025-08-18,C00265,P011,2,487.27,344.29,0.0,974.54,688.58,285.96,Online
O003815,2025-11-17,C01054,P009,1,1843.37,1277.0,0.0,1843.37,1277.0,566.37,Online
O003816,2025-12-06,C00451,P006,3,3653.72,2501.63,0.0,10961.16,7504.89,3456.27,Store
O003817,2025-04-29,C00739,P013,2,889.0,519.78,177.8,1600.2,1039.56,560.64,Online
O003818,2025-06-05,C00861,P016,1,802.2,467.64,0.0,802.2,467.64,334.56,Online
O003819,2025-09-29,C00909,P007,2,692.39,399.57,0.0,1384.78,799.14,585.64,Online
O003820,2025-06-24,C00438,P003,1,1674.13,1006.35,334.83,1339.3,1006.35,332.95,Online
O003821,2025-04-14,C00185,P015,1,1375.39,1038.91,0.0,1375.39,1038.91,336.48,Store
O003822,2025-04-02,C00782,P012,2,1008.95,650.79,100.9,1917.0,1301.58,615.42,Online
O003823,2025-07-05,C01124,P001,3,12212.51,9280.33,5495.63,31141.9,27840.99,3300.91,Online
O003824,2025-10-10,C00943,P005,1,3123.65,2355.15,0.0,3123.65,2355.15,768.5,Online
O003825,2025-06-30,C01030,P001,4,12212.51,9280.33,4885.0,43965.04,37121.32,6843.72,Online
O003826,2025-06-19,C01174,P002,1,5103.35,3862.76,510.34,4593.01,3862.76,730.25,Store
O003827,2025-07-06,C00878,P011,2,487.27,344.29,97.45,877.09,688.58,188.51,Store
O003828,2025-06-24,C00918,P002,1,5103.35,3862.76,255.17,4848.18,3862.76,985.42,Store
O003829,2025-08-10,C00915,P011,2,487.27,344.29,0.0,974.54,688.58,285.96,Store
O003830,2025-08-21,C00862,P016,1,802.2,467.64,0.0,802.2,467.64,334.56,Online
O003831,2025-06-11,C01116,P002,2,5103.35,3862.76,510.34,9696.36,7725.52,1970.84,Online
O003832,2025-05-14,C00136,P012,1,1008.95,650.79,0.0,1008.95,650.79,358.16,Online
O003833,2025-08-12,C01143,P010,1,1487.5,884.68,297.5,1190.0,884.68,305.32,Store
O003834,2025-06-02,C00800,P006,1,3653.72,2501.63,0.0,3653.72,2501.63,1152.09,Online
O003835,2025-02-02,C01128,P015,1,1375.39,1038.91,0.0,1375.39,1038.91,336.48,Store
O003836,2025-02-24,C00035,P016,1,802.2,467.64,0.0,802.2,467.64,334.56,Online
O003837,2025-01-07,C00223,P006,1,3653.72,2501.63,182.69,3471.03,2501.63,969.4,Store
O003838,2025-09-01,C00058,P011,2,487.27,344.29,0.0,974.54,688.58,285.96,Store
O003839,2025-11-09,C00205,P005,3,3123.65,2355.15,468.55,8902.4,7065.45,1836.95,Online
O003840,2025-05-06,C00793,P004,1,825.3,619.33,0.0,825.3,619.33,205.97,Store
O003841,2025-01-12,C01001,P001,3,12212.51,9280.33,0.0,36637.53,27840.99,8796.54,Store
O003842,2025-01-16,C00076,P004,1,825.3,619.33,41.26,784.04,619.33,164.71,Online
O003843,2025-07-27,C00301,P005,1,3123.65,2355.15,156.18,2967.47,2355.15,612.32,Online
O003844,2025-02-12,C00563,P014,1,746.01,469.1,37.3,708.71,469.1,239.61,Online
O003845,2025-05-15,C00095,P008,2,952.71,663.0,0.0,1905.42,1326.0,579.42,Online
O003846,2025-08-16,C00943,P014,2,746.01,469.1,149.2,1342.82,938.2,404.62,Store
O003847,2025-04-21,C00392,P011,1,487.27,344.29,0.0,487.27,344.29,142.98,Store
O003848,2025-11-03,C00906,P008,2,952.71,663.0,190.54,1714.88,1326.0,388.88,Store
O003849,2025-06-09,C00447,P004,1,825.3,619.33,0.0,825.3,619.33,205.97,Online
O003850,2025-11-27,C00652,P015,1,1375.39,1038.91,0.0,1375.39,1038.91,336.48,Online
O003851,2025-09-21,C00192,P016,1,802.2,467.64,40.11,762.09,467.64,294.45,Store
O003852,2025-08-13,C01058,P009,2,1843.37,1277.0,0.0,3686.74,2554.0,1132.74,Online
O003853,2025-08-05,C00753,P007,1,692.39,399.57,0.0,692.39,399.57,292.82,Online
O003854,2025-02-14,C00990,P002,1,5103.35,3862.76,255.17,4848.18,3862.76,985.42,Store
O003855,2025-08-02,C00465,P011,2,487.27,344.29,0.0,974.54,688.58,285.96,Online
O003856,2025-02-28,C00910,P004,1,825.3,619.33,82.53,742.77,619.33,123.44,Store
O003857,2025-05-12,C01094,P003,2,1674.13,1006.35,167.41,3180.85,2012.7,1168.15,Online
O003858,2025-04-14,C00923,P015,1,1375.39,1038.91,137.54,1237.85,1038.91,198.94,Online
O003859,2025-07-14,C00620,P009,1,1843.37,1277.0,0.0,1843.37,1277.0,566.37,Online
O003860,2025-06-06,C00969,P010,1,1487.5,884.68,148.75,1338.75,884.68,454.07,Online
O003861,2025-04-08,C00867,P014,3,746.01,469.1,223.8,2014.23,1407.3,606.93,Online
O003862,2025-08-14,C00447,P005,1,3123.65,2355.15,0.0,3123.65,2355.15,768.5,Store
O003863,2025-07-24,C01037,P007,2,692.39,399.57,0.0,1384.78,799.14,585.64,Marketplace
O003864,2025-03-20,C00750,P015,2,1375.39,1038.91,0.0,2750.78,2077.82,672.96,Marketplace
O003865,2025-05-04,C00302,P015,1,1375.39,1038.91,0.0,1375.39,1038.91,336.48,Marketplace
O003866,2025-08-06,C00427,P002,1,5103.35,3862.76,510.34,4593.01,3862.76,730.25,Online
O003867,2025-01-04,C00755,P010,1,1487.5,884.68,297.5,1190.0,884.68,305.32,Online
O003868,2025-03-31,C00359,P010,1,1487.5,884.68,148.75,1338.75,884.68,454.07,Store
O003869,2025-04-14,C00142,P012,1,1008.95,650.79,0.0,1008.95,650.79,358.16,Online
O003870,2025-04-29,C00887,P013,1,889.0,519.78,0.0,889.0,519.78,369.22,Online
O003871,2025-05-13,C00598,P013,2,889.0,519.78,88.9,1689.1,1039.56,649.54,Online
O003872,2025-11-08,C00251,P012,2,1008.95,650.79,100.9,1917.0,1301.58,615.42,Online
O003873,2025-04-06,C00169,P016,1,802.2,467.64,120.33,681.87,467.64,214.23,Marketplace
O003874,2025-11-27,C00236,P014,1,746.01,469.1,0.0,746.01,469.1,276.91,Online
O003875,2025-05-23,C00331,P006,1,3653.72,2501.63,182.69,3471.03,2501.63,969.4,Online
O003876,2025-10-15,C01131,P003,1,1674.13,1006.35,251.12,1423.01,1006.35,416.66,Store
O003877,2025-01-28,C00203,P008,2,952.71,663.0,0.0,1905.42,1326.0,579.42,Online
O003878,2025-10-05,C00983,P013,2,889.0,519.78,0.0,1778.0,1039.56,738.44,Online
O003879,2025-08-21,C01152,P007,2,692.39,399.57,138.48,1246.3,799.14,447.16,Online
O003880,2025-01-17,C00264,P005,1,3123.65,2355.15,0.0,3123.65,2355.15,768.5,Online
O003881,2025-02-28,C00495,P007,2,692.39,399.57,0.0,1384.78,799.14,585.64,Online
O003882,2025-03-31,C00713,P001,1,12212.51,9280.33,610.63,11601.88,9280.33,2321.55,Online
O003883,2025-07-18,C00384,P004,1,825.3,619.33,0.0,825.3,619.33,205.97,Online
O003884,2025-12-28,C00942,P004,1,825.3,619.33,0.0,825.3,619.33,205.97,Online
O003885,2025-01-26,C00892,P003,1,1674.13,1006.35,334.83,1339.3,1006.35,332.95,Store
O003886,2025-01-25,C00493,P009,1,1843.37,1277.0,276.51,1566.86,1277.0,289.86,Online
O003887,2025-10-28,C00263,P005,2,3123.65,2355.15,1249.46,4997.84,4710.3,287.54,Online
O003888,2025-12-05,C01115,P002,1,5103.35,3862.76,1020.67,4082.68,3862.76,219.92,Store
O003889,2025-09-24,C00868,P008,2,952.71,663.0,0.0,1905.42,1326.0,579.42,Online
O003890,2025-06-30,C00034,P004,1,825.3,619.33,0.0,825.3,619.33,205.97,Online
O003891,2025-12-26,C00307,P010,1,1487.5,884.68,0.0,1487.5,884.68,602.82,Online
O003892,2025-03-09,C00056,P006,1,3653.72,2501.63,365.37,3288.35,2501.63,786.72,Online
O003893,2025-12-17,C00938,P010,2,1487.5,884.68,446.25,2528.75,1769.36,759.39,Online
O003894,2025-11-17,C00630,P005,2,3123.65,2355.15,0.0,6247.3,4710.3,1537.0,Online
O003895,2025-02-18,C01126,P013,1,889.0,519.78,88.9,800.1,519.78,280.32,Online
O003896,2025-06-24,C00137,P012,2,1008.95,650.79,100.9,1917.0,1301.58,615.42,Store
O003897,2025-02-21,C00686,P012,1,1008.95,650.79,0.0,1008.95,650.79,358.16,Online
O003898,2025-04-12,C00899,P013,2,889.0,519.78,0.0,1778.0,1039.56,738.44,Online
O003899,2025-08-04,C00093,P001,1,12212.51,9280.33,1221.25,10991.26,9280.33,1710.93,Store
O003900,2025-07-07,C01122,P011,1,487.27,344.29,0.0,487.27,344.29,142.98,Store
O003901,2025-02-26,C00704,P003,2,1674.13,1006.35,669.65,2678.61,2012.7,665.91,Store
O003902,2025-02-16,C00556,P010,3,1487.5,884.68,0.0,4462.5,2654.04,1808.46,Online
O003903,2025-06-08,C00986,P005,1,3123.65,2355.15,468.55,2655.1,2355.15,299.95,Online
O003904,2025-06-23,C00002,P010,1,1487.5,884.68,0.0,1487.5,884.68,602.82,Online
O003905,2025-08-30,C00518,P012,1,1008.95,650.79,50.45,958.5,650.79,307.71,Store
O003906,2025-10-09,C00766,P016,1,802.2,467.64,80.22,721.98,467.64,254.34,Online
O003907,2025-08-29,C00191,P004,1,825.3,619.33,82.53,742.77,619.33,123.44,Online
O003908,2025-01-05,C01059,P015,1,1375.39,1038.91,0.0,1375.39,1038.91,336.48,Online
O003909,2025-03-25,C00017,P010,1,1487.5,884.68,0.0,1487.5,884.68,602.82,Online
O003910,2025-11-04,C01015,P014,1,746.01,469.1,0.0,746.01,469.1,276.91,Online
O003911,2025-12-27,C01083,P012,1,1008.95,650.79,0.0,1008.95,650.79,358.16,Store
O003912,2025-09-05,C01098,P016,3,802.2,467.64,0.0,2406.6,1402.92,1003.68,Online
O003913,2025-02-23,C00173,P011,1,487.27,344.29,0.0,487.27,344.29,142.98,Online
O003914,2025-06-10,C00986,P014,1,746.01,469.1,0.0,746.01,469.1,276.91,Store
O003915,2025-08-14,C00996,P003,1,1674.13,1006.35,0.0,1674.13,1006.35,667.78,Online
O003916,2025-01-15,C00831,P011,1,487.27,344.29,0.0,487.27,344.29,142.98,Store
O003917,2025-08-12,C00109,P014,1,746.01,469.1,37.3,708.71,469.1,239.61,Online
O003918,2025-03-02,C00877,P007,1,692.39,399.57,69.24,623.15,399.57,223.58,Online
O003919,2025-05-02,C00540,P006,2,3653.72,2501.63,0.0,7307.44,5003.26,2304.18,Online
O003920,2025-10-04,C00109,P006,1,3653.72,2501.63,0.0,3653.72,2501.63,1152.09,Online
O003921,2025-02-15,C00687,P011,2,487.27,344.29,0.0,974.54,688.58,285.96,Online
O003922,2025-10-21,C00283,P006,1,3653.72,2501.63,0.0,3653.72,2501.63,1152.09,Online
O003923,2025-03-03,C00315,P001,1,12212.51,9280.33,0.0,12212.51,9280.33,2932.18,Online
O003924,2025-03-27,C00155,P009,1,1843.37,1277.0,92.17,1751.2,1277.0,474.2,Online
O003925,2025-07-29,C00196,P013,1,889.0,519.78,0.0,889.0,519.78,369.22,Store
O003926,2025-03-19,C01064,P005,1,3123.65,2355.15,312.36,2811.29,2355.15,456.14,Online
O003927,2025-07-21,C00065,P011,1,487.27,344.29,97.45,389.82,344.29,45.53,Online
O003928,2025-10-29,C00361,P002,1,5103.35,3862.76,0.0,5103.35,3862.76,1240.59,Online
O003929,2025-08-11,C00095,P003,1,1674.13,1006.35,0.0,1674.13,1006.35,667.78,Online
O003930,2025-08-10,C00429,P008,1,952.71,663.0,0.0,952.71,663.0,289.71,Online
O003931,2025-01-03,C00745,P006,1,3653.72,2501.63,548.06,3105.66,2501.63,604.03,Online
O003932,2025-01-06,C00440,P006,1,3653.72,2501.63,182.69,3471.03,2501.63,969.4,Online
O003933,2025-04-03,C00844,P010,1,1487.5,884.68,0.0,1487.5,884.68,602.82,Online
O003934,2025-01-08,C00819,P010,2,1487.5,884.68,0.0,2975.0,1769.36,1205.64,Online
O003935,2025-08-23,C00011,P006,1,3653.72,2501.63,0.0,3653.72,2501.63,1152.09,Online
O003936,2025-04-18,C00549,P006,2,3653.72,2501.63,365.37,6942.07,5003.26,1938.81,Online
O003937,2025-06-10,C00731,P008,1,952.71,663.0,0.0,952.71,663.0,289.71,Store
O003938,2025-07-28,C00497,P009,1,1843.37,1277.0,92.17,1751.2,1277.0,474.2,Online
O003939,2025-08-28,C00364,P016,2,802.2,467.64,0.0,1604.4,935.28,669.12,Store
O003940,2025-11-27,C00189,P011,2,487.27,344.29,194.91,779.63,688.58,91.05,Marketplace
O003941,2025-11-29,C00828,P012,2,1008.95,650.79,100.9,1917.0,1301.58,615.42,Online
O003942,2025-02-19,C01000,P013,3,889.0,519.78,0.0,2667.0,1559.34,1107.66,Online
O003943,2025-01-11,C01047,P002,1,5103.35,3862.76,0.0,5103.35,3862.76,1240.59,Online
O003944,2025-12-17,C00546,P016,2,802.2,467.64,0.0,1604.4,935.28,669.12,Online
O003945,2025-06-05,C01192,P012,1,1008.95,650.79,100.9,908.05,650.79,257.26,Store
O003946,2025-03-11,C00555,P013,1,889.0,519.78,0.0,889.0,519.78,369.22,Online
O003947,2025-06-18,C00427,P014,1,746.01,469.1,37.3,708.71,469.1,239.61,Store
O003948,2025-09-29,C01130,P011,2,487.27,344.29,0.0,974.54,688.58,285.96,Online
O003949,2025-03-09,C00796,P016,3,802.2,467.64,0.0,2406.6,1402.92,1003.68,Online
O003950,2025-12-21,C00973,P003,1,1674.13,1006.35,0.0,1674.13,1006.35,667.78,Online
O003951,2025-09-09,C00857,P007,2,692.39,399.57,0.0,1384.78,799.14,585.64,Online
O003952,2025-02-17,C00556,P007,3,692.39,399.57,0.0,2077.17,1198.71,878.46,Online
O003953,2025-07-03,C01025,P014,1,746.01,469.1,37.3,708.71,469.1,239.61,Online
O003954,2025-11-16,C00208,P013,2,889.0,519.78,0.0,1778.0,1039.56,738.44,Online
O003955,2025-07-06,C00485,P003,1,1674.13,1006.35,0.0,1674.13,1006.35,667.78,Online
O003956,2025-03-31,C01025,P003,1,1674.13,1006.35,167.41,1506.72,1006.35,500.37,Online
O003957,2025-11-28,C00403,P015,1,1375.39,1038.91,0.0,1375.39,1038.91,336.48,Online
O003958,2025-05-19,C00427,P016,1,802.2,467.64,0.0,802.2,467.64,334.56,Store
O003959,2025-12-23,C00009,P004,1,825.3,619.33,41.26,784.04,619.33,164.71,Store
O003960,2025-03-30,C01135,P001,1,12212.51,9280.33,0.0,12212.51,9280.33,2932.18,Store
O003961,2025-10-01,C01176,P007,1,692.39,399.57,138.48,553.91,399.57,154.34,Marketplace
O003962,2025-01-19,C00816,P007,1,692.39,399.57,0.0,692.39,399.57,292.82,Store
O003963,2025-11-07,C00813,P006,1,3653.72,2501.63,0.0,3653.72,2501.63,1152.09,Online
O003964,2025-12-24,C01185,P006,1,3653.72,2501.63,182.69,3471.03,2501.63,969.4,Online
O003965,2025-06-03,C00831,P007,3,692.39,399.57,0.0,2077.17,1198.71,878.46,Online
O003966,2025-09-17,C00285,P010,1,1487.5,884.68,0.0,1487.5,884.68,602.82,Online
O003967,2025-04-18,C01036,P003,4,1674.13,1006.35,0.0,6696.52,4025.4,2671.12,Online
O003968,2025-10-12,C00785,P010,1,1487.5,884.68,0.0,1487.5,884.68,602.82,Online
O003969,2025-02-28,C00053,P014,2,746.01,469.1,74.6,1417.42,938.2,479.22,Online
O003970,2025-05-05,C00452,P004,1,825.3,619.33,123.79,701.51,619.33,82.18,Online
O003971,2025-12-20,C00717,P001,1,12212.51,9280.33,1221.25,10991.26,9280.33,1710.93,Online
O003972,2025-09-30,C00558,P002,2,5103.35,3862.76,0.0,10206.7,7725.52,2481.18,Online
O003973,2025-04-17,C00558,P009,1,1843.37,1277.0,276.51,1566.86,1277.0,289.86,Online
O003974,2025-10-26,C00988,P007,3,692.39,399.57,0.0,2077.17,1198.71,878.46,Store
O003975,2025-09-02,C00577,P002,2,5103.35,3862.76,0.0,10206.7,7725.52,2481.18,Store
O003976,2025-12-02,C00182,P002,3,5103.35,3862.76,1531.0,13779.05,11588.28,2190.77,Online
O003977,2025-09-04,C00444,P002,1,5103.35,3862.76,0.0,5103.35,3862.76,1240.59,Online
O003978,2025-01-08,C00213,P013,1,889.0,519.78,0.0,889.0,519.78,369.22,Store
O003979,2025-05-21,C00171,P001,1,12212.51,9280.33,0.0,12212.51,9280.33,2932.18,Store
O003980,2025-12-28,C00331,P002,1,5103.35,3862.76,255.17,4848.18,3862.76,985.42,Store
O003981,2025-01-08,C00855,P004,1,825.3,619.33,0.0,825.3,619.33,205.97,Online
O003982,2025-12-18,C00149,P002,1,5103.35,3862.76,0.0,5103.35,3862.76,1240.59,Marketplace
O003983,2025-04-04,C00411,P009,1,1843.37,1277.0,92.17,1751.2,1277.0,474.2,Online
O003984,2025-11-17,C01134,P009,2,1843.37,1277.0,737.35,2949.39,2554.0,395.39,Online
O003985,2025-02-08,C00405,P003,1,1674.13,1006.35,83.71,1590.42,1006.35,584.07,Online
O003986,2025-03-22,C00197,P016,2,802.2,467.64,240.66,1363.74,935.28,428.46,Online
O003987,2025-07-06,C01114,P013,1,889.0,519.78,0.0,889.0,519.78,369.22,Online
O003988,2025-03-25,C00177,P016,1,802.2,467.64,80.22,721.98,467.64,254.34,Store
O003989,2025-03-29,C00201,P010,3,1487.5,884.68,446.25,4016.25,2654.04,1362.21,Marketplace
O003990,2025-08-30,C00622,P015,1,1375.39,1038.91,0.0,1375.39,1038.91,336.48,Marketplace
O003991,2025-12-08,C01067,P003,1,1674.13,1006.35,0.0,1674.13,1006.35,667.78,Store
O003992,2025-04-03,C00941,P010,1,1487.5,884.68,223.12,1264.38,884.68,379.7,Marketplace
O003993,2025-03-27,C00154,P007,3,692.39,399.57,0.0,2077.17,1198.71,878.46,Online
O003994,2025-02-13,C01006,P013,1,889.0,519.78,0.0,889.0,519.78,369.22,Online
O003995,2025-05-17,C00490,P003,1,1674.13,1006.35,83.71,1590.42,1006.35,584.07,Online
O003996,2025-03-15,C00228,P013,1,889.0,519.78,44.45,844.55,519.78,324.77,Online
O003997,2025-02-05,C00511,P005,1,3123.65,2355.15,0.0,3123.65,2355.15,768.5,Online
O003998,2025-04-11,C00487,P003,3,1674.13,1006.35,0.0,5022.39,3019.05,2003.34,Online
O003999,2025-06-05,C00888,P006,1,3653.72,2501.63,0.0,3653.72,2501.63,1152.09,Online
O004000,2025-09-12,C00706,P011,1,487.27,344.29,0.0,487.27,344.29,142.98,Store
O004001,2025-06-20,C01018,P010,2,1487.5,884.68,0.0,2975.0,1769.36,1205.64,Online
O004002,2025-08-04,C00580,P016,2,802.2,467.64,0.0,1604.4,935.28,669.12,Store
O004003,2025-06-19,C01196,P009,1,1843.37,1277.0,276.51,1566.86,1277.0,289.86,Online
O004004,2025-09-09,C00800,P010,1,1487.5,884.68,297.5,1190.0,884.68,305.32,Online
O004005,2025-12-26,C00120,P001,1,12212.51,9280.33,610.63,11601.88,9280.33,2321.55,Online
O004006,2025-11-18,C00698,P014,1,746.01,469.1,111.9,634.11,469.1,165.01,Marketplace
O004007,2025-02-24,C00427,P012,1,1008.95,650.79,0.0,1008.95,650.79,358.16,Store
O004008,2025-04-01,C00378,P015,1,1375.39,1038.91,0.0,1375.39,1038.91,336.48,Online
O004009,2025-10-05,C00828,P005,2,3123.65,2355.15,0.0,6247.3,4710.3,1537.0,Online
O004010,2025-04-11,C00531,P013,2,889.0,519.78,0.0,1778.0,1039.56,738.44,Store
O004011,2025-06-04,C00170,P010,2,1487.5,884.68,148.75,2826.25,1769.36,1056.89,Online
O004012,2025-12-15,C00456,P001,4,12212.51,9280.33,0.0,48850.04,37121.32,11728.72,Online
O004013,2025-12-30,C00863,P006,1,3653.72,2501.63,365.37,3288.35,2501.63,786.72,Online
O004014,2025-05-21,C00211,P001,1,12212.51,9280.33,610.63,11601.88,9280.33,2321.55,Store
O004015,2025-06-22,C00838,P002,1,5103.35,3862.76,1020.67,4082.68,3862.76,219.92,Store
O004016,2025-01-10,C00206,P016,1,802.2,467.64,0.0,802.2,467.64,334.56,Online
O004017,2025-08-16,C00346,P007,1,692.39,399.57,0.0,692.39,399.57,292.82,Online
O004018,2025-09-22,C00331,P005,1,3123.65,2355.15,156.18,2967.47,2355.15,612.32,Online
O004019,2025-09-05,C01139,P005,1,3123.65,2355.15,0.0,3123.65,2355.15,768.5,Online
O004020,2025-09-04,C00319,P007,1,692.39,399.57,34.62,657.77,399.57,258.2,Online
O004021,2025-06-04,C00066,P001,1,12212.51,9280.33,0.0,12212.51,9280.33,2932.18,Store
O004022,2025-02-03,C00549,P015,1,1375.39,1038.91,0.0,1375.39,1038.91,336.48,Online
O004023,2025-05-09,C00209,P004,3,825.3,619.33,0.0,2475.9,1857.99,617.91,Online
O004024,2025-06-09,C00644,P007,1,692.39,399.57,69.24,623.15,399.57,223.58,Online
O004025,2025-03-30,C00299,P006,2,3653.72,2501.63,0.0,7307.44,5003.26,2304.18,Online
O004026,2025-04-03,C00016,P014,1,746.01,469.1,37.3,708.71,469.1,239.61,Marketplace
O004027,2025-11-23,C00737,P016,1,802.2,467.64,0.0,802.2,467.64,334.56,Store
O004028,2025-08-29,C01074,P008,1,952.71,663.0,142.91,809.8,663.0,146.8,Online
O004029,2025-11-19,C00150,P001,2,12212.51,9280.33,0.0,24425.02,18560.66,5864.36,Online
O004030,2025-04-27,C00675,P008,1,952.71,663.0,47.64,905.07,663.0,242.07,Store
O004031,2025-04-04,C00259,P004,3,825.3,619.33,0.0,2475.9,1857.99,617.91,Online
O004032,2025-06-12,C00840,P015,1,1375.39,1038.91,137.54,1237.85,1038.91,198.94,Online
O004033,2025-04-09,C00075,P006,1,3653.72,2501.63,0.0,3653.72,2501.63,1152.09,Online
O004034,2025-04-23,C00458,P001,1,12212.51,9280.33,1221.25,10991.26,9280.33,1710.93,Online
O004035,2025-12-25,C01146,P001,1,12212.51,9280.33,0.0,12212.51,9280.33,2932.18,Online
O004036,2025-04-01,C00237,P005,1,3123.65,2355.15,312.36,2811.29,2355.15,456.14,Online
O004037,2025-12-12,C00911,P009,3,1843.37,1277.0,829.52,4700.59,3831.0,869.59,Store
O004038,2025-07-25,C00825,P001,1,12212.51,9280.33,0.0,12212.51,9280.33,2932.18,Online
O004039,2025-01-17,C00706,P016,2,802.2,467.64,80.22,1524.18,935.28,588.9,Online
O004040,2025-10-01,C00043,P009,1,1843.37,1277.0,184.34,1659.03,1277.0,382.03,Online
O004041,2025-06-22,C00859,P014,1,746.01,469.1,0.0,746.01,469.1,276.91,Online
O004042,2025-04-26,C00314,P014,1,746.01,469.1,0.0,746.01,469.1,276.91,Online
O004043,2025-12-15,C00680,P014,1,746.01,469.1,0.0,746.01,469.1,276.91,Store
O004044,2025-06-30,C00761,P015,2,1375.39,1038.91,0.0,2750.78,2077.82,672.96,Online
O004045,2025-04-01,C00910,P014,1,746.01,469.1,0.0,746.01,469.1,276.91,Store
O004046,2025-03-23,C00142,P010,1,1487.5,884.68,74.38,1413.12,884.68,528.44,Online
O004047,2025-11-20,C00451,P001,1,12212.51,9280.33,0.0,12212.51,9280.33,2932.18,Store
O004048,2025-04-24,C00330,P013,1,889.0,519.78,0.0,889.0,519.78,369.22,Store
O004049,2025-09-14,C01022,P006,1,3653.72,2501.63,365.37,3288.35,2501.63,786.72,Online
O004050,2025-02-27,C00578,P006,1,3653.72,2501.63,0.0,3653.72,2501.63,1152.09,Online
O004051,2025-06-03,C00436,P010,1,1487.5,884.68,148.75,1338.75,884.68,454.07,Online
O004052,2025-12-31,C00931,P005,1,3123.65,2355.15,156.18,2967.47,2355.15,612.32,Online
O004053,2025-04-26,C00816,P004,1,825.3,619.33,0.0,825.3,619.33,205.97,Online
O004054,2025-12-09,C01198,P001,1,12212.51,9280.33,1221.25,10991.26,9280.33,1710.93,Online
O004055,2025-09-23,C00776,P001,1,12212.51,9280.33,0.0,12212.51,9280.33,2932.18,Online
O004056,2025-11-11,C00490,P007,1,692.39,399.57,0.0,692.39,399.57,292.82,Store
O004057,2025-07-22,C00597,P012,1,1008.95,650.79,0.0,1008.95,650.79,358.16,Online
O004058,2025-02-10,C01102,P005,1,3123.65,2355.15,0.0,3123.65,2355.15,768.5,Online
O004059,2025-04-15,C00287,P014,1,746.01,469.1,111.9,634.11,469.1,165.01,Store
O004060,2025-07-12,C00186,P015,1,1375.39,1038.91,0.0,1375.39,1038.91,336.48,Marketplace
O004061,2025-10-05,C00285,P005,1,3123.65,2355.15,0.0,3123.65,2355.15,768.5,Online
O004062,2025-12-20,C00363,P004,1,825.3,619.33,0.0,825.3,619.33,205.97,Online
O004063,2025-08-25,C00832,P013,1,889.0,519.78,0.0,889.0,519.78,369.22,Marketplace
O004064,2025-08-09,C00011,P013,1,889.0,519.78,0.0,889.0,519.78,369.22,Online
O004065,2025-03-09,C00068,P007,1,692.39,399.57,0.0,692.39,399.57,292.82,Online
O004066,2025-07-16,C00093,P010,1,1487.5,884.68,223.12,1264.38,884.68,379.7,Online
O004067,2025-09-13,C00379,P005,1,3123.65,2355.15,0.0,3123.65,2355.15,768.5,Online
O004068,2025-05-19,C00218,P008,1,952.71,663.0,0.0,952.71,663.0,289.71,Online
O004069,2025-11-08,C01003,P016,1,802.2,467.64,0.0,802.2,467.64,334.56,Online
O004070,2025-05-29,C00045,P006,2,3653.72,2501.63,365.37,6942.07,5003.26,1938.81,Online
O004071,2025-04-09,C00772,P005,1,3123.65,2355.15,0.0,3123.65,2355.15,768.5,Store
O004072,2025-03-17,C00576,P016,1,802.2,467.64,40.11,762.09,467.64,294.45,Online
O004073,2025-10-09,C00634,P001,2,12212.51,9280.33,1221.25,23203.77,18560.66,4643.11,Online
O004074,2025-04-19,C00293,P008,1,952.71,663.0,95.27,857.44,663.0,194.44,Online
O004075,2025-07-07,C00445,P005,2,3123.65,2355.15,0.0,6247.3,4710.3,1537.0,Online
O004076,2025-07-18,C00960,P015,3,1375.39,1038.91,0.0,4126.17,3116.73,1009.44,Online
O004077,2025-10-30,C00679,P013,1,889.0,519.78,44.45,844.55,519.78,324.77,Store
O004078,2025-11-23,C00910,P001,2,12212.51,9280.33,0.0,24425.02,18560.66,5864.36,Online
O004079,2025-06-03,C00723,P007,1,692.39,399.57,34.62,657.77,399.57,258.2,Online
O004080,2025-02-09,C00165,P015,3,1375.39,1038.91,0.0,4126.17,3116.73,1009.44,Online
O004081,2025-05-13,C00877,P011,1,487.27,344.29,0.0,487.27,344.29,142.98,Online
O004082,2025-05-12,C00857,P003,1,1674.13,1006.35,167.41,1506.72,1006.35,500.37,Online
O004083,2025-10-06,C00178,P011,1,487.27,344.29,0.0,487.27,344.29,142.98,Store
O004084,2025-12-28,C00123,P005,1,3123.65,2355.15,0.0,3123.65,2355.15,768.5,Online
O004085,2025-03-25,C00980,P015,1,1375.39,1038.91,68.77,1306.62,1038.91,267.71,Online
O004086,2025-08-30,C00876,P007,1,692.39,399.57,0.0,692.39,399.57,292.82,Online
O004087,2025-04-26,C00996,P004,1,825.3,619.33,41.26,784.04,619.33,164.71,Online
O004088,2025-04-19,C00283,P013,2,889.0,519.78,0.0,1778.0,1039.56,738.44,Online
O004089,2025-08-09,C01050,P012,1,1008.95,650.79,151.34,857.61,650.79,206.82,Online
O004090,2025-02-10,C00586,P005,1,3123.65,2355.15,0.0,3123.65,2355.15,768.5,Online
O004091,2025-05-27,C00502,P015,2,1375.39,1038.91,275.08,2475.7,2077.82,397.88,Online
O004092,2025-04-22,C01102,P005,2,3123.65,2355.15,312.36,5934.94,4710.3,1224.64,Online
O004093,2025-04-13,C00294,P009,1,1843.37,1277.0,92.17,1751.2,1277.0,474.2,Online
O004094,2025-02-15,C00779,P013,1,889.0,519.78,0.0,889.0,519.78,369.22,Online
O004095,2025-11-20,C01097,P009,1,1843.37,1277.0,92.17,1751.2,1277.0,474.2,Online
O004096,2025-09-28,C01018,P014,1,746.01,469.1,0.0,746.01,469.1,276.91,Marketplace
O004097,2025-07-14,C00431,P005,1,3123.65,2355.15,0.0,3123.65,2355.15,768.5,Online
O004098,2025-10-07,C00063,P013,2,889.0,519.78,0.0,1778.0,1039.56,738.44,Online
O004099,2025-10-10,C00600,P006,1,3653.72,2501.63,365.37,3288.35,2501.63,786.72,Store
O004100,2025-02-09,C00756,P003,2,1674.13,1006.35,0.0,3348.26,2012.7,1335.56,Marketplace
O004101,2025-07-08,C00648,P012,1,1008.95,650.79,100.9,908.05,650.79,257.26,Online
O004102,2025-06-13,C00749,P013,1,889.0,519.78,88.9,800.1,519.78,280.32,Online
O004103,2025-01-24,C00842,P009,1,1843.37,1277.0,0.0,1843.37,1277.0,566.37,Online
O004104,2025-01-24,C00328,P006,1,3653.72,2501.63,365.37,3288.35,2501.63,786.72,Online
O004105,2025-01-04,C00753,P004,1,825.3,619.33,0.0,825.3,619.33,205.97,Online
O004106,2025-11-19,C00012,P014,1,746.01,469.1,149.2,596.81,469.1,127.71,Online
O004107,2025-10-17,C00785,P011,2,487.27,344.29,0.0,974.54,688.58,285.96,Store
O004108,2025-06-30,C00864,P005,2,3123.65,2355.15,624.73,5622.57,4710.3,912.27,Store
O004109,2025-09-05,C00368,P008,2,952.71,663.0,95.27,1810.15,1326.0,484.15,Online
O004110,2025-04-26,C01197,P007,1,692.39,399.57,69.24,623.15,399.57,223.58,Store
O004111,2025-10-06,C00150,P005,1,3123.65,2355.15,0.0,3123.65,2355.15,768.5,Store
O004112,2025-12-31,C00761,P001,1,12212.51,9280.33,1221.25,10991.26,9280.33,1710.93,Online
O004113,2025-03-10,C01011,P015,1,1375.39,1038.91,137.54,1237.85,1038.91,198.94,Marketplace
O004114,2025-12-17,C00013,P010,3,1487.5,884.68,892.5,3570.0,2654.04,915.96,Store
O004115,2025-09-11,C00950,P005,1,3123.65,2355.15,312.36,2811.29,2355.15,456.14,Online
O004116,2025-06-30,C00107,P015,1,1375.39,1038.91,0.0,1375.39,1038.91,336.48,Online
O004117,2025-11-14,C00275,P003,1,1674.13,1006.35,83.71,1590.42,1006.35,584.07,Store
O004118,2025-06-18,C00295,P008,1,952.71,663.0,47.64,905.07,663.0,242.07,Store
O004119,2025-11-09,C00115,P009,1,1843.37,1277.0,92.17,1751.2,1277.0,474.2,Online
O004120,2025-09-06,C00820,P015,1,1375.39,1038.91,0.0,1375.39,1038.91,336.48,Online
O004121,2025-07-07,C00288,P014,1,746.01,469.1,0.0,746.01,469.1,276.91,Marketplace
O004122,2025-02-23,C00311,P001,2,12212.51,9280.33,2442.5,21982.52,18560.66,3421.86,Store
O004123,2025-11-22,C01061,P010,1,1487.5,884.68,0.0,1487.5,884.68,602.82,Online
O004124,2025-12-23,C00519,P007,1,692.39,399.57,69.24,623.15,399.57,223.58,Online
O004125,2025-11-09,C00925,P013,1,889.0,519.78,88.9,800.1,519.78,280.32,Online
O004126,2025-05-18,C01107,P013,1,889.0,519.78,44.45,844.55,519.78,324.77,Online
O004127,2025-06-17,C00424,P013,1,889.0,519.78,0.0,889.0,519.78,369.22,Store
O004128,2025-04-13,C00586,P014,2,746.01,469.1,74.6,1417.42,938.2,479.22,Online
O004129,2025-03-26,C00759,P014,1,746.01,469.1,37.3,708.71,469.1,239.61,Online
O004130,2025-11-13,C00385,P005,1,3123.65,2355.15,0.0,3123.65,2355.15,768.5,Store
O004131,2025-07-31,C01155,P007,1,692.39,399.57,69.24,623.15,399.57,223.58,Marketplace
O004132,2025-01-03,C00002,P003,1,1674.13,1006.35,0.0,1674.13,1006.35,667.78,Online
O004133,2025-06-28,C00974,P012,2,1008.95,650.79,0.0,2017.9,1301.58,716.32,Store
O004134,2025-12-08,C00123,P002,1,5103.35,3862.76,0.0,5103.35,3862.76,1240.59,Online
O004135,2025-10-30,C00074,P010,1,1487.5,884.68,0.0,1487.5,884.68,602.82,Online
O004136,2025-11-28,C00557,P008,1,952.71,663.0,0.0,952.71,663.0,289.71,Store
O004137,2025-02-07,C00697,P003,2,1674.13,1006.35,334.83,3013.43,2012.7,1000.73,Online
O004138,2025-08-27,C00212,P009,1,1843.37,1277.0,0.0,1843.37,1277.0,566.37,Online
O004139,2025-06-18,C00655,P012,1,1008.95,650.79,0.0,1008.95,650.79,358.16,Online
O004140,2025-12-09,C00025,P004,3,825.3,619.33,0.0,2475.9,1857.99,617.91,Online
O004141,2025-11-10,C00578,P015,1,1375.39,1038.91,137.54,1237.85,1038.91,198.94,Online
O004142,2025-11-02,C00538,P002,1,5103.35,3862.76,765.5,4337.85,3862.76,475.09,Online
O004143,2025-01-30,C00948,P004,1,825.3,619.33,41.26,784.04,619.33,164.71,Store
O004144,2025-07-09,C00419,P016,2,802.2,467.64,0.0,1604.4,935.28,669.12,Online
O004145,2025-12-23,C01057,P013,1,889.0,519.78,88.9,800.1,519.78,280.32,Marketplace
O004146,2025-01-25,C00232,P003,1,1674.13,1006.35,0.0,1674.13,1006.35,667.78,Store
O004147,2025-04-22,C00899,P012,1,1008.95,650.79,50.45,958.5,650.79,307.71,Online
O004148,2025-07-25,C00408,P006,1,3653.72,2501.63,0.0,3653.72,2501.63,1152.09,Online
O004149,2025-07-04,C00658,P001,1,12212.51,9280.33,2442.5,9770.01,9280.33,489.68,Online
O004150,2025-02-16,C00389,P009,1,1843.37,1277.0,0.0,1843.37,1277.0,566.37,Online
O004151,2025-08-16,C00865,P011,1,487.27,344.29,0.0,487.27,344.29,142.98,Online
O004152,2025-02-08,C00747,P008,4,952.71,663.0,190.54,3620.3,2652.0,968.3,Online
O004153,2025-01-16,C01043,P006,1,3653.72,2501.63,0.0,3653.72,2501.63,1152.09,Store
O004154,2025-01-22,C00194,P015,2,1375.39,1038.91,137.54,2613.24,2077.82,535.42,Online
O004155,2025-08-01,C00089,P003,2,1674.13,1006.35,0.0,3348.26,2012.7,1335.56,Online
O004156,2025-11-06,C00872,P014,1,746.01,469.1,37.3,708.71,469.1,239.61,Online
O004157,2025-05-29,C00415,P001,1,12212.51,9280.33,0.0,12212.51,9280.33,2932.18,Online
O004158,2025-08-29,C00947,P006,1,3653.72,2501.63,0.0,3653.72,2501.63,1152.09,Online
O004159,2025-09-29,C00455,P009,1,1843.37,1277.0,92.17,1751.2,1277.0,474.2,Store
O004160,2025-02-28,C00126,P006,1,3653.72,2501.63,365.37,3288.35,2501.63,786.72,Online
O004161,2025-10-14,C00615,P014,1,746.01,469.1,0.0,746.01,469.1,276.91,Store
O004162,2025-07-21,C00957,P007,3,692.39,399.57,0.0,2077.17,1198.71,878.46,Marketplace
O004163,2025-02-01,C00967,P005,2,3123.65,2355.15,624.73,5622.57,4710.3,912.27,Online
O004164,2025-06-11,C00459,P006,3,3653.72,2501.63,1096.12,9865.04,7504.89,2360.15,Online
O004165,2025-09-12,C00238,P004,2,825.3,619.33,0.0,1650.6,1238.66,411.94,Online
O004166,2025-09-11,C00263,P016,1,802.2,467.64,120.33,681.87,467.64,214.23,Online
O004167,2025-01-09,C00126,P001,1,12212.51,9280.33,0.0,12212.51,9280.33,2932.18,Online
O004168,2025-05-19,C00290,P009,1,1843.37,1277.0,0.0,1843.37,1277.0,566.37,Online
O004169,2025-01-10,C00444,P002,1,5103.35,3862.76,255.17,4848.18,3862.76,985.42,Store
O004170,2025-08-02,C00916,P016,1,802.2,467.64,40.11,762.09,467.64,294.45,Marketplace
O004171,2025-09-30,C00875,P004,1,825.3,619.33,41.26,784.04,619.33,164.71,Online
O004172,2025-11-20,C00771,P012,2,1008.95,650.79,0.0,2017.9,1301.58,716.32,Store
O004173,2025-02-17,C00825,P015,1,1375.39,1038.91,0.0,1375.39,1038.91,336.48,Online
O004174,2025-04-21,C00774,P008,1,952.71,663.0,95.27,857.44,663.0,194.44,Online
O004175,2025-06-02,C00751,P005,1,3123.65,2355.15,312.36,2811.29,2355.15,456.14,Online
O004176,2025-05-03,C00284,P013,2,889.0,519.78,0.0,1778.0,1039.56,738.44,Store
O004177,2025-12-23,C00411,P006,1,3653.72,2501.63,0.0,3653.72,2501.63,1152.09,Online
O004178,2025-04-12,C00530,P008,4,952.71,663.0,190.54,3620.3,2652.0,968.3,Online
O004179,2025-08-29,C00742,P010,1,1487.5,884.68,0.0,1487.5,884.68,602.82,Online
O004180,2025-11-17,C00234,P011,1,487.27,344.29,24.36,462.91,344.29,118.62,Online
O004181,2025-07-10,C00674,P002,2,5103.35,3862.76,0.0,10206.7,7725.52,2481.18,Online
O004182,2025-08-05,C00311,P014,1,746.01,469.1,0.0,746.01,469.1,276.91,Online
O004183,2025-02-20,C00715,P007,1,692.39,399.57,69.24,623.15,399.57,223.58,Marketplace
O004184,2025-10-19,C00934,P007,1,692.39,399.57,0.0,692.39,399.57,292.82,Online
O004185,2025-03-22,C00424,P012,1,1008.95,650.79,0.0,1008.95,650.79,358.16,Online
O004186,2025-03-29,C00581,P013,1,889.0,519.78,0.0,889.0,519.78,369.22,Online
O004187,2025-07-13,C00497,P014,4,746.01,469.1,0.0,2984.04,1876.4,1107.64,Online
O004188,2025-04-14,C00492,P005,1,3123.65,2355.15,0.0,3123.65,2355.15,768.5,Marketplace
O004189,2025-09-28,C01014,P005,2,3123.65,2355.15,0.0,6247.3,4710.3,1537.0,Online
O004190,2025-04-06,C01062,P005,1,3123.65,2355.15,0.0,3123.65,2355.15,768.5,Online
O004191,2025-07-17,C00341,P016,1,802.2,467.64,0.0,802.2,467.64,334.56,Online
O004192,2025-01-01,C00071,P005,1,3123.65,2355.15,0.0,3123.65,2355.15,768.5,Online
O004193,2025-06-16,C00623,P013,2,889.0,519.78,0.0,1778.0,1039.56,738.44,Online
O004194,2025-05-06,C01146,P011,1,487.27,344.29,48.73,438.54,344.29,94.25,Online
O004195,2025-11-09,C00235,P013,3,889.0,519.78,0.0,2667.0,1559.34,1107.66,Online
O004196,2025-03-22,C00406,P008,1,952.71,663.0,0.0,952.71,663.0,289.71,Store
O004197,2025-09-08,C00445,P013,1,889.0,519.78,88.9,800.1,519.78,280.32,Store
O004198,2025-06-18,C00027,P003,2,1674.13,1006.35,0.0,3348.26,2012.7,1335.56,Online
O004199,2025-03-14,C00108,P008,1,952.71,663.0,0.0,952.71,663.0,289.71,Online
O004200,2025-05-21,C00008,P010,2,1487.5,884.68,0.0,2975.0,1769.36,1205.64,Online
O004201,2025-03-11,C01079,P008,1,952.71,663.0,142.91,809.8,663.0,146.8,Online
O004202,2025-09-19,C01114,P006,1,3653.72,2501.63,0.0,3653.72,2501.63,1152.09,Store
O004203,2025-12-06,C00102,P009,2,1843.37,1277.0,184.34,3502.4,2554.0,948.4,Online
O004204,2025-11-04,C00182,P008,2,952.71,663.0,0.0,1905.42,1326.0,579.42,Online
O004205,2025-09-02,C00051,P003,1,1674.13,1006.35,0.0,1674.13,1006.35,667.78,Online
O004206,2025-01-03,C01065,P003,1,1674.13,1006.35,334.83,1339.3,1006.35,332.95,Store
O004207,2025-12-03,C00621,P015,2,1375.39,1038.91,550.16,2200.62,2077.82,122.8,Store
O004208,2025-03-04,C00008,P012,3,1008.95,650.79,0.0,3026.85,1952.37,1074.48,Marketplace
O004209,2025-02-18,C00181,P002,3,5103.35,3862.76,765.5,14544.55,11588.28,2956.27,Marketplace
O004210,2025-03-17,C00501,P001,2,12212.51,9280.33,0.0,24425.02,18560.66,5864.36,Marketplace
O004211,2025-06-24,C00918,P010,3,1487.5,884.68,0.0,4462.5,2654.04,1808.46,Online
O004212,2025-04-19,C00256,P010,1,1487.5,884.68,0.0,1487.5,884.68,602.82,Online
O004213,2025-07-02,C00836,P012,1,1008.95,650.79,100.9,908.05,650.79,257.26,Online
O004214,2025-07-11,C00995,P014,1,746.01,469.1,74.6,671.41,469.1,202.31,Online
O004215,2025-03-06,C00981,P013,2,889.0,519.78,0.0,1778.0,1039.56,738.44,Online
O004216,2025-12-03,C00444,P014,3,746.01,469.1,0.0,2238.03,1407.3,830.73,Online
O004217,2025-09-28,C00733,P001,1,12212.51,9280.33,610.63,11601.88,9280.33,2321.55,Store
O004218,2025-04-10,C00331,P015,3,1375.39,1038.91,0.0,4126.17,3116.73,1009.44,Online
O004219,2025-02-01,C00871,P014,1,746.01,469.1,0.0,746.01,469.1,276.91,Store
O004220,2025-12-18,C00023,P007,1,692.39,399.57,0.0,692.39,399.57,292.82,Marketplace
O004221,2025-05-08,C00666,P006,1,3653.72,2501.63,548.06,3105.66,2501.63,604.03,Online
O004222,2025-12-05,C01102,P001,1,12212.51,9280.33,610.63,11601.88,9280.33,2321.55,Online
O004223,2025-02-12,C00652,P004,1,825.3,619.33,0.0,825.3,619.33,205.97,Online
O004224,2025-03-19,C00953,P005,1,3123.65,2355.15,624.73,2498.92,2355.15,143.77,Store
O004225,2025-11-10,C00779,P010,1,1487.5,884.68,148.75,1338.75,884.68,454.07,Marketplace
O004226,2025-10-16,C00757,P001,1,12212.51,9280.33,1831.88,10380.63,9280.33,1100.3,Marketplace
O004227,2025-09-27,C00596,P004,2,825.3,619.33,0.0,1650.6,1238.66,411.94,Marketplace
O004228,2025-06-11,C00794,P011,1,487.27,344.29,24.36,462.91,344.29,118.62,Online
O004229,2025-07-08,C00285,P012,2,1008.95,650.79,0.0,2017.9,1301.58,716.32,Online
O004230,2025-09-04,C01092,P015,1,1375.39,1038.91,0.0,1375.39,1038.91,336.48,Marketplace
O004231,2025-08-04,C01077,P014,1,746.01,469.1,74.6,671.41,469.1,202.31,Online
O004232,2025-11-11,C00090,P001,2,12212.51,9280.33,0.0,24425.02,18560.66,5864.36,Online
O004233,2025-12-05,C00371,P015,1,1375.39,1038.91,137.54,1237.85,1038.91,198.94,Online
O004234,2025-06-17,C00949,P002,1,5103.35,3862.76,255.17,4848.18,3862.76,985.42,Store
O004235,2025-12-05,C00402,P001,1,12212.51,9280.33,610.63,11601.88,9280.33,2321.55,Online
O004236,2025-07-12,C00028,P003,1,1674.13,1006.35,0.0,1674.13,1006.35,667.78,Online
O004237,2025-10-10,C01011,P009,1,1843.37,1277.0,184.34,1659.03,1277.0,382.03,Online
O004238,2025-12-02,C00706,P005,4,3123.65,2355.15,0.0,12494.6,9420.6,3074.0,Store
O004239,2025-01-13,C00836,P007,2,692.39,399.57,69.24,1315.54,799.14,516.4,Online
O004240,2025-08-28,C00345,P002,1,5103.35,3862.76,765.5,4337.85,3862.76,475.09,Online
O004241,2025-11-16,C00041,P005,2,3123.65,2355.15,624.73,5622.57,4710.3,912.27,Marketplace
O004242,2025-05-27,C00868,P005,1,3123.65,2355.15,312.36,2811.29,2355.15,456.14,Online
O004243,2025-07-23,C00490,P016,3,802.2,467.64,120.33,2286.27,1402.92,883.35,Online
O004244,2025-03-21,C00051,P011,1,487.27,344.29,48.73,438.54,344.29,94.25,Online
O004245,2025-02-12,C00568,P010,1,1487.5,884.68,74.38,1413.12,884.68,528.44,Online
O004246,2025-03-30,C00836,P016,1,802.2,467.64,40.11,762.09,467.64,294.45,Online
O004247,2025-05-28,C01010,P007,1,692.39,399.57,0.0,692.39,399.57,292.82,Marketplace
O004248,2025-04-05,C00449,P009,1,1843.37,1277.0,0.0,1843.37,1277.0,566.37,Online
O004249,2025-05-31,C00879,P014,1,746.01,469.1,74.6,671.41,469.1,202.31,Online
O004250,2025-01-02,C00549,P007,2,692.39,399.57,69.24,1315.54,799.14,516.4,Store
O004251,2025-01-22,C00724,P014,1,746.01,469.1,74.6,671.41,469.1,202.31,Store
O004252,2025-11-09,C00443,P014,3,746.01,469.1,223.8,2014.23,1407.3,606.93,Online
O004253,2025-11-24,C00493,P005,1,3123.65,2355.15,156.18,2967.47,2355.15,612.32,Online
O004254,2025-01-07,C00748,P016,1,802.2,467.64,0.0,802.2,467.64,334.56,Online
O004255,2025-07-25,C00500,P006,2,3653.72,2501.63,365.37,6942.07,5003.26,1938.81,Store
O004256,2025-04-24,C01149,P007,1,692.39,399.57,34.62,657.77,399.57,258.2,Online
O004257,2025-09-29,C00882,P011,2,487.27,344.29,0.0,974.54,688.58,285.96,Online
O004258,2025-03-24,C00626,P011,2,487.27,344.29,0.0,974.54,688.58,285.96,Store
O004259,2025-06-28,C00359,P009,1,1843.37,1277.0,0.0,1843.37,1277.0,566.37,Store
O004260,2025-07-29,C00105,P015,1,1375.39,1038.91,0.0,1375.39,1038.91,336.48,Marketplace
O004261,2025-11-24,C00402,P002,2,5103.35,3862.76,0.0,10206.7,7725.52,2481.18,Marketplace
O004262,2025-05-04,C01004,P005,2,3123.65,2355.15,312.36,5934.94,4710.3,1224.64,Online
O004263,2025-04-23,C00708,P001,1,12212.51,9280.33,1831.88,10380.63,9280.33,1100.3,Online
O004264,2025-01-12,C00283,P011,1,487.27,344.29,0.0,487.27,344.29,142.98,Online
O004265,2025-05-06,C00272,P001,1,12212.51,9280.33,0.0,12212.51,9280.33,2932.18,Store
O004266,2025-02-22,C01152,P004,1,825.3,619.33,0.0,825.3,619.33,205.97,Store
O004267,2025-11-27,C00286,P015,1,1375.39,1038.91,137.54,1237.85,1038.91,198.94,Store
O004268,2025-10-10,C00477,P008,2,952.71,663.0,95.27,1810.15,1326.0,484.15,Store
O004269,2025-05-20,C00678,P007,1,692.39,399.57,34.62,657.77,399.57,258.2,Marketplace
O004270,2025-04-07,C00229,P005,1,3123.65,2355.15,0.0,3123.65,2355.15,768.5,Online
O004271,2025-01-05,C00342,P013,1,889.0,519.78,88.9,800.1,519.78,280.32,Store
O004272,2025-02-26,C00306,P014,2,746.01,469.1,0.0,1492.02,938.2,553.82,Online
O004273,2025-11-30,C00705,P004,2,825.3,619.33,0.0,1650.6,1238.66,411.94,Online
O004274,2025-03-10,C01083,P007,1,692.39,399.57,34.62,657.77,399.57,258.2,Online
O004275,2025-04-28,C00701,P003,1,1674.13,1006.35,167.41,1506.72,1006.35,500.37,Marketplace
O004276,2025-02-28,C00166,P008,1,952.71,663.0,0.0,952.71,663.0,289.71,Store
O004277,2025-02-02,C00624,P012,2,1008.95,650.79,0.0,2017.9,1301.58,716.32,Store
O004278,2025-11-14,C00930,P002,3,5103.35,3862.76,0.0,15310.05,11588.28,3721.77,Online
O004279,2025-02-19,C01114,P004,1,825.3,619.33,0.0,825.3,619.33,205.97,Online
O004280,2025-01-19,C00790,P004,4,825.3,619.33,0.0,3301.2,2477.32,823.88,Online
O004281,2025-08-02,C00651,P016,1,802.2,467.64,0.0,802.2,467.64,334.56,Store
O004282,2025-07-16,C00342,P014,1,746.01,469.1,0.0,746.01,469.1,276.91,Store
O004283,2025-02-16,C00059,P009,1,1843.37,1277.0,0.0,1843.37,1277.0,566.37,Store
O004284,2025-06-16,C00906,P013,1,889.0,519.78,44.45,844.55,519.78,324.77,Marketplace
O004285,2025-10-16,C00869,P008,1,952.71,663.0,95.27,857.44,663.0,194.44,Online
O004286,2025-05-21,C00482,P011,3,487.27,344.29,0.0,1461.81,1032.87,428.94,Online
O004287,2025-03-25,C00122,P010,1,1487.5,884.68,74.38,1413.12,884.68,528.44,Store
O004288,2025-07-01,C01106,P005,3,3123.65,2355.15,0.0,9370.95,7065.45,2305.5,Store
O004289,2025-03-20,C00858,P015,1,1375.39,1038.91,137.54,1237.85,1038.91,198.94,Marketplace
O004290,2025-08-03,C00441,P009,2,1843.37,1277.0,368.67,3318.07,2554.0,764.07,Online
O004291,2025-01-14,C01139,P002,1,5103.35,3862.76,0.0,5103.35,3862.76,1240.59,Marketplace
O004292,2025-08-03,C00598,P005,1,3123.65,2355.15,0.0,3123.65,2355.15,768.5,Store
O004293,2025-05-08,C00821,P010,1,1487.5,884.68,148.75,1338.75,884.68,454.07,Online
O004294,2025-11-06,C00360,P008,1,952.71,663.0,0.0,952.71,663.0,289.71,Online
O004295,2025-09-05,C00760,P015,1,1375.39,1038.91,0.0,1375.39,1038.91,336.48,Online
O004296,2025-01-29,C00226,P011,1,487.27,344.29,0.0,487.27,344.29,142.98,Online
O004297,2025-10-07,C00530,P007,2,692.39,399.57,0.0,1384.78,799.14,585.64,Store
O004298,2025-12-04,C00613,P008,1,952.71,663.0,47.64,905.07,663.0,242.07,Online
O004299,2025-11-15,C00174,P002,2,5103.35,3862.76,1020.67,9186.03,7725.52,1460.51,Store
O004300,2025-07-21,C01199,P016,1,802.2,467.64,40.11,762.09,467.64,294.45,Online
O004301,2025-12-27,C00033,P014,1,746.01,469.1,37.3,708.71,469.1,239.61,Marketplace
O004302,2025-02-26,C00958,P005,1,3123.65,2355.15,312.36,2811.29,2355.15,456.14,Online
O004303,2025-08-06,C00132,P015,1,1375.39,1038.91,0.0,1375.39,1038.91,336.48,Online
O004304,2025-03-03,C00876,P005,2,3123.65,2355.15,0.0,6247.3,4710.3,1537.0,Online
O004305,2025-06-06,C01032,P016,1,802.2,467.64,40.11,762.09,467.64,294.45,Online
O004306,2025-07-21,C01127,P008,1,952.71,663.0,95.27,857.44,663.0,194.44,Store
O004307,2025-01-17,C00907,P007,1,692.39,399.57,0.0,692.39,399.57,292.82,Online
O004308,2025-11-18,C00056,P012,1,1008.95,650.79,0.0,1008.95,650.79,358.16,Online
O004309,2025-01-06,C00003,P015,1,1375.39,1038.91,0.0,1375.39,1038.91,336.48,Online
O004310,2025-02-27,C00166,P012,2,1008.95,650.79,0.0,2017.9,1301.58,716.32,Online
O004311,2025-11-21,C00105,P001,2,12212.51,9280.33,0.0,24425.02,18560.66,5864.36,Online
O004312,2025-11-14,C00773,P008,1,952.71,663.0,47.64,905.07,663.0,242.07,Online
O004313,2025-06-18,C00437,P010,1,1487.5,884.68,148.75,1338.75,884.68,454.07,Online
O004314,2025-03-23,C00648,P013,1,889.0,519.78,0.0,889.0,519.78,369.22,Online
O004315,2025-08-07,C00098,P009,1,1843.37,1277.0,184.34,1659.03,1277.0,382.03,Store
O004316,2025-06-26,C00560,P014,2,746.01,469.1,0.0,1492.02,938.2,553.82,Online
O004317,2025-07-23,C00141,P005,1,3123.65,2355.15,0.0,3123.65,2355.15,768.5,Online
O004318,2025-03-12,C00092,P003,2,1674.13,1006.35,334.83,3013.43,2012.7,1000.73,Store
O004319,2025-09-23,C00915,P006,1,3653.72,2501.63,365.37,3288.35,2501.63,786.72,Online
O004320,2025-04-08,C00500,P008,1,952.71,663.0,0.0,952.71,663.0,289.71,Online
O004321,2025-12-11,C00328,P005,1,3123.65,2355.15,0.0,3123.65,2355.15,768.5,Store
O004322,2025-10-18,C00347,P012,2,1008.95,650.79,0.0,2017.9,1301.58,716.32,Store
O004323,2025-07-27,C00404,P003,2,1674.13,1006.35,167.41,3180.85,2012.7,1168.15,Online
O004324,2025-01-02,C00842,P008,1,952.71,663.0,0.0,952.71,663.0,289.71,Online
O004325,2025-05-04,C00177,P016,4,802.2,467.64,160.44,3048.36,1870.56,1177.8,Online
O004326,2025-10-07,C00955,P010,1,1487.5,884.68,0.0,1487.5,884.68,602.82,Online
O004327,2025-03-15,C00088,P001,1,12212.51,9280.33,0.0,12212.51,9280.33,2932.18,Store
O004328,2025-06-15,C00205,P002,3,5103.35,3862.76,2296.51,13013.54,11588.28,1425.26,Online
O004329,2025-01-22,C00889,P008,1,952.71,663.0,0.0,952.71,663.0,289.71,Store
O004330,2025-06-03,C01092,P011,1,487.27,344.29,0.0,487.27,344.29,142.98,Online
O004331,2025-10-22,C00761,P003,2,1674.13,1006.35,334.83,3013.43,2012.7,1000.73,Online
O004332,2025-08-07,C00165,P009,2,1843.37,1277.0,0.0,3686.74,2554.0,1132.74,Online
O004333,2025-06-06,C00745,P014,1,746.01,469.1,0.0,746.01,469.1,276.91,Online
O004334,2025-08-18,C00694,P013,2,889.0,519.78,88.9,1689.1,1039.56,649.54,Online
O004335,2025-01-20,C01021,P003,1,1674.13,1006.35,0.0,1674.13,1006.35,667.78,Store
O004336,2025-02-10,C00239,P014,2,746.01,469.1,149.2,1342.82,938.2,404.62,Online
O004337,2025-05-28,C00726,P013,1,889.0,519.78,44.45,844.55,519.78,324.77,Store
O004338,2025-04-18,C00782,P015,1,1375.39,1038.91,206.31,1169.08,1038.91,130.17,Online
O004339,2025-03-25,C01013,P007,1,692.39,399.57,0.0,692.39,399.57,292.82,Store
O004340,2025-11-18,C01075,P016,2,802.2,467.64,160.44,1443.96,935.28,508.68,Online
O004341,2025-11-05,C00287,P007,2,692.39,399.57,207.72,1177.06,799.14,377.92,Store
O004342,2025-10-17,C00592,P013,3,889.0,519.78,0.0,2667.0,1559.34,1107.66,Store
O004343,2025-11-19,C00781,P006,1,3653.72,2501.63,0.0,3653.72,2501.63,1152.09,Online
O004344,2025-05-14,C00608,P004,1,825.3,619.33,0.0,825.3,619.33,205.97,Store
O004345,2025-07-26,C00611,P006,1,3653.72,2501.63,0.0,3653.72,2501.63,1152.09,Online
O004346,2025-10-10,C01048,P008,1,952.71,663.0,0.0,952.71,663.0,289.71,Online
O004347,2025-09-23,C00864,P007,2,692.39,399.57,0.0,1384.78,799.14,585.64,Online
O004348,2025-03-14,C00513,P013,1,889.0,519.78,0.0,889.0,519.78,369.22,Online
O004349,2025-12-18,C01046,P016,3,802.2,467.64,0.0,2406.6,1402.92,1003.68,Online
O004350,2025-02-17,C00474,P001,1,12212.51,9280.33,0.0,12212.51,9280.33,2932.18,Online
O004351,2025-11-22,C00467,P013,2,889.0,519.78,88.9,1689.1,1039.56,649.54,Online
O004352,2025-08-21,C00706,P006,2,3653.72,2501.63,0.0,7307.44,5003.26,2304.18,Marketplace
O004353,2025-04-10,C00233,P006,1,3653.72,2501.63,0.0,3653.72,2501.63,1152.09,Online
O004354,2025-02-28,C00457,P009,1,1843.37,1277.0,276.51,1566.86,1277.0,289.86,Online
O004355,2025-09-15,C00298,P004,1,825.3,619.33,0.0,825.3,619.33,205.97,Online
O004356,2025-03-06,C00322,P009,1,1843.37,1277.0,0.0,1843.37,1277.0,566.37,Online
O004357,2025-03-24,C01099,P004,1,825.3,619.33,41.26,784.04,619.33,164.71,Marketplace
O004358,2025-06-03,C00821,P002,2,5103.35,3862.76,0.0,10206.7,7725.52,2481.18,Store
O004359,2025-09-23,C01077,P009,2,1843.37,1277.0,0.0,3686.74,2554.0,1132.74,Online
O004360,2025-11-05,C00920,P002,1,5103.35,3862.76,765.5,4337.85,3862.76,475.09,Online
O004361,2025-03-20,C01005,P004,1,825.3,619.33,0.0,825.3,619.33,205.97,Online
O004362,2025-11-11,C00688,P014,1,746.01,469.1,37.3,708.71,469.1,239.61,Online
O004363,2025-05-30,C01095,P004,4,825.3,619.33,330.12,2971.08,2477.32,493.76,Online
O004364,2025-02-17,C00158,P016,1,802.2,467.64,80.22,721.98,467.64,254.34,Store
O004365,2025-09-05,C00642,P014,2,746.01,469.1,0.0,1492.02,938.2,553.82,Online
O004366,2025-10-05,C00193,P006,1,3653.72,2501.63,730.74,2922.98,2501.63,421.35,Online
O004367,2025-12-22,C00722,P015,2,1375.39,1038.91,137.54,2613.24,2077.82,535.42,Store
O004368,2025-04-08,C00212,P014,1,746.01,469.1,37.3,708.71,469.1,239.61,Online
O004369,2025-01-25,C01149,P003,1,1674.13,1006.35,167.41,1506.72,1006.35,500.37,Online
O004370,2025-10-11,C01190,P002,1,5103.35,3862.76,1020.67,4082.68,3862.76,219.92,Online
O004371,2025-10-28,C00097,P004,2,825.3,619.33,82.53,1568.07,1238.66,329.41,Online
O004372,2025-03-09,C00158,P014,4,746.01,469.1,0.0,2984.04,1876.4,1107.64,Store
O004373,2025-01-07,C00352,P004,1,825.3,619.33,82.53,742.77,619.33,123.44,Store
O004374,2025-11-01,C00864,P004,2,825.3,619.33,0.0,1650.6,1238.66,411.94,Online
O004375,2025-05-17,C01080,P011,1,487.27,344.29,0.0,487.27,344.29,142.98,Store
O004376,2025-06-13,C00636,P002,1,5103.35,3862.76,255.17,4848.18,3862.76,985.42,Online
O004377,2025-03-24,C00606,P012,1,1008.95,650.79,0.0,1008.95,650.79,358.16,Online
O004378,2025-05-18,C00863,P008,2,952.71,663.0,285.81,1619.61,1326.0,293.61,Online
O004379,2025-03-14,C00254,P005,1,3123.65,2355.15,0.0,3123.65,2355.15,768.5,Store
O004380,2025-08-25,C00316,P005,3,3123.65,2355.15,937.1,8433.85,7065.45,1368.4,Store
O004381,2025-02-15,C00217,P015,2,1375.39,1038.91,0.0,2750.78,2077.82,672.96,Online
O004382,2025-04-16,C00378,P011,1,487.27,344.29,48.73,438.54,344.29,94.25,Online
O004383,2025-10-15,C00521,P016,2,802.2,467.64,160.44,1443.96,935.28,508.68,Marketplace
O004384,2025-09-19,C00218,P006,2,3653.72,2501.63,0.0,7307.44,5003.26,2304.18,Online
O004385,2025-06-25,C01111,P013,1,889.0,519.78,44.45,844.55,519.78,324.77,Online
O004386,2025-06-15,C00201,P007,2,692.39,399.57,69.24,1315.54,799.14,516.4,Online
O004387,2025-05-25,C00193,P011,1,487.27,344.29,48.73,438.54,344.29,94.25,Online
O004388,2025-11-26,C00018,P016,1,802.2,467.64,0.0,802.2,467.64,334.56,Store
O004389,2025-10-10,C00095,P014,2,746.01,469.1,0.0,1492.02,938.2,553.82,Store
O004390,2025-02-23,C01187,P015,1,1375.39,1038.91,0.0,1375.39,1038.91,336.48,Store
O004391,2025-06-27,C01152,P006,2,3653.72,2501.63,0.0,7307.44,5003.26,2304.18,Online
O004392,2025-09-01,C00386,P011,1,487.27,344.29,48.73,438.54,344.29,94.25,Online
O004393,2025-12-07,C00821,P003,1,1674.13,1006.35,0.0,1674.13,1006.35,667.78,Marketplace
O004394,2025-05-07,C00964,P007,3,692.39,399.57,0.0,2077.17,1198.71,878.46,Online
O004395,2025-09-28,C00279,P004,1,825.3,619.33,0.0,825.3,619.33,205.97,Online
O004396,2025-05-12,C00023,P006,1,3653.72,2501.63,182.69,3471.03,2501.63,969.4,Online
O004397,2025-04-03,C00554,P004,2,825.3,619.33,0.0,1650.6,1238.66,411.94,Store
O004398,2025-03-14,C00471,P002,1,5103.35,3862.76,765.5,4337.85,3862.76,475.09,Online
O004399,2025-09-05,C00481,P014,1,746.01,469.1,111.9,634.11,469.1,165.01,Online
O004400,2025-12-14,C01115,P004,1,825.3,619.33,0.0,825.3,619.33,205.97,Online
O004401,2025-09-30,C00608,P009,1,1843.37,1277.0,368.67,1474.7,1277.0,197.7,Online
O004402,2025-02-12,C00573,P008,2,952.71,663.0,190.54,1714.88,1326.0,388.88,Online
O004403,2025-02-10,C00631,P015,1,1375.39,1038.91,68.77,1306.62,1038.91,267.71,Marketplace
O004404,2025-06-19,C00242,P014,1,746.01,469.1,149.2,596.81,469.1,127.71,Online
O004405,2025-07-31,C00562,P001,1,12212.51,9280.33,610.63,11601.88,9280.33,2321.55,Online
O004406,2025-06-17,C01014,P012,1,1008.95,650.79,0.0,1008.95,650.79,358.16,Store
O004407,2025-02-08,C00395,P015,1,1375.39,1038.91,0.0,1375.39,1038.91,336.48,Online
O004408,2025-09-02,C00615,P011,4,487.27,344.29,97.45,1851.63,1377.16,474.47,Online
O004409,2025-05-31,C01042,P006,1,3653.72,2501.63,0.0,3653.72,2501.63,1152.09,Marketplace
O004410,2025-04-21,C00145,P001,1,12212.51,9280.33,0.0,12212.51,9280.33,2932.18,Online
O004411,2025-02-16,C00548,P006,2,3653.72,2501.63,365.37,6942.07,5003.26,1938.81,Online
O004412,2025-03-04,C00358,P008,1,952.71,663.0,47.64,905.07,663.0,242.07,Online
O004413,2025-08-13,C00868,P006,2,3653.72,2501.63,365.37,6942.07,5003.26,1938.81,Online
O004414,2025-03-10,C01101,P013,1,889.0,519.78,0.0,889.0,519.78,369.22,Store
O004415,2025-10-26,C01110,P007,1,692.39,399.57,0.0,692.39,399.57,292.82,Online
O004416,2025-10-17,C00473,P010,1,1487.5,884.68,74.38,1413.12,884.68,528.44,Store
O004417,2025-10-23,C00603,P001,1,12212.51,9280.33,610.63,11601.88,9280.33,2321.55,Online
O004418,2025-07-22,C00385,P009,1,1843.37,1277.0,0.0,1843.37,1277.0,566.37,Online
O004419,2025-03-02,C01060,P008,3,952.71,663.0,0.0,2858.13,1989.0,869.13,Online
O004420,2025-11-14,C00210,P013,1,889.0,519.78,44.45,844.55,519.78,324.77,Store
O004421,2025-11-10,C01040,P014,2,746.01,469.1,0.0,1492.02,938.2,553.82,Online
O004422,2025-06-10,C00583,P008,2,952.71,663.0,0.0,1905.42,1326.0,579.42,Marketplace
O004423,2025-11-27,C00274,P011,1,487.27,344.29,0.0,487.27,344.29,142.98,Online
O004424,2025-01-16,C00045,P012,1,1008.95,650.79,100.9,908.05,650.79,257.26,Online
O004425,2025-12-04,C01072,P012,1,1008.95,650.79,100.9,908.05,650.79,257.26,Marketplace
O004426,2025-04-04,C00017,P008,1,952.71,663.0,95.27,857.44,663.0,194.44,Online
O004427,2025-10-31,C00865,P010,1,1487.5,884.68,0.0,1487.5,884.68,602.82,Online
O004428,2025-05-18,C00964,P013,1,889.0,519.78,0.0,889.0,519.78,369.22,Online
O004429,2025-12-04,C01126,P007,1,692.39,399.57,69.24,623.15,399.57,223.58,Store
O004430,2025-02-07,C00697,P009,1,1843.37,1277.0,0.0,1843.37,1277.0,566.37,Online
O004431,2025-05-07,C00563,P010,2,1487.5,884.68,148.75,2826.25,1769.36,1056.89,Online
O004432,2025-10-02,C00773,P014,1,746.01,469.1,37.3,708.71,469.1,239.61,Online
O004433,2025-06-13,C00529,P015,1,1375.39,1038.91,68.77,1306.62,1038.91,267.71,Online
O004434,2025-11-15,C00046,P014,1,746.01,469.1,0.0,746.01,469.1,276.91,Online
O004435,2025-03-18,C00902,P003,1,1674.13,1006.35,251.12,1423.01,1006.35,416.66,Online
O004436,2025-06-23,C01073,P009,2,1843.37,1277.0,553.01,3133.73,2554.0,579.73,Marketplace
O004437,2025-12-24,C00918,P004,1,825.3,619.33,0.0,825.3,619.33,205.97,Online
O004438,2025-11-17,C00886,P011,1,487.27,344.29,0.0,487.27,344.29,142.98,Online
O004439,2025-04-01,C01035,P014,3,746.01,469.1,111.9,2126.13,1407.3,718.83,Online
O004440,2025-08-26,C00600,P009,1,1843.37,1277.0,92.17,1751.2,1277.0,474.2,Online
O004441,2025-09-21,C00582,P007,3,692.39,399.57,0.0,2077.17,1198.71,878.46,Store
O004442,2025-06-28,C00891,P011,1,487.27,344.29,97.45,389.82,344.29,45.53,Marketplace
O004443,2025-07-28,C00664,P001,1,12212.51,9280.33,1221.25,10991.26,9280.33,1710.93,Online
O004444,2025-03-14,C01181,P008,1,952.71,663.0,0.0,952.71,663.0,289.71,Online
O004445,2025-04-17,C00542,P006,2,3653.72,2501.63,0.0,7307.44,5003.26,2304.18,Online
O004446,2025-12-11,C01100,P006,2,3653.72,2501.63,730.74,6576.7,5003.26,1573.44,Online
O004447,2025-10-22,C00069,P005,1,3123.65,2355.15,624.73,2498.92,2355.15,143.77,Store
O004448,2025-10-11,C00493,P011,2,487.27,344.29,194.91,779.63,688.58,91.05,Online
O004449,2025-12-19,C00354,P013,2,889.0,519.78,0.0,1778.0,1039.56,738.44,Marketplace
O004450,2025-07-01,C00147,P014,2,746.01,469.1,0.0,1492.02,938.2,553.82,Online
O004451,2025-02-06,C01174,P008,2,952.71,663.0,0.0,1905.42,1326.0,579.42,Online
O004452,2025-05-17,C00107,P013,1,889.0,519.78,0.0,889.0,519.78,369.22,Online
O004453,2025-12-04,C00174,P001,2,12212.51,9280.33,2442.5,21982.52,18560.66,3421.86,Online
O004454,2025-02-25,C01125,P013,1,889.0,519.78,0.0,889.0,519.78,369.22,Store
O004455,2025-07-06,C00427,P001,2,12212.51,9280.33,1221.25,23203.77,18560.66,4643.11,Online
O004456,2025-12-07,C00756,P005,2,3123.65,2355.15,937.1,5310.2,4710.3,599.9,Online
O004457,2025-09-15,C00718,P013,2,889.0,519.78,0.0,1778.0,1039.56,738.44,Online
O004458,2025-02-27,C00671,P014,1,746.01,469.1,111.9,634.11,469.1,165.01,Store
O004459,2025-12-29,C00442,P009,1,1843.37,1277.0,0.0,1843.37,1277.0,566.37,Online
O004460,2025-05-03,C00529,P013,1,889.0,519.78,44.45,844.55,519.78,324.77,Store
O004461,2025-07-07,C00501,P008,1,952.71,663.0,0.0,952.71,663.0,289.71,Marketplace
O004462,2025-08-18,C00402,P008,1,952.71,663.0,47.64,905.07,663.0,242.07,Online
O004463,2025-06-17,C00098,P015,2,1375.39,1038.91,275.08,2475.7,2077.82,397.88,Store
O004464,2025-04-24,C00618,P009,2,1843.37,1277.0,0.0,3686.74,2554.0,1132.74,Store
O004465,2025-09-09,C00355,P014,2,746.01,469.1,0.0,1492.02,938.2,553.82,Marketplace
O004466,2025-04-17,C00911,P011,2,487.27,344.29,0.0,974.54,688.58,285.96,Marketplace
O004467,2025-02-06,C01136,P016,2,802.2,467.64,0.0,1604.4,935.28,669.12,Online
O004468,2025-12-01,C00767,P009,2,1843.37,1277.0,184.34,3502.4,2554.0,948.4,Marketplace
O004469,2025-04-02,C01029,P011,1,487.27,344.29,0.0,487.27,344.29,142.98,Online
O004470,2025-01-18,C00942,P009,2,1843.37,1277.0,368.67,3318.07,2554.0,764.07,Marketplace
O004471,2025-12-20,C00492,P016,1,802.2,467.64,0.0,802.2,467.64,334.56,Online
O004472,2025-03-04,C00052,P009,2,1843.37,1277.0,0.0,3686.74,2554.0,1132.74,Store
O004473,2025-05-30,C00863,P015,1,1375.39,1038.91,0.0,1375.39,1038.91,336.48,Online
O004474,2025-05-19,C00410,P010,1,1487.5,884.68,0.0,1487.5,884.68,602.82,Online
O004475,2025-07-05,C00426,P007,1,692.39,399.57,34.62,657.77,399.57,258.2,Store
O004476,2025-07-04,C00096,P009,2,1843.37,1277.0,368.67,3318.07,2554.0,764.07,Online
O004477,2025-07-24,C00732,P005,1,3123.65,2355.15,0.0,3123.65,2355.15,768.5,Online
O004478,2025-09-17,C00501,P011,1,487.27,344.29,0.0,487.27,344.29,142.98,Online
O004479,2025-08-02,C00370,P007,2,692.39,399.57,0.0,1384.78,799.14,585.64,Online
O004480,2025-09-13,C00066,P001,2,12212.51,9280.33,0.0,24425.02,18560.66,5864.36,Online
O004481,2025-05-15,C01169,P003,1,1674.13,1006.35,83.71,1590.42,1006.35,584.07,Store
O004482,2025-03-02,C01198,P012,2,1008.95,650.79,0.0,2017.9,1301.58,716.32,Online
O004483,2025-12-29,C01028,P013,2,889.0,519.78,355.6,1422.4,1039.56,382.84,Online
O004484,2025-11-06,C00209,P011,1,487.27,344.29,24.36,462.91,344.29,118.62,Online
O004485,2025-03-29,C00567,P013,1,889.0,519.78,0.0,889.0,519.78,369.22,Online
O004486,2025-11-20,C00919,P014,3,746.01,469.1,0.0,2238.03,1407.3,830.73,Store
O004487,2025-07-26,C00837,P016,1,802.2,467.64,0.0,802.2,467.64,334.56,Online
O004488,2025-05-09,C01196,P014,1,746.01,469.1,37.3,708.71,469.1,239.61,Store
O004489,2025-11-07,C00786,P005,2,3123.65,2355.15,0.0,6247.3,4710.3,1537.0,Online
O004490,2025-01-03,C00273,P012,1,1008.95,650.79,201.79,807.16,650.79,156.37,Online
O004491,2025-08-30,C00035,P003,1,1674.13,1006.35,0.0,1674.13,1006.35,667.78,Online
O004492,2025-05-01,C00475,P001,2,12212.51,9280.33,1221.25,23203.77,18560.66,4643.11,Online
O004493,2025-04-12,C00866,P010,2,1487.5,884.68,0.0,2975.0,1769.36,1205.64,Store
O004494,2025-02-07,C00496,P014,1,746.01,469.1,0.0,746.01,469.1,276.91,Online
O004495,2025-12-07,C00727,P003,1,1674.13,1006.35,0.0,1674.13,1006.35,667.78,Online
O004496,2025-05-13,C00067,P010,1,1487.5,884.68,0.0,1487.5,884.68,602.82,Online
O004497,2025-07-21,C01131,P003,1,1674.13,1006.35,83.71,1590.42,1006.35,584.07,Online
O004498,2025-12-14,C00344,P009,1,1843.37,1277.0,184.34,1659.03,1277.0,382.03,Store
O004499,2025-01-21,C00006,P007,1,692.39,399.57,0.0,692.39,399.57,292.82,Online
O004500,2025-08-30,C00341,P008,2,952.71,663.0,0.0,1905.42,1326.0,579.42,Online
O004501,2025-04-19,C00732,P003,1,1674.13,1006.35,83.71,1590.42,1006.35,584.07,Store
O004502,2025-10-30,C00833,P014,1,746.01,469.1,74.6,671.41,469.1,202.31,Online
O004503,2025-03-25,C00620,P004,1,825.3,619.33,123.79,701.51,619.33,82.18,Marketplace
O004504,2025-03-24,C00157,P007,1,692.39,399.57,0.0,692.39,399.57,292.82,Online
O004505,2025-10-18,C00548,P014,2,746.01,469.1,0.0,1492.02,938.2,553.82,Online
O004506,2025-03-10,C00431,P012,1,1008.95,650.79,50.45,958.5,650.79,307.71,Online
O004507,2025-05-09,C00672,P011,2,487.27,344.29,97.45,877.09,688.58,188.51,Online
O004508,2025-07-15,C01183,P010,2,1487.5,884.68,148.75,2826.25,1769.36,1056.89,Marketplace
O004509,2025-05-20,C00350,P013,1,889.0,519.78,88.9,800.1,519.78,280.32,Store
O004510,2025-10-10,C00227,P013,1,889.0,519.78,88.9,800.1,519.78,280.32,Online
O004511,2025-11-08,C01102,P007,3,692.39,399.57,0.0,2077.17,1198.71,878.46,Online
O004512,2025-08-22,C01091,P003,1,1674.13,1006.35,83.71,1590.42,1006.35,584.07,Online
O004513,2025-01-23,C00114,P007,3,692.39,399.57,0.0,2077.17,1198.71,878.46,Online
O004514,2025-06-02,C00789,P007,1,692.39,399.57,34.62,657.77,399.57,258.2,Marketplace
O004515,2025-10-04,C00355,P010,3,1487.5,884.68,0.0,4462.5,2654.04,1808.46,Online
O004516,2025-03-02,C00758,P015,2,1375.39,1038.91,0.0,2750.78,2077.82,672.96,Store
O004517,2025-11-15,C00107,P004,1,825.3,619.33,0.0,825.3,619.33,205.97,Online
O004518,2025-02-21,C00396,P010,1,1487.5,884.68,0.0,1487.5,884.68,602.82,Store
O004519,2025-12-10,C00181,P007,1,692.39,399.57,0.0,692.39,399.57,292.82,Online
O004520,2025-06-02,C00743,P007,2,692.39,399.57,207.72,1177.06,799.14,377.92,Online
O004521,2025-08-25,C00080,P007,1,692.39,399.57,0.0,692.39,399.57,292.82,Online
O004522,2025-11-07,C00904,P003,1,1674.13,1006.35,0.0,1674.13,1006.35,667.78,Online
O004523,2025-10-29,C00835,P012,1,1008.95,650.79,0.0,1008.95,650.79,358.16,Store
O004524,2025-02-01,C00655,P015,1,1375.39,1038.91,137.54,1237.85,1038.91,198.94,Online
O004525,2025-02-24,C00626,P011,4,487.27,344.29,0.0,1949.08,1377.16,571.92,Store
O004526,2025-12-18,C00377,P004,1,825.3,619.33,123.79,701.51,619.33,82.18,Store
O004527,2025-02-05,C00547,P011,1,487.27,344.29,0.0,487.27,344.29,142.98,Store
O004528,2025-04-20,C00211,P001,1,12212.51,9280.33,0.0,12212.51,9280.33,2932.18,Store
O004529,2025-06-26,C00784,P013,2,889.0,519.78,0.0,1778.0,1039.56,738.44,Online
O004530,2025-12-28,C01079,P005,1,3123.65,2355.15,0.0,3123.65,2355.15,768.5,Store
O004531,2025-11-10,C00253,P013,1,889.0,519.78,0.0,889.0,519.78,369.22,Online
O004532,2025-10-22,C00258,P005,2,3123.65,2355.15,312.36,5934.94,4710.3,1224.64,Online
O004533,2025-12-02,C00824,P006,1,3653.72,2501.63,0.0,3653.72,2501.63,1152.09,Online
O004534,2025-04-07,C00782,P005,1,3123.65,2355.15,0.0,3123.65,2355.15,768.5,Online
O004535,2025-08-01,C01174,P003,2,1674.13,1006.35,0.0,3348.26,2012.7,1335.56,Online
O004536,2025-11-13,C00285,P012,1,1008.95,650.79,100.9,908.05,650.79,257.26,Online
O004537,2025-05-17,C00934,P002,2,5103.35,3862.76,0.0,10206.7,7725.52,2481.18,Online
O004538,2025-01-06,C00949,P009,1,1843.37,1277.0,92.17,1751.2,1277.0,474.2,Store
O004539,2025-04-19,C00521,P007,1,692.39,399.57,103.86,588.53,399.57,188.96,Online
O004540,2025-02-04,C00717,P003,1,1674.13,1006.35,0.0,1674.13,1006.35,667.78,Store
O004541,2025-02-08,C00092,P011,1,487.27,344.29,0.0,487.27,344.29,142.98,Marketplace
O004542,2025-05-30,C00048,P005,3,3123.65,2355.15,1405.64,7965.31,7065.45,899.86,Online
O004543,2025-04-28,C00779,P002,1,5103.35,3862.76,0.0,5103.35,3862.76,1240.59,Store
O004544,2025-09-18,C00373,P009,1,1843.37,1277.0,184.34,1659.03,1277.0,382.03,Store
O004545,2025-03-28,C00978,P009,1,1843.37,1277.0,184.34,1659.03,1277.0,382.03,Store
O004546,2025-03-17,C00699,P002,2,5103.35,3862.76,0.0,10206.7,7725.52,2481.18,Store
O004547,2025-11-09,C01030,P011,1,487.27,344.29,73.09,414.18,344.29,69.89,Online
O004548,2025-08-02,C00073,P004,2,825.3,619.33,0.0,1650.6,1238.66,411.94,Store
O004549,2025-10-12,C00884,P005,1,3123.65,2355.15,156.18,2967.47,2355.15,612.32,Online
O004550,2025-08-27,C01046,P015,2,1375.39,1038.91,0.0,2750.78,2077.82,672.96,Online
O004551,2025-06-14,C00487,P003,1,1674.13,1006.35,83.71,1590.42,1006.35,584.07,Online
O004552,2025-03-28,C00263,P005,2,3123.65,2355.15,0.0,6247.3,4710.3,1537.0,Online
O004553,2025-05-21,C00201,P007,1,692.39,399.57,0.0,692.39,399.57,292.82,Online
O004554,2025-06-09,C00568,P015,2,1375.39,1038.91,0.0,2750.78,2077.82,672.96,Online
O004555,2025-02-15,C00032,P007,1,692.39,399.57,0.0,692.39,399.57,292.82,Online
O004556,2025-04-22,C00526,P011,2,487.27,344.29,48.73,925.81,688.58,237.23,Marketplace
O004557,2025-02-14,C01167,P010,1,1487.5,884.68,74.38,1413.12,884.68,528.44,Store
O004558,2025-09-04,C00532,P015,2,1375.39,1038.91,137.54,2613.24,2077.82,535.42,Marketplace
O004559,2025-04-14,C00478,P010,1,1487.5,884.68,74.38,1413.12,884.68,528.44,Online
O004560,2025-03-26,C00191,P014,1,746.01,469.1,37.3,708.71,469.1,239.61,Store
O004561,2025-05-14,C00679,P008,1,952.71,663.0,47.64,905.07,663.0,242.07,Online
O004562,2025-04-18,C01140,P009,2,1843.37,1277.0,368.67,3318.07,2554.0,764.07,Online
O004563,2025-01-18,C01083,P014,2,746.01,469.1,0.0,1492.02,938.2,553.82,Store
O004564,2025-04-04,C00306,P006,1,3653.72,2501.63,182.69,3471.03,2501.63,969.4,Store
O004565,2025-05-30,C00381,P006,1,3653.72,2501.63,0.0,3653.72,2501.63,1152.09,Online
O004566,2025-09-03,C00004,P004,1,825.3,619.33,0.0,825.3,619.33,205.97,Online
O004567,2025-10-16,C00086,P014,2,746.01,469.1,0.0,1492.02,938.2,553.82,Online
O004568,2025-07-28,C00611,P014,1,746.01,469.1,0.0,746.01,469.1,276.91,Online
O004569,2025-05-06,C00038,P013,1,889.0,519.78,88.9,800.1,519.78,280.32,Online
O004570,2025-08-23,C00551,P009,1,1843.37,1277.0,184.34,1659.03,1277.0,382.03,Online
O004571,2025-05-02,C00301,P003,1,1674.13,1006.35,83.71,1590.42,1006.35,584.07,Online
O004572,2025-05-18,C00979,P011,2,487.27,344.29,48.73,925.81,688.58,237.23,Store
O004573,2025-04-25,C00325,P016,1,802.2,467.64,40.11,762.09,467.64,294.45,Marketplace
O004574,2025-06-11,C00179,P003,2,1674.13,1006.35,0.0,3348.26,2012.7,1335.56,Online
O004575,2025-07-20,C00321,P014,1,746.01,469.1,74.6,671.41,469.1,202.31,Store
O004576,2025-08-22,C00242,P016,1,802.2,467.64,0.0,802.2,467.64,334.56,Online
O004577,2025-01-28,C00833,P012,2,1008.95,650.79,0.0,2017.9,1301.58,716.32,Online
O004578,2025-01-11,C00893,P010,2,1487.5,884.68,148.75,2826.25,1769.36,1056.89,Online
O004579,2025-07-25,C00875,P008,3,952.71,663.0,0.0,2858.13,1989.0,869.13,Store
O004580,2025-06-16,C01159,P007,1,692.39,399.57,0.0,692.39,399.57,292.82,Online
O004581,2025-09-04,C00226,P013,2,889.0,519.78,177.8,1600.2,1039.56,560.64,Online
O004582,2025-02-16,C00671,P016,1,802.2,467.64,0.0,802.2,467.64,334.56,Marketplace
O004583,2025-09-03,C00297,P005,1,3123.65,2355.15,312.36,2811.29,2355.15,456.14,Store
O004584,2025-05-07,C00441,P010,2,1487.5,884.68,148.75,2826.25,1769.36,1056.89,Online
O004585,2025-05-27,C00841,P002,1,5103.35,3862.76,0.0,5103.35,3862.76,1240.59,Online
O004586,2025-04-28,C00101,P003,2,1674.13,1006.35,334.83,3013.43,2012.7,1000.73,Marketplace
O004587,2025-06-01,C00563,P001,2,12212.51,9280.33,0.0,24425.02,18560.66,5864.36,Online
O004588,2025-03-13,C00011,P003,2,1674.13,1006.35,0.0,3348.26,2012.7,1335.56,Online
O004589,2025-12-29,C00496,P012,2,1008.95,650.79,0.0,2017.9,1301.58,716.32,Online
O004590,2025-05-17,C00996,P004,3,825.3,619.33,0.0,2475.9,1857.99,617.91,Online
O004591,2025-06-24,C00033,P012,1,1008.95,650.79,0.0,1008.95,650.79,358.16,Online
O004592,2025-10-16,C00896,P016,2,802.2,467.64,240.66,1363.74,935.28,428.46,Store
O004593,2025-01-19,C00826,P005,1,3123.65,2355.15,0.0,3123.65,2355.15,768.5,Online
O004594,2025-07-14,C00423,P013,3,889.0,519.78,266.7,2400.3,1559.34,840.96,Online
O004595,2025-11-26,C01175,P003,1,1674.13,1006.35,83.71,1590.42,1006.35,584.07,Store
O004596,2025-06-24,C00715,P014,1,746.01,469.1,37.3,708.71,469.1,239.61,Store
O004597,2025-12-20,C01027,P012,2,1008.95,650.79,0.0,2017.9,1301.58,716.32,Online
O004598,2025-05-21,C00732,P011,2,487.27,344.29,97.45,877.09,688.58,188.51,Online
O004599,2025-09-03,C00446,P008,2,952.71,663.0,95.27,1810.15,1326.0,484.15,Online
O004600,2025-04-03,C00656,P005,1,3123.65,2355.15,0.0,3123.65,2355.15,768.5,Online
O004601,2025-08-27,C00533,P007,3,692.39,399.57,0.0,2077.17,1198.71,878.46,Online
O004602,2025-07-24,C01049,P009,1,1843.37,1277.0,0.0,1843.37,1277.0,566.37,Online
O004603,2025-02-17,C00046,P016,2,802.2,467.64,0.0,1604.4,935.28,669.12,Store
O004604,2025-09-02,C01153,P004,1,825.3,619.33,0.0,825.3,619.33,205.97,Online
O004605,2025-11-16,C00759,P003,1,1674.13,1006.35,83.71,1590.42,1006.35,584.07,Online
O004606,2025-11-13,C00197,P010,1,1487.5,884.68,0.0,1487.5,884.68,602.82,Online
O004607,2025-10-22,C00206,P014,3,746.01,469.1,111.9,2126.13,1407.3,718.83,Online
O004608,2025-05-08,C00501,P011,1,487.27,344.29,0.0,487.27,344.29,142.98,Online
O004609,2025-12-10,C00890,P012,1,1008.95,650.79,0.0,1008.95,650.79,358.16,Store
O004610,2025-10-09,C00986,P001,1,12212.51,9280.33,0.0,12212.51,9280.33,2932.18,Online
O004611,2025-01-17,C00431,P010,1,1487.5,884.68,148.75,1338.75,884.68,454.07,Online
O004612,2025-03-12,C01009,P004,1,825.3,619.33,0.0,825.3,619.33,205.97,Online
O004613,2025-09-26,C00289,P001,2,12212.51,9280.33,0.0,24425.02,18560.66,5864.36,Online
O004614,2025-11-21,C00111,P016,1,802.2,467.64,120.33,681.87,467.64,214.23,Online
O004615,2025-10-09,C00231,P012,1,1008.95,650.79,50.45,958.5,650.79,307.71,Online
O004616,2025-11-01,C00105,P002,1,5103.35,3862.76,765.5,4337.85,3862.76,475.09,Online
O004617,2025-01-07,C00947,P015,2,1375.39,1038.91,275.08,2475.7,2077.82,397.88,Online
O004618,2025-11-10,C00539,P008,1,952.71,663.0,95.27,857.44,663.0,194.44,Store
O004619,2025-11-01,C01099,P016,1,802.2,467.64,0.0,802.2,467.64,334.56,Online
O004620,2025-04-13,C01025,P011,1,487.27,344.29,0.0,487.27,344.29,142.98,Online
O004621,2025-11-05,C01000,P010,1,1487.5,884.68,0.0,1487.5,884.68,602.82,Store
O004622,2025-07-12,C00767,P015,1,1375.39,1038.91,68.77,1306.62,1038.91,267.71,Online
O004623,2025-08-29,C00297,P012,3,1008.95,650.79,0.0,3026.85,1952.37,1074.48,Online
O004624,2025-03-03,C01193,P012,1,1008.95,650.79,50.45,958.5,650.79,307.71,Store
O004625,2025-01-17,C00742,P004,1,825.3,619.33,0.0,825.3,619.33,205.97,Online
O004626,2025-06-20,C01088,P009,1,1843.37,1277.0,0.0,1843.37,1277.0,566.37,Online
O004627,2025-01-25,C00344,P008,1,952.71,663.0,47.64,905.07,663.0,242.07,Store
O004628,2025-09-08,C00619,P015,1,1375.39,1038.91,0.0,1375.39,1038.91,336.48,Online
O004629,2025-09-10,C00821,P015,1,1375.39,1038.91,0.0,1375.39,1038.91,336.48,Store
O004630,2025-07-26,C01010,P016,2,802.2,467.64,160.44,1443.96,935.28,508.68,Store
O004631,2025-01-29,C00596,P004,1,825.3,619.33,41.26,784.04,619.33,164.71,Online
O004632,2025-04-27,C00086,P007,1,692.39,399.57,0.0,692.39,399.57,292.82,Store
O004633,2025-10-09,C00825,P002,1,5103.35,3862.76,0.0,5103.35,3862.76,1240.59,Online
O004634,2025-05-24,C00796,P004,1,825.3,619.33,0.0,825.3,619.33,205.97,Online
O004635,2025-01-25,C00064,P002,2,5103.35,3862.76,0.0,10206.7,7725.52,2481.18,Online
O004636,2025-11-06,C00785,P015,1,1375.39,1038.91,68.77,1306.62,1038.91,267.71,Online
O004637,2025-06-05,C01002,P014,2,746.01,469.1,0.0,1492.02,938.2,553.82,Online
O004638,2025-03-14,C00643,P004,1,825.3,619.33,41.26,784.04,619.33,164.71,Online
O004639,2025-04-30,C00748,P008,1,952.71,663.0,95.27,857.44,663.0,194.44,Marketplace
O004640,2025-11-08,C00869,P015,1,1375.39,1038.91,0.0,1375.39,1038.91,336.48,Marketplace
O004641,2025-11-17,C00878,P016,4,802.2,467.64,0.0,3208.8,1870.56,1338.24,Store
O004642,2025-04-03,C00730,P014,1,746.01,469.1,0.0,746.01,469.1,276.91,Online
O004643,2025-03-27,C01094,P007,1,692.39,399.57,0.0,692.39,399.57,292.82,Online
O004644,2025-12-02,C00708,P004,2,825.3,619.33,82.53,1568.07,1238.66,329.41,Online
O004645,2025-12-30,C00389,P002,1,5103.35,3862.76,765.5,4337.85,3862.76,475.09,Online
O004646,2025-04-28,C01009,P010,3,1487.5,884.68,0.0,4462.5,2654.04,1808.46,Online
O004647,2025-08-21,C00461,P011,1,487.27,344.29,48.73,438.54,344.29,94.25,Online
O004648,2025-07-18,C00905,P003,3,1674.13,1006.35,0.0,5022.39,3019.05,2003.34,Marketplace
O004649,2025-07-25,C00402,P001,1,12212.51,9280.33,1831.88,10380.63,9280.33,1100.3,Store
O004650,2025-12-05,C00468,P012,2,1008.95,650.79,0.0,2017.9,1301.58,716.32,Online
O004651,2025-05-27,C00315,P013,2,889.0,519.78,0.0,1778.0,1039.56,738.44,Marketplace
O004652,2025-09-28,C00702,P006,3,3653.72,2501.63,548.06,10413.1,7504.89,2908.21,Online
O004653,2025-05-19,C00965,P009,2,1843.37,1277.0,368.67,3318.07,2554.0,764.07,Online
O004654,2025-06-30,C01038,P013,1,889.0,519.78,44.45,844.55,519.78,324.77,Online
O004655,2025-01-30,C00259,P005,3,3123.65,2355.15,937.1,8433.85,7065.45,1368.4,Online
O004656,2025-02-26,C00541,P006,1,3653.72,2501.63,0.0,3653.72,2501.63,1152.09,Online
O004657,2025-08-20,C00222,P016,2,802.2,467.64,0.0,1604.4,935.28,669.12,Store
O004658,2025-05-26,C00301,P011,2,487.27,344.29,97.45,877.09,688.58,188.51,Online
O004659,2025-02-17,C00653,P015,3,1375.39,1038.91,206.31,3919.86,3116.73,803.13,Online
O004660,2025-07-13,C00763,P007,1,692.39,399.57,34.62,657.77,399.57,258.2,Online
O004661,2025-08-12,C00587,P003,1,1674.13,1006.35,0.0,1674.13,1006.35,667.78,Store
O004662,2025-05-16,C01091,P011,1,487.27,344.29,0.0,487.27,344.29,142.98,Online
O004663,2025-01-22,C01047,P001,2,12212.51,9280.33,0.0,24425.02,18560.66,5864.36,Online
O004664,2025-01-06,C01106,P004,2,825.3,619.33,0.0,1650.6,1238.66,411.94,Store
O004665,2025-07-23,C00879,P010,2,1487.5,884.68,0.0,2975.0,1769.36,1205.64,Store
O004666,2025-08-27,C01018,P003,1,1674.13,1006.35,83.71,1590.42,1006.35,584.07,Online
O004667,2025-07-04,C00153,P009,1,1843.37,1277.0,0.0,1843.37,1277.0,566.37,Online
O004668,2025-12-26,C00547,P002,2,5103.35,3862.76,0.0,10206.7,7725.52,2481.18,Online
O004669,2025-10-19,C01110,P007,3,692.39,399.57,0.0,2077.17,1198.71,878.46,Online
O004670,2025-12-01,C00987,P013,3,889.0,519.78,0.0,2667.0,1559.34,1107.66,Online
O004671,2025-08-08,C01174,P001,4,12212.51,9280.33,2442.5,46407.54,37121.32,9286.22,Online
O004672,2025-04-26,C00223,P008,2,952.71,663.0,0.0,1905.42,1326.0,579.42,Store
O004673,2025-11-09,C00765,P001,1,12212.51,9280.33,610.63,11601.88,9280.33,2321.55,Store
O004674,2025-02-18,C00135,P014,1,746.01,469.1,0.0,746.01,469.1,276.91,Online
O004675,2025-06-22,C00578,P013,1,889.0,519.78,44.45,844.55,519.78,324.77,Online
O004676,2025-03-23,C00799,P008,1,952.71,663.0,95.27,857.44,663.0,194.44,Store
O004677,2025-11-18,C00793,P010,1,1487.5,884.68,148.75,1338.75,884.68,454.07,Online
O004678,2025-11-29,C00880,P015,1,1375.39,1038.91,68.77,1306.62,1038.91,267.71,Online
O004679,2025-02-14,C00076,P011,2,487.27,344.29,48.73,925.81,688.58,237.23,Online
O004680,2025-12-01,C00042,P013,2,889.0,519.78,0.0,1778.0,1039.56,738.44,Store
O004681,2025-01-20,C00068,P016,1,802.2,467.64,0.0,802.2,467.64,334.56,Online
O004682,2025-08-09,C00235,P015,2,1375.39,1038.91,0.0,2750.78,2077.82,672.96,Online
O004683,2025-05-03,C00766,P004,1,825.3,619.33,165.06,660.24,619.33,40.91,Online
O004684,2025-08-22,C00802,P015,3,1375.39,1038.91,0.0,4126.17,3116.73,1009.44,Online
O004685,2025-08-09,C00681,P008,1,952.71,663.0,0.0,952.71,663.0,289.71,Marketplace
O004686,2025-11-19,C00284,P011,3,487.27,344.29,0.0,1461.81,1032.87,428.94,Online
O004687,2025-12-05,C00357,P004,1,825.3,619.33,41.26,784.04,619.33,164.71,Store
O004688,2025-01-03,C01128,P015,1,1375.39,1038.91,0.0,1375.39,1038.91,336.48,Online
O004689,2025-07-01,C00475,P007,2,692.39,399.57,0.0,1384.78,799.14,585.64,Online
O004690,2025-07-25,C01032,P010,1,1487.5,884.68,148.75,1338.75,884.68,454.07,Online
O004691,2025-11-16,C00009,P014,1,746.01,469.1,0.0,746.01,469.1,276.91,Store
O004692,2025-02-09,C00173,P016,1,802.2,467.64,120.33,681.87,467.64,214.23,Online
O004693,2025-02-28,C00446,P012,1,1008.95,650.79,100.9,908.05,650.79,257.26,Store
O004694,2025-03-03,C00624,P002,2,5103.35,3862.76,1020.67,9186.03,7725.52,1460.51,Online
O004695,2025-05-12,C01113,P008,1,952.71,663.0,47.64,905.07,663.0,242.07,Online
O004696,2025-03-01,C01194,P016,1,802.2,467.64,0.0,802.2,467.64,334.56,Online
O004697,2025-11-27,C00930,P004,1,825.3,619.33,0.0,825.3,619.33,205.97,Store
O004698,2025-05-02,C00055,P007,1,692.39,399.57,0.0,692.39,399.57,292.82,Online
O004699,2025-04-17,C00117,P010,1,1487.5,884.68,0.0,1487.5,884.68,602.82,Marketplace
O004700,2025-04-06,C00783,P001,1,12212.51,9280.33,1831.88,10380.63,9280.33,1100.3,Online
O004701,2025-12-13,C00475,P011,1,487.27,344.29,0.0,487.27,344.29,142.98,Online
O004702,2025-08-23,C00237,P015,2,1375.39,1038.91,0.0,2750.78,2077.82,672.96,Online
O004703,2025-03-03,C00893,P002,1,5103.35,3862.76,0.0,5103.35,3862.76,1240.59,Online
O004704,2025-09-13,C00932,P008,2,952.71,663.0,95.27,1810.15,1326.0,484.15,Online
O004705,2025-02-18,C00485,P002,1,5103.35,3862.76,0.0,5103.35,3862.76,1240.59,Online
O004706,2025-12-14,C00861,P015,1,1375.39,1038.91,137.54,1237.85,1038.91,198.94,Online
O004707,2025-06-08,C00541,P011,1,487.27,344.29,0.0,487.27,344.29,142.98,Online
O004708,2025-05-04,C01093,P002,1,5103.35,3862.76,255.17,4848.18,3862.76,985.42,Marketplace
O004709,2025-11-13,C00445,P004,1,825.3,619.33,165.06,660.24,619.33,40.91,Online
O004710,2025-07-26,C00699,P010,1,1487.5,884.68,0.0,1487.5,884.68,602.82,Online
O004711,2025-02-17,C01196,P012,2,1008.95,650.79,100.9,1917.0,1301.58,615.42,Online
O004712,2025-05-16,C00978,P014,2,746.01,469.1,0.0,1492.02,938.2,553.82,Online
O004713,2025-07-20,C01180,P016,1,802.2,467.64,80.22,721.98,467.64,254.34,Online
O004714,2025-09-07,C00720,P014,1,746.01,469.1,0.0,746.01,469.1,276.91,Online
O004715,2025-11-10,C00934,P005,1,3123.65,2355.15,156.18,2967.47,2355.15,612.32,Online
O004716,2025-12-23,C01039,P011,1,487.27,344.29,97.45,389.82,344.29,45.53,Online
O004717,2025-11-14,C00417,P001,1,12212.51,9280.33,0.0,12212.51,9280.33,2932.18,Store
O004718,2025-10-22,C01083,P012,2,1008.95,650.79,0.0,2017.9,1301.58,716.32,Online
O004719,2025-11-10,C00373,P014,1,746.01,469.1,0.0,746.01,469.1,276.91,Marketplace
O004720,2025-07-28,C01123,P016,1,802.2,467.64,80.22,721.98,467.64,254.34,Online
O004721,2025-12-21,C00903,P015,1,1375.39,1038.91,0.0,1375.39,1038.91,336.48,Online
O004722,2025-07-30,C00421,P014,1,746.01,469.1,0.0,746.01,469.1,276.91,Online
O004723,2025-07-11,C00377,P015,1,1375.39,1038.91,137.54,1237.85,1038.91,198.94,Online
O004724,2025-02-13,C00897,P008,4,952.71,663.0,0.0,3810.84,2652.0,1158.84,Online
O004725,2025-01-29,C00860,P006,1,3653.72,2501.63,365.37,3288.35,2501.63,786.72,Online
O004726,2025-02-28,C00344,P010,1,1487.5,884.68,0.0,1487.5,884.68,602.82,Store
O004727,2025-03-12,C00496,P002,2,5103.35,3862.76,0.0,10206.7,7725.52,2481.18,Online
O004728,2025-04-02,C00471,P009,1,1843.37,1277.0,0.0,1843.37,1277.0,566.37,Online
O004729,2025-09-22,C00057,P013,1,889.0,519.78,177.8,711.2,519.78,191.42,Store
O004730,2025-08-08,C00005,P013,1,889.0,519.78,44.45,844.55,519.78,324.77,Online
O004731,2025-08-03,C00897,P013,1,889.0,519.78,0.0,889.0,519.78,369.22,Online
O004732,2025-10-04,C00280,P011,1,487.27,344.29,24.36,462.91,344.29,118.62,Online
O004733,2025-03-05,C00784,P009,1,1843.37,1277.0,184.34,1659.03,1277.0,382.03,Online
O004734,2025-12-12,C00589,P016,2,802.2,467.64,0.0,1604.4,935.28,669.12,Online
O004735,2025-10-19,C01186,P001,1,12212.51,9280.33,0.0,12212.51,9280.33,2932.18,Marketplace
O004736,2025-09-02,C00294,P001,1,12212.51,9280.33,2442.5,9770.01,9280.33,489.68,Online
O004737,2025-03-03,C00620,P005,1,3123.65,2355.15,312.36,2811.29,2355.15,456.14,Online
O004738,2025-11-28,C00869,P015,1,1375.39,1038.91,0.0,1375.39,1038.91,336.48,Online
O004739,2025-06-19,C00469,P005,1,3123.65,2355.15,0.0,3123.65,2355.15,768.5,Online
O004740,2025-09-26,C00985,P002,2,5103.35,3862.76,0.0,10206.7,7725.52,2481.18,Marketplace
O004741,2025-09-24,C00668,P013,3,889.0,519.78,400.05,2266.95,1559.34,707.61,Marketplace
O004742,2025-02-23,C01182,P005,1,3123.65,2355.15,0.0,3123.65,2355.15,768.5,Online
O004743,2025-01-16,C00992,P006,3,3653.72,2501.63,0.0,10961.16,7504.89,3456.27,Online
O004744,2025-01-08,C00157,P009,2,1843.37,1277.0,368.67,3318.07,2554.0,764.07,Online
O004745,2025-04-14,C00838,P006,1,3653.72,2501.63,0.0,3653.72,2501.63,1152.09,Marketplace
O004746,2025-02-28,C01183,P013,1,889.0,519.78,0.0,889.0,519.78,369.22,Online
O004747,2025-11-09,C00399,P006,1,3653.72,2501.63,0.0,3653.72,2501.63,1152.09,Online
O004748,2025-02-09,C00040,P011,1,487.27,344.29,0.0,487.27,344.29,142.98,Online
O004749,2025-08-25,C00640,P011,2,487.27,344.29,0.0,974.54,688.58,285.96,Online
O004750,2025-04-04,C00327,P001,1,12212.51,9280.33,1221.25,10991.26,9280.33,1710.93,Online
O004751,2025-08-10,C00751,P009,1,1843.37,1277.0,0.0,1843.37,1277.0,566.37,Online
O004752,2025-07-23,C00282,P003,1,1674.13,1006.35,167.41,1506.72,1006.35,500.37,Online
O004753,2025-05-18,C00270,P015,1,1375.39,1038.91,68.77,1306.62,1038.91,267.71,Store
O004754,2025-10-27,C00729,P006,1,3653.72,2501.63,182.69,3471.03,2501.63,969.4,Online
O004755,2025-07-26,C00565,P006,2,3653.72,2501.63,0.0,7307.44,5003.26,2304.18,Store
O004756,2025-12-02,C00114,P016,1,802.2,467.64,80.22,721.98,467.64,254.34,Online
O004757,2025-03-22,C01112,P007,1,692.39,399.57,34.62,657.77,399.57,258.2,Online
O004758,2025-08-06,C01011,P005,2,3123.65,2355.15,312.36,5934.94,4710.3,1224.64,Online
O004759,2025-01-02,C01096,P001,1,12212.51,9280.33,1221.25,10991.26,9280.33,1710.93,Store
O004760,2025-06-27,C00688,P015,3,1375.39,1038.91,0.0,4126.17,3116.73,1009.44,Online
O004761,2025-12-12,C00995,P003,1,1674.13,1006.35,83.71,1590.42,1006.35,584.07,Online
O004762,2025-10-06,C00205,P015,1,1375.39,1038.91,0.0,1375.39,1038.91,336.48,Store
O004763,2025-05-26,C01159,P014,1,746.01,469.1,149.2,596.81,469.1,127.71,Marketplace
O004764,2025-11-14,C00271,P001,1,12212.51,9280.33,0.0,12212.51,9280.33,2932.18,Online
O004765,2025-08-12,C00095,P004,2,825.3,619.33,0.0,1650.6,1238.66,411.94,Store
O004766,2025-03-03,C00723,P005,1,3123.65,2355.15,156.18,2967.47,2355.15,612.32,Marketplace
O004767,2025-10-21,C00922,P001,2,12212.51,9280.33,1221.25,23203.77,18560.66,4643.11,Store
O004768,2025-08-27,C00977,P011,1,487.27,344.29,24.36,462.91,344.29,118.62,Online
O004769,2025-07-14,C01097,P012,3,1008.95,650.79,302.69,2724.16,1952.37,771.79,Online
O004770,2025-06-15,C00433,P015,1,1375.39,1038.91,68.77,1306.62,1038.91,267.71,Marketplace
O004771,2025-08-10,C00956,P011,2,487.27,344.29,0.0,974.54,688.58,285.96,Store
O004772,2025-03-02,C00227,P010,3,1487.5,884.68,0.0,4462.5,2654.04,1808.46,Store
O004773,2025-05-09,C00488,P014,1,746.01,469.1,0.0,746.01,469.1,276.91,Online
O004774,2025-06-22,C01060,P008,2,952.71,663.0,0.0,1905.42,1326.0,579.42,Store
O004775,2025-06-05,C00963,P015,1,1375.39,1038.91,206.31,1169.08,1038.91,130.17,Online
O004776,2025-04-20,C00945,P016,1,802.2,467.64,80.22,721.98,467.64,254.34,Online
O004777,2025-09-26,C00627,P007,1,692.39,399.57,0.0,692.39,399.57,292.82,Online
O004778,2025-12-22,C00948,P016,1,802.2,467.64,160.44,641.76,467.64,174.12,Online
O004779,2025-10-05,C00976,P004,1,825.3,619.33,0.0,825.3,619.33,205.97,Store
O004780,2025-03-15,C00630,P008,2,952.71,663.0,190.54,1714.88,1326.0,388.88,Online
O004781,2025-07-26,C00321,P002,2,5103.35,3862.76,0.0,10206.7,7725.52,2481.18,Marketplace
O004782,2025-10-06,C00039,P010,1,1487.5,884.68,0.0,1487.5,884.68,602.82,Store
O004783,2025-11-22,C00104,P001,2,12212.51,9280.33,1221.25,23203.77,18560.66,4643.11,Online
O004784,2025-12-06,C00135,P014,2,746.01,469.1,0.0,1492.02,938.2,553.82,Online
O004785,2025-12-23,C00262,P010,2,1487.5,884.68,0.0,2975.0,1769.36,1205.64,Store
O004786,2025-12-06,C00284,P005,1,3123.65,2355.15,156.18,2967.47,2355.15,612.32,Marketplace
O004787,2025-07-23,C00453,P014,2,746.01,469.1,0.0,1492.02,938.2,553.82,Online
O004788,2025-06-10,C00174,P009,3,1843.37,1277.0,276.51,5253.6,3831.0,1422.6,Online
O004789,2025-01-28,C00206,P011,1,487.27,344.29,0.0,487.27,344.29,142.98,Marketplace
O004790,2025-09-14,C00233,P015,1,1375.39,1038.91,0.0,1375.39,1038.91,336.48,Online
O004791,2025-06-14,C00135,P009,1,1843.37,1277.0,184.34,1659.03,1277.0,382.03,Online
O004792,2025-03-04,C00027,P001,1,12212.51,9280.33,0.0,12212.51,9280.33,2932.18,Online
O004793,2025-01-22,C00457,P007,3,692.39,399.57,103.86,1973.31,1198.71,774.6,Marketplace
O004794,2025-03-11,C00559,P015,2,1375.39,1038.91,0.0,2750.78,2077.82,672.96,Online
O004795,2025-04-06,C00497,P011,1,487.27,344.29,24.36,462.91,344.29,118.62,Marketplace
O004796,2025-06-12,C00986,P016,2,802.2,467.64,0.0,1604.4,935.28,669.12,Online
O004797,2025-03-20,C00041,P006,1,3653.72,2501.63,365.37,3288.35,2501.63,786.72,Online
O004798,2025-01-05,C00617,P015,2,1375.39,1038.91,0.0,2750.78,2077.82,672.96,Online
O004799,2025-11-12,C00088,P007,1,692.39,399.57,34.62,657.77,399.57,258.2,Online
O004800,2025-04-30,C00114,P014,1,746.01,469.1,0.0,746.01,469.1,276.91,Online
O004801,2025-10-29,C00639,P010,1,1487.5,884.68,0.0,1487.5,884.68,602.82,Online
O004802,2025-06-27,C00666,P011,1,487.27,344.29,73.09,414.18,344.29,69.89,Store
O004803,2025-06-25,C00582,P006,1,3653.72,2501.63,0.0,3653.72,2501.63,1152.09,Online
O004804,2025-08-05,C00295,P002,2,5103.35,3862.76,0.0,10206.7,7725.52,2481.18,Online
O004805,2025-02-25,C00549,P008,1,952.71,663.0,0.0,952.71,663.0,289.71,Online
O004806,2025-07-06,C01177,P013,1,889.0,519.78,0.0,889.0,519.78,369.22,Store
O004807,2025-08-20,C00376,P012,1,1008.95,650.79,0.0,1008.95,650.79,358.16,Store
O004808,2025-09-12,C00685,P015,1,1375.39,1038.91,137.54,1237.85,1038.91,198.94,Store
O004809,2025-04-14,C00202,P008,1,952.71,663.0,142.91,809.8,663.0,146.8,Online
O004810,2025-03-18,C00698,P008,1,952.71,663.0,95.27,857.44,663.0,194.44,Online
O004811,2025-08-18,C00371,P008,1,952.71,663.0,0.0,952.71,663.0,289.71,Online
O004812,2025-09-15,C00601,P016,3,802.2,467.64,0.0,2406.6,1402.92,1003.68,Online
O004813,2025-09-21,C00767,P007,2,692.39,399.57,0.0,1384.78,799.14,585.64,Online
O004814,2025-11-27,C00472,P012,1,1008.95,650.79,151.34,857.61,650.79,206.82,Online
O004815,2025-07-01,C00258,P008,2,952.71,663.0,0.0,1905.42,1326.0,579.42,Store
O004816,2025-09-13,C00999,P003,1,1674.13,1006.35,0.0,1674.13,1006.35,667.78,Online
O004817,2025-02-07,C01022,P002,2,5103.35,3862.76,1531.0,8675.7,7725.52,950.18,Online
O004818,2025-06-25,C00108,P009,1,1843.37,1277.0,184.34,1659.03,1277.0,382.03,Store
O004819,2025-01-27,C00613,P011,1,487.27,344.29,0.0,487.27,344.29,142.98,Online
O004820,2025-10-03,C00321,P012,2,1008.95,650.79,201.79,1816.11,1301.58,514.53,Online
O004821,2025-05-20,C00477,P002,3,5103.35,3862.76,1531.0,13779.05,11588.28,2190.77,Online
O004822,2025-10-26,C00187,P008,2,952.71,663.0,95.27,1810.15,1326.0,484.15,Store
O004823,2025-10-14,C00044,P012,2,1008.95,650.79,0.0,2017.9,1301.58,716.32,Store
O004824,2025-04-01,C00521,P003,1,1674.13,1006.35,167.41,1506.72,1006.35,500.37,Online
O004825,2025-03-02,C01019,P011,1,487.27,344.29,73.09,414.18,344.29,69.89,Store
O004826,2025-12-31,C00804,P014,2,746.01,469.1,0.0,1492.02,938.2,553.82,Online
O004827,2025-12-13,C00270,P009,1,1843.37,1277.0,0.0,1843.37,1277.0,566.37,Store
O004828,2025-06-12,C00247,P014,1,746.01,469.1,74.6,671.41,469.1,202.31,Store
O004829,2025-12-17,C01099,P012,2,1008.95,650.79,100.9,1917.0,1301.58,615.42,Online
O004830,2025-05-23,C00270,P001,2,12212.51,9280.33,0.0,24425.02,18560.66,5864.36,Online
O004831,2025-09-10,C00150,P011,1,487.27,344.29,0.0,487.27,344.29,142.98,Online
O004832,2025-09-26,C01152,P013,1,889.0,519.78,0.0,889.0,519.78,369.22,Store
O004833,2025-10-18,C00913,P015,2,1375.39,1038.91,0.0,2750.78,2077.82,672.96,Store
O004834,2025-07-06,C00866,P001,3,12212.51,9280.33,0.0,36637.53,27840.99,8796.54,Store
O004835,2025-10-31,C00078,P004,1,825.3,619.33,123.79,701.51,619.33,82.18,Store
O004836,2025-10-18,C00856,P004,2,825.3,619.33,82.53,1568.07,1238.66,329.41,Online
O004837,2025-03-27,C00995,P004,1,825.3,619.33,0.0,825.3,619.33,205.97,Online
O004838,2025-06-15,C00801,P004,1,825.3,619.33,0.0,825.3,619.33,205.97,Online
O004839,2025-04-24,C00835,P016,2,802.2,467.64,80.22,1524.18,935.28,588.9,Online
O004840,2025-12-22,C00724,P014,3,746.01,469.1,0.0,2238.03,1407.3,830.73,Online
O004841,2025-07-02,C00073,P013,1,889.0,519.78,0.0,889.0,519.78,369.22,Online
O004842,2025-07-26,C00329,P013,1,889.0,519.78,0.0,889.0,519.78,369.22,Online
O004843,2025-09-13,C00320,P016,1,802.2,467.64,0.0,802.2,467.64,334.56,Online
O004844,2025-08-23,C01135,P004,1,825.3,619.33,123.79,701.51,619.33,82.18,Online
O004845,2025-12-21,C00317,P007,1,692.39,399.57,0.0,692.39,399.57,292.82,Online
O004846,2025-01-03,C00955,P008,2,952.71,663.0,95.27,1810.15,1326.0,484.15,Online
O004847,2025-07-27,C01093,P008,1,952.71,663.0,0.0,952.71,663.0,289.71,Online
O004848,2025-07-16,C01066,P012,1,1008.95,650.79,0.0,1008.95,650.79,358.16,Marketplace
O004849,2025-12-07,C01124,P007,1,692.39,399.57,69.24,623.15,399.57,223.58,Online
O004850,2025-05-05,C00985,P009,1,1843.37,1277.0,276.51,1566.86,1277.0,289.86,Online
O004851,2025-05-18,C01055,P014,1,746.01,469.1,0.0,746.01,469.1,276.91,Online
O004852,2025-12-05,C01007,P004,1,825.3,619.33,0.0,825.3,619.33,205.97,Online
O004853,2025-01-25,C00720,P012,2,1008.95,650.79,0.0,2017.9,1301.58,716.32,Online
O004854,2025-03-09,C00184,P002,3,5103.35,3862.76,765.5,14544.55,11588.28,2956.27,Online
O004855,2025-03-02,C00301,P001,2,12212.51,9280.33,0.0,24425.02,18560.66,5864.36,Online
O004856,2025-01-29,C00709,P014,1,746.01,469.1,74.6,671.41,469.1,202.31,Online
O004857,2025-01-19,C00962,P016,1,802.2,467.64,0.0,802.2,467.64,334.56,Store
O004858,2025-06-20,C00204,P013,1,889.0,519.78,44.45,844.55,519.78,324.77,Online
O004859,2025-03-15,C00330,P014,1,746.01,469.1,0.0,746.01,469.1,276.91,Online
O004860,2025-03-02,C00315,P001,2,12212.51,9280.33,0.0,24425.02,18560.66,5864.36,Store
O004861,2025-06-02,C00284,P012,3,1008.95,650.79,0.0,3026.85,1952.37,1074.48,Online
O004862,2025-10-03,C00119,P011,1,487.27,344.29,97.45,389.82,344.29,45.53,Online
O004863,2025-02-17,C00075,P007,1,692.39,399.57,0.0,692.39,399.57,292.82,Online
O004864,2025-07-30,C00486,P016,1,802.2,467.64,0.0,802.2,467.64,334.56,Online
O004865,2025-12-09,C00028,P007,2,692.39,399.57,138.48,1246.3,799.14,447.16,Online
O004866,2025-05-19,C00451,P002,1,5103.35,3862.76,255.17,4848.18,3862.76,985.42,Online
O004867,2025-04-20,C00641,P006,1,3653.72,2501.63,182.69,3471.03,2501.63,969.4,Online
O004868,2025-07-02,C00037,P016,2,802.2,467.64,80.22,1524.18,935.28,588.9,Online
O004869,2025-01-28,C01164,P014,1,746.01,469.1,0.0,746.01,469.1,276.91,Store
O004870,2025-07-16,C00313,P016,2,802.2,467.64,0.0,1604.4,935.28,669.12,Online
O004871,2025-07-10,C00774,P006,1,3653.72,2501.63,0.0,3653.72,2501.63,1152.09,Store
O004872,2025-11-11,C00828,P002,1,5103.35,3862.76,0.0,5103.35,3862.76,1240.59,Online
O004873,2025-02-20,C00460,P010,1,1487.5,884.68,0.0,1487.5,884.68,602.82,Online
O004874,2025-05-29,C00210,P006,1,3653.72,2501.63,182.69,3471.03,2501.63,969.4,Online
O004875,2025-09-25,C00090,P009,1,1843.37,1277.0,0.0,1843.37,1277.0,566.37,Online
O004876,2025-02-19,C01039,P001,1,12212.51,9280.33,0.0,12212.51,9280.33,2932.18,Online
O004877,2025-09-03,C01111,P004,2,825.3,619.33,0.0,1650.6,1238.66,411.94,Online
O004878,2025-04-23,C01080,P010,2,1487.5,884.68,0.0,2975.0,1769.36,1205.64,Online
O004879,2025-06-19,C01196,P013,2,889.0,519.78,0.0,1778.0,1039.56,738.44,Online
O004880,2025-06-15,C00971,P013,1,889.0,519.78,88.9,800.1,519.78,280.32,Store
O004881,2025-01-14,C00578,P010,1,1487.5,884.68,0.0,1487.5,884.68,602.82,Online
O004882,2025-07-22,C00532,P005,1,3123.65,2355.15,0.0,3123.65,2355.15,768.5,Online
O004883,2025-10-15,C00145,P008,2,952.71,663.0,0.0,1905.42,1326.0,579.42,Online
O004884,2025-07-08,C00752,P002,1,5103.35,3862.76,0.0,5103.35,3862.76,1240.59,Store
O004885,2025-06-04,C00226,P002,2,5103.35,3862.76,0.0,10206.7,7725.52,2481.18,Online
O004886,2025-02-24,C00250,P009,2,1843.37,1277.0,184.34,3502.4,2554.0,948.4,Online
O004887,2025-07-01,C01176,P014,1,746.01,469.1,0.0,746.01,469.1,276.91,Online
O004888,2025-07-29,C00190,P004,2,825.3,619.33,165.06,1485.54,1238.66,246.88,Store
O004889,2025-03-16,C00257,P011,2,487.27,344.29,0.0,974.54,688.58,285.96,Store
O004890,2025-10-04,C00293,P010,2,1487.5,884.68,0.0,2975.0,1769.36,1205.64,Online
O004891,2025-05-13,C00433,P010,1,1487.5,884.68,0.0,1487.5,884.68,602.82,Online
O004892,2025-12-09,C00576,P003,1,1674.13,1006.35,0.0,1674.13,1006.35,667.78,Online
O004893,2025-02-28,C01152,P004,1,825.3,619.33,123.79,701.51,619.33,82.18,Online
O004894,2025-12-11,C00176,P008,1,952.71,663.0,47.64,905.07,663.0,242.07,Online
O004895,2025-07-01,C00005,P010,1,1487.5,884.68,0.0,1487.5,884.68,602.82,Online
O004896,2025-12-05,C00003,P009,2,1843.37,1277.0,368.67,3318.07,2554.0,764.07,Marketplace
O004897,2025-11-17,C00929,P004,1,825.3,619.33,82.53,742.77,619.33,123.44,Online
O004898,2025-03-05,C00436,P003,1,1674.13,1006.35,0.0,1674.13,1006.35,667.78,Store
O004899,2025-11-23,C00725,P013,1,889.0,519.78,0.0,889.0,519.78,369.22,Marketplace
O004900,2025-09-17,C00313,P015,1,1375.39,1038.91,275.08,1100.31,1038.91,61.4,Online
O004901,2025-07-12,C00112,P015,2,1375.39,1038.91,0.0,2750.78,2077.82,672.96,Online
O004902,2025-05-23,C00922,P009,1,1843.37,1277.0,92.17,1751.2,1277.0,474.2,Online
O004903,2025-04-14,C01076,P015,1,1375.39,1038.91,206.31,1169.08,1038.91,130.17,Online
O004904,2025-08-02,C00219,P008,1,952.71,663.0,142.91,809.8,663.0,146.8,Online
O004905,2025-08-30,C00183,P006,2,3653.72,2501.63,0.0,7307.44,5003.26,2304.18,Online
O004906,2025-07-28,C00009,P013,1,889.0,519.78,0.0,889.0,519.78,369.22,Store
O004907,2025-04-03,C00924,P012,1,1008.95,650.79,0.0,1008.95,650.79,358.16,Online
O004908,2025-05-22,C00094,P012,1,1008.95,650.79,151.34,857.61,650.79,206.82,Online
O004909,2025-04-22,C00075,P003,1,1674.13,1006.35,0.0,1674.13,1006.35,667.78,Online
O004910,2025-02-28,C00681,P010,1,1487.5,884.68,0.0,1487.5,884.68,602.82,Online
O004911,2025-02-12,C00812,P002,1,5103.35,3862.76,0.0,5103.35,3862.76,1240.59,Online
O004912,2025-07-26,C00903,P010,3,1487.5,884.68,0.0,4462.5,2654.04,1808.46,Online
O004913,2025-09-25,C01150,P013,2,889.0,519.78,88.9,1689.1,1039.56,649.54,Store
O004914,2025-10-23,C00557,P009,1,1843.37,1277.0,0.0,1843.37,1277.0,566.37,Store
O004915,2025-04-28,C00505,P013,2,889.0,519.78,0.0,1778.0,1039.56,738.44,Online
O004916,2025-01-20,C00934,P015,1,1375.39,1038.91,0.0,1375.39,1038.91,336.48,Online
O004917,2025-08-10,C00455,P016,1,802.2,467.64,120.33,681.87,467.64,214.23,Online
O004918,2025-06-15,C00414,P002,1,5103.35,3862.76,0.0,5103.35,3862.76,1240.59,Marketplace
O004919,2025-05-11,C00152,P015,1,1375.39,1038.91,68.77,1306.62,1038.91,267.71,Online
O004920,2025-06-05,C00107,P002,1,5103.35,3862.76,0.0,5103.35,3862.76,1240.59,Marketplace
O004921,2025-07-03,C00549,P010,1,1487.5,884.68,223.12,1264.38,884.68,379.7,Store
O004922,2025-03-31,C00685,P014,1,746.01,469.1,0.0,746.01,469.1,276.91,Online
O004923,2025-04-04,C01063,P010,1,1487.5,884.68,74.38,1413.12,884.68,528.44,Marketplace
O004924,2025-01-13,C00702,P012,3,1008.95,650.79,0.0,3026.85,1952.37,1074.48,Marketplace
O004925,2025-11-18,C00984,P001,2,12212.51,9280.33,1221.25,23203.77,18560.66,4643.11,Online
O004926,2025-10-20,C00003,P002,1,5103.35,3862.76,255.17,4848.18,3862.76,985.42,Online
O004927,2025-08-18,C00369,P013,1,889.0,519.78,177.8,711.2,519.78,191.42,Online
O004928,2025-11-18,C00791,P004,3,825.3,619.33,123.79,2352.11,1857.99,494.12,Online
O004929,2025-10-19,C00935,P008,1,952.71,663.0,0.0,952.71,663.0,289.71,Marketplace
O004930,2025-01-26,C00622,P014,2,746.01,469.1,0.0,1492.02,938.2,553.82,Online
O004931,2025-03-16,C00312,P007,2,692.39,399.57,138.48,1246.3,799.14,447.16,Store
O004932,2025-12-30,C01078,P013,2,889.0,519.78,266.7,1511.3,1039.56,471.74,Online
O004933,2025-10-26,C00315,P016,1,802.2,467.64,0.0,802.2,467.64,334.56,Online
O004934,2025-05-30,C00190,P009,2,1843.37,1277.0,737.35,2949.39,2554.0,395.39,Marketplace
O004935,2025-05-28,C00561,P007,2,692.39,399.57,138.48,1246.3,799.14,447.16,Online
O004936,2025-01-08,C00800,P015,3,1375.39,1038.91,0.0,4126.17,3116.73,1009.44,Online
O004937,2025-01-29,C01146,P004,1,825.3,619.33,0.0,825.3,619.33,205.97,Online
O004938,2025-10-23,C00257,P004,2,825.3,619.33,0.0,1650.6,1238.66,411.94,Online
O004939,2025-07-28,C00051,P013,2,889.0,519.78,88.9,1689.1,1039.56,649.54,Online
O004940,2025-05-08,C00760,P009,1,1843.37,1277.0,0.0,1843.37,1277.0,566.37,Store
O004941,2025-12-06,C01096,P015,1,1375.39,1038.91,206.31,1169.08,1038.91,130.17,Store
O004942,2025-04-26,C00672,P012,1,1008.95,650.79,100.9,908.05,650.79,257.26,Online
O004943,2025-05-24,C00487,P009,1,1843.37,1277.0,0.0,1843.37,1277.0,566.37,Store
O004944,2025-11-14,C00203,P013,1,889.0,519.78,44.45,844.55,519.78,324.77,Marketplace
O004945,2025-08-23,C00742,P011,1,487.27,344.29,48.73,438.54,344.29,94.25,Online
O004946,2025-01-07,C00675,P001,1,12212.51,9280.33,0.0,12212.51,9280.33,2932.18,Marketplace
O004947,2025-02-14,C00015,P002,1,5103.35,3862.76,510.34,4593.01,3862.76,730.25,Store
O004948,2025-08-27,C00228,P002,1,5103.35,3862.76,0.0,5103.35,3862.76,1240.59,Online
O004949,2025-06-04,C00145,P015,1,1375.39,1038.91,0.0,1375.39,1038.91,336.48,Online
O004950,2025-06-30,C01054,P003,1,1674.13,1006.35,0.0,1674.13,1006.35,667.78,Online
O004951,2025-08-03,C00097,P005,1,3123.65,2355.15,0.0,3123.65,2355.15,768.5,Store
O004952,2025-03-29,C00769,P002,2,5103.35,3862.76,510.34,9696.36,7725.52,1970.84,Store
O004953,2025-09-13,C01149,P013,1,889.0,519.78,0.0,889.0,519.78,369.22,Marketplace
O004954,2025-03-14,C00151,P002,1,5103.35,3862.76,0.0,5103.35,3862.76,1240.59,Online
O004955,2025-06-28,C00955,P008,1,952.71,663.0,0.0,952.71,663.0,289.71,Marketplace
O004956,2025-07-31,C00744,P011,2,487.27,344.29,0.0,974.54,688.58,285.96,Online
O004957,2025-10-20,C00148,P005,2,3123.65,2355.15,0.0,6247.3,4710.3,1537.0,Online
O004958,2025-08-22,C00168,P013,2,889.0,519.78,0.0,1778.0,1039.56,738.44,Online
O004959,2025-08-27,C00458,P001,1,12212.51,9280.33,0.0,12212.51,9280.33,2932.18,Store
O004960,2025-08-11,C00894,P008,1,952.71,663.0,0.0,952.71,663.0,289.71,Marketplace
O004961,2025-04-29,C00136,P014,2,746.01,469.1,0.0,1492.02,938.2,553.82,Online
O004962,2025-11-09,C00500,P005,1,3123.65,2355.15,156.18,2967.47,2355.15,612.32,Online
O004963,2025-09-21,C01171,P008,1,952.71,663.0,190.54,762.17,663.0,99.17,Online
O004964,2025-07-26,C01093,P005,2,3123.65,2355.15,312.36,5934.94,4710.3,1224.64,Online
O004965,2025-04-05,C00931,P004,1,825.3,619.33,82.53,742.77,619.33,123.44,Online
O004966,2025-08-10,C01195,P009,1,1843.37,1277.0,92.17,1751.2,1277.0,474.2,Online
O004967,2025-10-03,C00339,P006,1,3653.72,2501.63,548.06,3105.66,2501.63,604.03,Online
O004968,2025-08-19,C00527,P009,1,1843.37,1277.0,0.0,1843.37,1277.0,566.37,Store
O004969,2025-11-05,C00509,P014,2,746.01,469.1,74.6,1417.42,938.2,479.22,Online
O004970,2025-04-29,C00232,P004,1,825.3,619.33,82.53,742.77,619.33,123.44,Online
O004971,2025-09-25,C00095,P014,1,746.01,469.1,37.3,708.71,469.1,239.61,Online
O004972,2025-09-30,C00657,P016,1,802.2,467.64,80.22,721.98,467.64,254.34,Online
O004973,2025-03-05,C00713,P002,2,5103.35,3862.76,1531.0,8675.7,7725.52,950.18,Store
O004974,2025-10-25,C00342,P016,1,802.2,467.64,120.33,681.87,467.64,214.23,Online
O004975,2025-12-16,C00730,P004,2,825.3,619.33,0.0,1650.6,1238.66,411.94,Store
O004976,2025-01-11,C00800,P008,1,952.71,663.0,0.0,952.71,663.0,289.71,Online
O004977,2025-04-08,C00813,P013,2,889.0,519.78,0.0,1778.0,1039.56,738.44,Online
O004978,2025-03-12,C01042,P010,1,1487.5,884.68,148.75,1338.75,884.68,454.07,Online
O004979,2025-12-30,C00655,P012,1,1008.95,650.79,50.45,958.5,650.79,307.71,Marketplace
O004980,2025-02-27,C00960,P008,2,952.71,663.0,381.08,1524.34,1326.0,198.34,Store
O004981,2025-10-17,C00401,P012,3,1008.95,650.79,302.69,2724.16,1952.37,771.79,Online
O004982,2025-09-08,C00710,P003,1,1674.13,1006.35,83.71,1590.42,1006.35,584.07,Online
O004983,2025-10-03,C00925,P009,2,1843.37,1277.0,0.0,3686.74,2554.0,1132.74,Online
O004984,2025-02-19,C00444,P013,3,889.0,519.78,0.0,2667.0,1559.34,1107.66,Online
O004985,2025-12-24,C01081,P014,1,746.01,469.1,0.0,746.01,469.1,276.91,Marketplace
O004986,2025-08-04,C00949,P014,1,746.01,469.1,0.0,746.01,469.1,276.91,Marketplace
O004987,2025-02-21,C00598,P006,1,3653.72,2501.63,0.0,3653.72,2501.63,1152.09,Online
O004988,2025-09-28,C00088,P012,1,1008.95,650.79,0.0,1008.95,650.79,358.16,Store
O004989,2025-03-25,C01041,P005,1,3123.65,2355.15,0.0,3123.65,2355.15,768.5,Online
O004990,2025-10-20,C01145,P005,1,3123.65,2355.15,0.0,3123.65,2355.15,768.5,Marketplace
O004991,2025-05-06,C00351,P004,1,825.3,619.33,0.0,825.3,619.33,205.97,Store
O004992,2025-10-23,C01075,P007,1,692.39,399.57,34.62,657.77,399.57,258.2,Online
O004993,2025-03-13,C00875,P012,2,1008.95,650.79,0.0,2017.9,1301.58,716.32,Online
O004994,2025-10-23,C00377,P001,1,12212.51,9280.33,0.0,12212.51,9280.33,2932.18,Online
O004995,2025-08-24,C00047,P010,1,1487.5,884.68,0.0,1487.5,884.68,602.82,Store
O004996,2025-02-25,C00143,P014,2,746.01,469.1,0.0,1492.02,938.2,553.82,Online
O004997,2025-12-26,C00881,P007,1,692.39,399.57,0.0,692.39,399.57,292.82,Online
O004998,2025-04-20,C00671,P012,1,1008.95,650.79,50.45,958.5,650.79,307.71,Online
O004999,2025-07-11,C00745,P003,1,1674.13,1006.35,0.0,1674.13,1006.35,667.78,Online
O005000,2025-04-03,C01102,P009,2,1843.37,1277.0,0.0,3686.74,2554.0,1132.74,Store
O005001,2025-12-16,C00426,P002,1,5103.35,3862.76,0.0,5103.35,3862.76,1240.59,Marketplace
O005002,2025-02-25,C00276,P005,1,3123.65,2355.15,0.0,3123.65,2355.15,768.5,Store
O005003,2025-03-01,C01084,P008,1,952.71,663.0,142.91,809.8,663.0,146.8,Store
O005004,2025-05-18,C00292,P009,1,1843.37,1277.0,0.0,1843.37,1277.0,566.37,Store
O005005,2025-02-08,C01177,P004,4,825.3,619.33,330.12,2971.08,2477.32,493.76,Online
O005006,2025-01-28,C01148,P001,2,12212.51,9280.33,0.0,24425.02,18560.66,5864.36,Online
O005007,2025-02-18,C00812,P008,1,952.71,663.0,95.27,857.44,663.0,194.44,Store
O005008,2025-05-05,C00790,P016,2,802.2,467.64,0.0,1604.4,935.28,669.12,Online
O005009,2025-01-13,C00003,P009,1,1843.37,1277.0,276.51,1566.86,1277.0,289.86,Online
O005010,2025-02-05,C00039,P013,1,889.0,519.78,0.0,889.0,519.78,369.22,Online
O005011,2025-04-11,C00009,P001,2,12212.51,9280.33,0.0,24425.02,18560.66,5864.36,Store
O005012,2025-10-09,C00679,P001,1,12212.51,9280.33,610.63,11601.88,9280.33,2321.55,Online
O005013,2025-03-27,C00834,P010,1,1487.5,884.68,223.12,1264.38,884.68,379.7,Store
O005014,2025-01-04,C00349,P001,1,12212.51,9280.33,0.0,12212.51,9280.33,2932.18,Online
O005015,2025-08-11,C00013,P011,2,487.27,344.29,48.73,925.81,688.58,237.23,Marketplace
O005016,2025-12-04,C00836,P014,1,746.01,469.1,37.3,708.71,469.1,239.61,Online
O005017,2025-06-15,C00676,P006,2,3653.72,2501.63,0.0,7307.44,5003.26,2304.18,Store
O005018,2025-12-10,C00334,P005,1,3123.65,2355.15,624.73,2498.92,2355.15,143.77,Marketplace
O005019,2025-10-05,C00665,P007,4,692.39,399.57,138.48,2631.08,1598.28,1032.8,Online
O005020,2025-05-10,C00482,P012,3,1008.95,650.79,151.34,2875.51,1952.37,923.14,Marketplace
O005021,2025-01-31,C00627,P016,4,802.2,467.64,0.0,3208.8,1870.56,1338.24,Online
O005022,2025-01-11,C00407,P012,1,1008.95,650.79,0.0,1008.95,650.79,358.16,Online
O005023,2025-10-29,C00676,P006,2,3653.72,2501.63,0.0,7307.44,5003.26,2304.18,Store
O005024,2025-04-06,C00372,P015,1,1375.39,1038.91,0.0,1375.39,1038.91,336.48,Online
O005025,2025-07-09,C00824,P002,1,5103.35,3862.76,1020.67,4082.68,3862.76,219.92,Online
O005026,2025-07-11,C00039,P008,1,952.71,663.0,142.91,809.8,663.0,146.8,Online
O005027,2025-09-23,C01093,P001,2,12212.51,9280.33,1221.25,23203.77,18560.66,4643.11,Online
O005028,2025-05-08,C01114,P014,1,746.01,469.1,74.6,671.41,469.1,202.31,Store
O005029,2025-08-26,C00269,P006,1,3653.72,2501.63,365.37,3288.35,2501.63,786.72,Online
O005030,2025-12-21,C00673,P010,1,1487.5,884.68,0.0,1487.5,884.68,602.82,Store
O005031,2025-04-22,C00093,P011,2,487.27,344.29,0.0,974.54,688.58,285.96,Online
O005032,2025-11-12,C00658,P015,1,1375.39,1038.91,68.77,1306.62,1038.91,267.71,Store
O005033,2025-12-09,C00220,P007,2,692.39,399.57,276.96,1107.82,799.14,308.68,Store
O005034,2025-05-25,C00458,P001,2,12212.51,9280.33,2442.5,21982.52,18560.66,3421.86,Online
O005035,2025-03-06,C00293,P015,2,1375.39,1038.91,0.0,2750.78,2077.82,672.96,Store
O005036,2025-09-04,C00214,P003,4,1674.13,1006.35,0.0,6696.52,4025.4,2671.12,Online
O005037,2025-08-11,C00731,P015,3,1375.39,1038.91,0.0,4126.17,3116.73,1009.44,Store
O005038,2025-11-09,C00714,P006,1,3653.72,2501.63,365.37,3288.35,2501.63,786.72,Online
O005039,2025-04-16,C01069,P013,1,889.0,519.78,133.35,755.65,519.78,235.87,Online
O005040,2025-06-30,C00940,P014,2,746.01,469.1,0.0,1492.02,938.2,553.82,Store
O005041,2025-07-03,C01184,P008,1,952.71,663.0,190.54,762.17,663.0,99.17,Online
O005042,2025-08-14,C00800,P004,2,825.3,619.33,82.53,1568.07,1238.66,329.41,Store
O005043,2025-09-22,C01172,P016,1,802.2,467.64,80.22,721.98,467.64,254.34,Online
O005044,2025-10-05,C00956,P004,1,825.3,619.33,123.79,701.51,619.33,82.18,Store
O005045,2025-03-30,C00100,P008,1,952.71,663.0,47.64,905.07,663.0,242.07,Store
O005046,2025-06-25,C01064,P012,2,1008.95,650.79,0.0,2017.9,1301.58,716.32,Online
O005047,2025-01-18,C01149,P013,1,889.0,519.78,0.0,889.0,519.78,369.22,Store
O005048,2025-04-16,C00529,P008,3,952.71,663.0,0.0,2858.13,1989.0,869.13,Store
O005049,2025-09-28,C00105,P001,1,12212.51,9280.33,0.0,12212.51,9280.33,2932.18,Online
O005050,2025-11-15,C00583,P010,2,1487.5,884.68,0.0,2975.0,1769.36,1205.64,Store
O005051,2025-06-16,C00518,P010,1,1487.5,884.68,148.75,1338.75,884.68,454.07,Online
O005052,2025-01-13,C00826,P006,2,3653.72,2501.63,0.0,7307.44,5003.26,2304.18,Online
O005053,2025-12-03,C00704,P010,1,1487.5,884.68,0.0,1487.5,884.68,602.82,Online
O005054,2025-02-01,C00727,P004,2,825.3,619.33,0.0,1650.6,1238.66,411.94,Store
O005055,2025-02-09,C00531,P008,1,952.71,663.0,47.64,905.07,663.0,242.07,Online
O005056,2025-05-28,C01057,P011,3,487.27,344.29,73.09,1388.72,1032.87,355.85,Store
O005057,2025-08-06,C00111,P015,2,1375.39,1038.91,137.54,2613.24,2077.82,535.42,Online
O005058,2025-08-07,C00879,P012,1,1008.95,650.79,0.0,1008.95,650.79,358.16,Online
O005059,2025-03-23,C00457,P016,1,802.2,467.64,40.11,762.09,467.64,294.45,Store
O005060,2025-11-29,C00148,P013,1,889.0,519.78,0.0,889.0,519.78,369.22,Store
O005061,2025-07-27,C00628,P002,1,5103.35,3862.76,765.5,4337.85,3862.76,475.09,Online
O005062,2025-07-20,C00907,P004,2,825.3,619.33,165.06,1485.54,1238.66,246.88,Online
O005063,2025-11-28,C00795,P004,2,825.3,619.33,82.53,1568.07,1238.66,329.41,Store
O005064,2025-02-07,C00648,P001,1,12212.51,9280.33,0.0,12212.51,9280.33,2932.18,Online
O005065,2025-07-30,C00447,P013,1,889.0,519.78,0.0,889.0,519.78,369.22,Online
O005066,2025-11-23,C01027,P011,1,487.27,344.29,0.0,487.27,344.29,142.98,Online
O005067,2025-09-06,C01192,P011,1,487.27,344.29,24.36,462.91,344.29,118.62,Store
O005068,2025-08-15,C00089,P006,1,3653.72,2501.63,365.37,3288.35,2501.63,786.72,Marketplace
O005069,2025-02-17,C00805,P011,1,487.27,344.29,0.0,487.27,344.29,142.98,Online
O005070,2025-01-18,C00678,P004,1,825.3,619.33,0.0,825.3,619.33,205.97,Online
O005071,2025-10-22,C00110,P007,1,692.39,399.57,0.0,692.39,399.57,292.82,Online
O005072,2025-07-15,C00998,P003,1,1674.13,1006.35,167.41,1506.72,1006.35,500.37,Online
O005073,2025-07-06,C00069,P008,2,952.71,663.0,0.0,1905.42,1326.0,579.42,Online
O005074,2025-12-11,C00925,P002,3,5103.35,3862.76,0.0,15310.05,11588.28,3721.77,Online
O005075,2025-08-12,C00233,P016,1,802.2,467.64,0.0,802.2,467.64,334.56,Marketplace
O005076,2025-11-14,C00544,P012,1,1008.95,650.79,100.9,908.05,650.79,257.26,Store
O005077,2025-12-31,C00228,P006,1,3653.72,2501.63,182.69,3471.03,2501.63,969.4,Marketplace
O005078,2025-12-03,C00191,P005,1,3123.65,2355.15,156.18,2967.47,2355.15,612.32,Store
O005079,2025-08-17,C00858,P011,1,487.27,344.29,24.36,462.91,344.29,118.62,Online
O005080,2025-03-18,C00316,P006,2,3653.72,2501.63,1096.12,6211.32,5003.26,1208.06,Online
O005081,2025-07-07,C00486,P001,1,12212.51,9280.33,0.0,12212.51,9280.33,2932.18,Online
O005082,2025-12-12,C00723,P008,1,952.71,663.0,142.91,809.8,663.0,146.8,Online
O005083,2025-09-27,C00664,P011,1,487.27,344.29,0.0,487.27,344.29,142.98,Marketplace
O005084,2025-04-05,C00435,P011,1,487.27,344.29,0.0,487.27,344.29,142.98,Online
O005085,2025-11-06,C01104,P010,3,1487.5,884.68,0.0,4462.5,2654.04,1808.46,Online
O005086,2025-05-12,C01000,P014,2,746.01,469.1,0.0,1492.02,938.2,553.82,Store
O005087,2025-02-08,C00127,P009,1,1843.37,1277.0,0.0,1843.37,1277.0,566.37,Online
O005088,2025-03-13,C00365,P008,1,952.71,663.0,0.0,952.71,663.0,289.71,Store
O005089,2025-10-08,C00292,P014,2,746.01,469.1,74.6,1417.42,938.2,479.22,Online
O005090,2025-11-29,C00377,P005,1,3123.65,2355.15,0.0,3123.65,2355.15,768.5,Marketplace
O005091,2025-06-09,C00048,P013,1,889.0,519.78,88.9,800.1,519.78,280.32,Online
O005092,2025-07-06,C00947,P001,3,12212.51,9280.33,0.0,36637.53,27840.99,8796.54,Online
O005093,2025-07-10,C00221,P006,1,3653.72,2501.63,0.0,3653.72,2501.63,1152.09,Store
O005094,2025-04-30,C00518,P010,1,1487.5,884.68,0.0,1487.5,884.68,602.82,Online
O005095,2025-08-08,C00336,P004,1,825.3,619.33,41.26,784.04,619.33,164.71,Online
O005096,2025-02-22,C00397,P008,2,952.71,663.0,190.54,1714.88,1326.0,388.88,Online
O005097,2025-08-10,C00149,P006,1,3653.72,2501.63,0.0,3653.72,2501.63,1152.09,Online
O005098,2025-05-11,C00301,P004,1,825.3,619.33,0.0,825.3,619.33,205.97,Online
O005099,2025-08-25,C00175,P006,1,3653.72,2501.63,0.0,3653.72,2501.63,1152.09,Store
O005100,2025-09-03,C01146,P005,2,3123.65,2355.15,0.0,6247.3,4710.3,1537.0,Store
O005101,2025-08-14,C00911,P009,1,1843.37,1277.0,184.34,1659.03,1277.0,382.03,Online
O005102,2025-07-27,C01147,P011,1,487.27,344.29,0.0,487.27,344.29,142.98,Store
O005103,2025-04-06,C00342,P005,1,3123.65,2355.15,0.0,3123.65,2355.15,768.5,Online
O005104,2025-07-19,C01062,P001,3,12212.51,9280.33,7327.51,29310.02,27840.99,1469.03,Online
O005105,2025-09-04,C01182,P002,2,5103.35,3862.76,0.0,10206.7,7725.52,2481.18,Store
O005106,2025-03-13,C00749,P011,1,487.27,344.29,48.73,438.54,344.29,94.25,Online
O005107,2025-11-14,C00027,P014,2,746.01,469.1,149.2,1342.82,938.2,404.62,Online
O005108,2025-07-04,C00544,P015,1,1375.39,1038.91,68.77,1306.62,1038.91,267.71,Marketplace
O005109,2025-01-06,C00702,P006,1,3653.72,2501.63,0.0,3653.72,2501.63,1152.09,Online
O005110,2025-07-25,C00514,P016,1,802.2,467.64,120.33,681.87,467.64,214.23,Online
O005111,2025-02-01,C00905,P001,2,12212.51,9280.33,1221.25,23203.77,18560.66,4643.11,Online
O005112,2025-04-09,C00652,P016,1,802.2,467.64,80.22,721.98,467.64,254.34,Online
O005113,2025-09-13,C00889,P003,1,1674.13,1006.35,83.71,1590.42,1006.35,584.07,Online
O005114,2025-07-06,C00930,P005,1,3123.65,2355.15,0.0,3123.65,2355.15,768.5,Online
O005115,2025-03-17,C00280,P005,2,3123.65,2355.15,312.36,5934.94,4710.3,1224.64,Online
O005116,2025-06-26,C00774,P009,1,1843.37,1277.0,0.0,1843.37,1277.0,566.37,Online
O005117,2025-11-11,C01010,P003,1,1674.13,1006.35,251.12,1423.01,1006.35,416.66,Online
O005118,2025-10-14,C00793,P013,1,889.0,519.78,0.0,889.0,519.78,369.22,Online
O005119,2025-12-15,C00823,P013,1,889.0,519.78,0.0,889.0,519.78,369.22,Store
O005120,2025-09-12,C00754,P003,1,1674.13,1006.35,83.71,1590.42,1006.35,584.07,Online
O005121,2025-11-21,C00253,P006,2,3653.72,2501.63,1461.49,5845.95,5003.26,842.69,Online
O005122,2025-07-09,C00740,P008,4,952.71,663.0,190.54,3620.3,2652.0,968.3,Online
O005123,2025-11-04,C00817,P001,1,12212.51,9280.33,610.63,11601.88,9280.33,2321.55,Marketplace
O005124,2025-12-11,C01140,P009,1,1843.37,1277.0,0.0,1843.37,1277.0,566.37,Online
O005125,2025-05-07,C00243,P016,1,802.2,467.64,0.0,802.2,467.64,334.56,Store
O005126,2025-10-14,C00820,P016,2,802.2,467.64,0.0,1604.4,935.28,669.12,Online
O005127,2025-09-11,C00983,P015,1,1375.39,1038.91,68.77,1306.62,1038.91,267.71,Online
O005128,2025-08-01,C00585,P002,1,5103.35,3862.76,0.0,5103.35,3862.76,1240.59,Marketplace
O005129,2025-09-07,C01186,P012,2,1008.95,650.79,100.9,1917.0,1301.58,615.42,Online
O005130,2025-03-25,C00311,P010,1,1487.5,884.68,74.38,1413.12,884.68,528.44,Online
O005131,2025-01-13,C00138,P003,1,1674.13,1006.35,167.41,1506.72,1006.35,500.37,Marketplace
O005132,2025-02-14,C00105,P016,1,802.2,467.64,0.0,802.2,467.64,334.56,Online
O005133,2025-05-07,C00742,P001,2,12212.51,9280.33,0.0,24425.02,18560.66,5864.36,Online
O005134,2025-04-24,C00713,P010,1,1487.5,884.68,0.0,1487.5,884.68,602.82,Store
O005135,2025-10-03,C00471,P006,1,3653.72,2501.63,0.0,3653.72,2501.63,1152.09,Store
O005136,2025-07-24,C00964,P012,2,1008.95,650.79,201.79,1816.11,1301.58,514.53,Online
O005137,2025-12-03,C00944,P011,1,487.27,344.29,48.73,438.54,344.29,94.25,Online
O005138,2025-09-30,C00925,P010,1,1487.5,884.68,148.75,1338.75,884.68,454.07,Online
O005139,2025-02-27,C00786,P009,1,1843.37,1277.0,0.0,1843.37,1277.0,566.37,Online
O005140,2025-11-24,C00829,P010,1,1487.5,884.68,148.75,1338.75,884.68,454.07,Online
O005141,2025-08-07,C00598,P002,3,5103.35,3862.76,1531.0,13779.05,11588.28,2190.77,Store
O005142,2025-04-19,C00191,P007,1,692.39,399.57,103.86,588.53,399.57,188.96,Marketplace
O005143,2025-10-06,C00471,P015,2,1375.39,1038.91,275.08,2475.7,2077.82,397.88,Online
O005144,2025-06-23,C01175,P015,1,1375.39,1038.91,0.0,1375.39,1038.91,336.48,Store
O005145,2025-11-24,C00772,P001,2,12212.51,9280.33,0.0,24425.02,18560.66,5864.36,Online
O005146,2025-09-21,C00182,P015,1,1375.39,1038.91,68.77,1306.62,1038.91,267.71,Store
O005147,2025-11-11,C01067,P010,1,1487.5,884.68,0.0,1487.5,884.68,602.82,Online
O005148,2025-04-21,C00564,P009,1,1843.37,1277.0,0.0,1843.37,1277.0,566.37,Online
O005149,2025-07-06,C00692,P013,1,889.0,519.78,44.45,844.55,519.78,324.77,Store
O005150,2025-09-26,C00910,P009,1,1843.37,1277.0,0.0,1843.37,1277.0,566.37,Online
O005151,2025-08-17,C01143,P014,1,746.01,469.1,0.0,746.01,469.1,276.91,Store
O005152,2025-06-05,C00650,P005,3,3123.65,2355.15,468.55,8902.4,7065.45,1836.95,Online
O005153,2025-07-08,C00239,P003,2,1674.13,1006.35,0.0,3348.26,2012.7,1335.56,Store
O005154,2025-09-29,C00762,P003,3,1674.13,1006.35,0.0,5022.39,3019.05,2003.34,Store
O005155,2025-01-02,C01048,P011,1,487.27,344.29,48.73,438.54,344.29,94.25,Online
O005156,2025-09-03,C00732,P014,1,746.01,469.1,37.3,708.71,469.1,239.61,Online
O005157,2025-07-29,C00930,P007,1,692.39,399.57,34.62,657.77,399.57,258.2,Store
O005158,2025-10-13,C00018,P002,2,5103.35,3862.76,0.0,10206.7,7725.52,2481.18,Store
O005159,2025-12-25,C00543,P005,1,3123.65,2355.15,468.55,2655.1,2355.15,299.95,Online
O005160,2025-01-13,C00275,P001,1,12212.51,9280.33,0.0,12212.51,9280.33,2932.18,Online
O005161,2025-04-06,C00336,P016,3,802.2,467.64,0.0,2406.6,1402.92,1003.68,Online
O005162,2025-08-09,C00289,P003,2,1674.13,1006.35,334.83,3013.43,2012.7,1000.73,Online
O005163,2025-08-26,C00524,P009,1,1843.37,1277.0,0.0,1843.37,1277.0,566.37,Online
O005164,2025-04-04,C01196,P008,3,952.71,663.0,428.72,2429.41,1989.0,440.41,Online
O005165,2025-12-04,C01122,P009,2,1843.37,1277.0,737.35,2949.39,2554.0,395.39,Store
O005166,2025-09-26,C00166,P009,1,1843.37,1277.0,0.0,1843.37,1277.0,566.37,Online
O005167,2025-06-20,C01097,P002,2,5103.35,3862.76,0.0,10206.7,7725.52,2481.18,Online
O005168,2025-04-04,C00371,P014,1,746.01,469.1,111.9,634.11,469.1,165.01,Online
O005169,2025-05-29,C01032,P015,1,1375.39,1038.91,0.0,1375.39,1038.91,336.48,Online
O005170,2025-04-22,C00964,P011,1,487.27,344.29,0.0,487.27,344.29,142.98,Online
O005171,2025-02-24,C00926,P010,3,1487.5,884.68,0.0,4462.5,2654.04,1808.46,Online
O005172,2025-12-03,C00279,P007,1,692.39,399.57,69.24,623.15,399.57,223.58,Online
O005173,2025-04-26,C00673,P014,1,746.01,469.1,0.0,746.01,469.1,276.91,Store
O005174,2025-05-23,C00132,P007,1,692.39,399.57,69.24,623.15,399.57,223.58,Online
O005175,2025-07-20,C00056,P004,1,825.3,619.33,0.0,825.3,619.33,205.97,Marketplace
O005176,2025-06-29,C00587,P010,1,1487.5,884.68,0.0,1487.5,884.68,602.82,Store
O005177,2025-07-21,C00716,P014,1,746.01,469.1,74.6,671.41,469.1,202.31,Marketplace
O005178,2025-12-30,C00839,P013,1,889.0,519.78,0.0,889.0,519.78,369.22,Marketplace
O005179,2025-02-22,C00128,P015,1,1375.39,1038.91,0.0,1375.39,1038.91,336.48,Online
O005180,2025-06-29,C01062,P001,2,12212.51,9280.33,3663.75,20761.27,18560.66,2200.61,Online
O005181,2025-11-09,C00072,P005,2,3123.65,2355.15,0.0,6247.3,4710.3,1537.0,Marketplace
O005182,2025-11-04,C00495,P008,1,952.71,663.0,95.27,857.44,663.0,194.44,Marketplace
O005183,2025-05-17,C00361,P016,1,802.2,467.64,0.0,802.2,467.64,334.56,Online
O005184,2025-07-01,C00583,P010,1,1487.5,884.68,148.75,1338.75,884.68,454.07,Online
O005185,2025-01-01,C00129,P004,1,825.3,619.33,0.0,825.3,619.33,205.97,Online
O005186,2025-02-13,C00030,P016,1,802.2,467.64,0.0,802.2,467.64,334.56,Marketplace
O005187,2025-08-15,C01106,P002,2,5103.35,3862.76,0.0,10206.7,7725.52,2481.18,Online
O005188,2025-11-27,C00612,P012,1,1008.95,650.79,0.0,1008.95,650.79,358.16,Online
O005189,2025-04-08,C00772,P008,1,952.71,663.0,0.0,952.71,663.0,289.71,Store
O005190,2025-07-27,C00164,P001,1,12212.51,9280.33,1221.25,10991.26,9280.33,1710.93,Store
O005191,2025-09-22,C00361,P011,1,487.27,344.29,73.09,414.18,344.29,69.89,Marketplace
O005192,2025-10-15,C01072,P013,1,889.0,519.78,0.0,889.0,519.78,369.22,Marketplace
O005193,2025-09-28,C00559,P013,1,889.0,519.78,44.45,844.55,519.78,324.77,Online
O005194,2025-05-20,C00636,P006,1,3653.72,2501.63,365.37,3288.35,2501.63,786.72,Marketplace
O005195,2025-08-25,C01091,P010,1,1487.5,884.68,0.0,1487.5,884.68,602.82,Online
O005196,2025-03-13,C00497,P003,1,1674.13,1006.35,167.41,1506.72,1006.35,500.37,Online
O005197,2025-06-04,C01107,P015,1,1375.39,1038.91,68.77,1306.62,1038.91,267.71,Store
O005198,2025-07-09,C00430,P006,3,3653.72,2501.63,0.0,10961.16,7504.89,3456.27,Online
O005199,2025-09-25,C00782,P014,4,746.01,469.1,0.0,2984.04,1876.4,1107.64,Online
O005200,2025-11-17,C00985,P013,1,889.0,519.78,133.35,755.65,519.78,235.87,Store
O005201,2025-04-17,C00693,P006,1,3653.72,2501.63,0.0,3653.72,2501.63,1152.09,Store
O005202,2025-08-20,C00060,P008,1,952.71,663.0,0.0,952.71,663.0,289.71,Marketplace
O005203,2025-02-11,C00920,P008,2,952.71,663.0,0.0,1905.42,1326.0,579.42,Online
O005204,2025-07-09,C00015,P014,1,746.01,469.1,0.0,746.01,469.1,276.91,Store
O005205,2025-05-19,C00545,P012,2,1008.95,650.79,201.79,1816.11,1301.58,514.53,Marketplace
O005206,2025-04-13,C00755,P016,1,802.2,467.64,80.22,721.98,467.64,254.34,Online
O005207,2025-06-20,C00265,P015,1,1375.39,1038.91,68.77,1306.62,1038.91,267.71,Online
O005208,2025-12-17,C00522,P011,1,487.27,344.29,0.0,487.27,344.29,142.98,Store
O005209,2025-09-30,C00963,P007,1,692.39,399.57,0.0,692.39,399.57,292.82,Online
O005210,2025-08-09,C00260,P006,1,3653.72,2501.63,365.37,3288.35,2501.63,786.72,Store
O005211,2025-08-01,C00047,P010,2,1487.5,884.68,297.5,2677.5,1769.36,908.14,Online
O005212,2025-12-07,C00313,P011,1,487.27,344.29,0.0,487.27,344.29,142.98,Online
O005213,2025-02-25,C00457,P015,2,1375.39,1038.91,550.16,2200.62,2077.82,122.8,Online
O005214,2025-12-08,C00601,P004,1,825.3,619.33,0.0,825.3,619.33,205.97,Online
O005215,2025-04-12,C00142,P012,2,1008.95,650.79,0.0,2017.9,1301.58,716.32,Store
O005216,2025-07-11,C00585,P013,2,889.0,519.78,0.0,1778.0,1039.56,738.44,Online
O005217,2025-11-06,C00704,P013,1,889.0,519.78,0.0,889.0,519.78,369.22,Marketplace
O005218,2025-07-19,C01055,P009,2,1843.37,1277.0,0.0,3686.74,2554.0,1132.74,Store
O005219,2025-08-21,C00425,P006,2,3653.72,2501.63,365.37,6942.07,5003.26,1938.81,Online
O005220,2025-08-15,C00334,P010,1,1487.5,884.68,0.0,1487.5,884.68,602.82,Online
O005221,2025-05-19,C00897,P001,1,12212.51,9280.33,1221.25,10991.26,9280.33,1710.93,Store
O005222,2025-12-10,C00490,P009,3,1843.37,1277.0,276.51,5253.6,3831.0,1422.6,Online
O005223,2025-11-01,C00572,P006,1,3653.72,2501.63,0.0,3653.72,2501.63,1152.09,Online
O005224,2025-05-29,C01137,P011,1,487.27,344.29,0.0,487.27,344.29,142.98,Marketplace
O005225,2025-04-25,C00097,P008,2,952.71,663.0,0.0,1905.42,1326.0,579.42,Online
O005226,2025-03-04,C00241,P008,2,952.71,663.0,0.0,1905.42,1326.0,579.42,Online
O005227,2025-04-14,C00770,P005,1,3123.65,2355.15,0.0,3123.65,2355.15,768.5,Online
O005228,2025-12-05,C00110,P011,2,487.27,344.29,0.0,974.54,688.58,285.96,Marketplace
O005229,2025-12-25,C00079,P001,3,12212.51,9280.33,0.0,36637.53,27840.99,8796.54,Online
O005230,2025-06-05,C00937,P009,2,1843.37,1277.0,0.0,3686.74,2554.0,1132.74,Online
O005231,2025-09-30,C00044,P005,1,3123.65,2355.15,0.0,3123.65,2355.15,768.5,Online
O005232,2025-01-06,C00944,P003,4,1674.13,1006.35,1004.48,5692.04,4025.4,1666.64,Online
O005233,2025-05-27,C00884,P012,1,1008.95,650.79,151.34,857.61,650.79,206.82,Store
O005234,2025-07-03,C00606,P012,3,1008.95,650.79,0.0,3026.85,1952.37,1074.48,Online
O005235,2025-01-28,C01168,P012,3,1008.95,650.79,0.0,3026.85,1952.37,1074.48,Online
O005236,2025-02-07,C00492,P013,1,889.0,519.78,44.45,844.55,519.78,324.77,Online
O005237,2025-04-29,C00235,P010,1,1487.5,884.68,148.75,1338.75,884.68,454.07,Marketplace
O005238,2025-10-20,C00587,P003,1,1674.13,1006.35,83.71,1590.42,1006.35,584.07,Marketplace
O005239,2025-09-01,C00641,P005,2,3123.65,2355.15,312.36,5934.94,4710.3,1224.64,Online
O005240,2025-03-09,C00127,P015,2,1375.39,1038.91,275.08,2475.7,2077.82,397.88,Online
O005241,2025-08-02,C01026,P006,2,3653.72,2501.63,0.0,7307.44,5003.26,2304.18,Store
O005242,2025-08-06,C00198,P003,1,1674.13,1006.35,83.71,1590.42,1006.35,584.07,Online
O005243,2025-06-26,C00767,P016,1,802.2,467.64,0.0,802.2,467.64,334.56,Online
O005244,2025-10-26,C00419,P002,2,5103.35,3862.76,510.34,9696.36,7725.52,1970.84,Online
O005245,2025-06-13,C00790,P009,1,1843.37,1277.0,0.0,1843.37,1277.0,566.37,Store
O005246,2025-02-27,C01121,P005,1,3123.65,2355.15,0.0,3123.65,2355.15,768.5,Store
O005247,2025-09-26,C00743,P008,1,952.71,663.0,142.91,809.8,663.0,146.8,Store
O005248,2025-11-04,C00583,P010,1,1487.5,884.68,74.38,1413.12,884.68,528.44,Online
O005249,2025-02-27,C00894,P008,1,952.71,663.0,95.27,857.44,663.0,194.44,Store
O005250,2025-10-15,C01180,P009,1,1843.37,1277.0,184.34,1659.03,1277.0,382.03,Online
O005251,2025-04-15,C01130,P002,1,5103.35,3862.76,510.34,4593.01,3862.76,730.25,Online
O005252,2025-08-16,C00980,P011,1,487.27,344.29,0.0,487.27,344.29,142.98,Online
O005253,2025-09-04,C00980,P009,1,1843.37,1277.0,184.34,1659.03,1277.0,382.03,Store
O005254,2025-07-07,C00316,P011,1,487.27,344.29,0.0,487.27,344.29,142.98,Online
O005255,2025-03-24,C00179,P004,1,825.3,619.33,0.0,825.3,619.33,205.97,Marketplace
O005256,2025-07-05,C00478,P009,2,1843.37,1277.0,184.34,3502.4,2554.0,948.4,Online
O005257,2025-09-09,C00414,P007,1,692.39,399.57,34.62,657.77,399.57,258.2,Online
O005258,2025-12-21,C00361,P015,1,1375.39,1038.91,0.0,1375.39,1038.91,336.48,Online
O005259,2025-08-26,C00490,P010,2,1487.5,884.68,0.0,2975.0,1769.36,1205.64,Online
O005260,2025-12-26,C00054,P006,1,3653.72,2501.63,365.37,3288.35,2501.63,786.72,Store
O005261,2025-07-03,C01030,P003,4,1674.13,1006.35,0.0,6696.52,4025.4,2671.12,Online
O005262,2025-10-11,C00626,P002,1,5103.35,3862.76,0.0,5103.35,3862.76,1240.59,Online
O005263,2025-07-29,C01139,P003,1,1674.13,1006.35,83.71,1590.42,1006.35,584.07,Online
O005264,2025-10-31,C00739,P006,1,3653.72,2501.63,365.37,3288.35,2501.63,786.72,Online
O005265,2025-10-23,C01180,P002,1,5103.35,3862.76,0.0,5103.35,3862.76,1240.59,Online
O005266,2025-04-07,C00658,P013,3,889.0,519.78,133.35,2533.65,1559.34,974.31,Store
O005267,2025-07-27,C00193,P015,3,1375.39,1038.91,0.0,4126.17,3116.73,1009.44,Online
O005268,2025-05-17,C00817,P016,1,802.2,467.64,0.0,802.2,467.64,334.56,Marketplace
O005269,2025-07-03,C00142,P016,1,802.2,467.64,80.22,721.98,467.64,254.34,Online
O005270,2025-03-17,C01123,P003,1,1674.13,1006.35,167.41,1506.72,1006.35,500.37,Store
O005271,2025-10-14,C00982,P010,1,1487.5,884.68,148.75,1338.75,884.68,454.07,Online
O005272,2025-05-22,C00490,P007,2,692.39,399.57,0.0,1384.78,799.14,585.64,Store
O005273,2025-08-25,C00510,P009,3,1843.37,1277.0,0.0,5530.11,3831.0,1699.11,Online
O005274,2025-01-25,C00057,P016,1,802.2,467.64,80.22,721.98,467.64,254.34,Online
O005275,2025-10-17,C00801,P012,1,1008.95,650.79,50.45,958.5,650.79,307.71,Online
O005276,2025-03-08,C00315,P012,2,1008.95,650.79,100.9,1917.0,1301.58,615.42,Online
O005277,2025-09-07,C00155,P013,2,889.0,519.78,0.0,1778.0,1039.56,738.44,Online
O005278,2025-04-28,C00402,P016,3,802.2,467.64,0.0,2406.6,1402.92,1003.68,Online
O005279,2025-03-14,C00113,P011,2,487.27,344.29,48.73,925.81,688.58,237.23,Online
O005280,2025-10-09,C00064,P007,2,692.39,399.57,69.24,1315.54,799.14,516.4,Online
O005281,2025-12-26,C00422,P002,1,5103.35,3862.76,510.34,4593.01,3862.76,730.25,Online
O005282,2025-01-10,C00708,P009,1,1843.37,1277.0,92.17,1751.2,1277.0,474.2,Store
O005283,2025-07-30,C00813,P013,2,889.0,519.78,0.0,1778.0,1039.56,738.44,Store
O005284,2025-11-19,C00508,P007,2,692.39,399.57,0.0,1384.78,799.14,585.64,Online
O005285,2025-06-01,C00652,P001,2,12212.51,9280.33,1221.25,23203.77,18560.66,4643.11,Store
O005286,2025-01-05,C00135,P009,1,1843.37,1277.0,92.17,1751.2,1277.0,474.2,Online
O005287,2025-07-14,C00374,P007,1,692.39,399.57,69.24,623.15,399.57,223.58,Store
O005288,2025-10-10,C00832,P011,2,487.27,344.29,97.45,877.09,688.58,188.51,Online
O005289,2025-04-23,C01110,P007,1,692.39,399.57,34.62,657.77,399.57,258.2,Online
O005290,2025-09-28,C00687,P001,2,12212.51,9280.33,0.0,24425.02,18560.66,5864.36,Online
O005291,2025-06-12,C00666,P005,2,3123.65,2355.15,312.36,5934.94,4710.3,1224.64,Online
O005292,2025-04-15,C00562,P012,1,1008.95,650.79,100.9,908.05,650.79,257.26,Online
O005293,2025-06-30,C00235,P014,2,746.01,469.1,223.8,1268.22,938.2,330.02,Marketplace
O005294,2025-02-13,C01064,P006,2,3653.72,2501.63,0.0,7307.44,5003.26,2304.18,Online
O005295,2025-10-09,C01149,P007,1,692.39,399.57,0.0,692.39,399.57,292.82,Online
O005296,2025-06-24,C01153,P007,1,692.39,399.57,0.0,692.39,399.57,292.82,Online
O005297,2025-06-11,C00529,P008,1,952.71,663.0,0.0,952.71,663.0,289.71,Online
O005298,2025-12-17,C00847,P014,2,746.01,469.1,0.0,1492.02,938.2,553.82,Online
O005299,2025-12-06,C00983,P009,1,1843.37,1277.0,0.0,1843.37,1277.0,566.37,Store
O005300,2025-05-20,C00267,P002,1,5103.35,3862.76,0.0,5103.35,3862.76,1240.59,Online
O005301,2025-05-12,C00346,P015,1,1375.39,1038.91,0.0,1375.39,1038.91,336.48,Online
O005302,2025-03-28,C01052,P010,1,1487.5,884.68,0.0,1487.5,884.68,602.82,Store
O005303,2025-06-25,C00552,P009,2,1843.37,1277.0,0.0,3686.74,2554.0,1132.74,Online
O005304,2025-07-02,C00231,P010,2,1487.5,884.68,148.75,2826.25,1769.36,1056.89,Store
O005305,2025-05-09,C00149,P014,1,746.01,469.1,0.0,746.01,469.1,276.91,Online
O005306,2025-09-03,C00064,P007,2,692.39,399.57,0.0,1384.78,799.14,585.64,Online
O005307,2025-03-30,C00341,P013,2,889.0,519.78,0.0,1778.0,1039.56,738.44,Online
O005308,2025-03-07,C00696,P009,1,1843.37,1277.0,0.0,1843.37,1277.0,566.37,Online
O005309,2025-06-07,C00816,P008,1,952.71,663.0,95.27,857.44,663.0,194.44,Marketplace
O005310,2025-05-29,C00475,P016,1,802.2,467.64,160.44,641.76,467.64,174.12,Store
O005311,2025-12-06,C00407,P010,2,1487.5,884.68,148.75,2826.25,1769.36,1056.89,Online
O005312,2025-04-26,C00645,P009,4,1843.37,1277.0,737.35,6636.13,5108.0,1528.13,Online
O005313,2025-08-02,C00841,P014,1,746.01,469.1,0.0,746.01,469.1,276.91,Online
O005314,2025-10-21,C00177,P003,1,1674.13,1006.35,0.0,1674.13,1006.35,667.78,Marketplace
O005315,2025-09-10,C00312,P016,2,802.2,467.64,240.66,1363.74,935.28,428.46,Marketplace
O005316,2025-05-23,C00771,P016,2,802.2,467.64,80.22,1524.18,935.28,588.9,Store
O005317,2025-09-07,C00912,P007,1,692.39,399.57,0.0,692.39,399.57,292.82,Online
O005318,2025-10-29,C00114,P011,2,487.27,344.29,48.73,925.81,688.58,237.23,Online
O005319,2025-01-25,C01200,P007,1,692.39,399.57,69.24,623.15,399.57,223.58,Online
O005320,2025-10-04,C00175,P014,2,746.01,469.1,223.8,1268.22,938.2,330.02,Online
O005321,2025-03-11,C00233,P003,1,1674.13,1006.35,167.41,1506.72,1006.35,500.37,Store
O005322,2025-04-23,C00040,P008,1,952.71,663.0,0.0,952.71,663.0,289.71,Online
O005323,2025-12-29,C00558,P007,2,692.39,399.57,207.72,1177.06,799.14,377.92,Store
O005324,2025-04-22,C00070,P001,2,12212.51,9280.33,0.0,24425.02,18560.66,5864.36,Online
O005325,2025-12-30,C01169,P011,2,487.27,344.29,48.73,925.81,688.58,237.23,Store
O005326,2025-10-30,C00255,P010,2,1487.5,884.68,148.75,2826.25,1769.36,1056.89,Online
O005327,2025-04-01,C00584,P013,1,889.0,519.78,0.0,889.0,519.78,369.22,Online
O005328,2025-01-18,C00174,P016,2,802.2,467.64,80.22,1524.18,935.28,588.9,Online
O005329,2025-05-29,C00892,P005,1,3123.65,2355.15,0.0,3123.65,2355.15,768.5,Online
O005330,2025-08-15,C00025,P004,1,825.3,619.33,123.79,701.51,619.33,82.18,Store
O005331,2025-08-02,C00137,P015,1,1375.39,1038.91,0.0,1375.39,1038.91,336.48,Online
O005332,2025-12-26,C00583,P011,1,487.27,344.29,0.0,487.27,344.29,142.98,Store
O005333,2025-05-31,C00839,P007,1,692.39,399.57,69.24,623.15,399.57,223.58,Online
O005334,2025-07-11,C01054,P016,2,802.2,467.64,80.22,1524.18,935.28,588.9,Store
O005335,2025-02-09,C00095,P002,1,5103.35,3862.76,0.0,5103.35,3862.76,1240.59,Online
O005336,2025-08-30,C00212,P005,2,3123.65,2355.15,312.36,5934.94,4710.3,1224.64,Online
O005337,2025-05-18,C00692,P015,1,1375.39,1038.91,0.0,1375.39,1038.91,336.48,Store
O005338,2025-12-11,C00084,P009,2,1843.37,1277.0,368.67,3318.07,2554.0,764.07,Marketplace
O005339,2025-06-29,C00618,P010,1,1487.5,884.68,223.12,1264.38,884.68,379.7,Online
O005340,2025-07-19,C00503,P011,2,487.27,344.29,97.45,877.09,688.58,188.51,Store
O005341,2025-07-22,C01110,P007,1,692.39,399.57,0.0,692.39,399.57,292.82,Store
O005342,2025-03-02,C00967,P012,2,1008.95,650.79,100.9,1917.0,1301.58,615.42,Online
O005343,2025-07-11,C01137,P004,1,825.3,619.33,0.0,825.3,619.33,205.97,Online
O005344,2025-01-05,C00668,P013,1,889.0,519.78,0.0,889.0,519.78,369.22,Store
O005345,2025-08-25,C00197,P003,1,1674.13,1006.35,83.71,1590.42,1006.35,584.07,Store
O005346,2025-06-30,C00133,P015,3,1375.39,1038.91,206.31,3919.86,3116.73,803.13,Online
O005347,2025-11-07,C00569,P003,3,1674.13,1006.35,753.36,4269.03,3019.05,1249.98,Online
O005348,2025-02-06,C01182,P004,1,825.3,619.33,0.0,825.3,619.33,205.97,Online
O005349,2025-02-25,C00822,P009,1,1843.37,1277.0,92.17,1751.2,1277.0,474.2,Online
O005350,2025-08-25,C00212,P008,1,952.71,663.0,47.64,905.07,663.0,242.07,Online
O005351,2025-12-24,C00622,P006,2,3653.72,2501.63,0.0,7307.44,5003.26,2304.18,Marketplace
O005352,2025-12-15,C00436,P011,3,487.27,344.29,0.0,1461.81,1032.87,428.94,Online
O005353,2025-07-16,C00989,P010,1,1487.5,884.68,148.75,1338.75,884.68,454.07,Store
O005354,2025-03-14,C00939,P001,1,12212.51,9280.33,610.63,11601.88,9280.33,2321.55,Store
O005355,2025-02-28,C00302,P011,1,487.27,344.29,0.0,487.27,344.29,142.98,Online
O005356,2025-08-28,C00178,P001,1,12212.51,9280.33,0.0,12212.51,9280.33,2932.18,Online
O005357,2025-01-02,C00990,P002,1,5103.35,3862.76,255.17,4848.18,3862.76,985.42,Online
O005358,2025-12-26,C00040,P005,1,3123.65,2355.15,0.0,3123.65,2355.15,768.5,Store
O005359,2025-07-07,C00417,P007,2,692.39,399.57,69.24,1315.54,799.14,516.4,Online
O005360,2025-11-03,C00130,P014,1,746.01,469.1,74.6,671.41,469.1,202.31,Store
O005361,2025-01-30,C00274,P004,2,825.3,619.33,0.0,1650.6,1238.66,411.94,Online
O005362,2025-09-24,C00968,P001,2,12212.51,9280.33,1221.25,23203.77,18560.66,4643.11,Store
O005363,2025-04-18,C00044,P015,1,1375.39,1038.91,0.0,1375.39,1038.91,336.48,Online
O005364,2025-11-28,C00125,P014,3,746.01,469.1,111.9,2126.13,1407.3,718.83,Online
O005365,2025-03-31,C01188,P008,1,952.71,663.0,0.0,952.71,663.0,289.71,Store
O005366,2025-07-24,C00072,P008,1,952.71,663.0,0.0,952.71,663.0,289.71,Online
O005367,2025-08-08,C00892,P016,2,802.2,467.64,0.0,1604.4,935.28,669.12,Store
O005368,2025-04-04,C00361,P014,1,746.01,469.1,74.6,671.41,469.1,202.31,Store
O005369,2025-04-13,C00551,P011,1,487.27,344.29,0.0,487.27,344.29,142.98,Online
O005370,2025-08-11,C00810,P012,1,1008.95,650.79,0.0,1008.95,650.79,358.16,Online
O005371,2025-07-05,C00329,P004,1,825.3,619.33,41.26,784.04,619.33,164.71,Online
O005372,2025-07-03,C01183,P012,1,1008.95,650.79,151.34,857.61,650.79,206.82,Online
O005373,2025-06-11,C00630,P011,2,487.27,344.29,97.45,877.09,688.58,188.51,Online
O005374,2025-09-04,C00896,P006,1,3653.72,2501.63,730.74,2922.98,2501.63,421.35,Online
O005375,2025-01-31,C00444,P005,2,3123.65,2355.15,0.0,6247.3,4710.3,1537.0,Marketplace
O005376,2025-02-21,C00524,P012,1,1008.95,650.79,151.34,857.61,650.79,206.82,Marketplace
O005377,2025-12-11,C00457,P008,1,952.71,663.0,142.91,809.8,663.0,146.8,Store
O005378,2025-03-17,C00946,P009,2,1843.37,1277.0,0.0,3686.74,2554.0,1132.74,Online
O005379,2025-10-05,C00687,P003,1,1674.13,1006.35,0.0,1674.13,1006.35,667.78,Online
O005380,2025-02-09,C00557,P015,1,1375.39,1038.91,0.0,1375.39,1038.91,336.48,Online
O005381,2025-04-11,C00702,P007,1,692.39,399.57,34.62,657.77,399.57,258.2,Online
O005382,2025-04-21,C00051,P002,2,5103.35,3862.76,0.0,10206.7,7725.52,2481.18,Store
O005383,2025-11-17,C00430,P013,2,889.0,519.78,177.8,1600.2,1039.56,560.64,Online
O005384,2025-09-06,C00428,P007,1,692.39,399.57,0.0,692.39,399.57,292.82,Online
O005385,2025-07-10,C00529,P005,1,3123.65,2355.15,468.55,2655.1,2355.15,299.95,Store
O005386,2025-07-01,C00327,P008,1,952.71,663.0,95.27,857.44,663.0,194.44,Store
O005387,2025-12-01,C00449,P016,1,802.2,467.64,0.0,802.2,467.64,334.56,Store
O005388,2025-07-28,C00426,P004,1,825.3,619.33,82.53,742.77,619.33,123.44,Store
O005389,2025-01-22,C00109,P001,1,12212.51,9280.33,610.63,11601.88,9280.33,2321.55,Online
O005390,2025-06-15,C00426,P009,3,1843.37,1277.0,0.0,5530.11,3831.0,1699.11,Store
O005391,2025-04-09,C00023,P009,1,1843.37,1277.0,0.0,1843.37,1277.0,566.37,Store
O005392,2025-07-27,C00254,P007,1,692.39,399.57,0.0,692.39,399.57,292.82,Online
O005393,2025-01-08,C00169,P005,1,3123.65,2355.15,0.0,3123.65,2355.15,768.5,Online
O005394,2025-07-09,C00026,P009,1,1843.37,1277.0,0.0,1843.37,1277.0,566.37,Online
O005395,2025-06-24,C00762,P004,1,825.3,619.33,0.0,825.3,619.33,205.97,Store
O005396,2025-09-30,C01107,P001,2,12212.51,9280.33,1221.25,23203.77,18560.66,4643.11,Online
O005397,2025-01-17,C00757,P012,1,1008.95,650.79,50.45,958.5,650.79,307.71,Store
O005398,2025-03-31,C00197,P012,1,1008.95,650.79,50.45,958.5,650.79,307.71,Store
O005399,2025-05-21,C00950,P006,1,3653.72,2501.63,0.0,3653.72,2501.63,1152.09,Online
O005400,2025-05-25,C00298,P015,1,1375.39,1038.91,206.31,1169.08,1038.91,130.17,Marketplace
O005401,2025-06-15,C00878,P012,1,1008.95,650.79,0.0,1008.95,650.79,358.16,Marketplace
O005402,2025-12-03,C01078,P007,1,692.39,399.57,34.62,657.77,399.57,258.2,Online
O005403,2025-03-19,C00936,P015,3,1375.39,1038.91,206.31,3919.86,3116.73,803.13,Online
O005404,2025-09-19,C00446,P007,1,692.39,399.57,0.0,692.39,399.57,292.82,Online
O005405,2025-06-12,C00194,P012,2,1008.95,650.79,201.79,1816.11,1301.58,514.53,Online
O005406,2025-01-14,C00708,P012,2,1008.95,650.79,100.9,1917.0,1301.58,615.42,Store
O005407,2025-08-27,C00262,P011,1,487.27,344.29,0.0,487.27,344.29,142.98,Store
O005408,2025-03-13,C01074,P013,1,889.0,519.78,88.9,800.1,519.78,280.32,Online
O005409,2025-05-23,C00938,P008,4,952.71,663.0,0.0,3810.84,2652.0,1158.84,Online
O005410,2025-11-06,C00610,P014,1,746.01,469.1,37.3,708.71,469.1,239.61,Online
O005411,2025-10-10,C00183,P001,1,12212.51,9280.33,0.0,12212.51,9280.33,2932.18,Online
O005412,2025-09-26,C00962,P013,1,889.0,519.78,0.0,889.0,519.78,369.22,Online
O005413,2025-08-29,C00821,P008,2,952.71,663.0,0.0,1905.42,1326.0,579.42,Online
O005414,2025-09-02,C00850,P008,1,952.71,663.0,0.0,952.71,663.0,289.71,Online
O005415,2025-06-12,C00592,P001,1,12212.51,9280.33,610.63,11601.88,9280.33,2321.55,Online
O005416,2025-03-01,C00586,P014,1,746.01,469.1,74.6,671.41,469.1,202.31,Store
O005417,2025-01-06,C00407,P003,1,1674.13,1006.35,0.0,1674.13,1006.35,667.78,Online
O005418,2025-07-16,C00110,P005,2,3123.65,2355.15,0.0,6247.3,4710.3,1537.0,Store
O005419,2025-02-27,C00958,P007,1,692.39,399.57,0.0,692.39,399.57,292.82,Store
O005420,2025-11-01,C00344,P012,2,1008.95,650.79,100.9,1917.0,1301.58,615.42,Online
O005421,2025-08-05,C00381,P006,3,3653.72,2501.63,0.0,10961.16,7504.89,3456.27,Marketplace
O005422,2025-01-26,C00926,P009,1,1843.37,1277.0,92.17,1751.2,1277.0,474.2,Online
O005423,2025-10-30,C00802,P001,2,12212.51,9280.33,1221.25,23203.77,18560.66,4643.11,Online
O005424,2025-01-05,C00022,P010,1,1487.5,884.68,0.0,1487.5,884.68,602.82,Store
O005425,2025-01-20,C00047,P015,1,1375.39,1038.91,137.54,1237.85,1038.91,198.94,Online
O005426,2025-07-17,C00634,P010,3,1487.5,884.68,0.0,4462.5,2654.04,1808.46,Store
O005427,2025-02-28,C01170,P007,1,692.39,399.57,0.0,692.39,399.57,292.82,Online
O005428,2025-08-30,C00573,P003,1,1674.13,1006.35,0.0,1674.13,1006.35,667.78,Online
O005429,2025-05-26,C00048,P007,1,692.39,399.57,103.86,588.53,399.57,188.96,Online
O005430,2025-09-30,C00750,P004,1,825.3,619.33,0.0,825.3,619.33,205.97,Online
O005431,2025-09-06,C00506,P009,1,1843.37,1277.0,276.51,1566.86,1277.0,289.86,Store
O005432,2025-01-14,C00523,P016,2,802.2,467.64,80.22,1524.18,935.28,588.9,Marketplace
O005433,2025-01-13,C01106,P015,2,1375.39,1038.91,275.08,2475.7,2077.82,397.88,Store
O005434,2025-02-13,C00667,P005,1,3123.65,2355.15,156.18,2967.47,2355.15,612.32,Store
O005435,2025-01-19,C00797,P014,1,746.01,469.1,149.2,596.81,469.1,127.71,Online
O005436,2025-03-04,C00907,P010,2,1487.5,884.68,0.0,2975.0,1769.36,1205.64,Online
O005437,2025-08-27,C01106,P008,3,952.71,663.0,0.0,2858.13,1989.0,869.13,Store
O005438,2025-12-03,C00727,P002,1,5103.35,3862.76,0.0,5103.35,3862.76,1240.59,Online
O005439,2025-04-10,C00439,P002,1,5103.35,3862.76,255.17,4848.18,3862.76,985.42,Online
O005440,2025-06-12,C00491,P002,1,5103.35,3862.76,255.17,4848.18,3862.76,985.42,Online
O005441,2025-05-02,C00799,P009,1,1843.37,1277.0,92.17,1751.2,1277.0,474.2,Online
O005442,2025-02-13,C00544,P008,1,952.71,663.0,95.27,857.44,663.0,194.44,Online
O005443,2025-12-26,C01083,P013,1,889.0,519.78,0.0,889.0,519.78,369.22,Online
O005444,2025-11-13,C00210,P012,1,1008.95,650.79,100.9,908.05,650.79,257.26,Online
O005445,2025-05-25,C00131,P001,1,12212.51,9280.33,0.0,12212.51,9280.33,2932.18,Online
O005446,2025-11-23,C00636,P014,1,746.01,469.1,0.0,746.01,469.1,276.91,Online
O005447,2025-12-29,C00614,P002,1,5103.35,3862.76,0.0,5103.35,3862.76,1240.59,Online
O005448,2025-02-19,C00942,P014,2,746.01,469.1,74.6,1417.42,938.2,479.22,Store
O005449,2025-03-06,C00168,P014,1,746.01,469.1,0.0,746.01,469.1,276.91,Store
O005450,2025-12-21,C00091,P008,2,952.71,663.0,190.54,1714.88,1326.0,388.88,Online
O005451,2025-10-15,C00642,P012,1,1008.95,650.79,0.0,1008.95,650.79,358.16,Online
O005452,2025-06-13,C00144,P002,1,5103.35,3862.76,510.34,4593.01,3862.76,730.25,Online
O005453,2025-05-21,C01068,P008,1,952.71,663.0,0.0,952.71,663.0,289.71,Store
O005454,2025-11-10,C00852,P013,1,889.0,519.78,88.9,800.1,519.78,280.32,Online
O005455,2025-05-08,C00647,P001,2,12212.51,9280.33,0.0,24425.02,18560.66,5864.36,Online
O005456,2025-08-27,C00987,P007,2,692.39,399.57,0.0,1384.78,799.14,585.64,Marketplace
O005457,2025-11-20,C00064,P003,1,1674.13,1006.35,0.0,1674.13,1006.35,667.78,Online
O005458,2025-10-23,C00954,P004,3,825.3,619.33,0.0,2475.9,1857.99,617.91,Online
O005459,2025-07-06,C00113,P013,2,889.0,519.78,88.9,1689.1,1039.56,649.54,Online
O005460,2025-07-27,C00605,P004,1,825.3,619.33,0.0,825.3,619.33,205.97,Store
O005461,2025-08-08,C00766,P002,2,5103.35,3862.76,0.0,10206.7,7725.52,2481.18,Online
O005462,2025-07-09,C00456,P014,1,746.01,469.1,0.0,746.01,469.1,276.91,Online
O005463,2025-12-12,C01009,P003,1,1674.13,1006.35,0.0,1674.13,1006.35,667.78,Online
O005464,2025-10-11,C00303,P007,2,692.39,399.57,138.48,1246.3,799.14,447.16,Marketplace
O005465,2025-12-18,C01144,P012,1,1008.95,650.79,151.34,857.61,650.79,206.82,Store
O005466,2025-08-25,C00866,P003,1,1674.13,1006.35,83.71,1590.42,1006.35,584.07,Online
O005467,2025-07-13,C00288,P003,2,1674.13,1006.35,0.0,3348.26,2012.7,1335.56,Online
O005468,2025-10-14,C00277,P002,1,5103.35,3862.76,765.5,4337.85,3862.76,475.09,Store
O005469,2025-09-16,C00544,P002,1,5103.35,3862.76,765.5,4337.85,3862.76,475.09,Store
O005470,2025-09-03,C00979,P003,3,1674.13,1006.35,0.0,5022.39,3019.05,2003.34,Online
O005471,2025-05-16,C01139,P012,1,1008.95,650.79,50.45,958.5,650.79,307.71,Online
O005472,2025-10-07,C00015,P013,1,889.0,519.78,0.0,889.0,519.78,369.22,Marketplace
O005473,2025-09-28,C00372,P014,2,746.01,469.1,74.6,1417.42,938.2,479.22,Store
O005474,2025-06-20,C00471,P002,4,5103.35,3862.76,1020.67,19392.73,15451.04,3941.69,Store
O005475,2025-06-08,C00151,P014,1,746.01,469.1,37.3,708.71,469.1,239.61,Online
O005476,2025-07-20,C00242,P014,1,746.01,469.1,37.3,708.71,469.1,239.61,Online
O005477,2025-02-14,C00249,P005,2,3123.65,2355.15,312.36,5934.94,4710.3,1224.64,Store
O005478,2025-09-21,C00454,P007,1,692.39,399.57,0.0,692.39,399.57,292.82,Online
O005479,2025-03-12,C01041,P016,1,802.2,467.64,120.33,681.87,467.64,214.23,Online
O005480,2025-12-30,C00309,P008,1,952.71,663.0,0.0,952.71,663.0,289.71,Store
O005481,2025-04-13,C00882,P004,2,825.3,619.33,165.06,1485.54,1238.66,246.88,Store
O005482,2025-05-05,C00221,P013,2,889.0,519.78,0.0,1778.0,1039.56,738.44,Online
O005483,2025-11-09,C00064,P012,1,1008.95,650.79,0.0,1008.95,650.79,358.16,Store
O005484,2025-10-13,C00445,P014,1,746.01,469.1,0.0,746.01,469.1,276.91,Store
O005485,2025-08-18,C00212,P001,1,12212.51,9280.33,610.63,11601.88,9280.33,2321.55,Store
O005486,2025-05-26,C00088,P003,2,1674.13,1006.35,0.0,3348.26,2012.7,1335.56,Online
O005487,2025-07-16,C00079,P008,1,952.71,663.0,47.64,905.07,663.0,242.07,Online
O005488,2025-08-09,C01160,P012,1,1008.95,650.79,0.0,1008.95,650.79,358.16,Online
O005489,2025-03-01,C00681,P002,1,5103.35,3862.76,0.0,5103.35,3862.76,1240.59,Marketplace
O005490,2025-04-08,C00538,P011,1,487.27,344.29,24.36,462.91,344.29,118.62,Online
O005491,2025-06-20,C01119,P012,1,1008.95,650.79,0.0,1008.95,650.79,358.16,Online
O005492,2025-06-22,C00562,P003,1,1674.13,1006.35,83.71,1590.42,1006.35,584.07,Store
O005493,2025-05-31,C00595,P012,1,1008.95,650.79,100.9,908.05,650.79,257.26,Store
O005494,2025-12-16,C00883,P006,1,3653.72,2501.63,0.0,3653.72,2501.63,1152.09,Store
O005495,2025-05-02,C01093,P010,1,1487.5,884.68,148.75,1338.75,884.68,454.07,Online
O005496,2025-04-18,C00708,P007,1,692.39,399.57,0.0,692.39,399.57,292.82,Store
O005497,2025-01-04,C00586,P016,1,802.2,467.64,160.44,641.76,467.64,174.12,Online
O005498,2025-04-03,C00962,P010,1,1487.5,884.68,0.0,1487.5,884.68,602.82,Online
O005499,2025-01-06,C01193,P001,1,12212.51,9280.33,1221.25,10991.26,9280.33,1710.93,Store
O005500,2025-10-15,C00266,P015,3,1375.39,1038.91,0.0,4126.17,3116.73,1009.44,Store
O005501,2025-04-16,C00793,P005,2,3123.65,2355.15,0.0,6247.3,4710.3,1537.0,Online
O005502,2025-05-26,C00389,P010,1,1487.5,884.68,0.0,1487.5,884.68,602.82,Store
O005503,2025-09-28,C00820,P014,1,746.01,469.1,0.0,746.01,469.1,276.91,Online
O005504,2025-04-06,C00776,P006,2,3653.72,2501.63,365.37,6942.07,5003.26,1938.81,Store
O005505,2025-08-17,C00605,P002,1,5103.35,3862.76,510.34,4593.01,3862.76,730.25,Store
O005506,2025-07-21,C01019,P005,1,3123.65,2355.15,156.18,2967.47,2355.15,612.32,Online
O005507,2025-07-31,C00304,P009,1,1843.37,1277.0,0.0,1843.37,1277.0,566.37,Online
O005508,2025-01-06,C00800,P002,1,5103.35,3862.76,0.0,5103.35,3862.76,1240.59,Store
O005509,2025-04-22,C00633,P013,2,889.0,519.78,0.0,1778.0,1039.56,738.44,Online
O005510,2025-11-19,C00116,P011,2,487.27,344.29,0.0,974.54,688.58,285.96,Online
O005511,2025-04-16,C00467,P011,1,487.27,344.29,0.0,487.27,344.29,142.98,Store
O005512,2025-05-19,C01055,P009,1,1843.37,1277.0,0.0,1843.37,1277.0,566.37,Online
O005513,2025-10-26,C00471,P010,1,1487.5,884.68,0.0,1487.5,884.68,602.82,Online
O005514,2025-04-06,C00254,P001,1,12212.51,9280.33,1221.25,10991.26,9280.33,1710.93,Marketplace
O005515,2025-12-03,C01186,P009,3,1843.37,1277.0,553.01,4977.1,3831.0,1146.1,Online
O005516,2025-10-24,C00224,P009,2,1843.37,1277.0,184.34,3502.4,2554.0,948.4,Online
O005517,2025-08-02,C00064,P016,1,802.2,467.64,0.0,802.2,467.64,334.56,Marketplace
O005518,2025-10-18,C00404,P015,2,1375.39,1038.91,0.0,2750.78,2077.82,672.96,Store
O005519,2025-01-22,C00310,P010,1,1487.5,884.68,0.0,1487.5,884.68,602.82,Marketplace
O005520,2025-07-12,C00875,P005,1,3123.65,2355.15,0.0,3123.65,2355.15,768.5,Online
O005521,2025-05-30,C01159,P003,1,1674.13,1006.35,83.71,1590.42,1006.35,584.07,Marketplace
O005522,2025-09-04,C01161,P013,1,889.0,519.78,0.0,889.0,519.78,369.22,Marketplace
O005523,2025-09-24,C00705,P015,1,1375.39,1038.91,68.77,1306.62,1038.91,267.71,Store
O005524,2025-09-08,C00445,P011,1,487.27,344.29,0.0,487.27,344.29,142.98,Marketplace
O005525,2025-01-03,C00711,P005,1,3123.65,2355.15,312.36,2811.29,2355.15,456.14,Online
O005526,2025-11-12,C01071,P005,1,3123.65,2355.15,312.36,2811.29,2355.15,456.14,Online
O005527,2025-03-17,C00306,P011,1,487.27,344.29,24.36,462.91,344.29,118.62,Online
O005528,2025-03-28,C00660,P007,1,692.39,399.57,0.0,692.39,399.57,292.82,Online
O005529,2025-09-27,C01079,P006,1,3653.72,2501.63,0.0,3653.72,2501.63,1152.09,Marketplace
O005530,2025-08-13,C00516,P011,1,487.27,344.29,24.36,462.91,344.29,118.62,Online
O005531,2025-01-18,C01047,P016,1,802.2,467.64,160.44,641.76,467.64,174.12,Online
O005532,2025-04-23,C00969,P014,1,746.01,469.1,0.0,746.01,469.1,276.91,Online
O005533,2025-09-08,C00264,P016,1,802.2,467.64,40.11,762.09,467.64,294.45,Store
O005534,2025-08-21,C00915,P003,2,1674.13,1006.35,0.0,3348.26,2012.7,1335.56,Online
O005535,2025-11-25,C00642,P007,1,692.39,399.57,69.24,623.15,399.57,223.58,Online
O005536,2025-10-06,C00799,P012,1,1008.95,650.79,0.0,1008.95,650.79,358.16,Store
O005537,2025-07-21,C00280,P013,1,889.0,519.78,44.45,844.55,519.78,324.77,Online
O005538,2025-03-24,C00606,P003,1,1674.13,1006.35,251.12,1423.01,1006.35,416.66,Online
O005539,2025-05-05,C00250,P001,2,12212.51,9280.33,0.0,24425.02,18560.66,5864.36,Marketplace
O005540,2025-06-24,C00729,P005,1,3123.65,2355.15,312.36,2811.29,2355.15,456.14,Online
O005541,2025-03-10,C00627,P012,2,1008.95,650.79,0.0,2017.9,1301.58,716.32,Marketplace
O005542,2025-02-16,C00438,P003,1,1674.13,1006.35,83.71,1590.42,1006.35,584.07,Online
O005543,2025-09-13,C00251,P012,1,1008.95,650.79,100.9,908.05,650.79,257.26,Store
O005544,2025-08-03,C01190,P015,1,1375.39,1038.91,0.0,1375.39,1038.91,336.48,Online
O005545,2025-01-30,C00059,P003,1,1674.13,1006.35,0.0,1674.13,1006.35,667.78,Online
O005546,2025-10-08,C00620,P008,1,952.71,663.0,47.64,905.07,663.0,242.07,Online
O005547,2025-08-25,C01112,P012,2,1008.95,650.79,100.9,1917.0,1301.58,615.42,Online
O005548,2025-09-05,C01087,P003,2,1674.13,1006.35,0.0,3348.26,2012.7,1335.56,Online
O005549,2025-01-25,C00268,P004,1,825.3,619.33,41.26,784.04,619.33,164.71,Online
O005550,2025-03-15,C00523,P007,1,692.39,399.57,138.48,553.91,399.57,154.34,Online
O005551,2025-07-25,C00262,P016,2,802.2,467.64,80.22,1524.18,935.28,588.9,Online
O005552,2025-11-10,C00432,P007,1,692.39,399.57,0.0,692.39,399.57,292.82,Online
O005553,2025-04-04,C00659,P009,1,1843.37,1277.0,276.51,1566.86,1277.0,289.86,Online
O005554,2025-05-07,C00594,P015,1,1375.39,1038.91,0.0,1375.39,1038.91,336.48,Online
O005555,2025-01-25,C01076,P007,2,692.39,399.57,69.24,1315.54,799.14,516.4,Online
O005556,2025-11-30,C00966,P016,1,802.2,467.64,0.0,802.2,467.64,334.56,Online
O005557,2025-12-21,C00789,P014,2,746.01,469.1,298.4,1193.62,938.2,255.42,Online
O005558,2025-04-26,C00026,P001,1,12212.51,9280.33,0.0,12212.51,9280.33,2932.18,Marketplace
O005559,2025-02-17,C00286,P006,2,3653.72,2501.63,0.0,7307.44,5003.26,2304.18,Online
O005560,2025-08-14,C00371,P005,1,3123.65,2355.15,312.36,2811.29,2355.15,456.14,Online
O005561,2025-09-23,C01032,P014,2,746.01,469.1,0.0,1492.02,938.2,553.82,Online
O005562,2025-04-09,C00536,P015,1,1375.39,1038.91,0.0,1375.39,1038.91,336.48,Store
O005563,2025-01-11,C00422,P007,2,692.39,399.57,207.72,1177.06,799.14,377.92,Store
O005564,2025-03-26,C00738,P014,1,746.01,469.1,37.3,708.71,469.1,239.61,Online
O005565,2025-08-02,C00824,P013,1,889.0,519.78,0.0,889.0,519.78,369.22,Store
O005566,2025-06-22,C01113,P012,4,1008.95,650.79,0.0,4035.8,2603.16,1432.64,Online
O005567,2025-07-28,C00542,P007,4,692.39,399.57,0.0,2769.56,1598.28,1171.28,Store
O005568,2025-03-05,C01185,P003,1,1674.13,1006.35,0.0,1674.13,1006.35,667.78,Online
O005569,2025-09-15,C00887,P012,1,1008.95,650.79,151.34,857.61,650.79,206.82,Online
O005570,2025-11-28,C00060,P013,2,889.0,519.78,0.0,1778.0,1039.56,738.44,Store
O005571,2025-05-01,C00971,P001,1,12212.51,9280.33,610.63,11601.88,9280.33,2321.55,Marketplace
O005572,2025-10-25,C00771,P009,1,1843.37,1277.0,0.0,1843.37,1277.0,566.37,Online
O005573,2025-02-23,C00842,P011,1,487.27,344.29,73.09,414.18,344.29,69.89,Store
O005574,2025-11-27,C01132,P012,1,1008.95,650.79,0.0,1008.95,650.79,358.16,Online
O005575,2025-09-29,C00506,P016,1,802.2,467.64,0.0,802.2,467.64,334.56,Online
O005576,2025-08-29,C00840,P007,2,692.39,399.57,0.0,1384.78,799.14,585.64,Online
O005577,2025-08-31,C00364,P016,1,802.2,467.64,0.0,802.2,467.64,334.56,Online
O005578,2025-01-18,C01000,P012,1,1008.95,650.79,0.0,1008.95,650.79,358.16,Online
O005579,2025-07-06,C00148,P007,2,692.39,399.57,0.0,1384.78,799.14,585.64,Online
O005580,2025-12-12,C00150,P012,1,1008.95,650.79,100.9,908.05,650.79,257.26,Online
O005581,2025-05-24,C01122,P010,1,1487.5,884.68,148.75,1338.75,884.68,454.07,Store
O005582,2025-09-19,C00394,P007,1,692.39,399.57,0.0,692.39,399.57,292.82,Store
O005583,2025-12-30,C00832,P004,1,825.3,619.33,0.0,825.3,619.33,205.97,Online
O005584,2025-08-27,C00168,P008,1,952.71,663.0,0.0,952.71,663.0,289.71,Online
O005585,2025-10-31,C00001,P010,1,1487.5,884.68,74.38,1413.12,884.68,528.44,Online
O005586,2025-10-25,C00515,P016,1,802.2,467.64,80.22,721.98,467.64,254.34,Online
O005587,2025-03-17,C01199,P001,1,12212.51,9280.33,1221.25,10991.26,9280.33,1710.93,Online
O005588,2025-07-07,C00807,P004,2,825.3,619.33,0.0,1650.6,1238.66,411.94,Store
O005589,2025-11-29,C00513,P015,2,1375.39,1038.91,0.0,2750.78,2077.82,672.96,Store
O005590,2025-09-03,C01169,P003,1,1674.13,1006.35,251.12,1423.01,1006.35,416.66,Online
O005591,2025-05-10,C00055,P013,1,889.0,519.78,133.35,755.65,519.78,235.87,Online
O005592,2025-11-11,C00474,P013,1,889.0,519.78,177.8,711.2,519.78,191.42,Online
O005593,2025-10-10,C00808,P004,1,825.3,619.33,0.0,825.3,619.33,205.97,Online
O005594,2025-03-20,C00372,P014,1,746.01,469.1,37.3,708.71,469.1,239.61,Online
O005595,2025-03-13,C01043,P013,1,889.0,519.78,0.0,889.0,519.78,369.22,Online
O005596,2025-09-20,C00547,P012,1,1008.95,650.79,0.0,1008.95,650.79,358.16,Store
O005597,2025-07-10,C00746,P012,3,1008.95,650.79,0.0,3026.85,1952.37,1074.48,Online
O005598,2025-03-04,C01002,P015,1,1375.39,1038.91,0.0,1375.39,1038.91,336.48,Online
O005599,2025-01-12,C00197,P015,1,1375.39,1038.91,0.0,1375.39,1038.91,336.48,Store
O005600,2025-05-21,C00848,P001,2,12212.51,9280.33,1221.25,23203.77,18560.66,4643.11,Online
O005601,2025-09-11,C00833,P014,2,746.01,469.1,0.0,1492.02,938.2,553.82,Store
O005602,2025-02-12,C00703,P016,1,802.2,467.64,0.0,802.2,467.64,334.56,Online
O005603,2025-01-17,C00981,P010,2,1487.5,884.68,446.25,2528.75,1769.36,759.39,Marketplace
O005604,2025-03-04,C00842,P009,1,1843.37,1277.0,0.0,1843.37,1277.0,566.37,Online
O005605,2025-09-10,C00412,P005,1,3123.65,2355.15,312.36,2811.29,2355.15,456.14,Store
O005606,2025-10-19,C00719,P013,2,889.0,519.78,177.8,1600.2,1039.56,560.64,Store
O005607,2025-01-08,C01062,P015,1,1375.39,1038.91,0.0,1375.39,1038.91,336.48,Online
O005608,2025-11-21,C01195,P009,3,1843.37,1277.0,276.51,5253.6,3831.0,1422.6,Online
O005609,2025-03-31,C00489,P009,2,1843.37,1277.0,553.01,3133.73,2554.0,579.73,Store
O005610,2025-07-27,C00074,P005,1,3123.65,2355.15,312.36,2811.29,2355.15,456.14,Online
O005611,2025-10-19,C01015,P006,1,3653.72,2501.63,0.0,3653.72,2501.63,1152.09,Store
O005612,2025-10-11,C01074,P013,1,889.0,519.78,0.0,889.0,519.78,369.22,Online
O005613,2025-04-28,C00682,P001,1,12212.51,9280.33,1221.25,10991.26,9280.33,1710.93,Online
O005614,2025-12-15,C01135,P002,2,5103.35,3862.76,0.0,10206.7,7725.52,2481.18,Online
O005615,2025-06-24,C00471,P007,1,692.39,399.57,0.0,692.39,399.57,292.82,Marketplace
O005616,2025-03-17,C01189,P007,1,692.39,399.57,34.62,657.77,399.57,258.2,Online
O005617,2025-04-11,C00778,P010,3,1487.5,884.68,0.0,4462.5,2654.04,1808.46,Store
O005618,2025-05-31,C00567,P001,1,12212.51,9280.33,0.0,12212.51,9280.33,2932.18,Online
O005619,2025-09-27,C00563,P003,1,1674.13,1006.35,83.71,1590.42,1006.35,584.07,Online
O005620,2025-03-12,C00362,P009,2,1843.37,1277.0,0.0,3686.74,2554.0,1132.74,Online
O005621,2025-06-29,C00290,P014,1,746.01,469.1,0.0,746.01,469.1,276.91,Online
O005622,2025-05-04,C01191,P014,1,746.01,469.1,74.6,671.41,469.1,202.31,Marketplace
O005623,2025-10-20,C00957,P009,1,1843.37,1277.0,0.0,1843.37,1277.0,566.37,Marketplace
O005624,2025-10-12,C00808,P014,2,746.01,469.1,0.0,1492.02,938.2,553.82,Store
O005625,2025-07-14,C00280,P016,1,802.2,467.64,80.22,721.98,467.64,254.34,Online
O005626,2025-08-16,C00542,P004,1,825.3,619.33,0.0,825.3,619.33,205.97,Online
O005627,2025-10-02,C01179,P010,2,1487.5,884.68,0.0,2975.0,1769.36,1205.64,Store
O005628,2025-04-16,C00044,P006,1,3653.72,2501.63,0.0,3653.72,2501.63,1152.09,Online
O005629,2025-01-21,C01093,P004,2,825.3,619.33,82.53,1568.07,1238.66,329.41,Online
O005630,2025-03-05,C00613,P009,1,1843.37,1277.0,0.0,1843.37,1277.0,566.37,Online
O005631,2025-06-14,C00962,P007,1,692.39,399.57,138.48,553.91,399.57,154.34,Store
O005632,2025-01-27,C00045,P014,1,746.01,469.1,0.0,746.01,469.1,276.91,Store
O005633,2025-11-07,C00916,P012,1,1008.95,650.79,151.34,857.61,650.79,206.82,Online
O005634,2025-10-12,C00431,P011,1,487.27,344.29,48.73,438.54,344.29,94.25,Online
O005635,2025-05-28,C00376,P014,1,746.01,469.1,74.6,671.41,469.1,202.31,Online
O005636,2025-10-08,C00827,P016,1,802.2,467.64,80.22,721.98,467.64,254.34,Online
O005637,2025-11-22,C00175,P004,3,825.3,619.33,123.79,2352.11,1857.99,494.12,Online
O005638,2025-11-15,C00818,P004,2,825.3,619.33,82.53,1568.07,1238.66,329.41,Online
O005639,2025-06-13,C01008,P015,1,1375.39,1038.91,68.77,1306.62,1038.91,267.71,Online
O005640,2025-08-12,C00610,P004,2,825.3,619.33,247.59,1403.01,1238.66,164.35,Marketplace
O005641,2025-09-29,C00509,P016,1,802.2,467.64,0.0,802.2,467.64,334.56,Online
O005642,2025-05-26,C01035,P001,1,12212.51,9280.33,0.0,12212.51,9280.33,2932.18,Online
O005643,2025-12-22,C00829,P012,1,1008.95,650.79,0.0,1008.95,650.79,358.16,Online
O005644,2025-01-30,C00084,P016,1,802.2,467.64,0.0,802.2,467.64,334.56,Online
O005645,2025-02-14,C01102,P010,1,1487.5,884.68,74.38,1413.12,884.68,528.44,Online
O005646,2025-10-02,C00402,P001,1,12212.51,9280.33,0.0,12212.51,9280.33,2932.18,Store
O005647,2025-02-03,C00948,P007,1,692.39,399.57,69.24,623.15,399.57,223.58,Store
O005648,2025-05-21,C00015,P010,2,1487.5,884.68,148.75,2826.25,1769.36,1056.89,Online
O005649,2025-11-14,C01053,P002,1,5103.35,3862.76,0.0,5103.35,3862.76,1240.59,Store
O005650,2025-08-09,C01135,P008,2,952.71,663.0,190.54,1714.88,1326.0,388.88,Store
O005651,2025-12-22,C00525,P008,2,952.71,663.0,0.0,1905.42,1326.0,579.42,Online
O005652,2025-01-22,C01064,P011,2,487.27,344.29,0.0,974.54,688.58,285.96,Online
O005653,2025-06-29,C00535,P009,2,1843.37,1277.0,184.34,3502.4,2554.0,948.4,Store
O005654,2025-11-25,C00647,P007,1,692.39,399.57,138.48,553.91,399.57,154.34,Marketplace
O005655,2025-08-19,C00069,P015,1,1375.39,1038.91,0.0,1375.39,1038.91,336.48,Online
O005656,2025-02-07,C00701,P005,1,3123.65,2355.15,156.18,2967.47,2355.15,612.32,Online
O005657,2025-03-11,C00741,P006,1,3653.72,2501.63,548.06,3105.66,2501.63,604.03,Online
O005658,2025-04-26,C00267,P013,1,889.0,519.78,0.0,889.0,519.78,369.22,Marketplace
O005659,2025-08-27,C00339,P008,1,952.71,663.0,142.91,809.8,663.0,146.8,Online
O005660,2025-12-01,C00007,P008,1,952.71,663.0,47.64,905.07,663.0,242.07,Online
O005661,2025-05-28,C00724,P009,2,1843.37,1277.0,368.67,3318.07,2554.0,764.07,Store
O005662,2025-01-09,C00949,P007,3,692.39,399.57,0.0,2077.17,1198.71,878.46,Online
O005663,2025-10-15,C00732,P007,1,692.39,399.57,138.48,553.91,399.57,154.34,Online
O005664,2025-02-19,C00046,P010,1,1487.5,884.68,0.0,1487.5,884.68,602.82,Marketplace
O005665,2025-12-04,C00287,P002,2,5103.35,3862.76,510.34,9696.36,7725.52,1970.84,Online
O005666,2025-01-05,C01060,P005,2,3123.65,2355.15,0.0,6247.3,4710.3,1537.0,Online
O005667,2025-12-09,C00255,P002,1,5103.35,3862.76,765.5,4337.85,3862.76,475.09,Online
O005668,2025-05-06,C00710,P010,1,1487.5,884.68,74.38,1413.12,884.68,528.44,Online
O005669,2025-03-16,C01058,P012,1,1008.95,650.79,100.9,908.05,650.79,257.26,Online
O005670,2025-06-14,C00419,P005,1,3123.65,2355.15,156.18,2967.47,2355.15,612.32,Online
O005671,2025-10-05,C00671,P008,1,952.71,663.0,0.0,952.71,663.0,289.71,Store
O005672,2025-11-20,C01098,P006,1,3653.72,2501.63,365.37,3288.35,2501.63,786.72,Online
O005673,2025-10-27,C01056,P005,1,3123.65,2355.15,0.0,3123.65,2355.15,768.5,Online
O005674,2025-10-17,C00728,P004,1,825.3,619.33,0.0,825.3,619.33,205.97,Online
O005675,2025-03-18,C00957,P014,2,746.01,469.1,149.2,1342.82,938.2,404.62,Store
O005676,2025-10-25,C00163,P011,2,487.27,344.29,48.73,925.81,688.58,237.23,Online
O005677,2025-05-17,C01052,P004,1,825.3,619.33,41.26,784.04,619.33,164.71,Store
O005678,2025-04-16,C00673,P010,1,1487.5,884.68,0.0,1487.5,884.68,602.82,Online
O005679,2025-04-05,C00694,P001,2,12212.51,9280.33,2442.5,21982.52,18560.66,3421.86,Online
O005680,2025-05-15,C00577,P004,2,825.3,619.33,165.06,1485.54,1238.66,246.88,Store
O005681,2025-03-09,C01046,P005,1,3123.65,2355.15,0.0,3123.65,2355.15,768.5,Store
O005682,2025-05-27,C00085,P008,3,952.71,663.0,0.0,2858.13,1989.0,869.13,Marketplace
O005683,2025-06-08,C00846,P012,1,1008.95,650.79,0.0,1008.95,650.79,358.16,Store
O005684,2025-06-12,C00431,P012,2,1008.95,650.79,0.0,2017.9,1301.58,716.32,Online
O005685,2025-12-07,C00127,P005,1,3123.65,2355.15,0.0,3123.65,2355.15,768.5,Store
O005686,2025-07-08,C00615,P015,2,1375.39,1038.91,0.0,2750.78,2077.82,672.96,Online
O005687,2025-12-05,C01010,P009,1,1843.37,1277.0,184.34,1659.03,1277.0,382.03,Online
O005688,2025-04-05,C00241,P005,1,3123.65,2355.15,0.0,3123.65,2355.15,768.5,Store
O005689,2025-06-30,C00509,P016,1,802.2,467.64,40.11,762.09,467.64,294.45,Online
O005690,2025-10-15,C00128,P010,2,1487.5,884.68,297.5,2677.5,1769.36,908.14,Online
O005691,2025-11-18,C00583,P010,1,1487.5,884.68,74.38,1413.12,884.68,528.44,Online
O005692,2025-07-06,C00544,P004,1,825.3,619.33,0.0,825.3,619.33,205.97,Store
O005693,2025-05-18,C00699,P014,1,746.01,469.1,0.0,746.01,469.1,276.91,Online
O005694,2025-05-10,C00746,P008,1,952.71,663.0,0.0,952.71,663.0,289.71,Online
O005695,2025-07-13,C00923,P014,1,746.01,469.1,37.3,708.71,469.1,239.61,Store
O005696,2025-11-12,C00770,P010,1,1487.5,884.68,0.0,1487.5,884.68,602.82,Store
O005697,2025-09-30,C00314,P016,1,802.2,467.64,0.0,802.2,467.64,334.56,Online
O005698,2025-12-18,C00129,P010,2,1487.5,884.68,446.25,2528.75,1769.36,759.39,Store
O005699,2025-05-24,C00414,P009,1,1843.37,1277.0,276.51,1566.86,1277.0,289.86,Online
O005700,2025-01-16,C00102,P002,1,5103.35,3862.76,765.5,4337.85,3862.76,475.09,Online
O005701,2025-10-29,C00493,P010,1,1487.5,884.68,74.38,1413.12,884.68,528.44,Online
O005702,2025-09-02,C00745,P014,2,746.01,469.1,223.8,1268.22,938.2,330.02,Online
O005703,2025-04-17,C01144,P007,1,692.39,399.57,69.24,623.15,399.57,223.58,Marketplace
O005704,2025-03-29,C00991,P014,1,746.01,469.1,0.0,746.01,469.1,276.91,Store
O005705,2025-05-09,C00730,P001,1,12212.51,9280.33,1221.25,10991.26,9280.33,1710.93,Online
O005706,2025-12-07,C00062,P014,2,746.01,469.1,0.0,1492.02,938.2,553.82,Online
O005707,2025-01-04,C00971,P003,1,1674.13,1006.35,0.0,1674.13,1006.35,667.78,Online
O005708,2025-11-23,C00658,P006,1,3653.72,2501.63,182.69,3471.03,2501.63,969.4,Online
O005709,2025-11-02,C00475,P008,1,952.71,663.0,0.0,952.71,663.0,289.71,Online
O005710,2025-04-05,C00497,P003,1,1674.13,1006.35,0.0,1674.13,1006.35,667.78,Online
O005711,2025-07-28,C01061,P012,1,1008.95,650.79,0.0,1008.95,650.79,358.16,Online
O005712,2025-08-13,C00755,P012,2,1008.95,650.79,100.9,1917.0,1301.58,615.42,Online
O005713,2025-12-14,C00191,P004,1,825.3,619.33,0.0,825.3,619.33,205.97,Online
O005714,2025-11-17,C00832,P010,1,1487.5,884.68,74.38,1413.12,884.68,528.44,Online
O005715,2025-02-16,C00487,P007,3,692.39,399.57,0.0,2077.17,1198.71,878.46,Online
O005716,2025-06-30,C00088,P006,2,3653.72,2501.63,365.37,6942.07,5003.26,1938.81,Store
O005717,2025-04-16,C01113,P015,1,1375.39,1038.91,206.31,1169.08,1038.91,130.17,Marketplace
O005718,2025-07-18,C00129,P007,1,692.39,399.57,0.0,692.39,399.57,292.82,Marketplace
O005719,2025-04-16,C01065,P004,2,825.3,619.33,0.0,1650.6,1238.66,411.94,Online
O005720,2025-10-07,C00828,P008,2,952.71,663.0,0.0,1905.42,1326.0,579.42,Store
O005721,2025-09-17,C00277,P001,1,12212.51,9280.33,0.0,12212.51,9280.33,2932.18,Store
O005722,2025-04-18,C00381,P010,1,1487.5,884.68,148.75,1338.75,884.68,454.07,Online
O005723,2025-01-19,C00985,P009,1,1843.37,1277.0,184.34,1659.03,1277.0,382.03,Online
O005724,2025-10-23,C00062,P009,1,1843.37,1277.0,92.17,1751.2,1277.0,474.2,Store
O005725,2025-11-02,C00341,P016,1,802.2,467.64,0.0,802.2,467.64,334.56,Online
O005726,2025-06-20,C00671,P003,2,1674.13,1006.35,0.0,3348.26,2012.7,1335.56,Online
O005727,2025-11-27,C00620,P009,1,1843.37,1277.0,0.0,1843.37,1277.0,566.37,Online
O005728,2025-07-14,C00914,P003,1,1674.13,1006.35,251.12,1423.01,1006.35,416.66,Online
O005729,2025-01-12,C00445,P011,1,487.27,344.29,48.73,438.54,344.29,94.25,Online
O005730,2025-07-14,C00896,P013,1,889.0,519.78,0.0,889.0,519.78,369.22,Online
O005731,2025-10-10,C00021,P005,1,3123.65,2355.15,312.36,2811.29,2355.15,456.14,Online
O005732,2025-07-01,C00023,P013,1,889.0,519.78,133.35,755.65,519.78,235.87,Online
O005733,2025-11-01,C00857,P003,3,1674.13,1006.35,0.0,5022.39,3019.05,2003.34,Marketplace
O005734,2025-05-24,C00373,P005,1,3123.65,2355.15,312.36,2811.29,2355.15,456.14,Online
O005735,2025-11-12,C00280,P009,1,1843.37,1277.0,0.0,1843.37,1277.0,566.37,Online
O005736,2025-07-01,C00108,P008,1,952.71,663.0,0.0,952.71,663.0,289.71,Store
O005737,2025-01-30,C00553,P002,4,5103.35,3862.76,1020.67,19392.73,15451.04,3941.69,Online
O005738,2025-03-25,C01055,P014,1,746.01,469.1,0.0,746.01,469.1,276.91,Store
O005739,2025-06-15,C01067,P011,1,487.27,344.29,0.0,487.27,344.29,142.98,Marketplace
O005740,2025-10-11,C00676,P011,1,487.27,344.29,24.36,462.91,344.29,118.62,Marketplace
O005741,2025-10-08,C00667,P015,1,1375.39,1038.91,68.77,1306.62,1038.91,267.71,Store
O005742,2025-04-06,C00762,P015,1,1375.39,1038.91,68.77,1306.62,1038.91,267.71,Online
O005743,2025-09-23,C00723,P011,1,487.27,344.29,24.36,462.91,344.29,118.62,Marketplace
O005744,2025-10-25,C00981,P014,1,746.01,469.1,0.0,746.01,469.1,276.91,Online
O005745,2025-10-23,C00440,P014,3,746.01,469.1,0.0,2238.03,1407.3,830.73,Online
O005746,2025-08-13,C00842,P004,1,825.3,619.33,0.0,825.3,619.33,205.97,Online
O005747,2025-11-29,C00515,P009,1,1843.37,1277.0,0.0,1843.37,1277.0,566.37,Online
O005748,2025-12-27,C01045,P014,1,746.01,469.1,0.0,746.01,469.1,276.91,Online
O005749,2025-02-11,C00756,P005,1,3123.65,2355.15,0.0,3123.65,2355.15,768.5,Online
O005750,2025-10-30,C00190,P012,1,1008.95,650.79,50.45,958.5,650.79,307.71,Store
O005751,2025-09-03,C00838,P012,1,1008.95,650.79,0.0,1008.95,650.79,358.16,Online
O005752,2025-07-27,C01121,P011,1,487.27,344.29,0.0,487.27,344.29,142.98,Online
O005753,2025-08-25,C00385,P006,2,3653.72,2501.63,365.37,6942.07,5003.26,1938.81,Online
O005754,2025-01-22,C00975,P014,1,746.01,469.1,149.2,596.81,469.1,127.71,Online
O005755,2025-07-04,C01004,P002,2,5103.35,3862.76,0.0,10206.7,7725.52,2481.18,Online
O005756,2025-08-30,C00197,P001,1,12212.51,9280.33,1831.88,10380.63,9280.33,1100.3,Store
O005757,2025-12-29,C01036,P003,2,1674.13,1006.35,0.0,3348.26,2012.7,1335.56,Online
O005758,2025-10-10,C00310,P005,1,3123.65,2355.15,0.0,3123.65,2355.15,768.5,Online
O005759,2025-02-10,C00606,P014,1,746.01,469.1,37.3,708.71,469.1,239.61,Online
O005760,2025-12-02,C00272,P016,1,802.2,467.64,0.0,802.2,467.64,334.56,Online
O005761,2025-06-11,C00880,P004,3,825.3,619.33,247.59,2228.31,1857.99,370.32,Online
O005762,2025-06-09,C01032,P007,1,692.39,399.57,103.86,588.53,399.57,188.96,Online
O005763,2025-03-30,C00992,P016,2,802.2,467.64,80.22,1524.18,935.28,588.9,Online
O005764,2025-11-18,C00453,P002,1,5103.35,3862.76,0.0,5103.35,3862.76,1240.59,Store
O005765,2025-01-12,C00287,P004,1,825.3,619.33,41.26,784.04,619.33,164.71,Online
O005766,2025-03-14,C00412,P015,1,1375.39,1038.91,275.08,1100.31,1038.91,61.4,Online
O005767,2025-03-17,C00318,P002,1,5103.35,3862.76,0.0,5103.35,3862.76,1240.59,Online
O005768,2025-12-12,C00578,P008,2,952.71,663.0,0.0,1905.42,1326.0,579.42,Online
O005769,2025-07-20,C00720,P013,2,889.0,519.78,0.0,1778.0,1039.56,738.44,Online
O005770,2025-01-10,C00178,P014,3,746.01,469.1,0.0,2238.03,1407.3,830.73,Online
O005771,2025-12-18,C00299,P009,1,1843.37,1277.0,0.0,1843.37,1277.0,566.37,Online
O005772,2025-08-14,C00936,P005,2,3123.65,2355.15,312.36,5934.94,4710.3,1224.64,Online
O005773,2025-06-25,C00969,P002,1,5103.35,3862.76,255.17,4848.18,3862.76,985.42,Online
O005774,2025-10-03,C00016,P012,2,1008.95,650.79,201.79,1816.11,1301.58,514.53,Marketplace
O005775,2025-02-08,C00895,P016,1,802.2,467.64,40.11,762.09,467.64,294.45,Online
O005776,2025-03-01,C00156,P003,3,1674.13,1006.35,0.0,5022.39,3019.05,2003.34,Online
O005777,2025-03-07,C00785,P015,2,1375.39,1038.91,137.54,2613.24,2077.82,535.42,Store
O005778,2025-11-17,C00494,P012,2,1008.95,650.79,0.0,2017.9,1301.58,716.32,Store
O005779,2025-05-04,C00474,P001,1,12212.51,9280.33,0.0,12212.51,9280.33,2932.18,Online
O005780,2025-06-13,C01194,P011,3,487.27,344.29,146.18,1315.63,1032.87,282.76,Online
O005781,2025-06-08,C00969,P002,2,5103.35,3862.76,510.34,9696.36,7725.52,1970.84,Online
O005782,2025-02-26,C00222,P008,1,952.71,663.0,0.0,952.71,663.0,289.71,Online
O005783,2025-03-19,C00543,P014,2,746.01,469.1,149.2,1342.82,938.2,404.62,Online
O005784,2025-07-13,C00678,P004,1,825.3,619.33,0.0,825.3,619.33,205.97,Online
O005785,2025-10-12,C00141,P003,1,1674.13,1006.35,0.0,1674.13,1006.35,667.78,Online
O005786,2025-01-15,C00648,P004,1,825.3,619.33,0.0,825.3,619.33,205.97,Online
O005787,2025-01-12,C00748,P008,1,952.71,663.0,0.0,952.71,663.0,289.71,Store
O005788,2025-04-11,C00014,P011,1,487.27,344.29,48.73,438.54,344.29,94.25,Store
O005789,2025-06-05,C00397,P015,2,1375.39,1038.91,0.0,2750.78,2077.82,672.96,Online
O005790,2025-12-06,C01107,P010,1,1487.5,884.68,148.75,1338.75,884.68,454.07,Online
O005791,2025-05-05,C00924,P015,1,1375.39,1038.91,68.77,1306.62,1038.91,267.71,Online
O005792,2025-12-25,C00948,P001,2,12212.51,9280.33,1221.25,23203.77,18560.66,4643.11,Online
O005793,2025-10-07,C00228,P006,1,3653.72,2501.63,182.69,3471.03,2501.63,969.4,Online
O005794,2025-04-20,C01131,P008,2,952.71,663.0,285.81,1619.61,1326.0,293.61,Online
O005795,2025-11-30,C01158,P016,1,802.2,467.64,40.11,762.09,467.64,294.45,Store
O005796,2025-12-23,C00767,P013,1,889.0,519.78,0.0,889.0,519.78,369.22,Online
O005797,2025-05-26,C00768,P002,1,5103.35,3862.76,0.0,5103.35,3862.76,1240.59,Marketplace
O005798,2025-08-04,C00485,P008,1,952.71,663.0,47.64,905.07,663.0,242.07,Marketplace
O005799,2025-06-11,C00711,P012,2,1008.95,650.79,100.9,1917.0,1301.58,615.42,Store
O005800,2025-05-08,C01123,P007,1,692.39,399.57,34.62,657.77,399.57,258.2,Online
O005801,2025-11-10,C00434,P013,1,889.0,519.78,0.0,889.0,519.78,369.22,Online
O005802,2025-11-28,C00528,P010,1,1487.5,884.68,0.0,1487.5,884.68,602.82,Store
O005803,2025-05-30,C00607,P012,2,1008.95,650.79,403.58,1614.32,1301.58,312.74,Online
O005804,2025-02-05,C00415,P012,1,1008.95,650.79,50.45,958.5,650.79,307.71,Store
O005805,2025-06-22,C00783,P012,1,1008.95,650.79,0.0,1008.95,650.79,358.16,Online
O005806,2025-01-22,C00026,P016,1,802.2,467.64,40.11,762.09,467.64,294.45,Online
O005807,2025-07-25,C00374,P015,1,1375.39,1038.91,68.77,1306.62,1038.91,267.71,Online
O005808,2025-05-07,C00054,P005,3,3123.65,2355.15,937.1,8433.85,7065.45,1368.4,Store
O005809,2025-12-02,C00133,P004,1,825.3,619.33,0.0,825.3,619.33,205.97,Store
O005810,2025-12-22,C00241,P001,4,12212.51,9280.33,4885.0,43965.04,37121.32,6843.72,Store
O005811,2025-08-05,C00893,P001,1,12212.51,9280.33,0.0,12212.51,9280.33,2932.18,Online
O005812,2025-04-06,C01171,P001,2,12212.51,9280.33,0.0,24425.02,18560.66,5864.36,Online
O005813,2025-06-13,C00101,P007,4,692.39,399.57,0.0,2769.56,1598.28,1171.28,Online
O005814,2025-05-28,C00345,P001,1,12212.51,9280.33,1221.25,10991.26,9280.33,1710.93,Store
O005815,2025-01-18,C01073,P015,1,1375.39,1038.91,0.0,1375.39,1038.91,336.48,Online
O005816,2025-10-21,C00102,P003,1,1674.13,1006.35,83.71,1590.42,1006.35,584.07,Online
O005817,2025-07-14,C00790,P005,2,3123.65,2355.15,0.0,6247.3,4710.3,1537.0,Online
O005818,2025-05-31,C00875,P013,1,889.0,519.78,0.0,889.0,519.78,369.22,Online
O005819,2025-12-31,C00415,P011,3,487.27,344.29,0.0,1461.81,1032.87,428.94,Store
O005820,2025-05-03,C01153,P004,4,825.3,619.33,330.12,2971.08,2477.32,493.76,Online
O005821,2025-07-06,C00726,P004,3,825.3,619.33,0.0,2475.9,1857.99,617.91,Online
O005822,2025-05-29,C01166,P015,2,1375.39,1038.91,137.54,2613.24,2077.82,535.42,Store
O005823,2025-04-14,C00358,P012,1,1008.95,650.79,0.0,1008.95,650.79,358.16,Online
O005824,2025-08-31,C00957,P009,2,1843.37,1277.0,184.34,3502.4,2554.0,948.4,Online
O005825,2025-08-19,C00969,P007,1,692.39,399.57,0.0,692.39,399.57,292.82,Online
O005826,2025-07-25,C00232,P016,2,802.2,467.64,0.0,1604.4,935.28,669.12,Online
O005827,2025-07-17,C00578,P016,1,802.2,467.64,0.0,802.2,467.64,334.56,Store
O005828,2025-12-03,C00683,P010,1,1487.5,884.68,0.0,1487.5,884.68,602.82,Online
O005829,2025-03-28,C01186,P016,2,802.2,467.64,0.0,1604.4,935.28,669.12,Online
O005830,2025-05-22,C00074,P003,1,1674.13,1006.35,0.0,1674.13,1006.35,667.78,Online
O005831,2025-11-13,C00521,P014,1,746.01,469.1,0.0,746.01,469.1,276.91,Online
O005832,2025-07-18,C01006,P004,1,825.3,619.33,41.26,784.04,619.33,164.71,Marketplace
O005833,2025-02-15,C01179,P007,1,692.39,399.57,0.0,692.39,399.57,292.82,Online
O005834,2025-10-15,C00157,P008,2,952.71,663.0,0.0,1905.42,1326.0,579.42,Online
O005835,2025-01-15,C00658,P013,1,889.0,519.78,0.0,889.0,519.78,369.22,Store
O005836,2025-02-13,C00978,P012,1,1008.95,650.79,0.0,1008.95,650.79,358.16,Online
O005837,2025-06-18,C00868,P006,1,3653.72,2501.63,182.69,3471.03,2501.63,969.4,Online
O005838,2025-11-06,C01125,P016,1,802.2,467.64,0.0,802.2,467.64,334.56,Online
O005839,2025-02-13,C01144,P006,1,3653.72,2501.63,365.37,3288.35,2501.63,786.72,Online
O005840,2025-04-08,C00595,P012,1,1008.95,650.79,0.0,1008.95,650.79,358.16,Marketplace
O005841,2025-09-18,C00262,P005,1,3123.65,2355.15,0.0,3123.65,2355.15,768.5,Online
O005842,2025-04-19,C01046,P014,1,746.01,469.1,111.9,634.11,469.1,165.01,Store
O005843,2025-10-10,C01163,P009,2,1843.37,1277.0,368.67,3318.07,2554.0,764.07,Online
O005844,2025-12-09,C00114,P011,1,487.27,344.29,0.0,487.27,344.29,142.98,Store
O005845,2025-04-14,C00989,P003,1,1674.13,1006.35,0.0,1674.13,1006.35,667.78,Marketplace
O005846,2025-09-13,C00617,P007,1,692.39,399.57,0.0,692.39,399.57,292.82,Online
O005847,2025-07-25,C01030,P003,1,1674.13,1006.35,0.0,1674.13,1006.35,667.78,Online
O005848,2025-12-01,C00289,P015,1,1375.39,1038.91,68.77,1306.62,1038.91,267.71,Online
O005849,2025-02-12,C00386,P013,1,889.0,519.78,88.9,800.1,519.78,280.32,Online
O005850,2025-12-19,C00722,P014,1,746.01,469.1,37.3,708.71,469.1,239.61,Online
O005851,2025-09-02,C01181,P004,1,825.3,619.33,0.0,825.3,619.33,205.97,Store
O005852,2025-10-14,C00944,P001,2,12212.51,9280.33,0.0,24425.02,18560.66,5864.36,Online
O005853,2025-12-21,C00819,P009,1,1843.37,1277.0,276.51,1566.86,1277.0,289.86,Online
O005854,2025-09-30,C00559,P009,2,1843.37,1277.0,0.0,3686.74,2554.0,1132.74,Store
O005855,2025-03-24,C00033,P010,1,1487.5,884.68,0.0,1487.5,884.68,602.82,Store
O005856,2025-04-20,C00971,P009,1,1843.37,1277.0,0.0,1843.37,1277.0,566.37,Store
O005857,2025-07-09,C00308,P004,3,825.3,619.33,0.0,2475.9,1857.99,617.91,Store
O005858,2025-10-15,C00146,P014,1,746.01,469.1,111.9,634.11,469.1,165.01,Online
O005859,2025-09-08,C00439,P005,2,3123.65,2355.15,624.73,5622.57,4710.3,912.27,Online
O005860,2025-07-31,C00758,P015,3,1375.39,1038.91,0.0,4126.17,3116.73,1009.44,Online
O005861,2025-10-18,C01030,P003,1,1674.13,1006.35,0.0,1674.13,1006.35,667.78,Online
O005862,2025-05-13,C00387,P010,1,1487.5,884.68,0.0,1487.5,884.68,602.82,Online
O005863,2025-07-20,C00844,P010,2,1487.5,884.68,297.5,2677.5,1769.36,908.14,Online
O005864,2025-10-12,C00384,P010,2,1487.5,884.68,0.0,2975.0,1769.36,1205.64,Online
O005865,2025-11-22,C00853,P006,1,3653.72,2501.63,0.0,3653.72,2501.63,1152.09,Online
O005866,2025-04-05,C00473,P011,2,487.27,344.29,97.45,877.09,688.58,188.51,Online
O005867,2025-10-05,C00348,P005,1,3123.65,2355.15,156.18,2967.47,2355.15,612.32,Online
O005868,2025-11-21,C00171,P015,1,1375.39,1038.91,0.0,1375.39,1038.91,336.48,Online
O005869,2025-08-07,C00785,P002,3,5103.35,3862.76,1531.0,13779.05,11588.28,2190.77,Marketplace
O005870,2025-03-30,C00531,P016,2,802.2,467.64,80.22,1524.18,935.28,588.9,Online
O005871,2025-03-13,C00104,P008,3,952.71,663.0,0.0,2858.13,1989.0,869.13,Marketplace
O005872,2025-09-04,C00106,P015,1,1375.39,1038.91,137.54,1237.85,1038.91,198.94,Online
O005873,2025-05-09,C00389,P011,1,487.27,344.29,0.0,487.27,344.29,142.98,Store
O005874,2025-07-31,C00175,P006,1,3653.72,2501.63,0.0,3653.72,2501.63,1152.09,Online
O005875,2025-12-09,C00219,P016,1,802.2,467.64,0.0,802.2,467.64,334.56,Online
O005876,2025-04-06,C00692,P014,1,746.01,469.1,74.6,671.41,469.1,202.31,Online
O005877,2025-03-16,C00688,P009,1,1843.37,1277.0,0.0,1843.37,1277.0,566.37,Online
O005878,2025-02-23,C00803,P012,2,1008.95,650.79,0.0,2017.9,1301.58,716.32,Online
O005879,2025-12-10,C00138,P011,2,487.27,344.29,48.73,925.81,688.58,237.23,Store
O005880,2025-02-23,C01131,P004,1,825.3,619.33,41.26,784.04,619.33,164.71,Store
O005881,2025-08-06,C00970,P006,1,3653.72,2501.63,182.69,3471.03,2501.63,969.4,Online
O005882,2025-01-16,C00623,P006,1,3653.72,2501.63,365.37,3288.35,2501.63,786.72,Store
O005883,2025-04-09,C00211,P010,1,1487.5,884.68,74.38,1413.12,884.68,528.44,Online
O005884,2025-01-20,C01032,P004,1,825.3,619.33,0.0,825.3,619.33,205.97,Store
O005885,2025-02-15,C00444,P012,2,1008.95,650.79,0.0,2017.9,1301.58,716.32,Online
O005886,2025-07-12,C00389,P004,1,825.3,619.33,0.0,825.3,619.33,205.97,Online
O005887,2025-02-27,C00012,P004,2,825.3,619.33,165.06,1485.54,1238.66,246.88,Online
O005888,2025-04-21,C00923,P010,2,1487.5,884.68,0.0,2975.0,1769.36,1205.64,Online
O005889,2025-05-09,C01037,P010,2,1487.5,884.68,0.0,2975.0,1769.36,1205.64,Marketplace
O005890,2025-12-03,C01052,P013,1,889.0,519.78,44.45,844.55,519.78,324.77,Online
O005891,2025-07-13,C01111,P005,1,3123.65,2355.15,468.55,2655.1,2355.15,299.95,Online
O005892,2025-12-06,C00507,P013,1,889.0,519.78,44.45,844.55,519.78,324.77,Marketplace
O005893,2025-11-22,C00209,P014,1,746.01,469.1,0.0,746.01,469.1,276.91,Online
O005894,2025-01-08,C00254,P011,1,487.27,344.29,0.0,487.27,344.29,142.98,Online
O005895,2025-01-29,C00053,P004,1,825.3,619.33,0.0,825.3,619.33,205.97,Online
O005896,2025-04-22,C00282,P007,1,692.39,399.57,0.0,692.39,399.57,292.82,Store
O005897,2025-06-10,C00350,P008,1,952.71,663.0,0.0,952.71,663.0,289.71,Marketplace
O005898,2025-05-11,C00026,P005,1,3123.65,2355.15,156.18,2967.47,2355.15,612.32,Store
O005899,2025-07-07,C00516,P013,1,889.0,519.78,0.0,889.0,519.78,369.22,Store
O005900,2025-06-12,C00498,P006,1,3653.72,2501.63,0.0,3653.72,2501.63,1152.09,Online
O005901,2025-07-16,C00519,P006,1,3653.72,2501.63,0.0,3653.72,2501.63,1152.09,Store
O005902,2025-12-30,C00918,P016,1,802.2,467.64,0.0,802.2,467.64,334.56,Online
O005903,2025-07-23,C00406,P016,1,802.2,467.64,120.33,681.87,467.64,214.23,Online
O005904,2025-07-31,C00810,P016,1,802.2,467.64,160.44,641.76,467.64,174.12,Store
O005905,2025-04-19,C01023,P016,2,802.2,467.64,0.0,1604.4,935.28,669.12,Online
O005906,2025-10-03,C00693,P006,2,3653.72,2501.63,730.74,6576.7,5003.26,1573.44,Online
O005907,2025-03-14,C00494,P007,2,692.39,399.57,138.48,1246.3,799.14,447.16,Online
O005908,2025-06-16,C00150,P001,2,12212.51,9280.33,2442.5,21982.52,18560.66,3421.86,Store
O005909,2025-09-17,C01010,P005,1,3123.65,2355.15,0.0,3123.65,2355.15,768.5,Marketplace
O005910,2025-08-31,C00706,P009,1,1843.37,1277.0,0.0,1843.37,1277.0,566.37,Store
O005911,2025-10-02,C00895,P007,1,692.39,399.57,0.0,692.39,399.57,292.82,Store
O005912,2025-04-12,C00480,P011,2,487.27,344.29,0.0,974.54,688.58,285.96,Store
O005913,2025-06-22,C01130,P006,2,3653.72,2501.63,0.0,7307.44,5003.26,2304.18,Online
O005914,2025-06-20,C00781,P007,3,692.39,399.57,103.86,1973.31,1198.71,774.6,Store
O005915,2025-05-21,C00941,P014,1,746.01,469.1,0.0,746.01,469.1,276.91,Marketplace
O005916,2025-07-07,C00082,P009,1,1843.37,1277.0,184.34,1659.03,1277.0,382.03,Online
O005917,2025-03-27,C00936,P008,1,952.71,663.0,47.64,905.07,663.0,242.07,Online
O005918,2025-02-21,C00482,P003,2,1674.13,1006.35,167.41,3180.85,2012.7,1168.15,Store
O005919,2025-04-21,C00384,P003,1,1674.13,1006.35,0.0,1674.13,1006.35,667.78,Online
O005920,2025-12-31,C00958,P002,1,5103.35,3862.76,510.34,4593.01,3862.76,730.25,Marketplace
O005921,2025-12-08,C00007,P016,1,802.2,467.64,0.0,802.2,467.64,334.56,Online
O005922,2025-02-12,C00610,P010,1,1487.5,884.68,74.38,1413.12,884.68,528.44,Store
O005923,2025-07-30,C00819,P007,2,692.39,399.57,0.0,1384.78,799.14,585.64,Online
O005924,2025-07-19,C00850,P005,2,3123.65,2355.15,0.0,6247.3,4710.3,1537.0,Marketplace
O005925,2025-10-25,C00667,P012,1,1008.95,650.79,100.9,908.05,650.79,257.26,Online
O005926,2025-12-12,C00573,P012,1,1008.95,650.79,0.0,1008.95,650.79,358.16,Marketplace
O005927,2025-08-28,C01194,P011,1,487.27,344.29,0.0,487.27,344.29,142.98,Store
O005928,2025-04-25,C00387,P002,2,5103.35,3862.76,510.34,9696.36,7725.52,1970.84,Online
O005929,2025-01-26,C00198,P014,1,746.01,469.1,37.3,708.71,469.1,239.61,Online
O005930,2025-10-26,C00204,P001,1,12212.51,9280.33,0.0,12212.51,9280.33,2932.18,Online
O005931,2025-03-18,C00472,P014,1,746.01,469.1,74.6,671.41,469.1,202.31,Store
O005932,2025-05-17,C00021,P011,2,487.27,344.29,0.0,974.54,688.58,285.96,Online
O005933,2025-01-20,C01018,P005,1,3123.65,2355.15,0.0,3123.65,2355.15,768.5,Online
O005934,2025-07-30,C00998,P015,2,1375.39,1038.91,412.62,2338.16,2077.82,260.34,Marketplace
O005935,2025-08-28,C00407,P006,1,3653.72,2501.63,365.37,3288.35,2501.63,786.72,Online
O005936,2025-02-08,C01057,P003,1,1674.13,1006.35,167.41,1506.72,1006.35,500.37,Store
O005937,2025-09-25,C01168,P008,1,952.71,663.0,95.27,857.44,663.0,194.44,Store
O005938,2025-07-26,C00656,P005,3,3123.65,2355.15,0.0,9370.95,7065.45,2305.5,Marketplace
O005939,2025-09-24,C00904,P011,3,487.27,344.29,0.0,1461.81,1032.87,428.94,Store
O005940,2025-06-03,C01020,P007,1,692.39,399.57,0.0,692.39,399.57,292.82,Store
O005941,2025-02-11,C00422,P008,4,952.71,663.0,0.0,3810.84,2652.0,1158.84,Online
O005942,2025-01-11,C01096,P013,1,889.0,519.78,0.0,889.0,519.78,369.22,Store
O005943,2025-10-21,C00685,P009,1,1843.37,1277.0,0.0,1843.37,1277.0,566.37,Online
O005944,2025-04-08,C01091,P004,1,825.3,619.33,0.0,825.3,619.33,205.97,Store
O005945,2025-10-02,C00610,P012,2,1008.95,650.79,100.9,1917.0,1301.58,615.42,Marketplace
O005946,2025-08-18,C00265,P003,1,1674.13,1006.35,0.0,1674.13,1006.35,667.78,Store
O005947,2025-08-08,C00049,P003,1,1674.13,1006.35,0.0,1674.13,1006.35,667.78,Online
O005948,2025-03-06,C00866,P003,1,1674.13,1006.35,83.71,1590.42,1006.35,584.07,Online
O005949,2025-12-21,C00393,P006,2,3653.72,2501.63,0.0,7307.44,5003.26,2304.18,Online
O005950,2025-08-20,C00980,P001,1,12212.51,9280.33,0.0,12212.51,9280.33,2932.18,Online
O005951,2025-11-24,C00385,P010,1,1487.5,884.68,0.0,1487.5,884.68,602.82,Store
O005952,2025-02-21,C00629,P010,1,1487.5,884.68,0.0,1487.5,884.68,602.82,Online
O005953,2025-09-20,C00093,P001,1,12212.51,9280.33,0.0,12212.51,9280.33,2932.18,Online
O005954,2025-09-24,C00599,P004,1,825.3,619.33,0.0,825.3,619.33,205.97,Online
O005955,2025-12-25,C00933,P010,1,1487.5,884.68,74.38,1413.12,884.68,528.44,Store
O005956,2025-11-13,C00301,P005,1,3123.65,2355.15,156.18,2967.47,2355.15,612.32,Online
O005957,2025-11-20,C00951,P005,1,3123.65,2355.15,0.0,3123.65,2355.15,768.5,Store
O005958,2025-06-03,C00158,P016,2,802.2,467.64,240.66,1363.74,935.28,428.46,Store
O005959,2025-12-24,C01006,P014,1,746.01,469.1,0.0,746.01,469.1,276.91,Online
O005960,2025-05-20,C00131,P007,1,692.39,399.57,0.0,692.39,399.57,292.82,Online
O005961,2025-02-20,C00437,P003,1,1674.13,1006.35,83.71,1590.42,1006.35,584.07,Online
O005962,2025-04-27,C00330,P002,1,5103.35,3862.76,0.0,5103.35,3862.76,1240.59,Online
O005963,2025-02-15,C00740,P004,1,825.3,619.33,0.0,825.3,619.33,205.97,Store
O005964,2025-11-05,C00840,P003,1,1674.13,1006.35,167.41,1506.72,1006.35,500.37,Store
O005965,2025-03-29,C00458,P009,1,1843.37,1277.0,92.17,1751.2,1277.0,474.2,Store
O005966,2025-07-27,C01022,P013,2,889.0,519.78,88.9,1689.1,1039.56,649.54,Online
O005967,2025-09-26,C00220,P012,2,1008.95,650.79,201.79,1816.11,1301.58,514.53,Online
O005968,2025-03-30,C00395,P004,2,825.3,619.33,0.0,1650.6,1238.66,411.94,Online
O005969,2025-04-28,C00802,P005,1,3123.65,2355.15,468.55,2655.1,2355.15,299.95,Store
O005970,2025-02-23,C00392,P008,1,952.71,663.0,0.0,952.71,663.0,289.71,Store
O005971,2025-04-26,C00648,P009,1,1843.37,1277.0,0.0,1843.37,1277.0,566.37,Online
O005972,2025-04-28,C00862,P015,1,1375.39,1038.91,275.08,1100.31,1038.91,61.4,Store
O005973,2025-09-17,C00153,P012,1,1008.95,650.79,50.45,958.5,650.79,307.71,Online
O005974,2025-03-16,C00113,P012,1,1008.95,650.79,50.45,958.5,650.79,307.71,Store
O005975,2025-11-01,C00449,P011,1,487.27,344.29,73.09,414.18,344.29,69.89,Store
O005976,2025-01-07,C00922,P014,1,746.01,469.1,37.3,708.71,469.1,239.61,Online
O005977,2025-05-02,C01077,P006,1,3653.72,2501.63,365.37,3288.35,2501.63,786.72,Online
O005978,2025-01-11,C00217,P002,2,5103.35,3862.76,0.0,10206.7,7725.52,2481.18,Online
O005979,2025-12-14,C00019,P009,1,1843.37,1277.0,184.34,1659.03,1277.0,382.03,Online
O005980,2025-08-03,C00140,P004,2,825.3,619.33,0.0,1650.6,1238.66,411.94,Online
O005981,2025-10-06,C00909,P012,1,1008.95,650.79,0.0,1008.95,650.79,358.16,Online
O005982,2025-01-28,C00573,P004,3,825.3,619.33,0.0,2475.9,1857.99,617.91,Store
O005983,2025-08-23,C00637,P014,1,746.01,469.1,0.0,746.01,469.1,276.91,Online
O005984,2025-11-09,C00560,P005,3,3123.65,2355.15,0.0,9370.95,7065.45,2305.5,Online
O005985,2025-01-26,C01020,P002,2,5103.35,3862.76,510.34,9696.36,7725.52,1970.84,Online
O005986,2025-02-23,C00169,P004,2,825.3,619.33,330.12,1320.48,1238.66,81.82,Online
O005987,2025-01-29,C00955,P001,1,12212.51,9280.33,0.0,12212.51,9280.33,2932.18,Online
O005988,2025-12-19,C00097,P010,1,1487.5,884.68,0.0,1487.5,884.68,602.82,Store
O005989,2025-06-13,C00950,P008,1,952.71,663.0,95.27,857.44,663.0,194.44,Store
O005990,2025-09-27,C01086,P016,1,802.2,467.64,0.0,802.2,467.64,334.56,Store
O005991,2025-11-30,C00123,P007,1,692.39,399.57,0.0,692.39,399.57,292.82,Store
O005992,2025-02-04,C00467,P004,2,825.3,619.33,0.0,1650.6,1238.66,411.94,Online
O005993,2025-10-13,C01025,P005,1,3123.65,2355.15,312.36,2811.29,2355.15,456.14,Online
O005994,2025-12-14,C00957,P001,1,12212.51,9280.33,0.0,12212.51,9280.33,2932.18,Online
O005995,2025-09-30,C00393,P002,1,5103.35,3862.76,0.0,5103.35,3862.76,1240.59,Marketplace
O005996,2025-07-27,C00502,P005,1,3123.65,2355.15,312.36,2811.29,2355.15,456.14,Marketplace
O005997,2025-08-26,C00777,P012,1,1008.95,650.79,100.9,908.05,650.79,257.26,Online
O005998,2025-04-03,C00753,P003,2,1674.13,1006.35,0.0,3348.26,2012.7,1335.56,Online
O005999,2025-06-22,C00556,P008,2,952.71,663.0,0.0,1905.42,1326.0,579.42,Online
O006000,2025-03-20,C00317,P012,2,1008.95,650.79,201.79,1816.11,1301.58,514.53,Online
O006001,2025-04-20,C00059,P011,1,487.27,344.29,0.0,487.27,344.29,142.98,Online
O006002,2025-08-05,C00318,P007,1,692.39,399.57,69.24,623.15,399.57,223.58,Online
O006003,2025-12-24,C00137,P004,1,825.3,619.33,123.79,701.51,619.33,82.18,Online
O006004,2025-04-16,C00282,P001,1,12212.51,9280.33,0.0,12212.51,9280.33,2932.18,Online
O006005,2025-02-16,C00824,P007,1,692.39,399.57,0.0,692.39,399.57,292.82,Store
O006006,2025-06-30,C00362,P003,3,1674.13,1006.35,0.0,5022.39,3019.05,2003.34,Online
O006007,2025-03-05,C00869,P015,1,1375.39,1038.91,206.31,1169.08,1038.91,130.17,Store
O006008,2025-09-03,C00749,P007,1,692.39,399.57,34.62,657.77,399.57,258.2,Online
O006009,2025-09-01,C00870,P004,1,825.3,619.33,0.0,825.3,619.33,205.97,Marketplace
O006010,2025-11-16,C00641,P010,1,1487.5,884.68,0.0,1487.5,884.68,602.82,Store
O006011,2025-03-28,C00175,P009,2,1843.37,1277.0,0.0,3686.74,2554.0,1132.74,Online
O006012,2025-08-05,C00649,P005,1,3123.65,2355.15,0.0,3123.65,2355.15,768.5,Online
O006013,2025-01-07,C00756,P002,1,5103.35,3862.76,0.0,5103.35,3862.76,1240.59,Online
O006014,2025-10-05,C00637,P002,1,5103.35,3862.76,0.0,5103.35,3862.76,1240.59,Online
O006015,2025-12-03,C01137,P012,1,1008.95,650.79,100.9,908.05,650.79,257.26,Online
O006016,2025-07-29,C00423,P011,2,487.27,344.29,0.0,974.54,688.58,285.96,Online
O006017,2025-06-18,C00689,P001,3,12212.51,9280.33,0.0,36637.53,27840.99,8796.54,Online
O006018,2025-11-26,C01019,P003,1,1674.13,1006.35,167.41,1506.72,1006.35,500.37,Online
O006019,2025-05-18,C00924,P007,1,692.39,399.57,69.24,623.15,399.57,223.58,Store
O006020,2025-11-02,C00270,P012,1,1008.95,650.79,50.45,958.5,650.79,307.71,Online
O006021,2025-08-18,C01001,P016,1,802.2,467.64,80.22,721.98,467.64,254.34,Online
O006022,2025-11-04,C00800,P009,2,1843.37,1277.0,0.0,3686.74,2554.0,1132.74,Online
O006023,2025-06-10,C00579,P002,1,5103.35,3862.76,0.0,5103.35,3862.76,1240.59,Online
O006024,2025-01-01,C01047,P005,1,3123.65,2355.15,0.0,3123.65,2355.15,768.5,Online
O006025,2025-08-24,C00937,P012,2,1008.95,650.79,201.79,1816.11,1301.58,514.53,Online
O006026,2025-07-07,C00467,P012,2,1008.95,650.79,201.79,1816.11,1301.58,514.53,Store
O006027,2025-01-04,C00778,P001,1,12212.51,9280.33,0.0,12212.51,9280.33,2932.18,Online
O006028,2025-05-12,C00521,P001,1,12212.51,9280.33,1221.25,10991.26,9280.33,1710.93,Online
O006029,2025-08-06,C00726,P007,1,692.39,399.57,0.0,692.39,399.57,292.82,Store
O006030,2025-09-17,C00124,P008,1,952.71,663.0,47.64,905.07,663.0,242.07,Online
O006031,2025-01-01,C00064,P015,1,1375.39,1038.91,0.0,1375.39,1038.91,336.48,Online
O006032,2025-03-12,C00214,P016,1,802.2,467.64,0.0,802.2,467.64,334.56,Online
O006033,2025-06-27,C00117,P007,1,692.39,399.57,0.0,692.39,399.57,292.82,Store
O006034,2025-07-08,C01198,P010,1,1487.5,884.68,74.38,1413.12,884.68,528.44,Online
O006035,2025-10-18,C01088,P009,3,1843.37,1277.0,829.52,4700.59,3831.0,869.59,Online
O006036,2025-01-08,C01174,P012,1,1008.95,650.79,151.34,857.61,650.79,206.82,Online
O006037,2025-09-10,C01023,P009,1,1843.37,1277.0,92.17,1751.2,1277.0,474.2,Online
O006038,2025-10-19,C00628,P012,2,1008.95,650.79,0.0,2017.9,1301.58,716.32,Online
O006039,2025-09-01,C01039,P004,1,825.3,619.33,41.26,784.04,619.33,164.71,Store
O006040,2025-05-03,C01010,P010,2,1487.5,884.68,297.5,2677.5,1769.36,908.14,Store
O006041,2025-10-26,C00900,P004,1,825.3,619.33,0.0,825.3,619.33,205.97,Online
O006042,2025-10-10,C00574,P001,1,12212.51,9280.33,610.63,11601.88,9280.33,2321.55,Online
O006043,2025-02-01,C00265,P016,1,802.2,467.64,0.0,802.2,467.64,334.56,Marketplace
O006044,2025-11-30,C00555,P001,2,12212.51,9280.33,0.0,24425.02,18560.66,5864.36,Online
O006045,2025-05-26,C00798,P011,1,487.27,344.29,0.0,487.27,344.29,142.98,Online
O006046,2025-06-05,C00774,P008,1,952.71,663.0,142.91,809.8,663.0,146.8,Marketplace
O006047,2025-01-16,C00718,P001,3,12212.51,9280.33,1831.88,34805.65,27840.99,6964.66,Store
O006048,2025-12-21,C01090,P006,1,3653.72,2501.63,365.37,3288.35,2501.63,786.72,Online
O006049,2025-02-16,C00694,P012,1,1008.95,650.79,151.34,857.61,650.79,206.82,Online
O006050,2025-09-08,C00277,P015,2,1375.39,1038.91,275.08,2475.7,2077.82,397.88,Online
O006051,2025-07-06,C00559,P006,1,3653.72,2501.63,0.0,3653.72,2501.63,1152.09,Store
O006052,2025-01-31,C00445,P008,2,952.71,663.0,381.08,1524.34,1326.0,198.34,Online
O006053,2025-09-17,C00273,P015,1,1375.39,1038.91,0.0,1375.39,1038.91,336.48,Online
O006054,2025-01-17,C01185,P006,1,3653.72,2501.63,548.06,3105.66,2501.63,604.03,Online
O006055,2025-02-08,C00025,P005,1,3123.65,2355.15,0.0,3123.65,2355.15,768.5,Store
O006056,2025-10-31,C00139,P009,1,1843.37,1277.0,92.17,1751.2,1277.0,474.2,Online
O006057,2025-02-08,C01069,P013,3,889.0,519.78,133.35,2533.65,1559.34,974.31,Store
O006058,2025-05-12,C00704,P007,2,692.39,399.57,0.0,1384.78,799.14,585.64,Marketplace
O006059,2025-01-30,C00976,P008,1,952.71,663.0,0.0,952.71,663.0,289.71,Online
O006060,2025-06-07,C01148,P007,1,692.39,399.57,0.0,692.39,399.57,292.82,Online
O006061,2025-10-05,C01164,P012,1,1008.95,650.79,50.45,958.5,650.79,307.71,Store
O006062,2025-07-22,C00957,P015,2,1375.39,1038.91,412.62,2338.16,2077.82,260.34,Online
O006063,2025-03-07,C00267,P016,4,802.2,467.64,320.88,2887.92,1870.56,1017.36,Online
O006064,2025-04-18,C00176,P010,1,1487.5,884.68,0.0,1487.5,884.68,602.82,Marketplace
O006065,2025-09-25,C00328,P015,1,1375.39,1038.91,275.08,1100.31,1038.91,61.4,Online
O006066,2025-08-10,C00055,P005,1,3123.65,2355.15,156.18,2967.47,2355.15,612.32,Online
O006067,2025-10-19,C00121,P016,1,802.2,467.64,0.0,802.2,467.64,334.56,Store
O006068,2025-01-18,C00979,P003,2,1674.13,1006.35,502.24,2846.02,2012.7,833.32,Online
O006069,2025-03-31,C01197,P009,1,1843.37,1277.0,0.0,1843.37,1277.0,566.37,Marketplace
O006070,2025-06-30,C00663,P014,2,746.01,469.1,0.0,1492.02,938.2,553.82,Online
O006071,2025-09-12,C00672,P015,3,1375.39,1038.91,0.0,4126.17,3116.73,1009.44,Online
O006072,2025-09-10,C00061,P007,1,692.39,399.57,0.0,692.39,399.57,292.82,Marketplace
O006073,2025-09-14,C01077,P002,2,5103.35,3862.76,1020.67,9186.03,7725.52,1460.51,Store
O006074,2025-12-12,C00580,P003,1,1674.13,1006.35,0.0,1674.13,1006.35,667.78,Marketplace
O006075,2025-03-28,C00573,P004,3,825.3,619.33,371.38,2104.52,1857.99,246.53,Online
O006076,2025-03-31,C01052,P014,1,746.01,469.1,0.0,746.01,469.1,276.91,Store
O006077,2025-08-25,C00993,P011,1,487.27,344.29,0.0,487.27,344.29,142.98,Marketplace
O006078,2025-03-11,C00011,P011,1,487.27,344.29,0.0,487.27,344.29,142.98,Online
O006079,2025-02-13,C00608,P015,1,1375.39,1038.91,0.0,1375.39,1038.91,336.48,Online
O006080,2025-07-19,C00597,P013,1,889.0,519.78,0.0,889.0,519.78,369.22,Online
O006081,2025-06-01,C00695,P004,1,825.3,619.33,0.0,825.3,619.33,205.97,Store
O006082,2025-03-27,C00276,P002,1,5103.35,3862.76,765.5,4337.85,3862.76,475.09,Online
O006083,2025-01-19,C01134,P009,2,1843.37,1277.0,0.0,3686.74,2554.0,1132.74,Online
O006084,2025-04-11,C00531,P013,1,889.0,519.78,0.0,889.0,519.78,369.22,Online
O006085,2025-04-05,C00397,P010,1,1487.5,884.68,0.0,1487.5,884.68,602.82,Online
O006086,2025-09-11,C00587,P004,1,825.3,619.33,82.53,742.77,619.33,123.44,Marketplace
O006087,2025-12-23,C00774,P015,1,1375.39,1038.91,0.0,1375.39,1038.91,336.48,Online
O006088,2025-01-30,C01147,P014,1,746.01,469.1,37.3,708.71,469.1,239.61,Store
O006089,2025-09-06,C00738,P011,1,487.27,344.29,24.36,462.91,344.29,118.62,Marketplace
O006090,2025-02-02,C00177,P002,1,5103.35,3862.76,510.34,4593.01,3862.76,730.25,Online
O006091,2025-08-17,C00310,P014,1,746.01,469.1,0.0,746.01,469.1,276.91,Online
O006092,2025-01-12,C00484,P015,1,1375.39,1038.91,137.54,1237.85,1038.91,198.94,Online
O006093,2025-04-28,C00969,P002,1,5103.35,3862.76,0.0,5103.35,3862.76,1240.59,Online
O006094,2025-12-16,C00225,P014,2,746.01,469.1,0.0,1492.02,938.2,553.82,Store
O006095,2025-06-04,C01069,P005,3,3123.65,2355.15,0.0,9370.95,7065.45,2305.5,Online
O006096,2025-09-03,C00899,P001,1,12212.51,9280.33,0.0,12212.51,9280.33,2932.18,Online
O006097,2025-11-28,C00412,P013,1,889.0,519.78,88.9,800.1,519.78,280.32,Store
O006098,2025-09-04,C00765,P013,2,889.0,519.78,0.0,1778.0,1039.56,738.44,Online
O006099,2025-01-29,C00286,P002,2,5103.35,3862.76,1020.67,9186.03,7725.52,1460.51,Marketplace
O006100,2025-06-10,C00452,P006,1,3653.72,2501.63,0.0,3653.72,2501.63,1152.09,Online
O006101,2025-08-23,C01017,P004,1,825.3,619.33,0.0,825.3,619.33,205.97,Online
O006102,2025-07-09,C00379,P003,1,1674.13,1006.35,0.0,1674.13,1006.35,667.78,Online
O006103,2025-04-27,C00700,P015,1,1375.39,1038.91,137.54,1237.85,1038.91,198.94,Online
O006104,2025-09-28,C00236,P012,1,1008.95,650.79,50.45,958.5,650.79,307.71,Online
O006105,2025-09-15,C00796,P013,1,889.0,519.78,44.45,844.55,519.78,324.77,Store
O006106,2025-06-29,C00002,P011,3,487.27,344.29,146.18,1315.63,1032.87,282.76,Online
O006107,2025-06-21,C00095,P007,1,692.39,399.57,103.86,588.53,399.57,188.96,Online
O006108,2025-10-01,C00504,P013,1,889.0,519.78,0.0,889.0,519.78,369.22,Online
O006109,2025-09-16,C00662,P014,2,746.01,469.1,0.0,1492.02,938.2,553.82,Online
O006110,2025-05-15,C00909,P015,2,1375.39,1038.91,0.0,2750.78,2077.82,672.96,Online
O006111,2025-06-20,C00090,P014,1,746.01,469.1,0.0,746.01,469.1,276.91,Marketplace
O006112,2025-07-29,C00204,P009,2,1843.37,1277.0,0.0,3686.74,2554.0,1132.74,Online
O006113,2025-08-24,C00105,P009,2,1843.37,1277.0,0.0,3686.74,2554.0,1132.74,Store
O006114,2025-07-05,C01000,P010,2,1487.5,884.68,0.0,2975.0,1769.36,1205.64,Online
O006115,2025-12-30,C00897,P003,1,1674.13,1006.35,83.71,1590.42,1006.35,584.07,Store
O006116,2025-04-05,C00782,P008,1,952.71,663.0,47.64,905.07,663.0,242.07,Online
O006117,2025-01-11,C00163,P012,2,1008.95,650.79,100.9,1917.0,1301.58,615.42,Store
O006118,2025-03-09,C00013,P011,1,487.27,344.29,0.0,487.27,344.29,142.98,Online
O006119,2025-07-29,C00879,P004,1,825.3,619.33,0.0,825.3,619.33,205.97,Online
O006120,2025-07-15,C01023,P010,1,1487.5,884.68,0.0,1487.5,884.68,602.82,Online
O006121,2025-04-08,C00479,P003,1,1674.13,1006.35,83.71,1590.42,1006.35,584.07,Online
O006122,2025-04-03,C01026,P016,1,802.2,467.64,0.0,802.2,467.64,334.56,Online
O006123,2025-01-22,C01172,P006,1,3653.72,2501.63,0.0,3653.72,2501.63,1152.09,Online
O006124,2025-06-21,C00449,P006,1,3653.72,2501.63,182.69,3471.03,2501.63,969.4,Online
O006125,2025-05-14,C00945,P004,1,825.3,619.33,123.79,701.51,619.33,82.18,Store
O006126,2025-01-25,C00014,P010,2,1487.5,884.68,446.25,2528.75,1769.36,759.39,Online
O006127,2025-07-04,C00720,P014,1,746.01,469.1,74.6,671.41,469.1,202.31,Online
O006128,2025-03-26,C00545,P004,2,825.3,619.33,0.0,1650.6,1238.66,411.94,Store
O006129,2025-02-24,C00800,P001,1,12212.51,9280.33,0.0,12212.51,9280.33,2932.18,Online
O006130,2025-09-08,C00473,P003,2,1674.13,1006.35,0.0,3348.26,2012.7,1335.56,Store
O006131,2025-05-24,C00636,P012,1,1008.95,650.79,0.0,1008.95,650.79,358.16,Marketplace
O006132,2025-12-17,C00922,P013,3,889.0,519.78,266.7,2400.3,1559.34,840.96,Store
O006133,2025-06-16,C00789,P013,2,889.0,519.78,0.0,1778.0,1039.56,738.44,Online
O006134,2025-08-12,C01152,P012,1,1008.95,650.79,0.0,1008.95,650.79,358.16,Store
O006135,2025-08-08,C00701,P005,1,3123.65,2355.15,0.0,3123.65,2355.15,768.5,Store
O006136,2025-06-28,C00379,P003,1,1674.13,1006.35,0.0,1674.13,1006.35,667.78,Online
O006137,2025-04-29,C01101,P016,1,802.2,467.64,40.11,762.09,467.64,294.45,Online
O006138,2025-09-22,C00295,P015,1,1375.39,1038.91,68.77,1306.62,1038.91,267.71,Online
O006139,2025-05-30,C00011,P014,1,746.01,469.1,37.3,708.71,469.1,239.61,Online
O006140,2025-08-03,C00084,P014,2,746.01,469.1,0.0,1492.02,938.2,553.82,Store
O006141,2025-07-16,C00958,P008,1,952.71,663.0,0.0,952.71,663.0,289.71,Store
O006142,2025-02-11,C00072,P002,1,5103.35,3862.76,0.0,5103.35,3862.76,1240.59,Online
O006143,2025-02-22,C00885,P007,1,692.39,399.57,0.0,692.39,399.57,292.82,Store
O006144,2025-11-26,C00180,P009,1,1843.37,1277.0,0.0,1843.37,1277.0,566.37,Online
O006145,2025-09-08,C00389,P008,1,952.71,663.0,0.0,952.71,663.0,289.71,Online
O006146,2025-10-22,C00230,P009,1,1843.37,1277.0,0.0,1843.37,1277.0,566.37,Online
O006147,2025-09-28,C01090,P011,1,487.27,344.29,0.0,487.27,344.29,142.98,Online
O006148,2025-05-03,C00593,P012,1,1008.95,650.79,0.0,1008.95,650.79,358.16,Online
O006149,2025-12-05,C00567,P007,1,692.39,399.57,0.0,692.39,399.57,292.82,Online
O006150,2025-09-23,C00932,P007,1,692.39,399.57,103.86,588.53,399.57,188.96,Marketplace
O006151,2025-12-14,C01119,P007,1,692.39,399.57,0.0,692.39,399.57,292.82,Marketplace
O006152,2025-01-29,C00495,P011,1,487.27,344.29,0.0,487.27,344.29,142.98,Online
O006153,2025-02-04,C00885,P008,1,952.71,663.0,0.0,952.71,663.0,289.71,Store
O006154,2025-01-06,C01178,P012,2,1008.95,650.79,100.9,1917.0,1301.58,615.42,Online
O006155,2025-04-21,C00513,P003,1,1674.13,1006.35,0.0,1674.13,1006.35,667.78,Online
O006156,2025-10-21,C00793,P002,2,5103.35,3862.76,510.34,9696.36,7725.52,1970.84,Store
O006157,2025-03-18,C00228,P014,1,746.01,469.1,74.6,671.41,469.1,202.31,Marketplace
O006158,2025-12-15,C00628,P016,1,802.2,467.64,120.33,681.87,467.64,214.23,Online
O006159,2025-05-27,C00806,P010,1,1487.5,884.68,0.0,1487.5,884.68,602.82,Online
O006160,2025-03-08,C00240,P016,3,802.2,467.64,0.0,2406.6,1402.92,1003.68,Online
O006161,2025-01-08,C01157,P002,1,5103.35,3862.76,510.34,4593.01,3862.76,730.25,Online
O006162,2025-05-02,C01013,P003,1,1674.13,1006.35,0.0,1674.13,1006.35,667.78,Store
O006163,2025-12-06,C00641,P005,2,3123.65,2355.15,0.0,6247.3,4710.3,1537.0,Marketplace
O006164,2025-06-24,C00931,P006,1,3653.72,2501.63,0.0,3653.72,2501.63,1152.09,Store
O006165,2025-06-28,C00749,P003,1,1674.13,1006.35,83.71,1590.42,1006.35,584.07,Store
O006166,2025-03-26,C00784,P006,2,3653.72,2501.63,730.74,6576.7,5003.26,1573.44,Store
O006167,2025-02-14,C00855,P006,1,3653.72,2501.63,0.0,3653.72,2501.63,1152.09,Online
O006168,2025-05-16,C00836,P007,1,692.39,399.57,0.0,692.39,399.57,292.82,Online
O006169,2025-12-09,C00723,P002,1,5103.35,3862.76,0.0,5103.35,3862.76,1240.59,Store
O006170,2025-01-16,C00785,P005,1,3123.65,2355.15,156.18,2967.47,2355.15,612.32,Online
O006171,2025-11-29,C00567,P001,1,12212.51,9280.33,610.63,11601.88,9280.33,2321.55,Online
O006172,2025-07-14,C01080,P010,1,1487.5,884.68,0.0,1487.5,884.68,602.82,Online
O006173,2025-01-09,C00290,P010,1,1487.5,884.68,0.0,1487.5,884.68,602.82,Marketplace
O006174,2025-11-12,C00101,P016,1,802.2,467.64,0.0,802.2,467.64,334.56,Marketplace
O006175,2025-11-30,C00435,P008,3,952.71,663.0,0.0,2858.13,1989.0,869.13,Store
O006176,2025-11-29,C01158,P015,1,1375.39,1038.91,0.0,1375.39,1038.91,336.48,Online
O006177,2025-11-23,C00415,P003,1,1674.13,1006.35,83.71,1590.42,1006.35,584.07,Online
O006178,2025-01-15,C00198,P006,1,3653.72,2501.63,0.0,3653.72,2501.63,1152.09,Store
O006179,2025-11-23,C00265,P016,1,802.2,467.64,40.11,762.09,467.64,294.45,Online
O006180,2025-04-12,C00727,P011,1,487.27,344.29,0.0,487.27,344.29,142.98,Online
O006181,2025-08-14,C00909,P012,1,1008.95,650.79,0.0,1008.95,650.79,358.16,Online
O006182,2025-10-05,C01142,P004,1,825.3,619.33,123.79,701.51,619.33,82.18,Online
O006183,2025-04-23,C00798,P014,1,746.01,469.1,0.0,746.01,469.1,276.91,Store
O006184,2025-01-01,C01189,P007,2,692.39,399.57,69.24,1315.54,799.14,516.4,Store
O006185,2025-09-23,C00546,P006,1,3653.72,2501.63,0.0,3653.72,2501.63,1152.09,Online
O006186,2025-07-27,C00142,P012,1,1008.95,650.79,50.45,958.5,650.79,307.71,Online
O006187,2025-04-20,C00522,P008,1,952.71,663.0,47.64,905.07,663.0,242.07,Online
O006188,2025-07-19,C00968,P011,1,487.27,344.29,48.73,438.54,344.29,94.25,Store
O006189,2025-11-02,C00970,P007,1,692.39,399.57,69.24,623.15,399.57,223.58,Online
O006190,2025-01-12,C00270,P002,1,5103.35,3862.76,765.5,4337.85,3862.76,475.09,Store
O006191,2025-12-11,C00225,P005,4,3123.65,2355.15,0.0,12494.6,9420.6,3074.0,Online
O006192,2025-07-07,C00743,P011,1,487.27,344.29,73.09,414.18,344.29,69.89,Marketplace
O006193,2025-06-03,C00371,P003,2,1674.13,1006.35,0.0,3348.26,2012.7,1335.56,Marketplace
O006194,2025-11-30,C00383,P006,1,3653.72,2501.63,548.06,3105.66,2501.63,604.03,Online
O006195,2025-10-06,C00667,P003,1,1674.13,1006.35,83.71,1590.42,1006.35,584.07,Store
O006196,2025-06-20,C00389,P013,1,889.0,519.78,0.0,889.0,519.78,369.22,Online
O006197,2025-05-14,C00515,P007,2,692.39,399.57,69.24,1315.54,799.14,516.4,Online
O006198,2025-01-25,C00857,P003,1,1674.13,1006.35,0.0,1674.13,1006.35,667.78,Store
O006199,2025-01-18,C00016,P002,1,5103.35,3862.76,0.0,5103.35,3862.76,1240.59,Marketplace
O006200,2025-07-09,C00905,P013,2,889.0,519.78,0.0,1778.0,1039.56,738.44,Online
O006201,2025-05-21,C01042,P002,2,5103.35,3862.76,0.0,10206.7,7725.52,2481.18,Store
O006202,2025-02-12,C00914,P011,1,487.27,344.29,0.0,487.27,344.29,142.98,Online
O006203,2025-11-30,C00448,P007,1,692.39,399.57,0.0,692.39,399.57,292.82,Online
O006204,2025-10-11,C00090,P002,2,5103.35,3862.76,510.34,9696.36,7725.52,1970.84,Online
O006205,2025-05-26,C00288,P011,1,487.27,344.29,48.73,438.54,344.29,94.25,Online
O006206,2025-11-11,C00975,P015,2,1375.39,1038.91,0.0,2750.78,2077.82,672.96,Online
O006207,2025-11-15,C00847,P004,1,825.3,619.33,41.26,784.04,619.33,164.71,Online
O006208,2025-04-02,C00948,P001,1,12212.51,9280.33,0.0,12212.51,9280.33,2932.18,Online
O006209,2025-06-28,C00444,P008,1,952.71,663.0,0.0,952.71,663.0,289.71,Online
O006210,2025-02-25,C00847,P010,3,1487.5,884.68,446.25,4016.25,2654.04,1362.21,Online
O006211,2025-06-04,C00842,P007,1,692.39,399.57,0.0,692.39,399.57,292.82,Online
O006212,2025-06-09,C00643,P003,2,1674.13,1006.35,0.0,3348.26,2012.7,1335.56,Online
O006213,2025-04-21,C01024,P013,1,889.0,519.78,0.0,889.0,519.78,369.22,Store
O006214,2025-05-17,C01160,P012,3,1008.95,650.79,0.0,3026.85,1952.37,1074.48,Store
O006215,2025-08-20,C00026,P002,2,5103.35,3862.76,510.34,9696.36,7725.52,1970.84,Store
O006216,2025-08-08,C00469,P008,1,952.71,663.0,0.0,952.71,663.0,289.71,Online
O006217,2025-03-09,C00810,P009,1,1843.37,1277.0,92.17,1751.2,1277.0,474.2,Online
O006218,2025-10-29,C01155,P006,1,3653.72,2501.63,365.37,3288.35,2501.63,786.72,Online
O006219,2025-09-06,C00544,P011,1,487.27,344.29,73.09,414.18,344.29,69.89,Online
O006220,2025-11-19,C00406,P015,1,1375.39,1038.91,0.0,1375.39,1038.91,336.48,Online
O006221,2025-01-06,C00093,P009,1,1843.37,1277.0,0.0,1843.37,1277.0,566.37,Online
O006222,2025-10-07,C00439,P002,1,5103.35,3862.76,510.34,4593.01,3862.76,730.25,Online
O006223,2025-04-04,C00159,P008,2,952.71,663.0,0.0,1905.42,1326.0,579.42,Online
O006224,2025-09-26,C00293,P004,1,825.3,619.33,82.53,742.77,619.33,123.44,Online
O006225,2025-07-16,C00305,P010,2,1487.5,884.68,148.75,2826.25,1769.36,1056.89,Online
O006226,2025-01-25,C00341,P012,1,1008.95,650.79,50.45,958.5,650.79,307.71,Store
O006227,2025-05-28,C00626,P013,2,889.0,519.78,88.9,1689.1,1039.56,649.54,Online
O006228,2025-04-28,C00886,P011,1,487.27,344.29,0.0,487.27,344.29,142.98,Online
O006229,2025-12-04,C01103,P007,1,692.39,399.57,34.62,657.77,399.57,258.2,Store
O006230,2025-12-04,C00826,P015,2,1375.39,1038.91,0.0,2750.78,2077.82,672.96,Marketplace
O006231,2025-03-07,C00898,P005,1,3123.65,2355.15,0.0,3123.65,2355.15,768.5,Marketplace
O006232,2025-10-28,C00773,P010,2,1487.5,884.68,0.0,2975.0,1769.36,1205.64,Marketplace
O006233,2025-06-24,C00010,P010,1,1487.5,884.68,0.0,1487.5,884.68,602.82,Online
O006234,2025-11-15,C00730,P001,1,12212.51,9280.33,0.0,12212.51,9280.33,2932.18,Online
O006235,2025-03-17,C00875,P006,1,3653.72,2501.63,365.37,3288.35,2501.63,786.72,Online
O006236,2025-04-24,C01159,P005,1,3123.65,2355.15,468.55,2655.1,2355.15,299.95,Online
O006237,2025-04-21,C00918,P006,1,3653.72,2501.63,182.69,3471.03,2501.63,969.4,Online
O006238,2025-09-06,C00846,P006,1,3653.72,2501.63,0.0,3653.72,2501.63,1152.09,Store
O006239,2025-07-22,C00958,P006,1,3653.72,2501.63,182.69,3471.03,2501.63,969.4,Online
O006240,2025-05-27,C00515,P014,1,746.01,469.1,0.0,746.01,469.1,276.91,Online
O006241,2025-02-04,C00611,P013,1,889.0,519.78,0.0,889.0,519.78,369.22,Online
O006242,2025-11-05,C01052,P013,1,889.0,519.78,88.9,800.1,519.78,280.32,Online
O006243,2025-01-26,C01065,P016,3,802.2,467.64,120.33,2286.27,1402.92,883.35,Online
O006244,2025-08-26,C00514,P009,2,1843.37,1277.0,368.67,3318.07,2554.0,764.07,Store
O006245,2025-01-14,C00738,P003,1,1674.13,1006.35,0.0,1674.13,1006.35,667.78,Store
O006246,2025-02-14,C00855,P003,1,1674.13,1006.35,0.0,1674.13,1006.35,667.78,Online
O006247,2025-08-04,C01150,P008,2,952.71,663.0,0.0,1905.42,1326.0,579.42,Online
O006248,2025-08-21,C00508,P001,1,12212.51,9280.33,610.63,11601.88,9280.33,2321.55,Online
O006249,2025-07-12,C00961,P014,1,746.01,469.1,74.6,671.41,469.1,202.31,Online
O006250,2025-02-20,C00417,P016,3,802.2,467.64,120.33,2286.27,1402.92,883.35,Store
O006251,2025-08-02,C01129,P001,1,12212.51,9280.33,610.63,11601.88,9280.33,2321.55,Online
O006252,2025-05-31,C00057,P003,1,1674.13,1006.35,0.0,1674.13,1006.35,667.78,Store
O006253,2025-10-02,C00370,P001,1,12212.51,9280.33,0.0,12212.51,9280.33,2932.18,Online
O006254,2025-12-04,C00746,P005,1,3123.65,2355.15,468.55,2655.1,2355.15,299.95,Online
O006255,2025-03-17,C00809,P007,1,692.39,399.57,0.0,692.39,399.57,292.82,Online
O006256,2025-08-08,C01134,P006,1,3653.72,2501.63,0.0,3653.72,2501.63,1152.09,Online
O006257,2025-12-14,C00251,P014,1,746.01,469.1,0.0,746.01,469.1,276.91,Online
O006258,2025-07-06,C00713,P001,2,12212.51,9280.33,3663.75,20761.27,18560.66,2200.61,Online
O006259,2025-10-16,C00935,P016,1,802.2,467.64,0.0,802.2,467.64,334.56,Online
O006260,2025-01-28,C00029,P001,2,12212.51,9280.33,1221.25,23203.77,18560.66,4643.11,Store
O006261,2025-06-29,C00163,P015,1,1375.39,1038.91,0.0,1375.39,1038.91,336.48,Marketplace
O006262,2025-09-10,C00436,P006,3,3653.72,2501.63,1096.12,9865.04,7504.89,2360.15,Online
O006263,2025-05-06,C00527,P007,2,692.39,399.57,0.0,1384.78,799.14,585.64,Store
O006264,2025-06-26,C00233,P012,3,1008.95,650.79,0.0,3026.85,1952.37,1074.48,Store
O006265,2025-02-06,C00624,P014,1,746.01,469.1,0.0,746.01,469.1,276.91,Marketplace
O006266,2025-04-09,C00120,P015,1,1375.39,1038.91,0.0,1375.39,1038.91,336.48,Online
O006267,2025-04-08,C00382,P002,2,5103.35,3862.76,0.0,10206.7,7725.52,2481.18,Online
O006268,2025-05-07,C01065,P001,2,12212.51,9280.33,0.0,24425.02,18560.66,5864.36,Store
O006269,2025-06-17,C00580,P004,1,825.3,619.33,0.0,825.3,619.33,205.97,Online
O006270,2025-03-21,C00026,P001,1,12212.51,9280.33,610.63,11601.88,9280.33,2321.55,Store
O006271,2025-10-21,C00365,P009,2,1843.37,1277.0,0.0,3686.74,2554.0,1132.74,Online
O006272,2025-11-29,C00718,P006,2,3653.72,2501.63,0.0,7307.44,5003.26,2304.18,Online
O006273,2025-05-06,C00088,P006,1,3653.72,2501.63,0.0,3653.72,2501.63,1152.09,Online
O006274,2025-12-09,C01156,P012,2,1008.95,650.79,0.0,2017.9,1301.58,716.32,Marketplace
O006275,2025-11-06,C00441,P006,2,3653.72,2501.63,0.0,7307.44,5003.26,2304.18,Online
O006276,2025-05-30,C00171,P013,1,889.0,519.78,0.0,889.0,519.78,369.22,Store
O006277,2025-01-16,C00960,P014,2,746.01,469.1,223.8,1268.22,938.2,330.02,Online
O006278,2025-01-28,C00656,P004,1,825.3,619.33,0.0,825.3,619.33,205.97,Store
O006279,2025-06-22,C00347,P014,1,746.01,469.1,74.6,671.41,469.1,202.31,Online
O006280,2025-02-15,C00084,P010,1,1487.5,884.68,74.38,1413.12,884.68,528.44,Marketplace
O006281,2025-11-24,C00693,P007,1,692.39,399.57,0.0,692.39,399.57,292.82,Marketplace
O006282,2025-08-24,C00025,P012,2,1008.95,650.79,0.0,2017.9,1301.58,716.32,Online
O006283,2025-08-02,C00153,P002,1,5103.35,3862.76,0.0,5103.35,3862.76,1240.59,Online
O006284,2025-03-26,C00655,P001,1,12212.51,9280.33,0.0,12212.51,9280.33,2932.18,Online
O006285,2025-10-09,C00597,P014,3,746.01,469.1,0.0,2238.03,1407.3,830.73,Online
O006286,2025-08-20,C01017,P009,1,1843.37,1277.0,92.17,1751.2,1277.0,474.2,Online
O006287,2025-03-26,C00015,P008,4,952.71,663.0,190.54,3620.3,2652.0,968.3,Online
O006288,2025-03-06,C00603,P002,1,5103.35,3862.76,0.0,5103.35,3862.76,1240.59,Online
O006289,2025-05-14,C00016,P003,1,1674.13,1006.35,0.0,1674.13,1006.35,667.78,Online
O006290,2025-05-31,C00907,P008,3,952.71,663.0,0.0,2858.13,1989.0,869.13,Online
O006291,2025-04-25,C00053,P004,2,825.3,619.33,0.0,1650.6,1238.66,411.94,Online
O006292,2025-03-05,C00023,P012,1,1008.95,650.79,100.9,908.05,650.79,257.26,Online
O006293,2025-12-09,C00396,P009,1,1843.37,1277.0,184.34,1659.03,1277.0,382.03,Store
O006294,2025-12-29,C01094,P001,1,12212.51,9280.33,610.63,11601.88,9280.33,2321.55,Online
O006295,2025-12-18,C00061,P006,1,3653.72,2501.63,0.0,3653.72,2501.63,1152.09,Online
O006296,2025-06-07,C00961,P009,2,1843.37,1277.0,0.0,3686.74,2554.0,1132.74,Online
O006297,2025-03-18,C00182,P015,1,1375.39,1038.91,0.0,1375.39,1038.91,336.48,Online
O006298,2025-05-26,C00901,P014,3,746.01,469.1,111.9,2126.13,1407.3,718.83,Marketplace
O006299,2025-12-09,C00184,P006,2,3653.72,2501.63,730.74,6576.7,5003.26,1573.44,Online
O006300,2025-08-13,C00115,P015,2,1375.39,1038.91,137.54,2613.24,2077.82,535.42,Online
O006301,2025-11-09,C00610,P003,3,1674.13,1006.35,0.0,5022.39,3019.05,2003.34,Store
O006302,2025-04-13,C00247,P002,3,5103.35,3862.76,0.0,15310.05,11588.28,3721.77,Store
O006303,2025-12-13,C00562,P011,2,487.27,344.29,0.0,974.54,688.58,285.96,Store
O006304,2025-10-28,C00952,P015,1,1375.39,1038.91,0.0,1375.39,1038.91,336.48,Store
O006305,2025-03-29,C00265,P009,1,1843.37,1277.0,92.17,1751.2,1277.0,474.2,Online
O006306,2025-10-30,C00080,P005,2,3123.65,2355.15,0.0,6247.3,4710.3,1537.0,Online
O006307,2025-06-17,C00154,P016,2,802.2,467.64,0.0,1604.4,935.28,669.12,Store
O006308,2025-06-19,C00265,P005,1,3123.65,2355.15,156.18,2967.47,2355.15,612.32,Online
O006309,2025-05-15,C00717,P008,1,952.71,663.0,0.0,952.71,663.0,289.71,Online
O006310,2025-02-19,C00943,P005,1,3123.65,2355.15,0.0,3123.65,2355.15,768.5,Online
O006311,2025-12-06,C00724,P006,1,3653.72,2501.63,0.0,3653.72,2501.63,1152.09,Online
O006312,2025-12-13,C00483,P012,2,1008.95,650.79,0.0,2017.9,1301.58,716.32,Marketplace
O006313,2025-05-14,C00352,P007,1,692.39,399.57,34.62,657.77,399.57,258.2,Store
O006314,2025-12-13,C00033,P006,2,3653.72,2501.63,0.0,7307.44,5003.26,2304.18,Store
O006315,2025-05-17,C00498,P013,1,889.0,519.78,0.0,889.0,519.78,369.22,Online
O006316,2025-09-02,C01083,P010,2,1487.5,884.68,0.0,2975.0,1769.36,1205.64,Online
O006317,2025-04-19,C00278,P015,1,1375.39,1038.91,68.77,1306.62,1038.91,267.71,Online
O006318,2025-11-09,C00805,P012,1,1008.95,650.79,0.0,1008.95,650.79,358.16,Online
O006319,2025-10-14,C01133,P014,1,746.01,469.1,0.0,746.01,469.1,276.91,Store
O006320,2025-01-21,C00319,P016,1,802.2,467.64,160.44,641.76,467.64,174.12,Store
O006321,2025-03-31,C00481,P010,2,1487.5,884.68,446.25,2528.75,1769.36,759.39,Online
O006322,2025-10-23,C00116,P004,1,825.3,619.33,0.0,825.3,619.33,205.97,Online
O006323,2025-04-22,C00122,P004,1,825.3,619.33,82.53,742.77,619.33,123.44,Online
O006324,2025-10-28,C00816,P007,1,692.39,399.57,34.62,657.77,399.57,258.2,Online
O006325,2025-03-18,C00852,P007,1,692.39,399.57,69.24,623.15,399.57,223.58,Online
O006326,2025-06-26,C00860,P006,2,3653.72,2501.63,0.0,7307.44,5003.26,2304.18,Online
O006327,2025-12-09,C00581,P009,1,1843.37,1277.0,0.0,1843.37,1277.0,566.37,Store
O006328,2025-05-28,C00628,P007,1,692.39,399.57,0.0,692.39,399.57,292.82,Online
O006329,2025-04-11,C00159,P004,1,825.3,619.33,0.0,825.3,619.33,205.97,Online
O006330,2025-09-03,C00601,P011,1,487.27,344.29,0.0,487.27,344.29,142.98,Store
O006331,2025-04-27,C00166,P010,1,1487.5,884.68,74.38,1413.12,884.68,528.44,Online
O006332,2025-04-02,C00487,P004,2,825.3,619.33,0.0,1650.6,1238.66,411.94,Online
O006333,2025-01-28,C00252,P014,1,746.01,469.1,0.0,746.01,469.1,276.91,Online
O006334,2025-01-25,C00516,P013,1,889.0,519.78,44.45,844.55,519.78,324.77,Store
O006335,2025-02-27,C00906,P006,1,3653.72,2501.63,182.69,3471.03,2501.63,969.4,Online
O006336,2025-10-24,C01082,P016,1,802.2,467.64,40.11,762.09,467.64,294.45,Store
O006337,2025-05-14,C00738,P008,2,952.71,663.0,0.0,1905.42,1326.0,579.42,Online
O006338,2025-11-27,C00245,P009,1,1843.37,1277.0,276.51,1566.86,1277.0,289.86,Online
O006339,2025-09-06,C01084,P008,2,952.71,663.0,0.0,1905.42,1326.0,579.42,Online
O006340,2025-02-07,C00481,P002,1,5103.35,3862.76,0.0,5103.35,3862.76,1240.59,Store
O006341,2025-03-16,C00352,P009,1,1843.37,1277.0,0.0,1843.37,1277.0,566.37,Online
O006342,2025-05-22,C01031,P003,1,1674.13,1006.35,0.0,1674.13,1006.35,667.78,Online
O006343,2025-11-18,C00489,P016,1,802.2,467.64,40.11,762.09,467.64,294.45,Marketplace
O006344,2025-06-17,C00345,P010,1,1487.5,884.68,0.0,1487.5,884.68,602.82,Store
O006345,2025-09-16,C00146,P009,1,1843.37,1277.0,0.0,1843.37,1277.0,566.37,Online
O006346,2025-12-21,C00798,P004,2,825.3,619.33,0.0,1650.6,1238.66,411.94,Store
O006347,2025-08-13,C00847,P008,2,952.71,663.0,285.81,1619.61,1326.0,293.61,Online
O006348,2025-06-01,C00302,P003,1,1674.13,1006.35,0.0,1674.13,1006.35,667.78,Marketplace
O006349,2025-01-19,C00076,P013,1,889.0,519.78,0.0,889.0,519.78,369.22,Store
O006350,2025-05-26,C00546,P015,1,1375.39,1038.91,68.77,1306.62,1038.91,267.71,Online
O006351,2025-08-29,C00338,P011,1,487.27,344.29,24.36,462.91,344.29,118.62,Online
O006352,2025-12-10,C00851,P002,1,5103.35,3862.76,0.0,5103.35,3862.76,1240.59,Online
O006353,2025-08-25,C00985,P006,1,3653.72,2501.63,365.37,3288.35,2501.63,786.72,Online
O006354,2025-02-04,C01048,P008,1,952.71,663.0,0.0,952.71,663.0,289.71,Online
O006355,2025-07-09,C01135,P013,2,889.0,519.78,0.0,1778.0,1039.56,738.44,Store
O006356,2025-01-01,C01123,P010,1,1487.5,884.68,0.0,1487.5,884.68,602.82,Online
O006357,2025-06-02,C00810,P013,1,889.0,519.78,88.9,800.1,519.78,280.32,Store
O006358,2025-05-06,C00928,P009,1,1843.37,1277.0,276.51,1566.86,1277.0,289.86,Online
O006359,2025-12-11,C00586,P003,1,1674.13,1006.35,0.0,1674.13,1006.35,667.78,Online
O006360,2025-08-14,C00029,P016,1,802.2,467.64,0.0,802.2,467.64,334.56,Online
O006361,2025-08-09,C01093,P014,1,746.01,469.1,149.2,596.81,469.1,127.71,Online
O006362,2025-07-30,C00348,P011,2,487.27,344.29,48.73,925.81,688.58,237.23,Online
O006363,2025-01-25,C00936,P011,1,487.27,344.29,24.36,462.91,344.29,118.62,Online
O006364,2025-01-16,C01004,P006,1,3653.72,2501.63,0.0,3653.72,2501.63,1152.09,Online
O006365,2025-07-01,C00979,P016,1,802.2,467.64,40.11,762.09,467.64,294.45,Online
O006366,2025-11-25,C00428,P013,1,889.0,519.78,0.0,889.0,519.78,369.22,Online
O006367,2025-05-09,C00205,P002,1,5103.35,3862.76,0.0,5103.35,3862.76,1240.59,Online
O006368,2025-02-11,C01097,P004,1,825.3,619.33,82.53,742.77,619.33,123.44,Store
O006369,2025-12-02,C00471,P002,3,5103.35,3862.76,0.0,15310.05,11588.28,3721.77,Store
O006370,2025-08-24,C00053,P005,1,3123.65,2355.15,312.36,2811.29,2355.15,456.14,Online
O006371,2025-12-26,C00785,P014,2,746.01,469.1,149.2,1342.82,938.2,404.62,Online
O006372,2025-02-03,C00732,P010,1,1487.5,884.68,223.12,1264.38,884.68,379.7,Online
O006373,2025-12-11,C00996,P011,2,487.27,344.29,97.45,877.09,688.58,188.51,Online
O006374,2025-02-14,C00182,P010,1,1487.5,884.68,0.0,1487.5,884.68,602.82,Online
O006375,2025-05-14,C00637,P010,3,1487.5,884.68,0.0,4462.5,2654.04,1808.46,Store
O006376,2025-01-21,C00268,P009,1,1843.37,1277.0,0.0,1843.37,1277.0,566.37,Online
O006377,2025-05-02,C00480,P011,1,487.27,344.29,0.0,487.27,344.29,142.98,Online
O006378,2025-03-11,C00567,P008,1,952.71,663.0,0.0,952.71,663.0,289.71,Store
O006379,2025-12-18,C00678,P002,2,5103.35,3862.76,510.34,9696.36,7725.52,1970.84,Online
O006380,2025-12-27,C00743,P011,1,487.27,344.29,0.0,487.27,344.29,142.98,Store
O006381,2025-02-17,C00517,P012,2,1008.95,650.79,100.9,1917.0,1301.58,615.42,Online
O006382,2025-02-08,C00350,P006,3,3653.72,2501.63,1644.17,9316.99,7504.89,1812.1,Store
O006383,2025-10-14,C00595,P014,1,746.01,469.1,37.3,708.71,469.1,239.61,Online
O006384,2025-01-10,C00169,P016,2,802.2,467.64,160.44,1443.96,935.28,508.68,Store
O006385,2025-01-30,C00984,P006,1,3653.72,2501.63,182.69,3471.03,2501.63,969.4,Store
O006386,2025-09-01,C00877,P011,2,487.27,344.29,0.0,974.54,688.58,285.96,Online
O006387,2025-10-01,C01017,P009,1,1843.37,1277.0,92.17,1751.2,1277.0,474.2,Marketplace
O006388,2025-03-29,C00109,P005,1,3123.65,2355.15,0.0,3123.65,2355.15,768.5,Online
O006389,2025-09-01,C00552,P002,1,5103.35,3862.76,0.0,5103.35,3862.76,1240.59,Online
O006390,2025-11-25,C00184,P011,1,487.27,344.29,0.0,487.27,344.29,142.98,Online
O006391,2025-01-15,C00294,P014,1,746.01,469.1,0.0,746.01,469.1,276.91,Store
O006392,2025-01-04,C00454,P011,1,487.27,344.29,97.45,389.82,344.29,45.53,Store
O006393,2025-07-10,C00988,P013,2,889.0,519.78,0.0,1778.0,1039.56,738.44,Online
O006394,2025-06-17,C00855,P003,1,1674.13,1006.35,83.71,1590.42,1006.35,584.07,Store
O006395,2025-01-09,C00045,P009,1,1843.37,1277.0,0.0,1843.37,1277.0,566.37,Online
O006396,2025-04-19,C00504,P007,1,692.39,399.57,0.0,692.39,399.57,292.82,Online
O006397,2025-05-17,C01021,P016,1,802.2,467.64,0.0,802.2,467.64,334.56,Online
O006398,2025-06-03,C00784,P012,4,1008.95,650.79,403.58,3632.22,2603.16,1029.06,Online
O006399,2025-07-28,C00448,P002,1,5103.35,3862.76,255.17,4848.18,3862.76,985.42,Online
O006400,2025-09-29,C00986,P003,2,1674.13,1006.35,334.83,3013.43,2012.7,1000.73,Online
O006401,2025-05-23,C00503,P007,4,692.39,399.57,138.48,2631.08,1598.28,1032.8,Store
O006402,2025-04-09,C00126,P012,1,1008.95,650.79,0.0,1008.95,650.79,358.16,Store
O006403,2025-11-04,C00512,P014,1,746.01,469.1,74.6,671.41,469.1,202.31,Online
O006404,2025-03-10,C00371,P001,1,12212.51,9280.33,1831.88,10380.63,9280.33,1100.3,Online
O006405,2025-09-04,C00966,P002,2,5103.35,3862.76,510.34,9696.36,7725.52,1970.84,Online
O006406,2025-09-18,C01189,P008,3,952.71,663.0,0.0,2858.13,1989.0,869.13,Marketplace
O006407,2025-10-03,C00847,P016,3,802.2,467.64,240.66,2165.94,1402.92,763.02,Online
O006408,2025-03-20,C00853,P011,2,487.27,344.29,0.0,974.54,688.58,285.96,Online
O006409,2025-05-26,C00714,P010,1,1487.5,884.68,148.75,1338.75,884.68,454.07,Online
O006410,2025-04-21,C01033,P004,1,825.3,619.33,82.53,742.77,619.33,123.44,Store
O006411,2025-09-15,C00414,P012,2,1008.95,650.79,100.9,1917.0,1301.58,615.42,Online
O006412,2025-04-03,C00104,P005,1,3123.65,2355.15,0.0,3123.65,2355.15,768.5,Online
O006413,2025-01-13,C00421,P008,2,952.71,663.0,0.0,1905.42,1326.0,579.42,Store
O006414,2025-09-17,C00278,P007,2,692.39,399.57,0.0,1384.78,799.14,585.64,Marketplace
O006415,2025-04-19,C00169,P007,1,692.39,399.57,34.62,657.77,399.57,258.2,Online
O006416,2025-11-26,C01066,P011,1,487.27,344.29,48.73,438.54,344.29,94.25,Online
O006417,2025-07-08,C00294,P013,1,889.0,519.78,0.0,889.0,519.78,369.22,Store
O006418,2025-04-05,C00866,P001,1,12212.51,9280.33,0.0,12212.51,9280.33,2932.18,Online
O006419,2025-04-15,C00253,P010,1,1487.5,884.68,0.0,1487.5,884.68,602.82,Online
O006420,2025-01-08,C00220,P014,3,746.01,469.1,111.9,2126.13,1407.3,718.83,Online
O006421,2025-03-08,C00523,P005,1,3123.65,2355.15,312.36,2811.29,2355.15,456.14,Store
O006422,2025-07-10,C00929,P008,1,952.71,663.0,47.64,905.07,663.0,242.07,Online
O006423,2025-09-13,C01161,P011,2,487.27,344.29,146.18,828.36,688.58,139.78,Online
O006424,2025-01-09,C00069,P006,1,3653.72,2501.63,365.37,3288.35,2501.63,786.72,Marketplace
O006425,2025-04-27,C01039,P007,1,692.39,399.57,69.24,623.15,399.57,223.58,Online
O006426,2025-09-24,C01119,P006,1,3653.72,2501.63,0.0,3653.72,2501.63,1152.09,Store
O006427,2025-04-09,C00174,P010,2,1487.5,884.68,0.0,2975.0,1769.36,1205.64,Online
O006428,2025-10-25,C00684,P003,2,1674.13,1006.35,167.41,3180.85,2012.7,1168.15,Online
O006429,2025-06-13,C00807,P010,4,1487.5,884.68,0.0,5950.0,3538.72,2411.28,Store
O006430,2025-05-21,C00296,P008,2,952.71,663.0,0.0,1905.42,1326.0,579.42,Online
O006431,2025-09-25,C00759,P006,1,3653.72,2501.63,0.0,3653.72,2501.63,1152.09,Store
O006432,2025-02-06,C01078,P013,1,889.0,519.78,0.0,889.0,519.78,369.22,Online
O006433,2025-03-15,C00020,P003,1,1674.13,1006.35,0.0,1674.13,1006.35,667.78,Online
O006434,2025-03-14,C00710,P002,1,5103.35,3862.76,255.17,4848.18,3862.76,985.42,Online
O006435,2025-11-04,C00090,P008,1,952.71,663.0,0.0,952.71,663.0,289.71,Online
O006436,2025-07-18,C00704,P002,2,5103.35,3862.76,1531.0,8675.7,7725.52,950.18,Store
O006437,2025-05-10,C00118,P010,1,1487.5,884.68,0.0,1487.5,884.68,602.82,Marketplace
O006438,2025-09-03,C00067,P016,1,802.2,467.64,40.11,762.09,467.64,294.45,Online
O006439,2025-11-08,C00509,P004,1,825.3,619.33,0.0,825.3,619.33,205.97,Online
O006440,2025-03-01,C00999,P005,2,3123.65,2355.15,312.36,5934.94,4710.3,1224.64,Online
O006441,2025-10-06,C00550,P012,1,1008.95,650.79,100.9,908.05,650.79,257.26,Online
O006442,2025-04-13,C00592,P006,2,3653.72,2501.63,365.37,6942.07,5003.26,1938.81,Store
O006443,2025-10-23,C00413,P005,2,3123.65,2355.15,624.73,5622.57,4710.3,912.27,Online
O006444,2025-11-16,C01029,P011,3,487.27,344.29,219.27,1242.54,1032.87,209.67,Store
O006445,2025-12-07,C00867,P013,1,889.0,519.78,0.0,889.0,519.78,369.22,Online
O006446,2025-05-31,C00959,P004,2,825.3,619.33,0.0,1650.6,1238.66,411.94,Online
O006447,2025-06-06,C00853,P003,2,1674.13,1006.35,0.0,3348.26,2012.7,1335.56,Marketplace
O006448,2025-07-25,C00618,P002,1,5103.35,3862.76,0.0,5103.35,3862.76,1240.59,Store
O006449,2025-06-28,C00795,P009,1,1843.37,1277.0,0.0,1843.37,1277.0,566.37,Online
O006450,2025-07-16,C00759,P011,1,487.27,344.29,0.0,487.27,344.29,142.98,Store
O006451,2025-08-11,C00147,P008,1,952.71,663.0,0.0,952.71,663.0,289.71,Marketplace
O006452,2025-03-30,C00384,P005,1,3123.65,2355.15,0.0,3123.65,2355.15,768.5,Online
O006453,2025-10-14,C00305,P012,1,1008.95,650.79,0.0,1008.95,650.79,358.16,Online
O006454,2025-10-03,C00167,P005,1,3123.65,2355.15,0.0,3123.65,2355.15,768.5,Online
O006455,2025-08-24,C00639,P013,1,889.0,519.78,44.45,844.55,519.78,324.77,Online
O006456,2025-07-02,C01170,P014,2,746.01,469.1,0.0,1492.02,938.2,553.82,Online
O006457,2025-07-28,C00460,P002,1,5103.35,3862.76,0.0,5103.35,3862.76,1240.59,Online
O006458,2025-05-10,C00420,P013,1,889.0,519.78,88.9,800.1,519.78,280.32,Online
O006459,2025-06-02,C00712,P003,1,1674.13,1006.35,0.0,1674.13,1006.35,667.78,Online
O006460,2025-01-13,C00247,P005,1,3123.65,2355.15,0.0,3123.65,2355.15,768.5,Marketplace
O006461,2025-05-02,C00021,P004,1,825.3,619.33,0.0,825.3,619.33,205.97,Online
O006462,2025-12-25,C00186,P014,1,746.01,469.1,149.2,596.81,469.1,127.71,Store
O006463,2025-08-08,C01074,P012,1,1008.95,650.79,0.0,1008.95,650.79,358.16,Online
O006464,2025-04-16,C00861,P005,1,3123.65,2355.15,0.0,3123.65,2355.15,768.5,Online
O006465,2025-03-11,C00855,P016,1,802.2,467.64,40.11,762.09,467.64,294.45,Online
O006466,2025-07-14,C00766,P013,1,889.0,519.78,0.0,889.0,519.78,369.22,Store
O006467,2025-07-05,C01067,P010,2,1487.5,884.68,0.0,2975.0,1769.36,1205.64,Online
O006468,2025-04-09,C00018,P002,1,5103.35,3862.76,255.17,4848.18,3862.76,985.42,Online
O006469,2025-03-23,C00038,P007,2,692.39,399.57,0.0,1384.78,799.14,585.64,Online
O006470,2025-03-16,C00911,P010,2,1487.5,884.68,595.0,2380.0,1769.36,610.64,Online
O006471,2025-12-06,C00666,P005,2,3123.65,2355.15,0.0,6247.3,4710.3,1537.0,Online
O006472,2025-07-11,C00847,P003,1,1674.13,1006.35,0.0,1674.13,1006.35,667.78,Store
O006473,2025-11-21,C00027,P008,2,952.71,663.0,0.0,1905.42,1326.0,579.42,Store
O006474,2025-08-02,C00880,P011,1,487.27,344.29,97.45,389.82,344.29,45.53,Marketplace
O006475,2025-11-11,C00138,P011,1,487.27,344.29,24.36,462.91,344.29,118.62,Store
O006476,2025-11-14,C00132,P004,1,825.3,619.33,123.79,701.51,619.33,82.18,Online
O006477,2025-05-24,C00161,P015,1,1375.39,1038.91,68.77,1306.62,1038.91,267.71,Store
O006478,2025-08-04,C00429,P013,1,889.0,519.78,0.0,889.0,519.78,369.22,Online
O006479,2025-12-27,C00623,P016,1,802.2,467.64,0.0,802.2,467.64,334.56,Online
O006480,2025-11-20,C00849,P011,1,487.27,344.29,0.0,487.27,344.29,142.98,Online
O006481,2025-01-15,C00412,P016,1,802.2,467.64,40.11,762.09,467.64,294.45,Store
O006482,2025-08-05,C00570,P001,2,12212.51,9280.33,0.0,24425.02,18560.66,5864.36,Online
O006483,2025-02-04,C00406,P004,1,825.3,619.33,0.0,825.3,619.33,205.97,Online
O006484,2025-07-02,C00703,P005,2,3123.65,2355.15,0.0,6247.3,4710.3,1537.0,Store
O006485,2025-09-27,C00850,P015,2,1375.39,1038.91,137.54,2613.24,2077.82,535.42,Online
O006486,2025-12-24,C00512,P002,1,5103.35,3862.76,0.0,5103.35,3862.76,1240.59,Online
O006487,2025-04-10,C00935,P003,1,1674.13,1006.35,167.41,1506.72,1006.35,500.37,Online
O006488,2025-01-07,C00311,P010,2,1487.5,884.68,148.75,2826.25,1769.36,1056.89,Store
O006489,2025-01-30,C00148,P012,1,1008.95,650.79,50.45,958.5,650.79,307.71,Marketplace
O006490,2025-11-01,C00488,P006,2,3653.72,2501.63,1096.12,6211.32,5003.26,1208.06,Online
O006491,2025-05-24,C00248,P009,1,1843.37,1277.0,0.0,1843.37,1277.0,566.37,Online
O006492,2025-04-21,C01177,P003,1,1674.13,1006.35,83.71,1590.42,1006.35,584.07,Online
O006493,2025-08-20,C00721,P015,1,1375.39,1038.91,0.0,1375.39,1038.91,336.48,Online
O006494,2025-06-28,C00342,P005,2,3123.65,2355.15,624.73,5622.57,4710.3,912.27,Online
O006495,2025-03-13,C01163,P011,1,487.27,344.29,24.36,462.91,344.29,118.62,Online
O006496,2025-07-29,C00049,P005,1,3123.65,2355.15,156.18,2967.47,2355.15,612.32,Online
O006497,2025-08-08,C00608,P007,1,692.39,399.57,34.62,657.77,399.57,258.2,Online
O006498,2025-03-21,C00656,P015,1,1375.39,1038.91,137.54,1237.85,1038.91,198.94,Online
O006499,2025-03-24,C00810,P003,2,1674.13,1006.35,0.0,3348.26,2012.7,1335.56,Online
O006500,2025-02-11,C00895,P011,1,487.27,344.29,0.0,487.27,344.29,142.98,Store
O006501,2025-09-30,C00070,P003,2,1674.13,1006.35,167.41,3180.85,2012.7,1168.15,Store
O006502,2025-07-10,C00909,P007,1,692.39,399.57,0.0,692.39,399.57,292.82,Store
O006503,2025-06-22,C00747,P007,1,692.39,399.57,0.0,692.39,399.57,292.82,Online
O006504,2025-01-07,C00584,P003,1,1674.13,1006.35,0.0,1674.13,1006.35,667.78,Online
O006505,2025-06-04,C00218,P011,1,487.27,344.29,0.0,487.27,344.29,142.98,Store
O006506,2025-01-10,C01010,P002,4,5103.35,3862.76,0.0,20413.4,15451.04,4962.36,Online
O006507,2025-02-03,C00287,P001,2,12212.51,9280.33,3663.75,20761.27,18560.66,2200.61,Marketplace
O006508,2025-02-05,C00440,P004,3,825.3,619.33,0.0,2475.9,1857.99,617.91,Store
O006509,2025-01-06,C01184,P014,1,746.01,469.1,0.0,746.01,469.1,276.91,Marketplace
O006510,2025-08-03,C00908,P006,3,3653.72,2501.63,0.0,10961.16,7504.89,3456.27,Online
O006511,2025-05-14,C00605,P009,1,1843.37,1277.0,368.67,1474.7,1277.0,197.7,Online
O006512,2025-10-12,C00862,P016,1,802.2,467.64,40.11,762.09,467.64,294.45,Online
O006513,2025-05-06,C00006,P012,1,1008.95,650.79,100.9,908.05,650.79,257.26,Online
O006514,2025-12-03,C00588,P007,1,692.39,399.57,0.0,692.39,399.57,292.82,Online
O006515,2025-06-23,C00534,P013,2,889.0,519.78,0.0,1778.0,1039.56,738.44,Online
O006516,2025-06-01,C00804,P009,2,1843.37,1277.0,0.0,3686.74,2554.0,1132.74,Marketplace
O006517,2025-11-27,C00700,P009,4,1843.37,1277.0,737.35,6636.13,5108.0,1528.13,Store
O006518,2025-01-26,C01015,P008,2,952.71,663.0,0.0,1905.42,1326.0,579.42,Online
O006519,2025-04-25,C01030,P014,1,746.01,469.1,0.0,746.01,469.1,276.91,Online
O006520,2025-10-11,C00435,P004,1,825.3,619.33,41.26,784.04,619.33,164.71,Online
O006521,2025-03-16,C00860,P005,1,3123.65,2355.15,624.73,2498.92,2355.15,143.77,Store
O006522,2025-06-15,C00100,P002,1,5103.35,3862.76,0.0,5103.35,3862.76,1240.59,Online
O006523,2025-07-08,C00186,P010,1,1487.5,884.68,148.75,1338.75,884.68,454.07,Online
O006524,2025-03-19,C00957,P001,1,12212.51,9280.33,0.0,12212.51,9280.33,2932.18,Online
O006525,2025-03-31,C00114,P002,1,5103.35,3862.76,0.0,5103.35,3862.76,1240.59,Marketplace
O006526,2025-06-25,C00528,P013,1,889.0,519.78,88.9,800.1,519.78,280.32,Online
O006527,2025-01-21,C00633,P016,1,802.2,467.64,80.22,721.98,467.64,254.34,Store
O006528,2025-02-23,C00476,P002,1,5103.35,3862.76,0.0,5103.35,3862.76,1240.59,Online
O006529,2025-07-03,C01177,P011,3,487.27,344.29,0.0,1461.81,1032.87,428.94,Online
O006530,2025-12-25,C00449,P005,1,3123.65,2355.15,468.55,2655.1,2355.15,299.95,Online
O006531,2025-08-10,C00258,P009,1,1843.37,1277.0,92.17,1751.2,1277.0,474.2,Online
O006532,2025-11-11,C00139,P004,1,825.3,619.33,123.79,701.51,619.33,82.18,Store
O006533,2025-11-24,C00403,P012,1,1008.95,650.79,100.9,908.05,650.79,257.26,Online
O006534,2025-06-28,C00602,P006,1,3653.72,2501.63,0.0,3653.72,2501.63,1152.09,Store
O006535,2025-10-03,C00643,P015,1,1375.39,1038.91,68.77,1306.62,1038.91,267.71,Online
O006536,2025-04-22,C00468,P005,1,3123.65,2355.15,0.0,3123.65,2355.15,768.5,Online
O006537,2025-08-12,C00858,P015,1,1375.39,1038.91,0.0,1375.39,1038.91,336.48,Marketplace
O006538,2025-08-02,C00794,P006,2,3653.72,2501.63,0.0,7307.44,5003.26,2304.18,Marketplace
O006539,2025-02-28,C00146,P007,2,692.39,399.57,138.48,1246.3,799.14,447.16,Online
O006540,2025-11-23,C00436,P016,1,802.2,467.64,0.0,802.2,467.64,334.56,Online
O006541,2025-04-19,C00399,P001,1,12212.51,9280.33,0.0,12212.51,9280.33,2932.18,Online
O006542,2025-06-06,C00330,P007,1,692.39,399.57,69.24,623.15,399.57,223.58,Store
O006543,2025-07-10,C00018,P006,1,3653.72,2501.63,0.0,3653.72,2501.63,1152.09,Online
O006544,2025-07-19,C00010,P016,1,802.2,467.64,120.33,681.87,467.64,214.23,Online
O006545,2025-11-08,C01129,P011,1,487.27,344.29,0.0,487.27,344.29,142.98,Store
O006546,2025-07-15,C00160,P016,1,802.2,467.64,0.0,802.2,467.64,334.56,Online
O006547,2025-02-04,C00920,P013,2,889.0,519.78,0.0,1778.0,1039.56,738.44,Online
O006548,2025-09-03,C01145,P005,2,3123.65,2355.15,624.73,5622.57,4710.3,912.27,Online
O006549,2025-08-25,C00320,P015,1,1375.39,1038.91,0.0,1375.39,1038.91,336.48,Online
O006550,2025-04-14,C01032,P006,1,3653.72,2501.63,365.37,3288.35,2501.63,786.72,Online
O006551,2025-01-07,C00027,P013,1,889.0,519.78,0.0,889.0,519.78,369.22,Online
O006552,2025-10-10,C00348,P009,2,1843.37,1277.0,0.0,3686.74,2554.0,1132.74,Marketplace
O006553,2025-01-01,C00775,P011,1,487.27,344.29,48.73,438.54,344.29,94.25,Online
O006554,2025-08-07,C00830,P010,1,1487.5,884.68,0.0,1487.5,884.68,602.82,Marketplace
O006555,2025-08-18,C00745,P004,2,825.3,619.33,0.0,1650.6,1238.66,411.94,Online
O006556,2025-06-21,C00730,P006,1,3653.72,2501.63,182.69,3471.03,2501.63,969.4,Marketplace
O006557,2025-03-28,C00609,P005,4,3123.65,2355.15,0.0,12494.6,9420.6,3074.0,Store
O006558,2025-02-10,C01175,P002,2,5103.35,3862.76,1020.67,9186.03,7725.52,1460.51,Online
O006559,2025-05-03,C00214,P004,2,825.3,619.33,0.0,1650.6,1238.66,411.94,Online
O006560,2025-11-27,C00512,P008,1,952.71,663.0,0.0,952.71,663.0,289.71,Online
O006561,2025-10-25,C00877,P010,2,1487.5,884.68,0.0,2975.0,1769.36,1205.64,Online
O006562,2025-06-27,C00755,P002,1,5103.35,3862.76,510.34,4593.01,3862.76,730.25,Store
O006563,2025-03-04,C01090,P001,3,12212.51,9280.33,0.0,36637.53,27840.99,8796.54,Online
O006564,2025-06-14,C00430,P003,2,1674.13,1006.35,0.0,3348.26,2012.7,1335.56,Online
O006565,2025-07-06,C00124,P006,2,3653.72,2501.63,0.0,7307.44,5003.26,2304.18,Marketplace
O006566,2025-07-28,C00106,P008,3,952.71,663.0,0.0,2858.13,1989.0,869.13,Store
O006567,2025-08-15,C00705,P013,1,889.0,519.78,0.0,889.0,519.78,369.22,Online
O006568,2025-02-17,C01107,P005,1,3123.65,2355.15,156.18,2967.47,2355.15,612.32,Store
O006569,2025-08-12,C00284,P009,2,1843.37,1277.0,0.0,3686.74,2554.0,1132.74,Online
O006570,2025-01-03,C00649,P011,2,487.27,344.29,97.45,877.09,688.58,188.51,Marketplace
O006571,2025-06-24,C00274,P013,1,889.0,519.78,0.0,889.0,519.78,369.22,Store
O006572,2025-04-09,C00415,P006,3,3653.72,2501.63,2192.23,8768.93,7504.89,1264.04,Store
O006573,2025-04-26,C00298,P015,1,1375.39,1038.91,0.0,1375.39,1038.91,336.48,Online
O006574,2025-09-27,C00799,P006,2,3653.72,2501.63,365.37,6942.07,5003.26,1938.81,Marketplace
O006575,2025-09-10,C00774,P015,3,1375.39,1038.91,0.0,4126.17,3116.73,1009.44,Online
O006576,2025-11-13,C00369,P007,1,692.39,399.57,0.0,692.39,399.57,292.82,Store
O006577,2025-04-05,C00706,P009,1,1843.37,1277.0,184.34,1659.03,1277.0,382.03,Store
O006578,2025-09-30,C00380,P014,1,746.01,469.1,37.3,708.71,469.1,239.61,Store
O006579,2025-01-24,C00252,P005,1,3123.65,2355.15,156.18,2967.47,2355.15,612.32,Online
O006580,2025-04-26,C00360,P008,1,952.71,663.0,95.27,857.44,663.0,194.44,Online
O006581,2025-05-31,C00803,P006,1,3653.72,2501.63,182.69,3471.03,2501.63,969.4,Online
O006582,2025-12-04,C00195,P012,1,1008.95,650.79,0.0,1008.95,650.79,358.16,Online
O006583,2025-02-19,C01105,P006,1,3653.72,2501.63,365.37,3288.35,2501.63,786.72,Store
O006584,2025-07-25,C00490,P003,1,1674.13,1006.35,0.0,1674.13,1006.35,667.78,Store
O006585,2025-12-01,C00711,P013,1,889.0,519.78,0.0,889.0,519.78,369.22,Marketplace
O006586,2025-03-20,C01035,P005,1,3123.65,2355.15,0.0,3123.65,2355.15,768.5,Store
O006587,2025-03-11,C00019,P010,4,1487.5,884.68,297.5,5652.5,3538.72,2113.78,Store
O006588,2025-01-27,C00779,P012,1,1008.95,650.79,0.0,1008.95,650.79,358.16,Store
O006589,2025-09-28,C01197,P014,1,746.01,469.1,0.0,746.01,469.1,276.91,Online
O006590,2025-02-19,C00751,P002,1,5103.35,3862.76,0.0,5103.35,3862.76,1240.59,Online
O006591,2025-10-19,C01099,P011,1,487.27,344.29,73.09,414.18,344.29,69.89,Online
O006592,2025-09-04,C00898,P013,1,889.0,519.78,44.45,844.55,519.78,324.77,Store
O006593,2025-09-21,C01103,P006,1,3653.72,2501.63,182.69,3471.03,2501.63,969.4,Store
O006594,2025-03-20,C01115,P015,1,1375.39,1038.91,68.77,1306.62,1038.91,267.71,Store
O006595,2025-07-09,C00593,P013,1,889.0,519.78,88.9,800.1,519.78,280.32,Online
O006596,2025-02-16,C00429,P003,1,1674.13,1006.35,0.0,1674.13,1006.35,667.78,Store
O006597,2025-12-27,C00602,P013,1,889.0,519.78,0.0,889.0,519.78,369.22,Store
O006598,2025-12-20,C00312,P001,1,12212.51,9280.33,0.0,12212.51,9280.33,2932.18,Store
O006599,2025-12-18,C00639,P002,1,5103.35,3862.76,510.34,4593.01,3862.76,730.25,Store
O006600,2025-07-08,C01024,P010,1,1487.5,884.68,74.38,1413.12,884.68,528.44,Online
O006601,2025-09-13,C00491,P009,2,1843.37,1277.0,184.34,3502.4,2554.0,948.4,Store
O006602,2025-08-10,C00071,P008,3,952.71,663.0,0.0,2858.13,1989.0,869.13,Marketplace
O006603,2025-08-29,C00201,P013,1,889.0,519.78,88.9,800.1,519.78,280.32,Online
O006604,2025-09-26,C00295,P009,1,1843.37,1277.0,0.0,1843.37,1277.0,566.37,Online
O006605,2025-01-01,C00006,P011,1,487.27,344.29,73.09,414.18,344.29,69.89,Store
O006606,2025-02-03,C00775,P005,1,3123.65,2355.15,156.18,2967.47,2355.15,612.32,Online
O006607,2025-03-20,C00214,P001,1,12212.51,9280.33,0.0,12212.51,9280.33,2932.18,Online
O006608,2025-08-24,C00784,P014,2,746.01,469.1,74.6,1417.42,938.2,479.22,Store
O006609,2025-11-30,C00375,P013,2,889.0,519.78,0.0,1778.0,1039.56,738.44,Online
O006610,2025-12-15,C00213,P015,1,1375.39,1038.91,68.77,1306.62,1038.91,267.71,Online
O006611,2025-04-08,C00217,P013,2,889.0,519.78,0.0,1778.0,1039.56,738.44,Online
O006612,2025-03-23,C00149,P001,1,12212.51,9280.33,610.63,11601.88,9280.33,2321.55,Online
O006613,2025-07-11,C00590,P011,4,487.27,344.29,194.91,1754.17,1377.16,377.01,Online
O006614,2025-09-10,C00303,P003,1,1674.13,1006.35,0.0,1674.13,1006.35,667.78,Online
O006615,2025-02-07,C00561,P005,2,3123.65,2355.15,624.73,5622.57,4710.3,912.27,Online
O006616,2025-01-14,C00710,P009,2,1843.37,1277.0,368.67,3318.07,2554.0,764.07,Online
O006617,2025-12-13,C00157,P003,1,1674.13,1006.35,0.0,1674.13,1006.35,667.78,Online
O006618,2025-11-06,C00352,P012,1,1008.95,650.79,0.0,1008.95,650.79,358.16,Store
O006619,2025-07-28,C00709,P001,2,12212.51,9280.33,0.0,24425.02,18560.66,5864.36,Online
O006620,2025-12-23,C01108,P011,1,487.27,344.29,0.0,487.27,344.29,142.98,Online
O006621,2025-03-30,C00250,P016,2,802.2,467.64,0.0,1604.4,935.28,669.12,Online
O006622,2025-02-25,C00649,P012,1,1008.95,650.79,100.9,908.05,650.79,257.26,Online
O006623,2025-04-04,C01132,P006,1,3653.72,2501.63,365.37,3288.35,2501.63,786.72,Online
O006624,2025-04-03,C00012,P006,1,3653.72,2501.63,182.69,3471.03,2501.63,969.4,Online
O006625,2025-12-06,C00731,P006,1,3653.72,2501.63,182.69,3471.03,2501.63,969.4,Marketplace
O006626,2025-03-26,C00726,P005,1,3123.65,2355.15,0.0,3123.65,2355.15,768.5,Online
O006627,2025-09-02,C00008,P004,3,825.3,619.33,0.0,2475.9,1857.99,617.91,Online
O006628,2025-01-22,C00341,P011,3,487.27,344.29,146.18,1315.63,1032.87,282.76,Store
O006629,2025-10-18,C00978,P008,4,952.71,663.0,0.0,3810.84,2652.0,1158.84,Store
O006630,2025-09-29,C00130,P008,2,952.71,663.0,0.0,1905.42,1326.0,579.42,Online
O006631,2025-11-02,C00346,P012,1,1008.95,650.79,100.9,908.05,650.79,257.26,Online
O006632,2025-05-02,C00814,P005,2,3123.65,2355.15,0.0,6247.3,4710.3,1537.0,Online
O006633,2025-05-08,C00577,P010,1,1487.5,884.68,223.12,1264.38,884.68,379.7,Marketplace
O006634,2025-04-23,C00476,P016,1,802.2,467.64,0.0,802.2,467.64,334.56,Online
O006635,2025-09-30,C01197,P009,1,1843.37,1277.0,92.17,1751.2,1277.0,474.2,Store
O006636,2025-12-02,C01075,P001,1,12212.51,9280.33,2442.5,9770.01,9280.33,489.68,Online
O006637,2025-05-10,C00522,P004,1,825.3,619.33,0.0,825.3,619.33,205.97,Online
O006638,2025-05-12,C00263,P002,1,5103.35,3862.76,510.34,4593.01,3862.76,730.25,Online
O006639,2025-03-26,C00118,P009,3,1843.37,1277.0,0.0,5530.11,3831.0,1699.11,Online
O006640,2025-12-16,C00217,P011,1,487.27,344.29,48.73,438.54,344.29,94.25,Online
O006641,2025-03-22,C00257,P007,1,692.39,399.57,0.0,692.39,399.57,292.82,Online
O006642,2025-11-21,C00107,P016,1,802.2,467.64,0.0,802.2,467.64,334.56,Online
O006643,2025-03-10,C00475,P004,2,825.3,619.33,0.0,1650.6,1238.66,411.94,Online
O006644,2025-05-28,C00515,P001,1,12212.51,9280.33,610.63,11601.88,9280.33,2321.55,Online
O006645,2025-01-16,C01082,P009,3,1843.37,1277.0,0.0,5530.11,3831.0,1699.11,Online
O006646,2025-11-03,C00997,P007,1,692.39,399.57,69.24,623.15,399.57,223.58,Online
O006647,2025-04-15,C00830,P013,3,889.0,519.78,0.0,2667.0,1559.34,1107.66,Online
O006648,2025-06-14,C00776,P002,2,5103.35,3862.76,1020.67,9186.03,7725.52,1460.51,Store
O006649,2025-07-20,C00540,P004,1,825.3,619.33,41.26,784.04,619.33,164.71,Online
O006650,2025-07-16,C00396,P014,1,746.01,469.1,0.0,746.01,469.1,276.91,Online
O006651,2025-07-04,C00729,P005,2,3123.65,2355.15,312.36,5934.94,4710.3,1224.64,Online
O006652,2025-11-18,C00578,P001,1,12212.51,9280.33,610.63,11601.88,9280.33,2321.55,Store
O006653,2025-09-22,C00240,P013,1,889.0,519.78,0.0,889.0,519.78,369.22,Store
O006654,2025-12-29,C00673,P016,3,802.2,467.64,0.0,2406.6,1402.92,1003.68,Store
O006655,2025-04-10,C00882,P014,1,746.01,469.1,111.9,634.11,469.1,165.01,Marketplace
O006656,2025-12-08,C00445,P004,1,825.3,619.33,0.0,825.3,619.33,205.97,Online
O006657,2025-11-16,C00942,P011,1,487.27,344.29,48.73,438.54,344.29,94.25,Online
O006658,2025-08-02,C00509,P011,1,487.27,344.29,0.0,487.27,344.29,142.98,Online
O006659,2025-10-05,C01056,P008,2,952.71,663.0,0.0,1905.42,1326.0,579.42,Online
O006660,2025-06-11,C00733,P008,1,952.71,663.0,0.0,952.71,663.0,289.71,Store
O006661,2025-06-06,C00814,P002,1,5103.35,3862.76,0.0,5103.35,3862.76,1240.59,Online
O006662,2025-09-08,C00371,P015,2,1375.39,1038.91,0.0,2750.78,2077.82,672.96,Store
O006663,2025-04-07,C00191,P003,1,1674.13,1006.35,167.41,1506.72,1006.35,500.37,Online
O006664,2025-01-18,C00624,P015,3,1375.39,1038.91,0.0,4126.17,3116.73,1009.44,Online
O006665,2025-11-23,C00921,P015,1,1375.39,1038.91,137.54,1237.85,1038.91,198.94,Marketplace
O006666,2025-04-07,C00082,P014,1,746.01,469.1,0.0,746.01,469.1,276.91,Online
O006667,2025-01-01,C00798,P011,1,487.27,344.29,73.09,414.18,344.29,69.89,Online
O006668,2025-08-04,C00789,P004,2,825.3,619.33,0.0,1650.6,1238.66,411.94,Online
O006669,2025-05-12,C00514,P001,1,12212.51,9280.33,0.0,12212.51,9280.33,2932.18,Store
O006670,2025-09-17,C01109,P004,3,825.3,619.33,0.0,2475.9,1857.99,617.91,Store
O006671,2025-05-05,C00601,P004,2,825.3,619.33,0.0,1650.6,1238.66,411.94,Store
O006672,2025-03-23,C00880,P009,2,1843.37,1277.0,0.0,3686.74,2554.0,1132.74,Store
O006673,2025-10-10,C00331,P004,2,825.3,619.33,0.0,1650.6,1238.66,411.94,Store
O006674,2025-06-20,C00935,P015,2,1375.39,1038.91,137.54,2613.24,2077.82,535.42,Online
O006675,2025-02-28,C01181,P004,1,825.3,619.33,0.0,825.3,619.33,205.97,Online
O006676,2025-02-01,C00841,P008,1,952.71,663.0,0.0,952.71,663.0,289.71,Online
O006677,2025-06-10,C01102,P011,1,487.27,344.29,24.36,462.91,344.29,118.62,Store
O006678,2025-10-11,C00921,P004,3,825.3,619.33,0.0,2475.9,1857.99,617.91,Store
O006679,2025-04-16,C00328,P003,1,1674.13,1006.35,0.0,1674.13,1006.35,667.78,Store
O006680,2025-04-15,C00241,P006,2,3653.72,2501.63,730.74,6576.7,5003.26,1573.44,Online
O006681,2025-08-16,C01094,P012,3,1008.95,650.79,0.0,3026.85,1952.37,1074.48,Online
O006682,2025-07-07,C01193,P003,1,1674.13,1006.35,0.0,1674.13,1006.35,667.78,Online
O006683,2025-03-11,C00599,P004,2,825.3,619.33,0.0,1650.6,1238.66,411.94,Marketplace
O006684,2025-11-14,C00686,P012,1,1008.95,650.79,50.45,958.5,650.79,307.71,Online
O006685,2025-10-17,C00570,P007,1,692.39,399.57,0.0,692.39,399.57,292.82,Online
O006686,2025-03-28,C00658,P012,1,1008.95,650.79,201.79,807.16,650.79,156.37,Online
O006687,2025-12-28,C00253,P014,2,746.01,469.1,149.2,1342.82,938.2,404.62,Online
O006688,2025-02-25,C00196,P009,2,1843.37,1277.0,0.0,3686.74,2554.0,1132.74,Online
O006689,2025-04-23,C00557,P002,2,5103.35,3862.76,0.0,10206.7,7725.52,2481.18,Online
O006690,2025-01-13,C00489,P004,1,825.3,619.33,0.0,825.3,619.33,205.97,Marketplace
O006691,2025-01-18,C00083,P015,2,1375.39,1038.91,137.54,2613.24,2077.82,535.42,Online
O006692,2025-07-01,C00842,P006,1,3653.72,2501.63,182.69,3471.03,2501.63,969.4,Store
O006693,2025-04-23,C00677,P010,1,1487.5,884.68,223.12,1264.38,884.68,379.7,Store
O006694,2025-08-17,C00530,P016,1,802.2,467.64,40.11,762.09,467.64,294.45,Online
O006695,2025-06-20,C00768,P004,2,825.3,619.33,82.53,1568.07,1238.66,329.41,Online
O006696,2025-10-22,C00400,P014,1,746.01,469.1,74.6,671.41,469.1,202.31,Online
O006697,2025-07-08,C00565,P015,2,1375.39,1038.91,0.0,2750.78,2077.82,672.96,Marketplace
O006698,2025-03-20,C00946,P008,3,952.71,663.0,0.0,2858.13,1989.0,869.13,Online
O006699,2025-05-26,C00123,P011,1,487.27,344.29,24.36,462.91,344.29,118.62,Store
O006700,2025-07-01,C00727,P002,2,5103.35,3862.76,510.34,9696.36,7725.52,1970.84,Online
O006701,2025-10-13,C00247,P011,1,487.27,344.29,0.0,487.27,344.29,142.98,Store
O006702,2025-09-07,C00219,P016,1,802.2,467.64,0.0,802.2,467.64,334.56,Online
O006703,2025-12-20,C00126,P006,1,3653.72,2501.63,548.06,3105.66,2501.63,604.03,Online
O006704,2025-11-10,C00602,P004,1,825.3,619.33,0.0,825.3,619.33,205.97,Store
O006705,2025-07-15,C01013,P015,1,1375.39,1038.91,0.0,1375.39,1038.91,336.48,Marketplace
O006706,2025-11-19,C00897,P004,4,825.3,619.33,330.12,2971.08,2477.32,493.76,Online
O006707,2025-03-12,C00960,P004,1,825.3,619.33,0.0,825.3,619.33,205.97,Marketplace
O006708,2025-09-05,C00019,P014,2,746.01,469.1,149.2,1342.82,938.2,404.62,Online
O006709,2025-05-26,C00940,P006,1,3653.72,2501.63,182.69,3471.03,2501.63,969.4,Online
O006710,2025-04-16,C00603,P007,1,692.39,399.57,34.62,657.77,399.57,258.2,Online
O006711,2025-09-20,C00834,P015,1,1375.39,1038.91,206.31,1169.08,1038.91,130.17,Online
O006712,2025-10-23,C00898,P002,1,5103.35,3862.76,0.0,5103.35,3862.76,1240.59,Online
O006713,2025-03-11,C00148,P013,1,889.0,519.78,177.8,711.2,519.78,191.42,Online
O006714,2025-07-12,C00653,P010,4,1487.5,884.68,0.0,5950.0,3538.72,2411.28,Online
O006715,2025-03-09,C00688,P014,1,746.01,469.1,0.0,746.01,469.1,276.91,Store
O006716,2025-11-01,C01050,P006,4,3653.72,2501.63,0.0,14614.88,10006.52,4608.36,Online
O006717,2025-02-21,C00044,P013,2,889.0,519.78,0.0,1778.0,1039.56,738.44,Store
O006718,2025-12-29,C00719,P002,1,5103.35,3862.76,0.0,5103.35,3862.76,1240.59,Marketplace
O006719,2025-10-12,C00487,P009,1,1843.37,1277.0,92.17,1751.2,1277.0,474.2,Marketplace
O006720,2025-11-30,C00464,P003,2,1674.13,1006.35,0.0,3348.26,2012.7,1335.56,Store
O006721,2025-01-09,C00114,P014,1,746.01,469.1,0.0,746.01,469.1,276.91,Marketplace
O006722,2025-09-08,C00587,P001,1,12212.51,9280.33,610.63,11601.88,9280.33,2321.55,Online
O006723,2025-11-28,C00322,P004,2,825.3,619.33,0.0,1650.6,1238.66,411.94,Online
O006724,2025-10-25,C00454,P011,1,487.27,344.29,0.0,487.27,344.29,142.98,Marketplace
O006725,2025-07-03,C00890,P003,1,1674.13,1006.35,83.71,1590.42,1006.35,584.07,Online
O006726,2025-06-28,C00139,P008,3,952.71,663.0,0.0,2858.13,1989.0,869.13,Marketplace
O006727,2025-07-17,C00928,P008,1,952.71,663.0,0.0,952.71,663.0,289.71,Store
O006728,2025-05-08,C00909,P013,1,889.0,519.78,0.0,889.0,519.78,369.22,Online
O006729,2025-01-20,C00838,P004,1,825.3,619.33,0.0,825.3,619.33,205.97,Online
O006730,2025-11-24,C00713,P012,4,1008.95,650.79,0.0,4035.8,2603.16,1432.64,Marketplace
O006731,2025-03-06,C00321,P012,1,1008.95,650.79,0.0,1008.95,650.79,358.16,Online
O006732,2025-07-01,C00547,P010,1,1487.5,884.68,148.75,1338.75,884.68,454.07,Online
O006733,2025-08-29,C01194,P014,1,746.01,469.1,111.9,634.11,469.1,165.01,Online
O006734,2025-01-24,C00814,P005,2,3123.65,2355.15,0.0,6247.3,4710.3,1537.0,Online
O006735,2025-03-24,C00072,P013,1,889.0,519.78,0.0,889.0,519.78,369.22,Online
O006736,2025-11-15,C00750,P003,1,1674.13,1006.35,167.41,1506.72,1006.35,500.37,Online
O006737,2025-07-04,C00915,P012,1,1008.95,650.79,50.45,958.5,650.79,307.71,Online
O006738,2025-11-12,C01067,P009,1,1843.37,1277.0,0.0,1843.37,1277.0,566.37,Store
O006739,2025-04-09,C00354,P015,2,1375.39,1038.91,0.0,2750.78,2077.82,672.96,Store
O006740,2025-03-03,C00685,P001,1,12212.51,9280.33,610.63,11601.88,9280.33,2321.55,Online
O006741,2025-10-13,C00327,P004,1,825.3,619.33,0.0,825.3,619.33,205.97,Store
O006742,2025-01-22,C00813,P009,2,1843.37,1277.0,0.0,3686.74,2554.0,1132.74,Online
O006743,2025-07-31,C00884,P011,1,487.27,344.29,48.73,438.54,344.29,94.25,Online
O006744,2025-05-06,C00536,P015,1,1375.39,1038.91,68.77,1306.62,1038.91,267.71,Online
O006745,2025-02-11,C00005,P004,1,825.3,619.33,41.26,784.04,619.33,164.71,Online
O006746,2025-04-08,C00907,P003,1,1674.13,1006.35,0.0,1674.13,1006.35,667.78,Online
O006747,2025-01-31,C01138,P009,1,1843.37,1277.0,184.34,1659.03,1277.0,382.03,Marketplace
O006748,2025-06-07,C01135,P004,2,825.3,619.33,165.06,1485.54,1238.66,246.88,Online
O006749,2025-04-22,C00999,P008,1,952.71,663.0,0.0,952.71,663.0,289.71,Store
O006750,2025-09-04,C00663,P001,1,12212.51,9280.33,610.63,11601.88,9280.33,2321.55,Marketplace
O006751,2025-05-02,C00086,P004,1,825.3,619.33,0.0,825.3,619.33,205.97,Online
O006752,2025-09-30,C00052,P011,4,487.27,344.29,97.45,1851.63,1377.16,474.47,Store
O006753,2025-10-21,C00099,P011,1,487.27,344.29,73.09,414.18,344.29,69.89,Online
O006754,2025-07-26,C01062,P014,2,746.01,469.1,74.6,1417.42,938.2,479.22,Online
O006755,2025-04-20,C00378,P004,2,825.3,619.33,330.12,1320.48,1238.66,81.82,Online
O006756,2025-10-05,C00850,P010,1,1487.5,884.68,148.75,1338.75,884.68,454.07,Marketplace
O006757,2025-02-25,C00154,P006,3,3653.72,2501.63,1096.12,9865.04,7504.89,2360.15,Marketplace
O006758,2025-02-26,C00918,P014,2,746.01,469.1,0.0,1492.02,938.2,553.82,Online
O006759,2025-10-18,C00711,P007,1,692.39,399.57,0.0,692.39,399.57,292.82,Online
O006760,2025-04-24,C00548,P009,1,1843.37,1277.0,92.17,1751.2,1277.0,474.2,Online
O006761,2025-11-04,C00154,P006,1,3653.72,2501.63,365.37,3288.35,2501.63,786.72,Online
O006762,2025-12-07,C00502,P008,1,952.71,663.0,95.27,857.44,663.0,194.44,Store
O006763,2025-07-17,C00757,P014,3,746.01,469.1,0.0,2238.03,1407.3,830.73,Store
O006764,2025-11-17,C00246,P014,1,746.01,469.1,0.0,746.01,469.1,276.91,Store
O006765,2025-06-28,C01050,P004,1,825.3,619.33,0.0,825.3,619.33,205.97,Online
O006766,2025-08-07,C00708,P002,1,5103.35,3862.76,765.5,4337.85,3862.76,475.09,Online
O006767,2025-10-04,C00812,P010,1,1487.5,884.68,0.0,1487.5,884.68,602.82,Online
O006768,2025-01-16,C01083,P013,1,889.0,519.78,44.45,844.55,519.78,324.77,Marketplace
O006769,2025-03-02,C00662,P007,2,692.39,399.57,0.0,1384.78,799.14,585.64,Online
O006770,2025-02-23,C00464,P001,1,12212.51,9280.33,0.0,12212.51,9280.33,2932.18,Online
O006771,2025-06-17,C01132,P016,1,802.2,467.64,0.0,802.2,467.64,334.56,Online
O006772,2025-01-26,C00203,P007,1,692.39,399.57,34.62,657.77,399.57,258.2,Store
O006773,2025-12-02,C00744,P016,1,802.2,467.64,0.0,802.2,467.64,334.56,Online
O006774,2025-03-06,C00028,P011,2,487.27,344.29,0.0,974.54,688.58,285.96,Online
O006775,2025-04-10,C00075,P008,1,952.71,663.0,47.64,905.07,663.0,242.07,Marketplace
O006776,2025-03-15,C00289,P016,1,802.2,467.64,0.0,802.2,467.64,334.56,Online
O006777,2025-07-11,C01045,P004,1,825.3,619.33,0.0,825.3,619.33,205.97,Online
O006778,2025-06-20,C00764,P013,1,889.0,519.78,0.0,889.0,519.78,369.22,Store
O006779,2025-09-30,C00850,P005,3,3123.65,2355.15,0.0,9370.95,7065.45,2305.5,Online
O006780,2025-07-06,C00492,P014,1,746.01,469.1,0.0,746.01,469.1,276.91,Online
O006781,2025-01-23,C00698,P008,2,952.71,663.0,0.0,1905.42,1326.0,579.42,Online
O006782,2025-06-30,C00706,P011,1,487.27,344.29,0.0,487.27,344.29,142.98,Online
O006783,2025-11-23,C00068,P006,2,3653.72,2501.63,730.74,6576.7,5003.26,1573.44,Store
O006784,2025-04-18,C00275,P001,1,12212.51,9280.33,0.0,12212.51,9280.33,2932.18,Online
O006785,2025-12-01,C00055,P014,1,746.01,469.1,0.0,746.01,469.1,276.91,Store
O006786,2025-06-11,C00037,P005,2,3123.65,2355.15,312.36,5934.94,4710.3,1224.64,Online
O006787,2025-10-29,C00548,P015,1,1375.39,1038.91,0.0,1375.39,1038.91,336.48,Online
O006788,2025-07-25,C00196,P010,2,1487.5,884.68,148.75,2826.25,1769.36,1056.89,Online
O006789,2025-03-19,C00445,P006,3,3653.72,2501.63,548.06,10413.1,7504.89,2908.21,Online
O006790,2025-01-16,C01083,P014,2,746.01,469.1,74.6,1417.42,938.2,479.22,Marketplace
O006791,2025-11-23,C01174,P002,2,5103.35,3862.76,0.0,10206.7,7725.52,2481.18,Online
O006792,2025-04-06,C00527,P016,1,802.2,467.64,40.11,762.09,467.64,294.45,Store
O006793,2025-05-27,C00200,P003,1,1674.13,1006.35,0.0,1674.13,1006.35,667.78,Online
O006794,2025-01-02,C00472,P009,1,1843.37,1277.0,0.0,1843.37,1277.0,566.37,Online
O006795,2025-01-10,C00808,P001,2,12212.51,9280.33,1221.25,23203.77,18560.66,4643.11,Online
O006796,2025-05-05,C00975,P012,1,1008.95,650.79,0.0,1008.95,650.79,358.16,Marketplace
O006797,2025-03-22,C00579,P005,1,3123.65,2355.15,0.0,3123.65,2355.15,768.5,Online
O006798,2025-05-20,C00266,P005,1,3123.65,2355.15,0.0,3123.65,2355.15,768.5,Store
O006799,2025-11-22,C00977,P015,2,1375.39,1038.91,0.0,2750.78,2077.82,672.96,Online
O006800,2025-05-30,C00914,P011,1,487.27,344.29,97.45,389.82,344.29,45.53,Store
O006801,2025-10-15,C01068,P012,1,1008.95,650.79,0.0,1008.95,650.79,358.16,Marketplace
O006802,2025-12-27,C01078,P010,1,1487.5,884.68,0.0,1487.5,884.68,602.82,Store
O006803,2025-12-06,C00389,P008,1,952.71,663.0,0.0,952.71,663.0,289.71,Store
O006804,2025-05-09,C01002,P010,1,1487.5,884.68,148.75,1338.75,884.68,454.07,Store
O006805,2025-08-27,C00585,P015,1,1375.39,1038.91,68.77,1306.62,1038.91,267.71,Store
O006806,2025-02-27,C01148,P008,1,952.71,663.0,0.0,952.71,663.0,289.71,Online
O006807,2025-07-17,C00916,P016,1,802.2,467.64,0.0,802.2,467.64,334.56,Store
O006808,2025-07-30,C00501,P006,1,3653.72,2501.63,0.0,3653.72,2501.63,1152.09,Online
O006809,2025-02-14,C00112,P005,4,3123.65,2355.15,1874.19,10620.41,9420.6,1199.81,Online
O006810,2025-04-07,C00167,P014,2,746.01,469.1,74.6,1417.42,938.2,479.22,Online
O006811,2025-10-06,C00594,P014,2,746.01,469.1,0.0,1492.02,938.2,553.82,Online
O006812,2025-01-23,C00140,P014,1,746.01,469.1,0.0,746.01,469.1,276.91,Marketplace
O006813,2025-12-01,C00461,P011,1,487.27,344.29,0.0,487.27,344.29,142.98,Online
O006814,2025-02-13,C01200,P005,2,3123.65,2355.15,0.0,6247.3,4710.3,1537.0,Store
O006815,2025-01-27,C00687,P015,1,1375.39,1038.91,206.31,1169.08,1038.91,130.17,Online
O006816,2025-10-09,C00106,P003,1,1674.13,1006.35,0.0,1674.13,1006.35,667.78,Online
O006817,2025-04-07,C01170,P014,1,746.01,469.1,37.3,708.71,469.1,239.61,Online
O006818,2025-02-05,C01195,P013,2,889.0,519.78,0.0,1778.0,1039.56,738.44,Store
O006819,2025-04-19,C01153,P016,1,802.2,467.64,40.11,762.09,467.64,294.45,Store
O006820,2025-02-24,C01135,P005,2,3123.65,2355.15,624.73,5622.57,4710.3,912.27,Online
O006821,2025-07-11,C01127,P004,1,825.3,619.33,0.0,825.3,619.33,205.97,Store
O006822,2025-08-07,C00365,P014,1,746.01,469.1,37.3,708.71,469.1,239.61,Online
O006823,2025-07-04,C00655,P003,1,1674.13,1006.35,0.0,1674.13,1006.35,667.78,Online
O006824,2025-03-10,C00519,P002,1,5103.35,3862.76,0.0,5103.35,3862.76,1240.59,Online
O006825,2025-11-13,C00029,P001,1,12212.51,9280.33,0.0,12212.51,9280.33,2932.18,Marketplace
O006826,2025-05-10,C01055,P016,2,802.2,467.64,0.0,1604.4,935.28,669.12,Store
O006827,2025-02-24,C00991,P010,2,1487.5,884.68,148.75,2826.25,1769.36,1056.89,Online
O006828,2025-04-07,C00808,P014,1,746.01,469.1,37.3,708.71,469.1,239.61,Online
O006829,2025-12-02,C01058,P007,2,692.39,399.57,207.72,1177.06,799.14,377.92,Online
O006830,2025-03-28,C00936,P004,1,825.3,619.33,0.0,825.3,619.33,205.97,Online
O006831,2025-10-21,C00369,P007,2,692.39,399.57,0.0,1384.78,799.14,585.64,Store
O006832,2025-04-29,C00482,P011,1,487.27,344.29,0.0,487.27,344.29,142.98,Online
O006833,2025-07-27,C00917,P016,1,802.2,467.64,0.0,802.2,467.64,334.56,Marketplace
O006834,2025-11-30,C00267,P013,2,889.0,519.78,177.8,1600.2,1039.56,560.64,Online
O006835,2025-06-03,C00988,P011,1,487.27,344.29,24.36,462.91,344.29,118.62,Online
O006836,2025-02-04,C00897,P003,1,1674.13,1006.35,0.0,1674.13,1006.35,667.78,Online
O006837,2025-03-20,C00374,P001,3,12212.51,9280.33,0.0,36637.53,27840.99,8796.54,Marketplace
O006838,2025-03-08,C01181,P002,1,5103.35,3862.76,0.0,5103.35,3862.76,1240.59,Online
O006839,2025-12-09,C00845,P016,2,802.2,467.64,0.0,1604.4,935.28,669.12,Online
O006840,2025-02-03,C00185,P015,1,1375.39,1038.91,206.31,1169.08,1038.91,130.17,Online
O006841,2025-04-07,C00472,P012,1,1008.95,650.79,0.0,1008.95,650.79,358.16,Store
O006842,2025-06-18,C00104,P007,1,692.39,399.57,69.24,623.15,399.57,223.58,Online
O006843,2025-06-18,C01174,P012,2,1008.95,650.79,201.79,1816.11,1301.58,514.53,Online
O006844,2025-05-31,C00913,P013,1,889.0,519.78,0.0,889.0,519.78,369.22,Online
O006845,2025-03-12,C01148,P003,2,1674.13,1006.35,167.41,3180.85,2012.7,1168.15,Online
O006846,2025-01-03,C00459,P010,2,1487.5,884.68,297.5,2677.5,1769.36,908.14,Online
O006847,2025-11-10,C00851,P003,1,1674.13,1006.35,0.0,1674.13,1006.35,667.78,Online
O006848,2025-02-01,C00420,P013,1,889.0,519.78,0.0,889.0,519.78,369.22,Store
O006849,2025-10-14,C00809,P006,2,3653.72,2501.63,1096.12,6211.32,5003.26,1208.06,Online
O006850,2025-03-23,C00611,P009,1,1843.37,1277.0,184.34,1659.03,1277.0,382.03,Online
O006851,2025-02-12,C00653,P003,1,1674.13,1006.35,167.41,1506.72,1006.35,500.37,Online
O006852,2025-04-15,C00822,P007,4,692.39,399.57,0.0,2769.56,1598.28,1171.28,Online
O006853,2025-01-01,C00799,P005,2,3123.65,2355.15,0.0,6247.3,4710.3,1537.0,Marketplace
O006854,2025-03-02,C00735,P003,1,1674.13,1006.35,0.0,1674.13,1006.35,667.78,Online
O006855,2025-09-27,C00114,P010,2,1487.5,884.68,0.0,2975.0,1769.36,1205.64,Online
O006856,2025-06-29,C00746,P007,2,692.39,399.57,69.24,1315.54,799.14,516.4,Online
O006857,2025-08-12,C00505,P014,1,746.01,469.1,0.0,746.01,469.1,276.91,Marketplace
O006858,2025-01-06,C00335,P011,1,487.27,344.29,0.0,487.27,344.29,142.98,Online
O006859,2025-04-13,C00961,P002,1,5103.35,3862.76,0.0,5103.35,3862.76,1240.59,Online
O006860,2025-01-10,C00076,P016,1,802.2,467.64,0.0,802.2,467.64,334.56,Online
O006861,2025-03-12,C00787,P004,1,825.3,619.33,41.26,784.04,619.33,164.71,Online
O006862,2025-03-31,C00980,P001,1,12212.51,9280.33,0.0,12212.51,9280.33,2932.18,Online
O006863,2025-08-14,C00215,P007,4,692.39,399.57,0.0,2769.56,1598.28,1171.28,Online
O006864,2025-06-07,C00965,P009,1,1843.37,1277.0,0.0,1843.37,1277.0,566.37,Online
O006865,2025-08-16,C01117,P010,1,1487.5,884.68,0.0,1487.5,884.68,602.82,Online
O006866,2025-05-06,C00278,P003,1,1674.13,1006.35,0.0,1674.13,1006.35,667.78,Online
O006867,2025-07-28,C00767,P003,2,1674.13,1006.35,0.0,3348.26,2012.7,1335.56,Online
O006868,2025-04-07,C00175,P016,1,802.2,467.64,160.44,641.76,467.64,174.12,Online
O006869,2025-03-15,C01143,P006,1,3653.72,2501.63,182.69,3471.03,2501.63,969.4,Online
O006870,2025-04-25,C00266,P011,1,487.27,344.29,24.36,462.91,344.29,118.62,Store
O006871,2025-07-10,C00896,P007,1,692.39,399.57,34.62,657.77,399.57,258.2,Store
O006872,2025-06-19,C01121,P006,1,3653.72,2501.63,0.0,3653.72,2501.63,1152.09,Online
O006873,2025-11-03,C00295,P015,1,1375.39,1038.91,0.0,1375.39,1038.91,336.48,Online
O006874,2025-07-23,C00398,P012,2,1008.95,650.79,100.9,1917.0,1301.58,615.42,Online
O006875,2025-02-25,C00993,P006,1,3653.72,2501.63,182.69,3471.03,2501.63,969.4,Store
O006876,2025-07-27,C01022,P009,1,1843.37,1277.0,92.17,1751.2,1277.0,474.2,Online
O006877,2025-02-10,C00932,P005,2,3123.65,2355.15,0.0,6247.3,4710.3,1537.0,Store
O006878,2025-02-01,C00252,P012,2,1008.95,650.79,0.0,2017.9,1301.58,716.32,Online
O006879,2025-01-15,C01106,P016,1,802.2,467.64,40.11,762.09,467.64,294.45,Store
O006880,2025-03-03,C00719,P001,2,12212.51,9280.33,0.0,24425.02,18560.66,5864.36,Online
O006881,2025-06-04,C00025,P011,1,487.27,344.29,0.0,487.27,344.29,142.98,Online
O006882,2025-10-11,C01139,P014,1,746.01,469.1,0.0,746.01,469.1,276.91,Marketplace
O006883,2025-07-28,C00520,P016,1,802.2,467.64,40.11,762.09,467.64,294.45,Online
O006884,2025-11-16,C01123,P014,1,746.01,469.1,74.6,671.41,469.1,202.31,Store
O006885,2025-07-06,C00606,P013,2,889.0,519.78,0.0,1778.0,1039.56,738.44,Online
O006886,2025-05-10,C00616,P015,1,1375.39,1038.91,68.77,1306.62,1038.91,267.71,Online
O006887,2025-05-07,C00469,P007,3,692.39,399.57,103.86,1973.31,1198.71,774.6,Store
O006888,2025-10-19,C00320,P014,3,746.01,469.1,0.0,2238.03,1407.3,830.73,Online
O006889,2025-04-24,C00153,P012,1,1008.95,650.79,0.0,1008.95,650.79,358.16,Online
O006890,2025-07-18,C01126,P016,1,802.2,467.64,160.44,641.76,467.64,174.12,Online
O006891,2025-01-13,C00338,P004,1,825.3,619.33,0.0,825.3,619.33,205.97,Marketplace
O006892,2025-09-28,C00008,P009,1,1843.37,1277.0,184.34,1659.03,1277.0,382.03,Online
O006893,2025-03-30,C00980,P014,1,746.01,469.1,0.0,746.01,469.1,276.91,Online
O006894,2025-08-03,C00997,P015,1,1375.39,1038.91,275.08,1100.31,1038.91,61.4,Online
O006895,2025-10-05,C01172,P011,1,487.27,344.29,24.36,462.91,344.29,118.62,Online
O006896,2025-07-22,C00611,P016,3,802.2,467.64,0.0,2406.6,1402.92,1003.68,Online
O006897,2025-03-15,C00420,P015,1,1375.39,1038.91,0.0,1375.39,1038.91,336.48,Online
O006898,2025-01-25,C00614,P012,2,1008.95,650.79,201.79,1816.11,1301.58,514.53,Online
O006899,2025-04-11,C00502,P004,2,825.3,619.33,82.53,1568.07,1238.66,329.41,Online
O006900,2025-06-25,C00538,P009,3,1843.37,1277.0,276.51,5253.6,3831.0,1422.6,Marketplace
O006901,2025-04-27,C00133,P014,1,746.01,469.1,37.3,708.71,469.1,239.61,Online
O006902,2025-06-15,C00981,P009,1,1843.37,1277.0,0.0,1843.37,1277.0,566.37,Online
O006903,2025-02-10,C00324,P003,1,1674.13,1006.35,0.0,1674.13,1006.35,667.78,Online
O006904,2025-12-10,C00911,P012,1,1008.95,650.79,100.9,908.05,650.79,257.26,Store
O006905,2025-04-30,C00167,P016,1,802.2,467.64,0.0,802.2,467.64,334.56,Store
O006906,2025-04-07,C01102,P008,1,952.71,663.0,0.0,952.71,663.0,289.71,Online
O006907,2025-05-25,C00059,P002,1,5103.35,3862.76,0.0,5103.35,3862.76,1240.59,Online
O006908,2025-08-04,C00233,P015,1,1375.39,1038.91,0.0,1375.39,1038.91,336.48,Online
O006909,2025-08-17,C00067,P011,2,487.27,344.29,0.0,974.54,688.58,285.96,Online
O006910,2025-11-09,C00621,P006,1,3653.72,2501.63,0.0,3653.72,2501.63,1152.09,Store
O006911,2025-05-10,C00962,P004,4,825.3,619.33,0.0,3301.2,2477.32,823.88,Online
O006912,2025-12-18,C00114,P014,1,746.01,469.1,0.0,746.01,469.1,276.91,Store
O006913,2025-11-14,C00399,P012,1,1008.95,650.79,0.0,1008.95,650.79,358.16,Marketplace
O006914,2025-05-17,C01199,P001,1,12212.51,9280.33,2442.5,9770.01,9280.33,489.68,Online
O006915,2025-11-20,C00381,P004,1,825.3,619.33,123.79,701.51,619.33,82.18,Online
O006916,2025-12-03,C01148,P016,2,802.2,467.64,0.0,1604.4,935.28,669.12,Online
O006917,2025-09-30,C01131,P005,2,3123.65,2355.15,624.73,5622.57,4710.3,912.27,Marketplace
O006918,2025-04-27,C00953,P014,1,746.01,469.1,37.3,708.71,469.1,239.61,Online
O006919,2025-11-02,C00450,P008,2,952.71,663.0,190.54,1714.88,1326.0,388.88,Online
O006920,2025-04-04,C01166,P016,1,802.2,467.64,160.44,641.76,467.64,174.12,Online
O006921,2025-06-17,C00668,P011,3,487.27,344.29,146.18,1315.63,1032.87,282.76,Store
O006922,2025-07-22,C00599,P009,4,1843.37,1277.0,368.67,7004.81,5108.0,1896.81,Online
O006923,2025-12-07,C00288,P013,1,889.0,519.78,44.45,844.55,519.78,324.77,Marketplace
O006924,2025-05-29,C00056,P003,1,1674.13,1006.35,0.0,1674.13,1006.35,667.78,Online
O006925,2025-07-02,C00373,P005,1,3123.65,2355.15,0.0,3123.65,2355.15,768.5,Online
O006926,2025-06-01,C00708,P010,1,1487.5,884.68,0.0,1487.5,884.68,602.82,Online
O006927,2025-03-15,C00161,P012,1,1008.95,650.79,0.0,1008.95,650.79,358.16,Online
O006928,2025-12-31,C00655,P007,1,692.39,399.57,69.24,623.15,399.57,223.58,Marketplace
O006929,2025-10-01,C00906,P006,1,3653.72,2501.63,182.69,3471.03,2501.63,969.4,Online
O006930,2025-02-11,C01133,P015,1,1375.39,1038.91,275.08,1100.31,1038.91,61.4,Store
O006931,2025-07-31,C00623,P001,1,12212.51,9280.33,610.63,11601.88,9280.33,2321.55,Store
O006932,2025-04-11,C01128,P001,1,12212.51,9280.33,610.63,11601.88,9280.33,2321.55,Online
O006933,2025-02-14,C00978,P005,1,3123.65,2355.15,0.0,3123.65,2355.15,768.5,Online
O006934,2025-03-23,C00760,P002,2,5103.35,3862.76,510.34,9696.36,7725.52,1970.84,Marketplace
O006935,2025-01-17,C00716,P003,2,1674.13,1006.35,334.83,3013.43,2012.7,1000.73,Online
O006936,2025-03-14,C00851,P015,1,1375.39,1038.91,137.54,1237.85,1038.91,198.94,Online
O006937,2025-01-14,C00651,P013,1,889.0,519.78,44.45,844.55,519.78,324.77,Store
O006938,2025-06-06,C00376,P016,2,802.2,467.64,0.0,1604.4,935.28,669.12,Online
O006939,2025-08-11,C00922,P005,1,3123.65,2355.15,624.73,2498.92,2355.15,143.77,Store
O006940,2025-05-12,C00350,P010,1,1487.5,884.68,0.0,1487.5,884.68,602.82,Online
O006941,2025-12-04,C00006,P014,2,746.01,469.1,74.6,1417.42,938.2,479.22,Store
O006942,2025-02-16,C01084,P012,1,1008.95,650.79,0.0,1008.95,650.79,358.16,Online
O006943,2025-04-17,C01028,P007,3,692.39,399.57,0.0,2077.17,1198.71,878.46,Marketplace
O006944,2025-04-18,C01057,P004,1,825.3,619.33,0.0,825.3,619.33,205.97,Online
O006945,2025-09-22,C00872,P011,1,487.27,344.29,0.0,487.27,344.29,142.98,Online
O006946,2025-07-24,C00985,P012,4,1008.95,650.79,0.0,4035.8,2603.16,1432.64,Online
O006947,2025-03-20,C00499,P011,1,487.27,344.29,48.73,438.54,344.29,94.25,Online
O006948,2025-06-04,C00906,P016,2,802.2,467.64,0.0,1604.4,935.28,669.12,Marketplace
O006949,2025-09-28,C00602,P002,1,5103.35,3862.76,255.17,4848.18,3862.76,985.42,Store
O006950,2025-09-04,C01092,P003,1,1674.13,1006.35,0.0,1674.13,1006.35,667.78,Online
O006951,2025-01-19,C00667,P015,1,1375.39,1038.91,0.0,1375.39,1038.91,336.48,Online
O006952,2025-12-12,C00737,P016,1,802.2,467.64,0.0,802.2,467.64,334.56,Online
O006953,2025-01-26,C00591,P004,1,825.3,619.33,0.0,825.3,619.33,205.97,Online
O006954,2025-08-05,C00957,P010,1,1487.5,884.68,0.0,1487.5,884.68,602.82,Online
O006955,2025-06-03,C01072,P004,1,825.3,619.33,41.26,784.04,619.33,164.71,Online
O006956,2025-06-03,C00704,P012,1,1008.95,650.79,151.34,857.61,650.79,206.82,Online
O006957,2025-06-23,C00583,P001,2,12212.51,9280.33,0.0,24425.02,18560.66,5864.36,Store
O006958,2025-04-02,C00093,P002,1,5103.35,3862.76,510.34,4593.01,3862.76,730.25,Online
O006959,2025-12-04,C00617,P002,3,5103.35,3862.76,765.5,14544.55,11588.28,2956.27,Online
O006960,2025-06-30,C00979,P001,1,12212.51,9280.33,1221.25,10991.26,9280.33,1710.93,Online
O006961,2025-05-11,C00077,P013,1,889.0,519.78,88.9,800.1,519.78,280.32,Online
O006962,2025-10-25,C00681,P014,1,746.01,469.1,37.3,708.71,469.1,239.61,Store
O006963,2025-10-02,C01037,P002,3,5103.35,3862.76,0.0,15310.05,11588.28,3721.77,Store
O006964,2025-09-30,C00433,P007,1,692.39,399.57,0.0,692.39,399.57,292.82,Store
O006965,2025-03-17,C00624,P012,1,1008.95,650.79,0.0,1008.95,650.79,358.16,Store
O006966,2025-06-26,C00993,P002,1,5103.35,3862.76,0.0,5103.35,3862.76,1240.59,Online
O006967,2025-07-03,C00608,P006,1,3653.72,2501.63,182.69,3471.03,2501.63,969.4,Store
O006968,2025-11-15,C00834,P013,2,889.0,519.78,88.9,1689.1,1039.56,649.54,Online
O006969,2025-05-11,C00084,P002,1,5103.35,3862.76,0.0,5103.35,3862.76,1240.59,Marketplace
O006970,2025-12-29,C01124,P001,1,12212.51,9280.33,2442.5,9770.01,9280.33,489.68,Marketplace
O006971,2025-02-18,C01127,P014,1,746.01,469.1,0.0,746.01,469.1,276.91,Online
O006972,2025-02-24,C00618,P001,2,12212.51,9280.33,0.0,24425.02,18560.66,5864.36,Store
O006973,2025-06-03,C00105,P015,1,1375.39,1038.91,0.0,1375.39,1038.91,336.48,Online
O006974,2025-12-21,C01027,P004,2,825.3,619.33,247.59,1403.01,1238.66,164.35,Marketplace
O006975,2025-07-19,C01149,P004,1,825.3,619.33,0.0,825.3,619.33,205.97,Store
O006976,2025-11-04,C01118,P010,1,1487.5,884.68,0.0,1487.5,884.68,602.82,Online
O006977,2025-12-22,C00197,P012,1,1008.95,650.79,0.0,1008.95,650.79,358.16,Online
O006978,2025-04-28,C00838,P013,4,889.0,519.78,0.0,3556.0,2079.12,1476.88,Online
O006979,2025-09-20,C00318,P012,1,1008.95,650.79,0.0,1008.95,650.79,358.16,Online
O006980,2025-02-15,C01026,P015,1,1375.39,1038.91,137.54,1237.85,1038.91,198.94,Online
O006981,2025-10-29,C01197,P012,3,1008.95,650.79,302.69,2724.16,1952.37,771.79,Online
O006982,2025-12-22,C00633,P016,1,802.2,467.64,0.0,802.2,467.64,334.56,Online
O006983,2025-07-08,C01156,P015,1,1375.39,1038.91,206.31,1169.08,1038.91,130.17,Store
O006984,2025-11-06,C00184,P011,2,487.27,344.29,0.0,974.54,688.58,285.96,Online
O006985,2025-11-14,C00569,P006,1,3653.72,2501.63,548.06,3105.66,2501.63,604.03,Online
O006986,2025-05-09,C00518,P015,1,1375.39,1038.91,0.0,1375.39,1038.91,336.48,Online
O006987,2025-02-18,C00543,P009,2,1843.37,1277.0,0.0,3686.74,2554.0,1132.74,Online
O006988,2025-01-25,C00582,P012,2,1008.95,650.79,0.0,2017.9,1301.58,716.32,Online
O006989,2025-09-23,C00849,P010,2,1487.5,884.68,0.0,2975.0,1769.36,1205.64,Online
O006990,2025-04-28,C01175,P004,2,825.3,619.33,247.59,1403.01,1238.66,164.35,Store
O006991,2025-05-24,C01143,P002,1,5103.35,3862.76,0.0,5103.35,3862.76,1240.59,Store
O006992,2025-07-19,C00277,P001,1,12212.51,9280.33,1221.25,10991.26,9280.33,1710.93,Store
O006993,2025-06-06,C00910,P008,1,952.71,663.0,142.91,809.8,663.0,146.8,Store
O006994,2025-12-14,C00640,P006,2,3653.72,2501.63,365.37,6942.07,5003.26,1938.81,Online
O006995,2025-05-14,C00996,P010,1,1487.5,884.68,0.0,1487.5,884.68,602.82,Online
O006996,2025-05-28,C00554,P001,2,12212.51,9280.33,0.0,24425.02,18560.66,5864.36,Online
O006997,2025-12-02,C00722,P007,1,692.39,399.57,0.0,692.39,399.57,292.82,Online
O006998,2025-03-12,C00177,P007,1,692.39,399.57,103.86,588.53,399.57,188.96,Store
O006999,2025-08-21,C00181,P007,1,692.39,399.57,103.86,588.53,399.57,188.96,Store
O007000,2025-11-30,C00738,P012,1,1008.95,650.79,0.0,1008.95,650.79,358.16,Store
O007001,2025-10-26,C00560,P005,2,3123.65,2355.15,312.36,5934.94,4710.3,1224.64,Store
O007002,2025-06-03,C00986,P011,1,487.27,344.29,0.0,487.27,344.29,142.98,Online
O007003,2025-03-31,C00127,P009,1,1843.37,1277.0,0.0,1843.37,1277.0,566.37,Online
O007004,2025-11-30,C00028,P015,1,1375.39,1038.91,0.0,1375.39,1038.91,336.48,Online
O007005,2025-07-18,C00421,P010,1,1487.5,884.68,74.38,1413.12,884.68,528.44,Store
O007006,2025-06-10,C00434,P016,1,802.2,467.64,0.0,802.2,467.64,334.56,Store
O007007,2025-01-26,C00311,P014,1,746.01,469.1,0.0,746.01,469.1,276.91,Online
O007008,2025-05-01,C00839,P005,1,3123.65,2355.15,468.55,2655.1,2355.15,299.95,Online
O007009,2025-10-28,C00597,P014,2,746.01,469.1,0.0,1492.02,938.2,553.82,Online
O007010,2025-07-31,C01042,P004,1,825.3,619.33,82.53,742.77,619.33,123.44,Store
O007011,2025-03-04,C01101,P015,1,1375.39,1038.91,0.0,1375.39,1038.91,336.48,Online
O007012,2025-03-09,C00310,P010,1,1487.5,884.68,74.38,1413.12,884.68,528.44,Store
O007013,2025-09-10,C00413,P014,1,746.01,469.1,37.3,708.71,469.1,239.61,Online
O007014,2025-01-02,C00826,P014,1,746.01,469.1,37.3,708.71,469.1,239.61,Online
O007015,2025-04-18,C00010,P011,1,487.27,344.29,24.36,462.91,344.29,118.62,Store
O007016,2025-10-13,C01027,P007,2,692.39,399.57,0.0,1384.78,799.14,585.64,Online
O007017,2025-02-18,C00253,P007,2,692.39,399.57,0.0,1384.78,799.14,585.64,Online
O007018,2025-05-20,C00700,P008,1,952.71,663.0,142.91,809.8,663.0,146.8,Online
O007019,2025-08-06,C01094,P008,1,952.71,663.0,0.0,952.71,663.0,289.71,Online
O007020,2025-02-13,C00197,P001,1,12212.51,9280.33,0.0,12212.51,9280.33,2932.18,Online
O007021,2025-09-26,C00024,P006,1,3653.72,2501.63,0.0,3653.72,2501.63,1152.09,Online
O007022,2025-03-19,C00245,P008,1,952.71,663.0,95.27,857.44,663.0,194.44,Store
O007023,2025-08-04,C00749,P007,1,692.39,399.57,0.0,692.39,399.57,292.82,Store
O007024,2025-04-08,C00494,P016,1,802.2,467.64,0.0,802.2,467.64,334.56,Online
O007025,2025-08-24,C00533,P003,2,1674.13,1006.35,167.41,3180.85,2012.7,1168.15,Online
O007026,2025-10-09,C00774,P014,1,746.01,469.1,0.0,746.01,469.1,276.91,Online
O007027,2025-05-29,C00779,P012,1,1008.95,650.79,0.0,1008.95,650.79,358.16,Marketplace
O007028,2025-10-31,C00841,P006,2,3653.72,2501.63,0.0,7307.44,5003.26,2304.18,Marketplace
O007029,2025-03-07,C01131,P005,1,3123.65,2355.15,468.55,2655.1,2355.15,299.95,Online
O007030,2025-08-22,C01127,P005,2,3123.65,2355.15,624.73,5622.57,4710.3,912.27,Marketplace
O007031,2025-03-28,C00204,P008,1,952.71,663.0,142.91,809.8,663.0,146.8,Online
O007032,2025-03-20,C00124,P010,1,1487.5,884.68,0.0,1487.5,884.68,602.82,Online
O007033,2025-07-24,C01192,P016,3,802.2,467.64,0.0,2406.6,1402.92,1003.68,Online
O007034,2025-10-06,C01073,P003,1,1674.13,1006.35,334.83,1339.3,1006.35,332.95,Online
O007035,2025-12-03,C00725,P006,2,3653.72,2501.63,0.0,7307.44,5003.26,2304.18,Online
O007036,2025-09-11,C00767,P002,4,5103.35,3862.76,0.0,20413.4,15451.04,4962.36,Online
O007037,2025-10-31,C00802,P006,1,3653.72,2501.63,0.0,3653.72,2501.63,1152.09,Marketplace
O007038,2025-05-10,C00965,P007,1,692.39,399.57,34.62,657.77,399.57,258.2,Online
O007039,2025-03-25,C00575,P007,1,692.39,399.57,0.0,692.39,399.57,292.82,Online
O007040,2025-10-03,C00318,P001,3,12212.51,9280.33,0.0,36637.53,27840.99,8796.54,Store
O007041,2025-07-06,C00802,P006,1,3653.72,2501.63,0.0,3653.72,2501.63,1152.09,Online
O007042,2025-02-15,C00364,P010,1,1487.5,884.68,0.0,1487.5,884.68,602.82,Online
O007043,2025-07-02,C00920,P006,1,3653.72,2501.63,0.0,3653.72,2501.63,1152.09,Online
O007044,2025-09-25,C00241,P011,3,487.27,344.29,0.0,1461.81,1032.87,428.94,Store
O007045,2025-10-23,C00425,P006,1,3653.72,2501.63,0.0,3653.72,2501.63,1152.09,Store
O007046,2025-11-18,C00672,P009,1,1843.37,1277.0,0.0,1843.37,1277.0,566.37,Store
O007047,2025-04-10,C00510,P010,1,1487.5,884.68,148.75,1338.75,884.68,454.07,Online
O007048,2025-03-19,C00175,P013,2,889.0,519.78,0.0,1778.0,1039.56,738.44,Online
O007049,2025-09-29,C01119,P002,1,5103.35,3862.76,510.34,4593.01,3862.76,730.25,Store
O007050,2025-12-05,C01176,P006,2,3653.72,2501.63,0.0,7307.44,5003.26,2304.18,Online
O007051,2025-06-11,C00819,P014,4,746.01,469.1,298.4,2685.64,1876.4,809.24,Online
O007052,2025-02-13,C00718,P012,3,1008.95,650.79,151.34,2875.51,1952.37,923.14,Online
O007053,2025-08-26,C00574,P011,1,487.27,344.29,0.0,487.27,344.29,142.98,Online
O007054,2025-05-14,C00028,P016,2,802.2,467.64,240.66,1363.74,935.28,428.46,Online
O007055,2025-07-11,C00112,P007,1,692.39,399.57,69.24,623.15,399.57,223.58,Online
O007056,2025-12-22,C00160,P008,2,952.71,663.0,381.08,1524.34,1326.0,198.34,Store
O007057,2025-10-05,C00005,P010,1,1487.5,884.68,0.0,1487.5,884.68,602.82,Store
O007058,2025-01-18,C00768,P014,1,746.01,469.1,0.0,746.01,469.1,276.91,Online
O007059,2025-01-12,C00171,P010,1,1487.5,884.68,0.0,1487.5,884.68,602.82,Online
O007060,2025-06-29,C00410,P007,1,692.39,399.57,0.0,692.39,399.57,292.82,Marketplace
O007061,2025-05-03,C00341,P006,2,3653.72,2501.63,0.0,7307.44,5003.26,2304.18,Store
O007062,2025-09-03,C00425,P003,4,1674.13,1006.35,334.83,6361.69,4025.4,2336.29,Online
O007063,2025-08-10,C00792,P013,2,889.0,519.78,0.0,1778.0,1039.56,738.44,Online
O007064,2025-02-20,C00194,P010,1,1487.5,884.68,0.0,1487.5,884.68,602.82,Online
O007065,2025-03-12,C00216,P001,1,12212.51,9280.33,0.0,12212.51,9280.33,2932.18,Online
O007066,2025-02-17,C01193,P010,1,1487.5,884.68,223.12,1264.38,884.68,379.7,Online
O007067,2025-01-19,C00685,P004,1,825.3,619.33,41.26,784.04,619.33,164.71,Online
O007068,2025-09-19,C01135,P003,1,1674.13,1006.35,83.71,1590.42,1006.35,584.07,Online
O007069,2025-03-25,C00682,P014,2,746.01,469.1,149.2,1342.82,938.2,404.62,Online
O007070,2025-06-04,C00734,P006,2,3653.72,2501.63,1461.49,5845.95,5003.26,842.69,Online
O007071,2025-02-22,C00756,P003,1,1674.13,1006.35,0.0,1674.13,1006.35,667.78,Online
O007072,2025-04-17,C00541,P004,1,825.3,619.33,123.79,701.51,619.33,82.18,Online
O007073,2025-12-23,C00381,P013,1,889.0,519.78,0.0,889.0,519.78,369.22,Online
O007074,2025-10-31,C00669,P014,1,746.01,469.1,0.0,746.01,469.1,276.91,Online
O007075,2025-05-15,C00396,P012,2,1008.95,650.79,0.0,2017.9,1301.58,716.32,Online
O007076,2025-03-10,C00617,P002,1,5103.35,3862.76,0.0,5103.35,3862.76,1240.59,Online
O007077,2025-01-11,C00310,P005,2,3123.65,2355.15,624.73,5622.57,4710.3,912.27,Online
O007078,2025-05-23,C01011,P012,1,1008.95,650.79,201.79,807.16,650.79,156.37,Online
O007079,2025-07-11,C00952,P004,1,825.3,619.33,41.26,784.04,619.33,164.71,Store
O007080,2025-03-10,C00203,P016,3,802.2,467.64,0.0,2406.6,1402.92,1003.68,Marketplace
O007081,2025-01-23,C00192,P003,1,1674.13,1006.35,83.71,1590.42,1006.35,584.07,Online
O007082,2025-06-30,C00600,P010,4,1487.5,884.68,595.0,5355.0,3538.72,1816.28,Marketplace
O007083,2025-10-20,C00901,P007,1,692.39,399.57,34.62,657.77,399.57,258.2,Online
O007084,2025-01-09,C00153,P016,2,802.2,467.64,160.44,1443.96,935.28,508.68,Online
O007085,2025-09-28,C01175,P001,2,12212.51,9280.33,0.0,24425.02,18560.66,5864.36,Online
O007086,2025-04-03,C00651,P002,1,5103.35,3862.76,0.0,5103.35,3862.76,1240.59,Store
O007087,2025-01-17,C00394,P009,1,1843.37,1277.0,0.0,1843.37,1277.0,566.37,Marketplace
O007088,2025-06-03,C00186,P016,1,802.2,467.64,120.33,681.87,467.64,214.23,Online
O007089,2025-11-24,C00793,P004,1,825.3,619.33,82.53,742.77,619.33,123.44,Online
O007090,2025-05-29,C00258,P015,1,1375.39,1038.91,0.0,1375.39,1038.91,336.48,Online
O007091,2025-09-24,C01070,P003,1,1674.13,1006.35,0.0,1674.13,1006.35,667.78,Online
O007092,2025-11-24,C00652,P016,1,802.2,467.64,0.0,802.2,467.64,334.56,Store
O007093,2025-04-16,C00532,P001,1,12212.51,9280.33,610.63,11601.88,9280.33,2321.55,Store
O007094,2025-02-04,C00650,P010,2,1487.5,884.68,297.5,2677.5,1769.36,908.14,Store
O007095,2025-04-29,C00897,P005,2,3123.65,2355.15,0.0,6247.3,4710.3,1537.0,Online
O007096,2025-01-14,C00574,P007,1,692.39,399.57,34.62,657.77,399.57,258.2,Online
O007097,2025-01-14,C00143,P004,1,825.3,619.33,165.06,660.24,619.33,40.91,Online
O007098,2025-09-23,C00598,P013,3,889.0,519.78,0.0,2667.0,1559.34,1107.66,Marketplace
O007099,2025-05-20,C01082,P005,1,3123.65,2355.15,468.55,2655.1,2355.15,299.95,Online
O007100,2025-10-21,C00872,P010,1,1487.5,884.68,0.0,1487.5,884.68,602.82,Online
O007101,2025-12-30,C01047,P009,1,1843.37,1277.0,0.0,1843.37,1277.0,566.37,Store
O007102,2025-04-29,C00713,P004,1,825.3,619.33,0.0,825.3,619.33,205.97,Online
O007103,2025-08-26,C00572,P014,1,746.01,469.1,0.0,746.01,469.1,276.91,Store
O007104,2025-02-03,C01015,P010,1,1487.5,884.68,0.0,1487.5,884.68,602.82,Store
O007105,2025-06-18,C00479,P004,3,825.3,619.33,247.59,2228.31,1857.99,370.32,Online
O007106,2025-01-10,C00645,P001,1,12212.51,9280.33,1221.25,10991.26,9280.33,1710.93,Online
O007107,2025-05-02,C00590,P004,1,825.3,619.33,82.53,742.77,619.33,123.44,Online
O007108,2025-05-25,C00214,P008,1,952.71,663.0,0.0,952.71,663.0,289.71,Online
O007109,2025-08-11,C00496,P004,2,825.3,619.33,0.0,1650.6,1238.66,411.94,Online
O007110,2025-09-14,C00094,P016,1,802.2,467.64,40.11,762.09,467.64,294.45,Store
O007111,2025-09-25,C00658,P015,2,1375.39,1038.91,0.0,2750.78,2077.82,672.96,Online
O007112,2025-12-25,C01080,P008,4,952.71,663.0,0.0,3810.84,2652.0,1158.84,Store
O007113,2025-01-04,C00661,P009,1,1843.37,1277.0,0.0,1843.37,1277.0,566.37,Store
O007114,2025-12-20,C00493,P008,1,952.71,663.0,0.0,952.71,663.0,289.71,Marketplace
O007115,2025-04-16,C00961,P008,1,952.71,663.0,47.64,905.07,663.0,242.07,Online
O007116,2025-03-26,C00874,P012,1,1008.95,650.79,151.34,857.61,650.79,206.82,Store
O007117,2025-08-02,C00157,P016,2,802.2,467.64,0.0,1604.4,935.28,669.12,Online
O007118,2025-05-01,C00009,P007,1,692.39,399.57,0.0,692.39,399.57,292.82,Store
O007119,2025-05-12,C01062,P011,1,487.27,344.29,24.36,462.91,344.29,118.62,Store
O007120,2025-12-04,C00551,P001,2,12212.51,9280.33,0.0,24425.02,18560.66,5864.36,Online
O007121,2025-07-16,C00671,P012,1,1008.95,650.79,0.0,1008.95,650.79,358.16,Marketplace
O007122,2025-01-19,C00314,P003,1,1674.13,1006.35,0.0,1674.13,1006.35,667.78,Online
O007123,2025-05-10,C00816,P002,1,5103.35,3862.76,0.0,5103.35,3862.76,1240.59,Store
O007124,2025-01-12,C00353,P010,1,1487.5,884.68,223.12,1264.38,884.68,379.7,Online
O007125,2025-03-22,C00710,P009,1,1843.37,1277.0,92.17,1751.2,1277.0,474.2,Store
O007126,2025-11-26,C00781,P006,2,3653.72,2501.63,0.0,7307.44,5003.26,2304.18,Store
O007127,2025-12-20,C00054,P002,1,5103.35,3862.76,510.34,4593.01,3862.76,730.25,Online
O007128,2025-09-19,C00252,P005,3,3123.65,2355.15,937.1,8433.85,7065.45,1368.4,Online
O007129,2025-05-05,C01194,P011,1,487.27,344.29,48.73,438.54,344.29,94.25,Online
O007130,2025-11-03,C00329,P007,1,692.39,399.57,0.0,692.39,399.57,292.82,Online
O007131,2025-09-24,C00996,P016,1,802.2,467.64,0.0,802.2,467.64,334.56,Store
O007132,2025-05-20,C00439,P012,3,1008.95,650.79,302.69,2724.16,1952.37,771.79,Online
O007133,2025-11-25,C00359,P015,2,1375.39,1038.91,412.62,2338.16,2077.82,260.34,Online
O007134,2025-01-02,C00389,P009,2,1843.37,1277.0,0.0,3686.74,2554.0,1132.74,Store
O007135,2025-01-08,C00387,P005,1,3123.65,2355.15,156.18,2967.47,2355.15,612.32,Online
O007136,2025-09-07,C01004,P009,1,1843.37,1277.0,184.34,1659.03,1277.0,382.03,Store
O007137,2025-05-19,C00634,P005,1,3123.65,2355.15,0.0,3123.65,2355.15,768.5,Online
O007138,2025-05-04,C00489,P016,1,802.2,467.64,0.0,802.2,467.64,334.56,Online
O007139,2025-11-05,C00135,P010,1,1487.5,884.68,0.0,1487.5,884.68,602.82,Store
O007140,2025-08-16,C00675,P005,1,3123.65,2355.15,312.36,2811.29,2355.15,456.14,Online
O007141,2025-01-10,C00005,P012,1,1008.95,650.79,100.9,908.05,650.79,257.26,Store
O007142,2025-07-31,C01007,P016,1,802.2,467.64,120.33,681.87,467.64,214.23,Online
O007143,2025-04-22,C00810,P010,1,1487.5,884.68,0.0,1487.5,884.68,602.82,Online
O007144,2025-01-08,C01199,P012,1,1008.95,650.79,0.0,1008.95,650.79,358.16,Store
O007145,2025-10-19,C00204,P014,3,746.01,469.1,223.8,2014.23,1407.3,606.93,Online
O007146,2025-12-28,C01194,P005,1,3123.65,2355.15,0.0,3123.65,2355.15,768.5,Online
O007147,2025-09-10,C00151,P008,1,952.71,663.0,0.0,952.71,663.0,289.71,Online
O007148,2025-01-14,C00673,P007,1,692.39,399.57,69.24,623.15,399.57,223.58,Online
O007149,2025-08-28,C00533,P013,3,889.0,519.78,0.0,2667.0,1559.34,1107.66,Online
O007150,2025-08-30,C00591,P004,1,825.3,619.33,0.0,825.3,619.33,205.97,Store
O007151,2025-12-08,C00372,P008,2,952.71,663.0,285.81,1619.61,1326.0,293.61,Online
O007152,2025-05-29,C00511,P011,2,487.27,344.29,97.45,877.09,688.58,188.51,Online
O007153,2025-08-24,C01179,P010,1,1487.5,884.68,148.75,1338.75,884.68,454.07,Online
O007154,2025-11-02,C00984,P001,4,12212.51,9280.33,9770.01,39080.03,37121.32,1958.71,Online
O007155,2025-06-16,C00901,P007,1,692.39,399.57,0.0,692.39,399.57,292.82,Online
O007156,2025-01-20,C00229,P014,2,746.01,469.1,74.6,1417.42,938.2,479.22,Online
O007157,2025-08-04,C00770,P002,1,5103.35,3862.76,255.17,4848.18,3862.76,985.42,Store
O007158,2025-12-09,C00429,P015,1,1375.39,1038.91,0.0,1375.39,1038.91,336.48,Online
O007159,2025-05-15,C00920,P010,1,1487.5,884.68,74.38,1413.12,884.68,528.44,Online
O007160,2025-05-09,C00505,P001,1,12212.51,9280.33,610.63,11601.88,9280.33,2321.55,Marketplace
O007161,2025-10-21,C00897,P008,1,952.71,663.0,0.0,952.71,663.0,289.71,Store
O007162,2025-09-03,C00913,P002,1,5103.35,3862.76,255.17,4848.18,3862.76,985.42,Online
O007163,2025-07-08,C00628,P012,1,1008.95,650.79,0.0,1008.95,650.79,358.16,Store
O007164,2025-02-13,C00032,P001,1,12212.51,9280.33,0.0,12212.51,9280.33,2932.18,Online
O007165,2025-03-27,C01040,P005,2,3123.65,2355.15,937.1,5310.2,4710.3,599.9,Online
O007166,2025-02-13,C00208,P004,2,825.3,619.33,0.0,1650.6,1238.66,411.94,Online
O007167,2025-11-26,C00367,P008,1,952.71,663.0,0.0,952.71,663.0,289.71,Store
O007168,2025-05-25,C00280,P009,1,1843.37,1277.0,92.17,1751.2,1277.0,474.2,Online
O007169,2025-02-20,C00340,P011,1,487.27,344.29,24.36,462.91,344.29,118.62,Online
O007170,2025-08-30,C00144,P012,1,1008.95,650.79,0.0,1008.95,650.79,358.16,Online
O007171,2025-10-21,C00481,P007,2,692.39,399.57,0.0,1384.78,799.14,585.64,Online
O007172,2025-02-20,C00842,P014,2,746.01,469.1,0.0,1492.02,938.2,553.82,Online
O007173,2025-09-23,C00823,P007,2,692.39,399.57,0.0,1384.78,799.14,585.64,Online
O007174,2025-04-30,C00142,P014,2,746.01,469.1,298.4,1193.62,938.2,255.42,Marketplace
O007175,2025-07-19,C00681,P011,2,487.27,344.29,0.0,974.54,688.58,285.96,Online
O007176,2025-09-05,C00421,P004,2,825.3,619.33,0.0,1650.6,1238.66,411.94,Online
O007177,2025-03-11,C00999,P016,1,802.2,467.64,160.44,641.76,467.64,174.12,Online
O007178,2025-12-07,C00441,P016,1,802.2,467.64,40.11,762.09,467.64,294.45,Online
O007179,2025-02-26,C00200,P005,2,3123.65,2355.15,624.73,5622.57,4710.3,912.27,Online
O007180,2025-02-08,C00760,P005,1,3123.65,2355.15,0.0,3123.65,2355.15,768.5,Online
O007181,2025-10-16,C00374,P009,1,1843.37,1277.0,92.17,1751.2,1277.0,474.2,Online
O007182,2025-01-18,C00884,P009,3,1843.37,1277.0,0.0,5530.11,3831.0,1699.11,Online
O007183,2025-08-08,C00658,P002,2,5103.35,3862.76,1531.0,8675.7,7725.52,950.18,Store
O007184,2025-11-09,C01179,P001,1,12212.51,9280.33,1221.25,10991.26,9280.33,1710.93,Online
O007185,2025-09-01,C00904,P004,1,825.3,619.33,82.53,742.77,619.33,123.44,Marketplace
O007186,2025-12-18,C00071,P012,1,1008.95,650.79,100.9,908.05,650.79,257.26,Marketplace
O007187,2025-10-31,C00047,P008,1,952.71,663.0,190.54,762.17,663.0,99.17,Online
O007188,2025-10-25,C01101,P004,1,825.3,619.33,82.53,742.77,619.33,123.44,Store
O007189,2025-10-10,C00849,P009,1,1843.37,1277.0,0.0,1843.37,1277.0,566.37,Marketplace
O007190,2025-03-15,C00915,P003,2,1674.13,1006.35,0.0,3348.26,2012.7,1335.56,Online
O007191,2025-04-20,C00380,P002,3,5103.35,3862.76,0.0,15310.05,11588.28,3721.77,Marketplace
O007192,2025-06-29,C00741,P003,3,1674.13,1006.35,753.36,4269.03,3019.05,1249.98,Marketplace
O007193,2025-02-01,C00668,P014,1,746.01,469.1,149.2,596.81,469.1,127.71,Online
O007194,2025-08-22,C00357,P002,1,5103.35,3862.76,0.0,5103.35,3862.76,1240.59,Online
O007195,2025-10-09,C00648,P008,1,952.71,663.0,190.54,762.17,663.0,99.17,Online
O007196,2025-01-25,C00528,P003,1,1674.13,1006.35,0.0,1674.13,1006.35,667.78,Store
O007197,2025-11-27,C01104,P002,1,5103.35,3862.76,0.0,5103.35,3862.76,1240.59,Online
O007198,2025-10-06,C00522,P009,3,1843.37,1277.0,0.0,5530.11,3831.0,1699.11,Online
O007199,2025-08-14,C00012,P002,1,5103.35,3862.76,510.34,4593.01,3862.76,730.25,Online
O007200,2025-02-26,C00600,P014,1,746.01,469.1,0.0,746.01,469.1,276.91,Online
O007201,2025-06-29,C00789,P007,1,692.39,399.57,103.86,588.53,399.57,188.96,Store
O007202,2025-08-20,C00719,P006,1,3653.72,2501.63,0.0,3653.72,2501.63,1152.09,Marketplace
O007203,2025-12-09,C01130,P005,2,3123.65,2355.15,0.0,6247.3,4710.3,1537.0,Online
O007204,2025-10-14,C00909,P014,1,746.01,469.1,111.9,634.11,469.1,165.01,Online
O007205,2025-03-05,C00964,P011,2,487.27,344.29,0.0,974.54,688.58,285.96,Online
O007206,2025-08-20,C00350,P004,2,825.3,619.33,0.0,1650.6,1238.66,411.94,Online
O007207,2025-10-16,C00764,P002,1,5103.35,3862.76,0.0,5103.35,3862.76,1240.59,Online
O007208,2025-08-01,C00047,P010,1,1487.5,884.68,0.0,1487.5,884.68,602.82,Online
O007209,2025-09-15,C00145,P016,1,802.2,467.64,40.11,762.09,467.64,294.45,Store
O007210,2025-01-18,C00986,P016,2,802.2,467.64,320.88,1283.52,935.28,348.24,Store
O007211,2025-06-24,C00387,P004,1,825.3,619.33,41.26,784.04,619.33,164.71,Store
O007212,2025-08-17,C00321,P008,1,952.71,663.0,0.0,952.71,663.0,289.71,Online
O007213,2025-08-14,C00333,P012,1,1008.95,650.79,0.0,1008.95,650.79,358.16,Online
O007214,2025-03-25,C00521,P010,1,1487.5,884.68,74.38,1413.12,884.68,528.44,Online
O007215,2025-10-18,C01035,P006,1,3653.72,2501.63,0.0,3653.72,2501.63,1152.09,Marketplace
O007216,2025-09-03,C01111,P008,1,952.71,663.0,95.27,857.44,663.0,194.44,Online
O007217,2025-04-20,C00181,P008,2,952.71,663.0,95.27,1810.15,1326.0,484.15,Online
O007218,2025-09-11,C00572,P016,3,802.2,467.64,120.33,2286.27,1402.92,883.35,Store
O007219,2025-03-29,C01185,P015,2,1375.39,1038.91,0.0,2750.78,2077.82,672.96,Online
O007220,2025-03-13,C00546,P010,3,1487.5,884.68,669.38,3793.12,2654.04,1139.08,Online
O007221,2025-01-30,C00627,P001,2,12212.51,9280.33,1221.25,23203.77,18560.66,4643.11,Online
O007222,2025-06-21,C00696,P009,2,1843.37,1277.0,0.0,3686.74,2554.0,1132.74,Marketplace
O007223,2025-11-05,C01188,P005,1,3123.65,2355.15,0.0,3123.65,2355.15,768.5,Store
O007224,2025-12-09,C01031,P016,1,802.2,467.64,40.11,762.09,467.64,294.45,Online
O007225,2025-06-26,C00500,P016,1,802.2,467.64,40.11,762.09,467.64,294.45,Store
O007226,2025-05-19,C00857,P009,2,1843.37,1277.0,0.0,3686.74,2554.0,1132.74,Online
O007227,2025-07-13,C01088,P002,1,5103.35,3862.76,0.0,5103.35,3862.76,1240.59,Online
O007228,2025-07-05,C00229,P004,2,825.3,619.33,0.0,1650.6,1238.66,411.94,Online
O007229,2025-08-06,C01103,P015,1,1375.39,1038.91,0.0,1375.39,1038.91,336.48,Online
O007230,2025-06-13,C00871,P013,2,889.0,519.78,88.9,1689.1,1039.56,649.54,Online
O007231,2025-06-10,C00247,P007,2,692.39,399.57,0.0,1384.78,799.14,585.64,Store
O007232,2025-01-13,C00259,P011,1,487.27,344.29,24.36,462.91,344.29,118.62,Online
O007233,2025-10-23,C00919,P014,2,746.01,469.1,0.0,1492.02,938.2,553.82,Marketplace
O007234,2025-03-30,C00032,P012,1,1008.95,650.79,100.9,908.05,650.79,257.26,Online
O007235,2025-11-20,C00240,P001,1,12212.51,9280.33,1221.25,10991.26,9280.33,1710.93,Online
O007236,2025-02-11,C00436,P014,1,746.01,469.1,37.3,708.71,469.1,239.61,Store
O007237,2025-07-29,C00913,P016,3,802.2,467.64,360.99,2045.61,1402.92,642.69,Marketplace
O007238,2025-08-17,C00557,P002,1,5103.35,3862.76,0.0,5103.35,3862.76,1240.59,Store
O007239,2025-12-16,C00114,P005,3,3123.65,2355.15,1874.19,7496.76,7065.45,431.31,Store
O007240,2025-10-02,C00176,P012,1,1008.95,650.79,0.0,1008.95,650.79,358.16,Online
O007241,2025-10-06,C00074,P011,1,487.27,344.29,0.0,487.27,344.29,142.98,Online
O007242,2025-09-08,C00444,P016,1,802.2,467.64,120.33,681.87,467.64,214.23,Marketplace
O007243,2025-11-06,C01126,P009,1,1843.37,1277.0,92.17,1751.2,1277.0,474.2,Store
O007244,2025-07-27,C00970,P013,3,889.0,519.78,400.05,2266.95,1559.34,707.61,Store
O007245,2025-11-17,C00432,P008,2,952.71,663.0,95.27,1810.15,1326.0,484.15,Marketplace
O007246,2025-05-20,C00007,P011,1,487.27,344.29,24.36,462.91,344.29,118.62,Online
O007247,2025-10-07,C00442,P001,2,12212.51,9280.33,0.0,24425.02,18560.66,5864.36,Marketplace
O007248,2025-02-03,C00963,P005,1,3123.65,2355.15,156.18,2967.47,2355.15,612.32,Store
O007249,2025-11-05,C00973,P013,1,889.0,519.78,44.45,844.55,519.78,324.77,Store
O007250,2025-01-18,C01020,P002,3,5103.35,3862.76,765.5,14544.55,11588.28,2956.27,Marketplace
O007251,2025-02-26,C00323,P014,2,746.01,469.1,0.0,1492.02,938.2,553.82,Online
O007252,2025-04-22,C00868,P001,2,12212.51,9280.33,0.0,24425.02,18560.66,5864.36,Online
O007253,2025-01-05,C00628,P009,1,1843.37,1277.0,92.17,1751.2,1277.0,474.2,Store
O007254,2025-07-01,C00585,P007,2,692.39,399.57,0.0,1384.78,799.14,585.64,Marketplace
O007255,2025-01-13,C00816,P004,1,825.3,619.33,0.0,825.3,619.33,205.97,Online
O007256,2025-12-05,C00957,P009,1,1843.37,1277.0,0.0,1843.37,1277.0,566.37,Online
O007257,2025-10-12,C00590,P003,1,1674.13,1006.35,0.0,1674.13,1006.35,667.78,Marketplace
O007258,2025-09-16,C00878,P011,1,487.27,344.29,48.73,438.54,344.29,94.25,Online
O007259,2025-03-31,C00356,P011,1,487.27,344.29,0.0,487.27,344.29,142.98,Online
O007260,2025-04-14,C00152,P012,1,1008.95,650.79,0.0,1008.95,650.79,358.16,Online
O007261,2025-07-05,C01044,P005,1,3123.65,2355.15,0.0,3123.65,2355.15,768.5,Online
O007262,2025-09-07,C01073,P003,1,1674.13,1006.35,167.41,1506.72,1006.35,500.37,Store
O007263,2025-09-12,C01187,P001,1,12212.51,9280.33,1831.88,10380.63,9280.33,1100.3,Online
O007264,2025-03-17,C00475,P006,2,3653.72,2501.63,0.0,7307.44,5003.26,2304.18,Store
O007265,2025-04-18,C00360,P009,1,1843.37,1277.0,0.0,1843.37,1277.0,566.37,Online
O007266,2025-06-05,C00777,P012,2,1008.95,650.79,100.9,1917.0,1301.58,615.42,Online
O007267,2025-03-23,C00358,P010,1,1487.5,884.68,0.0,1487.5,884.68,602.82,Online
O007268,2025-03-18,C00220,P005,1,3123.65,2355.15,624.73,2498.92,2355.15,143.77,Marketplace
O007269,2025-09-15,C00539,P014,3,746.01,469.1,111.9,2126.13,1407.3,718.83,Online
O007270,2025-05-07,C00169,P005,1,3123.65,2355.15,0.0,3123.65,2355.15,768.5,Online
O007271,2025-10-09,C00122,P012,1,1008.95,650.79,0.0,1008.95,650.79,358.16,Online
O007272,2025-03-29,C00887,P009,1,1843.37,1277.0,92.17,1751.2,1277.0,474.2,Marketplace
O007273,2025-07-23,C00387,P007,2,692.39,399.57,0.0,1384.78,799.14,585.64,Store
O007274,2025-01-16,C00588,P006,1,3653.72,2501.63,0.0,3653.72,2501.63,1152.09,Online
O007275,2025-05-31,C00982,P008,1,952.71,663.0,0.0,952.71,663.0,289.71,Store
O007276,2025-09-11,C00110,P008,1,952.71,663.0,190.54,762.17,663.0,99.17,Online
O007277,2025-07-07,C00919,P016,2,802.2,467.64,80.22,1524.18,935.28,588.9,Online
O007278,2025-11-25,C00930,P007,2,692.39,399.57,0.0,1384.78,799.14,585.64,Online
O007279,2025-02-01,C00676,P012,1,1008.95,650.79,0.0,1008.95,650.79,358.16,Online
O007280,2025-09-28,C00299,P009,2,1843.37,1277.0,184.34,3502.4,2554.0,948.4,Online
O007281,2025-01-05,C01047,P008,2,952.71,663.0,0.0,1905.42,1326.0,579.42,Marketplace
O007282,2025-11-26,C00945,P016,1,802.2,467.64,0.0,802.2,467.64,334.56,Online
O007283,2025-11-04,C01079,P009,2,1843.37,1277.0,0.0,3686.74,2554.0,1132.74,Online
O007284,2025-11-29,C01079,P014,1,746.01,469.1,0.0,746.01,469.1,276.91,Online
O007285,2025-06-18,C01020,P013,3,889.0,519.78,0.0,2667.0,1559.34,1107.66,Online
O007286,2025-06-30,C00908,P013,2,889.0,519.78,177.8,1600.2,1039.56,560.64,Online
O007287,2025-06-27,C00773,P013,1,889.0,519.78,88.9,800.1,519.78,280.32,Online
O007288,2025-05-23,C00649,P016,1,802.2,467.64,40.11,762.09,467.64,294.45,Online
O007289,2025-12-28,C00038,P010,1,1487.5,884.68,0.0,1487.5,884.68,602.82,Store
O007290,2025-09-05,C00943,P004,1,825.3,619.33,0.0,825.3,619.33,205.97,Store
O007291,2025-05-07,C00574,P008,2,952.71,663.0,0.0,1905.42,1326.0,579.42,Online
O007292,2025-09-20,C00369,P014,1,746.01,469.1,0.0,746.01,469.1,276.91,Online
O007293,2025-02-09,C00811,P008,2,952.71,663.0,0.0,1905.42,1326.0,579.42,Online
O007294,2025-12-21,C00430,P012,1,1008.95,650.79,0.0,1008.95,650.79,358.16,Online
O007295,2025-09-12,C00234,P011,1,487.27,344.29,0.0,487.27,344.29,142.98,Online
O007296,2025-05-23,C00462,P003,2,1674.13,1006.35,0.0,3348.26,2012.7,1335.56,Store
O007297,2025-08-28,C00135,P015,1,1375.39,1038.91,0.0,1375.39,1038.91,336.48,Marketplace
O007298,2025-08-16,C00924,P012,1,1008.95,650.79,0.0,1008.95,650.79,358.16,Online
O007299,2025-12-07,C00478,P001,1,12212.51,9280.33,0.0,12212.51,9280.33,2932.18,Marketplace
O007300,2025-07-17,C00912,P007,1,692.39,399.57,0.0,692.39,399.57,292.82,Online
O007301,2025-03-06,C00091,P003,2,1674.13,1006.35,334.83,3013.43,2012.7,1000.73,Online
O007302,2025-01-11,C00593,P006,1,3653.72,2501.63,0.0,3653.72,2501.63,1152.09,Store
O007303,2025-04-18,C01130,P006,3,3653.72,2501.63,0.0,10961.16,7504.89,3456.27,Store
O007304,2025-01-26,C00535,P001,4,12212.51,9280.33,0.0,48850.04,37121.32,11728.72,Online
O007305,2025-05-31,C00781,P011,1,487.27,344.29,24.36,462.91,344.29,118.62,Online
O007306,2025-08-09,C00826,P002,1,5103.35,3862.76,255.17,4848.18,3862.76,985.42,Store
O007307,2025-12-07,C00555,P008,1,952.71,663.0,47.64,905.07,663.0,242.07,Store
O007308,2025-08-25,C00965,P003,1,1674.13,1006.35,83.71,1590.42,1006.35,584.07,Store
O007309,2025-08-25,C00067,P010,1,1487.5,884.68,0.0,1487.5,884.68,602.82,Online
O007310,2025-08-07,C00497,P003,2,1674.13,1006.35,167.41,3180.85,2012.7,1168.15,Online
O007311,2025-05-31,C00833,P002,2,5103.35,3862.76,0.0,10206.7,7725.52,2481.18,Online
O007312,2025-05-03,C00391,P009,2,1843.37,1277.0,737.35,2949.39,2554.0,395.39,Online
O007313,2025-05-24,C00993,P014,1,746.01,469.1,74.6,671.41,469.1,202.31,Online
O007314,2025-07-08,C01029,P011,1,487.27,344.29,0.0,487.27,344.29,142.98,Online
O007315,2025-09-12,C00560,P006,1,3653.72,2501.63,0.0,3653.72,2501.63,1152.09,Online
O007316,2025-03-09,C00117,P013,1,889.0,519.78,0.0,889.0,519.78,369.22,Store
O007317,2025-04-14,C01025,P014,2,746.01,469.1,149.2,1342.82,938.2,404.62,Store
O007318,2025-12-02,C00692,P009,2,1843.37,1277.0,184.34,3502.4,2554.0,948.4,Online
O007319,2025-06-08,C01022,P004,2,825.3,619.33,0.0,1650.6,1238.66,411.94,Online
O007320,2025-11-05,C00199,P013,1,889.0,519.78,133.35,755.65,519.78,235.87,Online
O007321,2025-12-28,C00155,P016,1,802.2,467.64,80.22,721.98,467.64,254.34,Online
O007322,2025-10-27,C01004,P002,1,5103.35,3862.76,0.0,5103.35,3862.76,1240.59,Store
O007323,2025-03-31,C00782,P011,2,487.27,344.29,0.0,974.54,688.58,285.96,Store
O007324,2025-12-23,C00188,P010,2,1487.5,884.68,0.0,2975.0,1769.36,1205.64,Online
O007325,2025-09-13,C00534,P005,2,3123.65,2355.15,0.0,6247.3,4710.3,1537.0,Online
O007326,2025-12-19,C01086,P002,2,5103.35,3862.76,1020.67,9186.03,7725.52,1460.51,Online
O007327,2025-08-08,C00254,P008,1,952.71,663.0,0.0,952.71,663.0,289.71,Online
O007328,2025-01-09,C00363,P014,1,746.01,469.1,74.6,671.41,469.1,202.31,Marketplace
O007329,2025-01-12,C00910,P002,1,5103.35,3862.76,0.0,5103.35,3862.76,1240.59,Online
O007330,2025-11-21,C01154,P004,1,825.3,619.33,82.53,742.77,619.33,123.44,Marketplace
O007331,2025-09-01,C00912,P013,1,889.0,519.78,0.0,889.0,519.78,369.22,Store
O007332,2025-07-01,C00091,P014,1,746.01,469.1,111.9,634.11,469.1,165.01,Online
O007333,2025-10-11,C00738,P016,1,802.2,467.64,120.33,681.87,467.64,214.23,Online
O007334,2025-11-08,C00958,P013,1,889.0,519.78,0.0,889.0,519.78,369.22,Online
O007335,2025-04-09,C00516,P004,2,825.3,619.33,165.06,1485.54,1238.66,246.88,Online
O007336,2025-07-16,C00060,P016,1,802.2,467.64,0.0,802.2,467.64,334.56,Store
O007337,2025-08-14,C00937,P012,2,1008.95,650.79,0.0,2017.9,1301.58,716.32,Store
O007338,2025-11-29,C00013,P001,2,12212.51,9280.33,3663.75,20761.27,18560.66,2200.61,Online
O007339,2025-04-13,C00367,P010,3,1487.5,884.68,0.0,4462.5,2654.04,1808.46,Online
O007340,2025-04-16,C01085,P014,3,746.01,469.1,0.0,2238.03,1407.3,830.73,Online
O007341,2025-12-31,C00877,P016,1,802.2,467.64,0.0,802.2,467.64,334.56,Store
O007342,2025-02-27,C00363,P008,1,952.71,663.0,95.27,857.44,663.0,194.44,Online
O007343,2025-03-19,C00022,P005,1,3123.65,2355.15,0.0,3123.65,2355.15,768.5,Marketplace
O007344,2025-03-16,C00745,P016,1,802.2,467.64,0.0,802.2,467.64,334.56,Marketplace
O007345,2025-02-11,C00950,P009,2,1843.37,1277.0,0.0,3686.74,2554.0,1132.74,Online
O007346,2025-11-20,C01181,P004,1,825.3,619.33,82.53,742.77,619.33,123.44,Online
O007347,2025-06-30,C01197,P009,2,1843.37,1277.0,184.34,3502.4,2554.0,948.4,Online
O007348,2025-02-02,C00801,P001,1,12212.51,9280.33,610.63,11601.88,9280.33,2321.55,Online
O007349,2025-03-12,C00830,P005,1,3123.65,2355.15,0.0,3123.65,2355.15,768.5,Online
O007350,2025-02-25,C00030,P002,1,5103.35,3862.76,0.0,5103.35,3862.76,1240.59,Store
O007351,2025-04-15,C00144,P013,2,889.0,519.78,0.0,1778.0,1039.56,738.44,Online
O007352,2025-07-19,C00816,P008,1,952.71,663.0,0.0,952.71,663.0,289.71,Online
O007353,2025-04-11,C00691,P012,2,1008.95,650.79,100.9,1917.0,1301.58,615.42,Online
O007354,2025-09-13,C00802,P015,2,1375.39,1038.91,275.08,2475.7,2077.82,397.88,Online
O007355,2025-11-03,C00847,P005,4,3123.65,2355.15,0.0,12494.6,9420.6,3074.0,Store
O007356,2025-03-15,C00712,P013,3,889.0,519.78,133.35,2533.65,1559.34,974.31,Online
O007357,2025-06-20,C00112,P005,2,3123.65,2355.15,0.0,6247.3,4710.3,1537.0,Store
O007358,2025-05-23,C01052,P016,1,802.2,467.64,0.0,802.2,467.64,334.56,Online
O007359,2025-06-15,C00304,P006,1,3653.72,2501.63,0.0,3653.72,2501.63,1152.09,Online
O007360,2025-09-18,C01126,P001,1,12212.51,9280.33,0.0,12212.51,9280.33,2932.18,Online
O007361,2025-08-09,C01146,P015,2,1375.39,1038.91,275.08,2475.7,2077.82,397.88,Marketplace
O007362,2025-03-24,C01145,P016,3,802.2,467.64,240.66,2165.94,1402.92,763.02,Online
O007363,2025-07-01,C00410,P010,2,1487.5,884.68,297.5,2677.5,1769.36,908.14,Marketplace
O007364,2025-11-03,C00010,P014,1,746.01,469.1,0.0,746.01,469.1,276.91,Online
O007365,2025-01-10,C00494,P008,3,952.71,663.0,285.81,2572.32,1989.0,583.32,Online
O007366,2025-01-04,C00127,P008,2,952.71,663.0,0.0,1905.42,1326.0,579.42,Store
O007367,2025-12-17,C00849,P001,2,12212.51,9280.33,1221.25,23203.77,18560.66,4643.11,Store
O007368,2025-12-02,C01017,P002,1,5103.35,3862.76,255.17,4848.18,3862.76,985.42,Store
O007369,2025-10-19,C00502,P016,1,802.2,467.64,80.22,721.98,467.64,254.34,Online
O007370,2025-10-08,C00958,P002,1,5103.35,3862.76,765.5,4337.85,3862.76,475.09,Store
O007371,2025-08-03,C00497,P002,1,5103.35,3862.76,0.0,5103.35,3862.76,1240.59,Online
O007372,2025-04-08,C01085,P001,1,12212.51,9280.33,0.0,12212.51,9280.33,2932.18,Online
O007373,2025-04-11,C00233,P007,1,692.39,399.57,103.86,588.53,399.57,188.96,Online
O007374,2025-01-09,C00103,P004,2,825.3,619.33,0.0,1650.6,1238.66,411.94,Marketplace
O007375,2025-03-02,C01006,P011,1,487.27,344.29,0.0,487.27,344.29,142.98,Online
O007376,2025-11-05,C00001,P010,1,1487.5,884.68,0.0,1487.5,884.68,602.82,Online
O007377,2025-05-26,C01046,P006,1,3653.72,2501.63,365.37,3288.35,2501.63,786.72,Online
O007378,2025-03-04,C00706,P011,1,487.27,344.29,0.0,487.27,344.29,142.98,Store
O007379,2025-05-01,C01099,P012,1,1008.95,650.79,100.9,908.05,650.79,257.26,Store
O007380,2025-08-14,C00240,P007,1,692.39,399.57,0.0,692.39,399.57,292.82,Online
O007381,2025-04-15,C00897,P016,1,802.2,467.64,160.44,641.76,467.64,174.12,Online
O007382,2025-09-17,C00741,P004,1,825.3,619.33,82.53,742.77,619.33,123.44,Store
O007383,2025-12-15,C00247,P009,1,1843.37,1277.0,0.0,1843.37,1277.0,566.37,Store
O007384,2025-09-12,C00593,P004,1,825.3,619.33,123.79,701.51,619.33,82.18,Marketplace
O007385,2025-07-26,C00007,P016,1,802.2,467.64,120.33,681.87,467.64,214.23,Marketplace
O007386,2025-01-28,C00766,P003,1,1674.13,1006.35,83.71,1590.42,1006.35,584.07,Marketplace
O007387,2025-06-19,C00436,P007,2,692.39,399.57,0.0,1384.78,799.14,585.64,Online
O007388,2025-12-02,C00298,P013,1,889.0,519.78,88.9,800.1,519.78,280.32,Online
O007389,2025-03-17,C00918,P008,1,952.71,663.0,95.27,857.44,663.0,194.44,Online
O007390,2025-04-26,C01162,P005,1,3123.65,2355.15,0.0,3123.65,2355.15,768.5,Online
O007391,2025-03-10,C00100,P013,3,889.0,519.78,0.0,2667.0,1559.34,1107.66,Online
O007392,2025-12-20,C00093,P015,1,1375.39,1038.91,0.0,1375.39,1038.91,336.48,Store
O007393,2025-08-22,C00253,P007,1,692.39,399.57,34.62,657.77,399.57,258.2,Online
O007394,2025-01-01,C00178,P005,1,3123.65,2355.15,0.0,3123.65,2355.15,768.5,Store
O007395,2025-06-16,C01163,P008,2,952.71,663.0,0.0,1905.42,1326.0,579.42,Online
O007396,2025-12-18,C00389,P014,1,746.01,469.1,111.9,634.11,469.1,165.01,Online
O007397,2025-08-06,C00400,P003,1,1674.13,1006.35,251.12,1423.01,1006.35,416.66,Marketplace
O007398,2025-09-30,C00574,P012,3,1008.95,650.79,151.34,2875.51,1952.37,923.14,Online
O007399,2025-09-08,C00065,P011,4,487.27,344.29,292.36,1656.72,1377.16,279.56,Online
O007400,2025-12-13,C00477,P004,1,825.3,619.33,41.26,784.04,619.33,164.71,Online
O007401,2025-12-10,C00842,P008,1,952.71,663.0,47.64,905.07,663.0,242.07,Online
O007402,2025-06-23,C00407,P001,1,12212.51,9280.33,1221.25,10991.26,9280.33,1710.93,Online
O007403,2025-06-19,C00455,P008,1,952.71,663.0,47.64,905.07,663.0,242.07,Online
O007404,2025-09-03,C00298,P011,1,487.27,344.29,24.36,462.91,344.29,118.62,Store
O007405,2025-03-31,C01016,P001,1,12212.51,9280.33,0.0,12212.51,9280.33,2932.18,Online
O007406,2025-02-18,C01119,P014,3,746.01,469.1,0.0,2238.03,1407.3,830.73,Online
O007407,2025-10-21,C00083,P016,1,802.2,467.64,0.0,802.2,467.64,334.56,Store
O007408,2025-05-30,C00951,P011,1,487.27,344.29,0.0,487.27,344.29,142.98,Online
O007409,2025-05-12,C00874,P007,1,692.39,399.57,0.0,692.39,399.57,292.82,Online
O007410,2025-02-28,C00995,P007,1,692.39,399.57,69.24,623.15,399.57,223.58,Store
O007411,2025-11-20,C00302,P007,1,692.39,399.57,69.24,623.15,399.57,223.58,Online
O007412,2025-07-18,C00061,P003,1,1674.13,1006.35,334.83,1339.3,1006.35,332.95,Online
O007413,2025-08-03,C00604,P015,1,1375.39,1038.91,68.77,1306.62,1038.91,267.71,Online
O007414,2025-02-18,C00204,P013,1,889.0,519.78,0.0,889.0,519.78,369.22,Online
O007415,2025-08-20,C00848,P007,1,692.39,399.57,0.0,692.39,399.57,292.82,Marketplace
O007416,2025-09-04,C00357,P003,2,1674.13,1006.35,0.0,3348.26,2012.7,1335.56,Online
O007417,2025-08-27,C00024,P001,1,12212.51,9280.33,1221.25,10991.26,9280.33,1710.93,Online
O007418,2025-06-17,C01033,P003,2,1674.13,1006.35,0.0,3348.26,2012.7,1335.56,Online
O007419,2025-02-17,C00639,P006,1,3653.72,2501.63,0.0,3653.72,2501.63,1152.09,Online
O007420,2025-02-20,C00661,P001,1,12212.51,9280.33,1221.25,10991.26,9280.33,1710.93,Store
O007421,2025-10-26,C00275,P006,1,3653.72,2501.63,0.0,3653.72,2501.63,1152.09,Online
O007422,2025-04-08,C00935,P015,1,1375.39,1038.91,0.0,1375.39,1038.91,336.48,Online
O007423,2025-08-04,C01088,P007,1,692.39,399.57,34.62,657.77,399.57,258.2,Online
O007424,2025-06-26,C00709,P009,1,1843.37,1277.0,0.0,1843.37,1277.0,566.37,Online
O007425,2025-03-21,C01175,P002,3,5103.35,3862.76,1531.0,13779.05,11588.28,2190.77,Online
O007426,2025-07-04,C01094,P008,1,952.71,663.0,0.0,952.71,663.0,289.71,Store
O007427,2025-01-27,C01105,P013,3,889.0,519.78,0.0,2667.0,1559.34,1107.66,Store
O007428,2025-07-14,C00278,P013,1,889.0,519.78,0.0,889.0,519.78,369.22,Online
O007429,2025-08-02,C01033,P001,1,12212.51,9280.33,0.0,12212.51,9280.33,2932.18,Store
O007430,2025-12-08,C00610,P002,1,5103.35,3862.76,255.17,4848.18,3862.76,985.42,Store
O007431,2025-04-24,C00976,P010,1,1487.5,884.68,0.0,1487.5,884.68,602.82,Online
O007432,2025-08-30,C01139,P001,2,12212.51,9280.33,0.0,24425.02,18560.66,5864.36,Online
O007433,2025-05-04,C00685,P008,1,952.71,663.0,0.0,952.71,663.0,289.71,Store
O007434,2025-11-01,C01078,P016,1,802.2,467.64,160.44,641.76,467.64,174.12,Online
O007435,2025-03-17,C00656,P016,1,802.2,467.64,40.11,762.09,467.64,294.45,Online
O007436,2025-11-07,C00901,P007,2,692.39,399.57,0.0,1384.78,799.14,585.64,Online
O007437,2025-11-08,C00245,P016,1,802.2,467.64,0.0,802.2,467.64,334.56,Online
O007438,2025-07-15,C00985,P009,3,1843.37,1277.0,0.0,5530.11,3831.0,1699.11,Online
O007439,2025-12-17,C00228,P016,3,802.2,467.64,0.0,2406.6,1402.92,1003.68,Online
O007440,2025-02-13,C00080,P012,1,1008.95,650.79,50.45,958.5,650.79,307.71,Online
O007441,2025-07-05,C00277,P002,1,5103.35,3862.76,510.34,4593.01,3862.76,730.25,Marketplace
O007442,2025-12-09,C00903,P009,2,1843.37,1277.0,0.0,3686.74,2554.0,1132.74,Store
O007443,2025-09-03,C00236,P011,1,487.27,344.29,0.0,487.27,344.29,142.98,Marketplace
O007444,2025-03-25,C00285,P004,1,825.3,619.33,41.26,784.04,619.33,164.71,Online
O007445,2025-07-26,C00649,P014,1,746.01,469.1,0.0,746.01,469.1,276.91,Marketplace
O007446,2025-05-31,C00616,P005,1,3123.65,2355.15,156.18,2967.47,2355.15,612.32,Online
O007447,2025-06-05,C00931,P006,1,3653.72,2501.63,182.69,3471.03,2501.63,969.4,Online
O007448,2025-01-16,C00949,P006,1,3653.72,2501.63,182.69,3471.03,2501.63,969.4,Online
O007449,2025-06-14,C00556,P002,1,5103.35,3862.76,0.0,5103.35,3862.76,1240.59,Online
O007450,2025-05-25,C00533,P004,1,825.3,619.33,0.0,825.3,619.33,205.97,Store
O007451,2025-02-06,C00478,P014,1,746.01,469.1,0.0,746.01,469.1,276.91,Marketplace
O007452,2025-11-29,C00277,P007,2,692.39,399.57,69.24,1315.54,799.14,516.4,Online
O007453,2025-02-14,C00800,P005,1,3123.65,2355.15,156.18,2967.47,2355.15,612.32,Online
O007454,2025-07-25,C01027,P014,1,746.01,469.1,0.0,746.01,469.1,276.91,Online
O007455,2025-03-03,C00178,P002,1,5103.35,3862.76,0.0,5103.35,3862.76,1240.59,Online
O007456,2025-12-22,C01136,P002,1,5103.35,3862.76,0.0,5103.35,3862.76,1240.59,Online
O007457,2025-11-04,C00163,P010,2,1487.5,884.68,148.75,2826.25,1769.36,1056.89,Online
O007458,2025-01-19,C00986,P008,1,952.71,663.0,0.0,952.71,663.0,289.71,Online
O007459,2025-12-31,C00108,P003,1,1674.13,1006.35,0.0,1674.13,1006.35,667.78,Store
O007460,2025-10-27,C00800,P002,1,5103.35,3862.76,0.0,5103.35,3862.76,1240.59,Online
O007461,2025-01-07,C00075,P003,1,1674.13,1006.35,83.71,1590.42,1006.35,584.07,Online
O007462,2025-09-06,C00729,P011,1,487.27,344.29,73.09,414.18,344.29,69.89,Marketplace
O007463,2025-04-27,C00510,P002,1,5103.35,3862.76,0.0,5103.35,3862.76,1240.59,Online
O007464,2025-03-09,C00551,P013,1,889.0,519.78,44.45,844.55,519.78,324.77,Online
O007465,2025-02-03,C00611,P006,2,3653.72,2501.63,0.0,7307.44,5003.26,2304.18,Online
O007466,2025-07-13,C00371,P005,1,3123.65,2355.15,156.18,2967.47,2355.15,612.32,Online
O007467,2025-11-21,C00938,P007,1,692.39,399.57,69.24,623.15,399.57,223.58,Online
O007468,2025-02-24,C00224,P014,4,746.01,469.1,0.0,2984.04,1876.4,1107.64,Store
O007469,2025-09-23,C00819,P004,1,825.3,619.33,0.0,825.3,619.33,205.97,Online
O007470,2025-02-11,C00828,P003,2,1674.13,1006.35,334.83,3013.43,2012.7,1000.73,Online
O007471,2025-10-24,C00518,P001,1,12212.51,9280.33,0.0,12212.51,9280.33,2932.18,Marketplace
O007472,2025-08-19,C00834,P009,1,1843.37,1277.0,368.67,1474.7,1277.0,197.7,Marketplace
O007473,2025-01-10,C00527,P008,1,952.71,663.0,47.64,905.07,663.0,242.07,Online
O007474,2025-12-24,C00848,P011,1,487.27,344.29,0.0,487.27,344.29,142.98,Store
O007475,2025-05-08,C00730,P002,2,5103.35,3862.76,2041.34,8165.36,7725.52,439.84,Online
O007476,2025-06-28,C01005,P009,1,1843.37,1277.0,368.67,1474.7,1277.0,197.7,Online
O007477,2025-07-12,C01042,P012,2,1008.95,650.79,201.79,1816.11,1301.58,514.53,Online
O007478,2025-04-02,C01126,P016,1,802.2,467.64,40.11,762.09,467.64,294.45,Marketplace
O007479,2025-08-19,C01011,P011,1,487.27,344.29,24.36,462.91,344.29,118.62,Online
O007480,2025-03-19,C00143,P012,2,1008.95,650.79,0.0,2017.9,1301.58,716.32,Store
O007481,2025-03-26,C01085,P006,2,3653.72,2501.63,0.0,7307.44,5003.26,2304.18,Store
O007482,2025-01-30,C00818,P009,2,1843.37,1277.0,0.0,3686.74,2554.0,1132.74,Store
O007483,2025-08-01,C00275,P016,1,802.2,467.64,0.0,802.2,467.64,334.56,Online
O007484,2025-02-18,C00589,P008,1,952.71,663.0,47.64,905.07,663.0,242.07,Online
O007485,2025-09-22,C00634,P012,1,1008.95,650.79,0.0,1008.95,650.79,358.16,Marketplace
O007486,2025-05-25,C01022,P010,2,1487.5,884.68,0.0,2975.0,1769.36,1205.64,Marketplace
O007487,2025-03-10,C00968,P015,1,1375.39,1038.91,68.77,1306.62,1038.91,267.71,Store
O007488,2025-02-27,C00562,P016,1,802.2,467.64,80.22,721.98,467.64,254.34,Store
O007489,2025-07-04,C01045,P007,1,692.39,399.57,0.0,692.39,399.57,292.82,Online
O007490,2025-03-03,C00021,P014,1,746.01,469.1,74.6,671.41,469.1,202.31,Store
O007491,2025-11-04,C00153,P001,1,12212.51,9280.33,610.63,11601.88,9280.33,2321.55,Online
O007492,2025-10-23,C00598,P006,1,3653.72,2501.63,0.0,3653.72,2501.63,1152.09,Online
O007493,2025-06-15,C00136,P013,1,889.0,519.78,0.0,889.0,519.78,369.22,Online
O007494,2025-06-20,C00260,P014,1,746.01,469.1,0.0,746.01,469.1,276.91,Online
O007495,2025-03-04,C00104,P006,1,3653.72,2501.63,182.69,3471.03,2501.63,969.4,Online
O007496,2025-05-27,C00745,P016,1,802.2,467.64,40.11,762.09,467.64,294.45,Online
O007497,2025-11-02,C01083,P009,1,1843.37,1277.0,92.17,1751.2,1277.0,474.2,Online
O007498,2025-06-10,C00776,P012,3,1008.95,650.79,151.34,2875.51,1952.37,923.14,Marketplace
O007499,2025-05-21,C00457,P010,1,1487.5,884.68,0.0,1487.5,884.68,602.82,Online
O007500,2025-11-30,C00958,P001,1,12212.51,9280.33,0.0,12212.51,9280.33,2932.18,Store
O007501,2025-04-07,C00444,P003,3,1674.13,1006.35,0.0,5022.39,3019.05,2003.34,Online
O007502,2025-08-09,C00599,P008,1,952.71,663.0,0.0,952.71,663.0,289.71,Store
O007503,2025-02-12,C00552,P011,1,487.27,344.29,24.36,462.91,344.29,118.62,Online
O007504,2025-10-19,C00253,P005,1,3123.65,2355.15,0.0,3123.65,2355.15,768.5,Online
O007505,2025-04-18,C00147,P006,1,3653.72,2501.63,182.69,3471.03,2501.63,969.4,Online
O007506,2025-09-23,C01047,P003,1,1674.13,1006.35,0.0,1674.13,1006.35,667.78,Online
O007507,2025-04-05,C01134,P007,2,692.39,399.57,69.24,1315.54,799.14,516.4,Online
O007508,2025-09-19,C00999,P002,1,5103.35,3862.76,0.0,5103.35,3862.76,1240.59,Online
O007509,2025-11-09,C00760,P001,1,12212.51,9280.33,1831.88,10380.63,9280.33,1100.3,Online
O007510,2025-03-12,C00446,P006,1,3653.72,2501.63,0.0,3653.72,2501.63,1152.09,Online
O007511,2025-08-07,C00415,P005,1,3123.65,2355.15,0.0,3123.65,2355.15,768.5,Online
O007512,2025-01-21,C01016,P002,1,5103.35,3862.76,0.0,5103.35,3862.76,1240.59,Online
O007513,2025-04-02,C00495,P015,1,1375.39,1038.91,0.0,1375.39,1038.91,336.48,Online
O007514,2025-05-07,C00674,P006,2,3653.72,2501.63,365.37,6942.07,5003.26,1938.81,Online
O007515,2025-03-21,C00891,P007,1,692.39,399.57,69.24,623.15,399.57,223.58,Store
O007516,2025-11-08,C00616,P012,1,1008.95,650.79,0.0,1008.95,650.79,358.16,Store
O007517,2025-08-26,C01117,P008,4,952.71,663.0,571.63,3239.21,2652.0,587.21,Online
O007518,2025-07-01,C01165,P005,1,3123.65,2355.15,0.0,3123.65,2355.15,768.5,Online
O007519,2025-01-25,C00037,P004,1,825.3,619.33,123.79,701.51,619.33,82.18,Online
O007520,2025-06-05,C01183,P011,1,487.27,344.29,73.09,414.18,344.29,69.89,Online
O007521,2025-01-05,C01113,P016,3,802.2,467.64,0.0,2406.6,1402.92,1003.68,Online
O007522,2025-04-30,C00459,P007,3,692.39,399.57,0.0,2077.17,1198.71,878.46,Online
O007523,2025-10-04,C01176,P008,1,952.71,663.0,47.64,905.07,663.0,242.07,Online
O007524,2025-01-18,C01014,P011,2,487.27,344.29,97.45,877.09,688.58,188.51,Online
O007525,2025-07-17,C00867,P004,2,825.3,619.33,0.0,1650.6,1238.66,411.94,Online
O007526,2025-02-26,C00292,P004,2,825.3,619.33,165.06,1485.54,1238.66,246.88,Store
O007527,2025-04-03,C00352,P016,1,802.2,467.64,0.0,802.2,467.64,334.56,Online
O007528,2025-01-19,C01154,P012,2,1008.95,650.79,201.79,1816.11,1301.58,514.53,Store
O007529,2025-12-19,C00951,P002,2,5103.35,3862.76,0.0,10206.7,7725.52,2481.18,Online
O007530,2025-07-12,C00667,P008,1,952.71,663.0,47.64,905.07,663.0,242.07,Store
O007531,2025-08-25,C00864,P007,1,692.39,399.57,34.62,657.77,399.57,258.2,Online
O007532,2025-10-04,C00442,P016,2,802.2,467.64,0.0,1604.4,935.28,669.12,Online
O007533,2025-08-15,C00350,P015,1,1375.39,1038.91,206.31,1169.08,1038.91,130.17,Store
O007534,2025-08-21,C01020,P010,1,1487.5,884.68,148.75,1338.75,884.68,454.07,Store
O007535,2025-02-09,C00367,P013,3,889.0,519.78,133.35,2533.65,1559.34,974.31,Online
O007536,2025-11-19,C00399,P003,1,1674.13,1006.35,167.41,1506.72,1006.35,500.37,Online
O007537,2025-06-02,C00533,P007,1,692.39,399.57,0.0,692.39,399.57,292.82,Store
O007538,2025-05-07,C00911,P011,1,487.27,344.29,0.0,487.27,344.29,142.98,Online
O007539,2025-08-25,C00614,P009,1,1843.37,1277.0,0.0,1843.37,1277.0,566.37,Store
O007540,2025-02-24,C00236,P013,1,889.0,519.78,0.0,889.0,519.78,369.22,Store
O007541,2025-06-21,C00788,P006,1,3653.72,2501.63,182.69,3471.03,2501.63,969.4,Online
O007542,2025-04-19,C00013,P005,2,3123.65,2355.15,0.0,6247.3,4710.3,1537.0,Store
O007543,2025-12-20,C00727,P015,2,1375.39,1038.91,0.0,2750.78,2077.82,672.96,Online
O007544,2025-07-03,C01082,P011,1,487.27,344.29,0.0,487.27,344.29,142.98,Online
O007545,2025-07-17,C00225,P005,1,3123.65,2355.15,156.18,2967.47,2355.15,612.32,Online
O007546,2025-03-28,C00063,P007,1,692.39,399.57,0.0,692.39,399.57,292.82,Online
O007547,2025-07-20,C00039,P016,1,802.2,467.64,0.0,802.2,467.64,334.56,Online
O007548,2025-12-03,C00765,P014,1,746.01,469.1,111.9,634.11,469.1,165.01,Online
O007549,2025-11-18,C00825,P015,2,1375.39,1038.91,275.08,2475.7,2077.82,397.88,Marketplace
O007550,2025-10-02,C00682,P002,2,5103.35,3862.76,0.0,10206.7,7725.52,2481.18,Marketplace
O007551,2025-07-30,C00167,P001,4,12212.51,9280.33,0.0,48850.04,37121.32,11728.72,Online
O007552,2025-04-28,C00929,P013,2,889.0,519.78,0.0,1778.0,1039.56,738.44,Online
O007553,2025-07-10,C00809,P012,2,1008.95,650.79,201.79,1816.11,1301.58,514.53,Store
O007554,2025-02-11,C00977,P016,3,802.2,467.64,0.0,2406.6,1402.92,1003.68,Online
O007555,2025-02-11,C00006,P014,1,746.01,469.1,37.3,708.71,469.1,239.61,Store
O007556,2025-11-11,C00312,P008,1,952.71,663.0,47.64,905.07,663.0,242.07,Online
O007557,2025-10-03,C00873,P006,1,3653.72,2501.63,182.69,3471.03,2501.63,969.4,Online
O007558,2025-11-25,C00857,P004,2,825.3,619.33,247.59,1403.01,1238.66,164.35,Online
O007559,2025-01-17,C00948,P008,2,952.71,663.0,190.54,1714.88,1326.0,388.88,Online
O007560,2025-10-10,C00607,P006,1,3653.72,2501.63,0.0,3653.72,2501.63,1152.09,Online
O007561,2025-09-15,C01082,P003,1,1674.13,1006.35,167.41,1506.72,1006.35,500.37,Online
O007562,2025-03-04,C00415,P002,3,5103.35,3862.76,1531.0,13779.05,11588.28,2190.77,Online
O007563,2025-03-03,C00721,P002,1,5103.35,3862.76,510.34,4593.01,3862.76,730.25,Online
O007564,2025-04-10,C00816,P004,1,825.3,619.33,0.0,825.3,619.33,205.97,Online
O007565,2025-01-19,C00942,P002,1,5103.35,3862.76,0.0,5103.35,3862.76,1240.59,Online
O007566,2025-01-17,C00943,P016,1,802.2,467.64,0.0,802.2,467.64,334.56,Online
O007567,2025-11-21,C01179,P010,1,1487.5,884.68,0.0,1487.5,884.68,602.82,Marketplace
O007568,2025-09-03,C00794,P002,1,5103.35,3862.76,0.0,5103.35,3862.76,1240.59,Online
O007569,2025-09-08,C00142,P005,1,3123.65,2355.15,312.36,2811.29,2355.15,456.14,Online
O007570,2025-03-22,C00038,P016,1,802.2,467.64,0.0,802.2,467.64,334.56,Online
O007571,2025-02-08,C01154,P005,1,3123.65,2355.15,0.0,3123.65,2355.15,768.5,Online
O007572,2025-02-05,C00826,P013,1,889.0,519.78,0.0,889.0,519.78,369.22,Online
O007573,2025-07-16,C00520,P006,3,3653.72,2501.63,0.0,10961.16,7504.89,3456.27,Store
O007574,2025-06-07,C00074,P015,1,1375.39,1038.91,0.0,1375.39,1038.91,336.48,Online
O007575,2025-07-23,C00682,P012,1,1008.95,650.79,100.9,908.05,650.79,257.26,Online
O007576,2025-07-15,C00443,P013,1,889.0,519.78,0.0,889.0,519.78,369.22,Store
O007577,2025-08-04,C00135,P011,1,487.27,344.29,48.73,438.54,344.29,94.25,Online
O007578,2025-10-12,C00136,P009,1,1843.37,1277.0,0.0,1843.37,1277.0,566.37,Online
O007579,2025-07-15,C00602,P013,1,889.0,519.78,44.45,844.55,519.78,324.77,Store
O007580,2025-11-03,C00244,P008,1,952.71,663.0,0.0,952.71,663.0,289.71,Online
O007581,2025-06-01,C01164,P009,1,1843.37,1277.0,0.0,1843.37,1277.0,566.37,Store
O007582,2025-01-14,C00444,P004,1,825.3,619.33,41.26,784.04,619.33,164.71,Online
O007583,2025-11-21,C00961,P003,2,1674.13,1006.35,0.0,3348.26,2012.7,1335.56,Store
O007584,2025-05-26,C00129,P012,1,1008.95,650.79,50.45,958.5,650.79,307.71,Store
O007585,2025-02-26,C00781,P001,1,12212.51,9280.33,1831.88,10380.63,9280.33,1100.3,Online
O007586,2025-07-30,C00623,P014,2,746.01,469.1,0.0,1492.02,938.2,553.82,Online
O007587,2025-09-25,C00711,P003,1,1674.13,1006.35,83.71,1590.42,1006.35,584.07,Online
O007588,2025-07-29,C00523,P005,1,3123.65,2355.15,156.18,2967.47,2355.15,612.32,Online
O007589,2025-01-17,C00149,P006,1,3653.72,2501.63,365.37,3288.35,2501.63,786.72,Online
O007590,2025-10-13,C00044,P014,3,746.01,469.1,0.0,2238.03,1407.3,830.73,Online
O007591,2025-12-10,C01071,P003,2,1674.13,1006.35,334.83,3013.43,2012.7,1000.73,Online
O007592,2025-07-22,C00166,P014,2,746.01,469.1,0.0,1492.02,938.2,553.82,Store
O007593,2025-04-09,C00197,P004,1,825.3,619.33,0.0,825.3,619.33,205.97,Online
O007594,2025-10-06,C00570,P006,3,3653.72,2501.63,0.0,10961.16,7504.89,3456.27,Store
O007595,2025-07-28,C00103,P001,1,12212.51,9280.33,0.0,12212.51,9280.33,2932.18,Marketplace
O007596,2025-05-09,C01136,P005,1,3123.65,2355.15,156.18,2967.47,2355.15,612.32,Online
O007597,2025-12-01,C00983,P016,2,802.2,467.64,80.22,1524.18,935.28,588.9,Store
O007598,2025-10-15,C00992,P006,1,3653.72,2501.63,0.0,3653.72,2501.63,1152.09,Online
O007599,2025-09-09,C00405,P003,1,1674.13,1006.35,83.71,1590.42,1006.35,584.07,Online
O007600,2025-09-22,C00848,P003,1,1674.13,1006.35,83.71,1590.42,1006.35,584.07,Online
O007601,2025-09-28,C00365,P005,2,3123.65,2355.15,312.36,5934.94,4710.3,1224.64,Online
O007602,2025-07-07,C00959,P014,1,746.01,469.1,111.9,634.11,469.1,165.01,Online
O007603,2025-08-02,C00710,P007,1,692.39,399.57,0.0,692.39,399.57,292.82,Online
O007604,2025-10-10,C00078,P003,1,1674.13,1006.35,167.41,1506.72,1006.35,500.37,Store
O007605,2025-07-30,C00476,P007,1,692.39,399.57,34.62,657.77,399.57,258.2,Online
O007606,2025-12-31,C00297,P015,3,1375.39,1038.91,0.0,4126.17,3116.73,1009.44,Store
O007607,2025-03-17,C00113,P011,1,487.27,344.29,48.73,438.54,344.29,94.25,Online
O007608,2025-05-28,C01037,P006,1,3653.72,2501.63,182.69,3471.03,2501.63,969.4,Online
O007609,2025-11-17,C00760,P009,1,1843.37,1277.0,0.0,1843.37,1277.0,566.37,Online
O007610,2025-08-01,C00373,P003,1,1674.13,1006.35,83.71,1590.42,1006.35,584.07,Online
O007611,2025-04-19,C00642,P011,1,487.27,344.29,24.36,462.91,344.29,118.62,Store
O007612,2025-05-09,C00760,P004,1,825.3,619.33,0.0,825.3,619.33,205.97,Store
O007613,2025-01-10,C00755,P008,1,952.71,663.0,142.91,809.8,663.0,146.8,Online
O007614,2025-02-16,C00029,P007,1,692.39,399.57,0.0,692.39,399.57,292.82,Online
O007615,2025-11-11,C00342,P011,1,487.27,344.29,97.45,389.82,344.29,45.53,Online
O007616,2025-04-06,C00571,P008,1,952.71,663.0,0.0,952.71,663.0,289.71,Store
O007617,2025-04-13,C01166,P012,2,1008.95,650.79,0.0,2017.9,1301.58,716.32,Online
O007618,2025-12-08,C00886,P011,3,487.27,344.29,0.0,1461.81,1032.87,428.94,Online
O007619,2025-05-26,C00405,P008,1,952.71,663.0,0.0,952.71,663.0,289.71,Store
O007620,2025-01-27,C00668,P011,2,487.27,344.29,0.0,974.54,688.58,285.96,Store
O007621,2025-08-08,C01062,P006,1,3653.72,2501.63,0.0,3653.72,2501.63,1152.09,Online
O007622,2025-01-18,C01109,P006,1,3653.72,2501.63,0.0,3653.72,2501.63,1152.09,Store
O007623,2025-06-16,C01069,P015,2,1375.39,1038.91,137.54,2613.24,2077.82,535.42,Store
O007624,2025-03-23,C00926,P001,2,12212.51,9280.33,2442.5,21982.52,18560.66,3421.86,Online
O007625,2025-03-13,C00740,P015,2,1375.39,1038.91,0.0,2750.78,2077.82,672.96,Online
O007626,2025-11-06,C00753,P012,1,1008.95,650.79,100.9,908.05,650.79,257.26,Online
O007627,2025-09-11,C00295,P007,3,692.39,399.57,103.86,1973.31,1198.71,774.6,Marketplace
O007628,2025-06-11,C00943,P012,2,1008.95,650.79,0.0,2017.9,1301.58,716.32,Online
O007629,2025-11-23,C00278,P015,2,1375.39,1038.91,550.16,2200.62,2077.82,122.8,Online
O007630,2025-02-07,C00616,P004,2,825.3,619.33,165.06,1485.54,1238.66,246.88,Marketplace
O007631,2025-07-20,C00909,P016,3,802.2,467.64,240.66,2165.94,1402.92,763.02,Store
O007632,2025-07-19,C01116,P014,1,746.01,469.1,0.0,746.01,469.1,276.91,Online
O007633,2025-09-12,C00901,P016,1,802.2,467.64,0.0,802.2,467.64,334.56,Store
O007634,2025-06-28,C00682,P008,1,952.71,663.0,0.0,952.71,663.0,289.71,Online
O007635,2025-02-04,C00155,P006,2,3653.72,2501.63,365.37,6942.07,5003.26,1938.81,Store
O007636,2025-03-23,C00800,P011,1,487.27,344.29,24.36,462.91,344.29,118.62,Store
O007637,2025-08-08,C00997,P013,1,889.0,519.78,0.0,889.0,519.78,369.22,Online
O007638,2025-06-07,C00672,P013,1,889.0,519.78,0.0,889.0,519.78,369.22,Online
O007639,2025-01-04,C00421,P009,2,1843.37,1277.0,368.67,3318.07,2554.0,764.07,Store
O007640,2025-06-16,C00270,P013,1,889.0,519.78,0.0,889.0,519.78,369.22,Online
O007641,2025-07-23,C01145,P013,1,889.0,519.78,44.45,844.55,519.78,324.77,Online
O007642,2025-07-13,C00415,P009,1,1843.37,1277.0,0.0,1843.37,1277.0,566.37,Online
O007643,2025-08-23,C01084,P007,1,692.39,399.57,0.0,692.39,399.57,292.82,Online
O007644,2025-07-25,C00781,P005,3,3123.65,2355.15,0.0,9370.95,7065.45,2305.5,Store
O007645,2025-05-30,C00031,P010,2,1487.5,884.68,0.0,2975.0,1769.36,1205.64,Online
O007646,2025-06-08,C01015,P004,2,825.3,619.33,0.0,1650.6,1238.66,411.94,Store
O007647,2025-10-06,C00026,P012,1,1008.95,650.79,0.0,1008.95,650.79,358.16,Marketplace
O007648,2025-10-31,C00851,P006,1,3653.72,2501.63,0.0,3653.72,2501.63,1152.09,Online
O007649,2025-06-15,C00615,P003,1,1674.13,1006.35,0.0,1674.13,1006.35,667.78,Online
O007650,2025-11-07,C01119,P001,1,12212.51,9280.33,1831.88,10380.63,9280.33,1100.3,Store
O007651,2025-03-09,C01063,P013,2,889.0,519.78,0.0,1778.0,1039.56,738.44,Online
O007652,2025-03-29,C00008,P015,1,1375.39,1038.91,68.77,1306.62,1038.91,267.71,Online
O007653,2025-08-05,C00419,P013,1,889.0,519.78,88.9,800.1,519.78,280.32,Online
O007654,2025-01-01,C00061,P011,4,487.27,344.29,97.45,1851.63,1377.16,474.47,Online
O007655,2025-05-15,C00558,P007,2,692.39,399.57,0.0,1384.78,799.14,585.64,Store
O007656,2025-07-04,C00407,P006,1,3653.72,2501.63,365.37,3288.35,2501.63,786.72,Store
O007657,2025-12-17,C01016,P014,1,746.01,469.1,37.3,708.71,469.1,239.61,Marketplace
O007658,2025-05-20,C00149,P003,2,1674.13,1006.35,0.0,3348.26,2012.7,1335.56,Store
O007659,2025-04-16,C00478,P010,2,1487.5,884.68,0.0,2975.0,1769.36,1205.64,Online
O007660,2025-05-13,C00961,P016,1,802.2,467.64,80.22,721.98,467.64,254.34,Online
O007661,2025-04-18,C00536,P006,1,3653.72,2501.63,0.0,3653.72,2501.63,1152.09,Store
O007662,2025-06-27,C00068,P003,2,1674.13,1006.35,334.83,3013.43,2012.7,1000.73,Online
O007663,2025-10-25,C00948,P006,1,3653.72,2501.63,182.69,3471.03,2501.63,969.4,Store
O007664,2025-12-24,C00468,P004,1,825.3,619.33,123.79,701.51,619.33,82.18,Online
O007665,2025-12-25,C00903,P010,1,1487.5,884.68,0.0,1487.5,884.68,602.82,Online
O007666,2025-05-26,C00436,P004,1,825.3,619.33,0.0,825.3,619.33,205.97,Online
O007667,2025-03-15,C00035,P010,1,1487.5,884.68,0.0,1487.5,884.68,602.82,Online
O007668,2025-04-18,C00645,P003,2,1674.13,1006.35,0.0,3348.26,2012.7,1335.56,Online
O007669,2025-05-02,C00342,P001,1,12212.51,9280.33,0.0,12212.51,9280.33,2932.18,Online
O007670,2025-01-17,C00781,P012,1,1008.95,650.79,0.0,1008.95,650.79,358.16,Store
O007671,2025-07-15,C00184,P004,1,825.3,619.33,0.0,825.3,619.33,205.97,Online
O007672,2025-11-23,C00088,P001,3,12212.51,9280.33,3663.75,32973.78,27840.99,5132.79,Online
O007673,2025-11-14,C00371,P011,1,487.27,344.29,0.0,487.27,344.29,142.98,Online
O007674,2025-10-24,C00320,P007,1,692.39,399.57,0.0,692.39,399.57,292.82,Online
O007675,2025-09-09,C00920,P002,1,5103.35,3862.76,510.34,4593.01,3862.76,730.25,Store
O007676,2025-04-29,C01147,P003,2,1674.13,1006.35,0.0,3348.26,2012.7,1335.56,Online
O007677,2025-06-11,C00568,P013,1,889.0,519.78,0.0,889.0,519.78,369.22,Store
O007678,2025-07-17,C00826,P002,3,5103.35,3862.76,0.0,15310.05,11588.28,3721.77,Store
O007679,2025-02-14,C00321,P002,1,5103.35,3862.76,0.0,5103.35,3862.76,1240.59,Online
O007680,2025-11-10,C01171,P001,1,12212.51,9280.33,1221.25,10991.26,9280.33,1710.93,Online
O007681,2025-06-28,C00719,P008,1,952.71,663.0,0.0,952.71,663.0,289.71,Online
O007682,2025-02-13,C00824,P006,1,3653.72,2501.63,0.0,3653.72,2501.63,1152.09,Online
O007683,2025-09-28,C00640,P009,1,1843.37,1277.0,0.0,1843.37,1277.0,566.37,Online
O007684,2025-03-19,C00744,P003,2,1674.13,1006.35,502.24,2846.02,2012.7,833.32,Online
O007685,2025-11-22,C00454,P005,1,3123.65,2355.15,0.0,3123.65,2355.15,768.5,Online
O007686,2025-06-27,C00307,P010,3,1487.5,884.68,0.0,4462.5,2654.04,1808.46,Online
O007687,2025-12-23,C00413,P011,1,487.27,344.29,24.36,462.91,344.29,118.62,Online
O007688,2025-01-03,C00490,P008,1,952.71,663.0,0.0,952.71,663.0,289.71,Online
O007689,2025-08-02,C01060,P012,1,1008.95,650.79,0.0,1008.95,650.79,358.16,Online
O007690,2025-12-08,C00656,P001,2,12212.51,9280.33,0.0,24425.02,18560.66,5864.36,Online
O007691,2025-03-15,C00209,P013,1,889.0,519.78,0.0,889.0,519.78,369.22,Online
O007692,2025-02-20,C00190,P010,1,1487.5,884.68,0.0,1487.5,884.68,602.82,Online
O007693,2025-03-08,C00802,P012,1,1008.95,650.79,100.9,908.05,650.79,257.26,Online
O007694,2025-11-28,C01183,P009,2,1843.37,1277.0,553.01,3133.73,2554.0,579.73,Online
O007695,2025-04-03,C00739,P010,1,1487.5,884.68,74.38,1413.12,884.68,528.44,Online
O007696,2025-06-25,C00121,P004,1,825.3,619.33,82.53,742.77,619.33,123.44,Marketplace
O007697,2025-05-25,C00044,P005,1,3123.65,2355.15,0.0,3123.65,2355.15,768.5,Online
O007698,2025-01-07,C00713,P004,1,825.3,619.33,0.0,825.3,619.33,205.97,Online
O007699,2025-09-26,C00832,P001,2,12212.51,9280.33,0.0,24425.02,18560.66,5864.36,Online
O007700,2025-11-18,C00715,P002,1,5103.35,3862.76,0.0,5103.35,3862.76,1240.59,Marketplace
O007701,2025-01-04,C01185,P006,1,3653.72,2501.63,548.06,3105.66,2501.63,604.03,Online
O007702,2025-05-18,C00726,P001,1,12212.51,9280.33,0.0,12212.51,9280.33,2932.18,Online
O007703,2025-08-19,C00327,P005,1,3123.65,2355.15,468.55,2655.1,2355.15,299.95,Online
O007704,2025-03-29,C00582,P007,2,692.39,399.57,69.24,1315.54,799.14,516.4,Online
O007705,2025-01-17,C01102,P016,2,802.2,467.64,0.0,1604.4,935.28,669.12,Online
O007706,2025-02-21,C00008,P009,2,1843.37,1277.0,553.01,3133.73,2554.0,579.73,Marketplace
O007707,2025-05-14,C00165,P001,2,12212.51,9280.33,0.0,24425.02,18560.66,5864.36,Store
O007708,2025-07-30,C00466,P010,1,1487.5,884.68,148.75,1338.75,884.68,454.07,Online
O007709,2025-11-21,C00597,P005,2,3123.65,2355.15,312.36,5934.94,4710.3,1224.64,Store
O007710,2025-08-07,C00236,P015,3,1375.39,1038.91,0.0,4126.17,3116.73,1009.44,Online
O007711,2025-07-24,C00608,P012,1,1008.95,650.79,0.0,1008.95,650.79,358.16,Marketplace
O007712,2025-07-30,C00105,P002,1,5103.35,3862.76,255.17,4848.18,3862.76,985.42,Online
O007713,2025-10-04,C00874,P012,1,1008.95,650.79,0.0,1008.95,650.79,358.16,Online
O007714,2025-01-24,C00521,P005,2,3123.65,2355.15,312.36,5934.94,4710.3,1224.64,Online
O007715,2025-01-04,C00417,P014,1,746.01,469.1,0.0,746.01,469.1,276.91,Store
O007716,2025-06-01,C00051,P006,1,3653.72,2501.63,0.0,3653.72,2501.63,1152.09,Online
O007717,2025-09-16,C00541,P014,1,746.01,469.1,0.0,746.01,469.1,276.91,Online
O007718,2025-11-20,C00406,P014,1,746.01,469.1,0.0,746.01,469.1,276.91,Online
O007719,2025-12-23,C00877,P001,1,12212.51,9280.33,0.0,12212.51,9280.33,2932.18,Online
O007720,2025-06-17,C00415,P003,1,1674.13,1006.35,83.71,1590.42,1006.35,584.07,Online
O007721,2025-06-25,C00382,P006,1,3653.72,2501.63,548.06,3105.66,2501.63,604.03,Online
O007722,2025-11-06,C00142,P016,1,802.2,467.64,40.11,762.09,467.64,294.45,Online
O007723,2025-10-18,C00507,P015,1,1375.39,1038.91,0.0,1375.39,1038.91,336.48,Online
O007724,2025-02-25,C01136,P006,1,3653.72,2501.63,0.0,3653.72,2501.63,1152.09,Online
O007725,2025-04-18,C00433,P013,1,889.0,519.78,133.35,755.65,519.78,235.87,Online
O007726,2025-10-23,C01113,P006,2,3653.72,2501.63,0.0,7307.44,5003.26,2304.18,Store
O007727,2025-11-20,C00725,P014,3,746.01,469.1,0.0,2238.03,1407.3,830.73,Online
O007728,2025-10-29,C00784,P010,1,1487.5,884.68,74.38,1413.12,884.68,528.44,Store
O007729,2025-11-30,C00983,P013,1,889.0,519.78,44.45,844.55,519.78,324.77,Online
O007730,2025-05-21,C00348,P011,2,487.27,344.29,48.73,925.81,688.58,237.23,Marketplace
O007731,2025-06-04,C00119,P003,1,1674.13,1006.35,334.83,1339.3,1006.35,332.95,Marketplace
O007732,2025-09-19,C00508,P005,1,3123.65,2355.15,312.36,2811.29,2355.15,456.14,Store
O007733,2025-09-30,C01186,P006,1,3653.72,2501.63,0.0,3653.72,2501.63,1152.09,Online
O007734,2025-08-20,C00706,P011,2,487.27,344.29,0.0,974.54,688.58,285.96,Online
O007735,2025-08-29,C00314,P011,2,487.27,344.29,0.0,974.54,688.58,285.96,Online
O007736,2025-12-21,C01110,P014,1,746.01,469.1,37.3,708.71,469.1,239.61,Online
O007737,2025-12-03,C00251,P002,2,5103.35,3862.76,0.0,10206.7,7725.52,2481.18,Store
O007738,2025-09-15,C00088,P011,1,487.27,344.29,97.45,389.82,344.29,45.53,Online
O007739,2025-09-06,C00031,P008,2,952.71,663.0,0.0,1905.42,1326.0,579.42,Marketplace
O007740,2025-03-18,C00593,P001,1,12212.51,9280.33,0.0,12212.51,9280.33,2932.18,Online
O007741,2025-06-29,C00823,P005,2,3123.65,2355.15,624.73,5622.57,4710.3,912.27,Online
O007742,2025-03-07,C00252,P001,1,12212.51,9280.33,1221.25,10991.26,9280.33,1710.93,Store
O007743,2025-11-04,C01186,P015,1,1375.39,1038.91,0.0,1375.39,1038.91,336.48,Online
O007744,2025-12-14,C00628,P012,3,1008.95,650.79,0.0,3026.85,1952.37,1074.48,Store
O007745,2025-06-20,C00239,P010,1,1487.5,884.68,0.0,1487.5,884.68,602.82,Online
O007746,2025-01-22,C00425,P010,1,1487.5,884.68,148.75,1338.75,884.68,454.07,Marketplace
O007747,2025-04-17,C00651,P012,1,1008.95,650.79,0.0,1008.95,650.79,358.16,Online
O007748,2025-11-19,C00946,P006,1,3653.72,2501.63,0.0,3653.72,2501.63,1152.09,Online
O007749,2025-08-15,C00337,P016,1,802.2,467.64,120.33,681.87,467.64,214.23,Marketplace
O007750,2025-08-04,C01002,P002,1,5103.35,3862.76,510.34,4593.01,3862.76,730.25,Online
O007751,2025-03-10,C01170,P002,1,5103.35,3862.76,0.0,5103.35,3862.76,1240.59,Online
O007752,2025-03-25,C00224,P009,1,1843.37,1277.0,0.0,1843.37,1277.0,566.37,Online
O007753,2025-04-13,C00919,P013,1,889.0,519.78,88.9,800.1,519.78,280.32,Online
O007754,2025-02-08,C01183,P015,1,1375.39,1038.91,68.77,1306.62,1038.91,267.71,Online
O007755,2025-01-13,C00884,P002,3,5103.35,3862.76,1531.0,13779.05,11588.28,2190.77,Online
O007756,2025-10-24,C01195,P004,1,825.3,619.33,0.0,825.3,619.33,205.97,Store
O007757,2025-11-09,C00382,P008,1,952.71,663.0,0.0,952.71,663.0,289.71,Online
O007758,2025-06-30,C00441,P015,1,1375.39,1038.91,0.0,1375.39,1038.91,336.48,Online
O007759,2025-09-25,C00155,P009,1,1843.37,1277.0,0.0,1843.37,1277.0,566.37,Online
O007760,2025-01-13,C00987,P004,2,825.3,619.33,82.53,1568.07,1238.66,329.41,Online
O007761,2025-04-30,C00255,P003,1,1674.13,1006.35,334.83,1339.3,1006.35,332.95,Online
O007762,2025-12-19,C00350,P001,1,12212.51,9280.33,0.0,12212.51,9280.33,2932.18,Online
O007763,2025-02-26,C00469,P012,1,1008.95,650.79,0.0,1008.95,650.79,358.16,Marketplace
O007764,2025-02-09,C00715,P014,2,746.01,469.1,0.0,1492.02,938.2,553.82,Marketplace
O007765,2025-12-02,C00398,P003,1,1674.13,1006.35,167.41,1506.72,1006.35,500.37,Online
O007766,2025-05-08,C00670,P006,1,3653.72,2501.63,0.0,3653.72,2501.63,1152.09,Online
O007767,2025-06-22,C00039,P001,1,12212.51,9280.33,610.63,11601.88,9280.33,2321.55,Store
O007768,2025-02-04,C00550,P008,1,952.71,663.0,0.0,952.71,663.0,289.71,Online
O007769,2025-09-16,C00750,P016,1,802.2,467.64,160.44,641.76,467.64,174.12,Online
O007770,2025-01-05,C00765,P014,1,746.01,469.1,0.0,746.01,469.1,276.91,Online
O007771,2025-08-06,C00542,P003,1,1674.13,1006.35,83.71,1590.42,1006.35,584.07,Store
O007772,2025-01-11,C00266,P010,1,1487.5,884.68,0.0,1487.5,884.68,602.82,Store
O007773,2025-11-23,C01139,P006,1,3653.72,2501.63,0.0,3653.72,2501.63,1152.09,Online
O007774,2025-04-27,C00774,P002,3,5103.35,3862.76,1531.0,13779.05,11588.28,2190.77,Online
O007775,2025-07-03,C00889,P007,1,692.39,399.57,34.62,657.77,399.57,258.2,Store
O007776,2025-12-28,C01058,P003,1,1674.13,1006.35,251.12,1423.01,1006.35,416.66,Store
O007777,2025-04-26,C00413,P001,1,12212.51,9280.33,0.0,12212.51,9280.33,2932.18,Online
O007778,2025-06-11,C01075,P008,1,952.71,663.0,0.0,952.71,663.0,289.71,Online
O007779,2025-03-08,C00587,P016,1,802.2,467.64,40.11,762.09,467.64,294.45,Store
O007780,2025-07-19,C00405,P014,1,746.01,469.1,0.0,746.01,469.1,276.91,Store
O007781,2025-01-31,C00973,P005,2,3123.65,2355.15,0.0,6247.3,4710.3,1537.0,Online
O007782,2025-03-16,C01144,P004,1,825.3,619.33,0.0,825.3,619.33,205.97,Store
O007783,2025-08-25,C01188,P006,1,3653.72,2501.63,0.0,3653.72,2501.63,1152.09,Online
O007784,2025-11-23,C00359,P003,1,1674.13,1006.35,0.0,1674.13,1006.35,667.78,Online
O007785,2025-03-07,C00489,P008,1,952.71,663.0,0.0,952.71,663.0,289.71,Store
O007786,2025-03-11,C01068,P015,1,1375.39,1038.91,0.0,1375.39,1038.91,336.48,Online
O007787,2025-10-24,C00030,P016,1,802.2,467.64,120.33,681.87,467.64,214.23,Store
O007788,2025-01-20,C01087,P003,1,1674.13,1006.35,83.71,1590.42,1006.35,584.07,Online
O007789,2025-08-14,C00181,P014,1,746.01,469.1,0.0,746.01,469.1,276.91,Online
O007790,2025-07-18,C00499,P015,1,1375.39,1038.91,0.0,1375.39,1038.91,336.48,Online
O007791,2025-02-08,C00674,P008,3,952.71,663.0,571.63,2286.5,1989.0,297.5,Store
O007792,2025-05-25,C00318,P006,2,3653.72,2501.63,365.37,6942.07,5003.26,1938.81,Online
O007793,2025-02-14,C00561,P014,1,746.01,469.1,0.0,746.01,469.1,276.91,Online
O007794,2025-11-22,C00864,P005,1,3123.65,2355.15,468.55,2655.1,2355.15,299.95,Online
O007795,2025-04-01,C00899,P006,1,3653.72,2501.63,365.37,3288.35,2501.63,786.72,Online
O007796,2025-08-26,C00176,P011,1,487.27,344.29,48.73,438.54,344.29,94.25,Store
O007797,2025-03-11,C00327,P008,4,952.71,663.0,381.08,3429.76,2652.0,777.76,Online
O007798,2025-06-15,C01132,P001,1,12212.51,9280.33,610.63,11601.88,9280.33,2321.55,Online
O007799,2025-05-10,C00077,P003,1,1674.13,1006.35,334.83,1339.3,1006.35,332.95,Store
O007800,2025-08-02,C01150,P001,1,12212.51,9280.33,0.0,12212.51,9280.33,2932.18,Marketplace
O007801,2025-12-06,C00325,P002,4,5103.35,3862.76,0.0,20413.4,15451.04,4962.36,Online
O007802,2025-03-30,C00584,P015,1,1375.39,1038.91,0.0,1375.39,1038.91,336.48,Online
O007803,2025-12-01,C00919,P014,2,746.01,469.1,0.0,1492.02,938.2,553.82,Online
O007804,2025-09-09,C00267,P015,1,1375.39,1038.91,0.0,1375.39,1038.91,336.48,Store
O007805,2025-12-15,C00386,P011,1,487.27,344.29,24.36,462.91,344.29,118.62,Online
O007806,2025-03-13,C01166,P002,1,5103.35,3862.76,510.34,4593.01,3862.76,730.25,Online
O007807,2025-06-14,C00846,P009,1,1843.37,1277.0,276.51,1566.86,1277.0,289.86,Online
O007808,2025-02-18,C00500,P008,1,952.71,663.0,95.27,857.44,663.0,194.44,Online
O007809,2025-02-21,C00176,P009,1,1843.37,1277.0,0.0,1843.37,1277.0,566.37,Online
O007810,2025-10-16,C01016,P012,1,1008.95,650.79,50.45,958.5,650.79,307.71,Online
O007811,2025-10-05,C00695,P008,1,952.71,663.0,0.0,952.71,663.0,289.71,Store
O007812,2025-04-24,C01051,P007,1,692.39,399.57,0.0,692.39,399.57,292.82,Store
O007813,2025-08-27,C00341,P007,2,692.39,399.57,138.48,1246.3,799.14,447.16,Online
O007814,2025-05-13,C00578,P005,1,3123.65,2355.15,0.0,3123.65,2355.15,768.5,Online
O007815,2025-10-01,C00799,P016,1,802.2,467.64,0.0,802.2,467.64,334.56,Marketplace
O007816,2025-06-15,C01059,P006,1,3653.72,2501.63,365.37,3288.35,2501.63,786.72,Online
O007817,2025-10-20,C01120,P003,3,1674.13,1006.35,502.24,4520.15,3019.05,1501.1,Store
O007818,2025-08-31,C00480,P015,2,1375.39,1038.91,0.0,2750.78,2077.82,672.96,Online
O007819,2025-11-16,C00598,P001,1,12212.51,9280.33,1221.25,10991.26,9280.33,1710.93,Marketplace
O007820,2025-05-18,C00064,P010,1,1487.5,884.68,0.0,1487.5,884.68,602.82,Online
O007821,2025-03-20,C00896,P001,1,12212.51,9280.33,0.0,12212.51,9280.33,2932.18,Online
O007822,2025-06-19,C00247,P001,1,12212.51,9280.33,1221.25,10991.26,9280.33,1710.93,Online
O007823,2025-05-03,C00948,P001,2,12212.51,9280.33,2442.5,21982.52,18560.66,3421.86,Store
O007824,2025-06-25,C00424,P007,1,692.39,399.57,0.0,692.39,399.57,292.82,Online
O007825,2025-10-27,C00067,P006,1,3653.72,2501.63,365.37,3288.35,2501.63,786.72,Online
O007826,2025-03-23,C00372,P012,2,1008.95,650.79,0.0,2017.9,1301.58,716.32,Marketplace
O007827,2025-03-28,C00765,P015,1,1375.39,1038.91,0.0,1375.39,1038.91,336.48,Online
O007828,2025-08-13,C00775,P007,1,692.39,399.57,34.62,657.77,399.57,258.2,Marketplace
O007829,2025-01-16,C01015,P001,2,12212.51,9280.33,0.0,24425.02,18560.66,5864.36,Store
O007830,2025-11-06,C00691,P011,1,487.27,344.29,0.0,487.27,344.29,142.98,Online
O007831,2025-12-24,C00582,P004,1,825.3,619.33,0.0,825.3,619.33,205.97,Store
O007832,2025-06-12,C00884,P013,2,889.0,519.78,0.0,1778.0,1039.56,738.44,Marketplace
O007833,2025-04-08,C00137,P011,1,487.27,344.29,0.0,487.27,344.29,142.98,Online
O007834,2025-06-05,C00043,P006,1,3653.72,2501.63,182.69,3471.03,2501.63,969.4,Online
O007835,2025-01-02,C00949,P003,1,1674.13,1006.35,0.0,1674.13,1006.35,667.78,Online
O007836,2025-12-16,C00793,P015,1,1375.39,1038.91,0.0,1375.39,1038.91,336.48,Store
O007837,2025-06-18,C00539,P013,2,889.0,519.78,0.0,1778.0,1039.56,738.44,Online
O007838,2025-11-11,C00370,P014,1,746.01,469.1,0.0,746.01,469.1,276.91,Store
O007839,2025-11-21,C01120,P006,2,3653.72,2501.63,0.0,7307.44,5003.26,2304.18,Store
O007840,2025-04-02,C00892,P013,1,889.0,519.78,0.0,889.0,519.78,369.22,Store
O007841,2025-06-30,C00237,P015,2,1375.39,1038.91,0.0,2750.78,2077.82,672.96,Online
O007842,2025-08-19,C00222,P010,1,1487.5,884.68,0.0,1487.5,884.68,602.82,Marketplace
O007843,2025-10-28,C00627,P015,1,1375.39,1038.91,0.0,1375.39,1038.91,336.48,Store
O007844,2025-05-28,C00800,P004,2,825.3,619.33,165.06,1485.54,1238.66,246.88,Store
O007845,2025-10-07,C00116,P006,1,3653.72,2501.63,182.69,3471.03,2501.63,969.4,Online
O007846,2025-07-08,C00046,P010,1,1487.5,884.68,223.12,1264.38,884.68,379.7,Online
O007847,2025-12-13,C00335,P003,2,1674.13,1006.35,0.0,3348.26,2012.7,1335.56,Store
O007848,2025-12-16,C00663,P011,2,487.27,344.29,48.73,925.81,688.58,237.23,Online
O007849,2025-11-10,C00084,P016,1,802.2,467.64,0.0,802.2,467.64,334.56,Store
O007850,2025-05-08,C01141,P016,1,802.2,467.64,0.0,802.2,467.64,334.56,Online
O007851,2025-01-07,C00430,P014,1,746.01,469.1,74.6,671.41,469.1,202.31,Marketplace
O007852,2025-02-16,C00906,P003,1,1674.13,1006.35,0.0,1674.13,1006.35,667.78,Marketplace
O007853,2025-02-22,C00108,P010,1,1487.5,884.68,0.0,1487.5,884.68,602.82,Online
O007854,2025-07-06,C00778,P016,1,802.2,467.64,80.22,721.98,467.64,254.34,Store
O007855,2025-02-07,C00414,P005,2,3123.65,2355.15,0.0,6247.3,4710.3,1537.0,Store
O007856,2025-08-14,C00785,P016,1,802.2,467.64,0.0,802.2,467.64,334.56,Online
O007857,2025-02-22,C00643,P011,2,487.27,344.29,48.73,925.81,688.58,237.23,Online
O007858,2025-08-12,C00271,P001,2,12212.51,9280.33,0.0,24425.02,18560.66,5864.36,Online
O007859,2025-06-03,C00049,P006,1,3653.72,2501.63,182.69,3471.03,2501.63,969.4,Store
O007860,2025-02-17,C00611,P007,1,692.39,399.57,34.62,657.77,399.57,258.2,Online
O007861,2025-12-17,C00916,P013,1,889.0,519.78,133.35,755.65,519.78,235.87,Online
O007862,2025-05-27,C00796,P013,1,889.0,519.78,88.9,800.1,519.78,280.32,Online
O007863,2025-03-05,C01037,P013,1,889.0,519.78,0.0,889.0,519.78,369.22,Store
O007864,2025-12-15,C01062,P014,1,746.01,469.1,111.9,634.11,469.1,165.01,Marketplace
O007865,2025-07-01,C00609,P004,1,825.3,619.33,0.0,825.3,619.33,205.97,Online
O007866,2025-05-05,C00585,P002,2,5103.35,3862.76,1020.67,9186.03,7725.52,1460.51,Online
O007867,2025-06-28,C00572,P006,1,3653.72,2501.63,0.0,3653.72,2501.63,1152.09,Online
O007868,2025-02-08,C00559,P011,2,487.27,344.29,0.0,974.54,688.58,285.96,Online
O007869,2025-09-17,C00125,P011,1,487.27,344.29,48.73,438.54,344.29,94.25,Online
O007870,2025-01-03,C00974,P009,2,1843.37,1277.0,0.0,3686.74,2554.0,1132.74,Marketplace
O007871,2025-03-05,C00504,P004,3,825.3,619.33,0.0,2475.9,1857.99,617.91,Online
O007872,2025-01-29,C00920,P006,4,3653.72,2501.63,2192.23,12422.65,10006.52,2416.13,Online
O007873,2025-01-11,C00644,P014,1,746.01,469.1,37.3,708.71,469.1,239.61,Store
O007874,2025-04-07,C00039,P012,1,1008.95,650.79,0.0,1008.95,650.79,358.16,Online
O007875,2025-12-24,C00962,P012,1,1008.95,650.79,0.0,1008.95,650.79,358.16,Store
O007876,2025-07-22,C00442,P006,4,3653.72,2501.63,0.0,14614.88,10006.52,4608.36,Marketplace
O007877,2025-01-21,C00980,P010,2,1487.5,884.68,297.5,2677.5,1769.36,908.14,Store
O007878,2025-02-08,C00189,P016,2,802.2,467.64,0.0,1604.4,935.28,669.12,Online
O007879,2025-08-11,C00833,P014,2,746.01,469.1,74.6,1417.42,938.2,479.22,Store
O007880,2025-04-12,C00843,P003,1,1674.13,1006.35,0.0,1674.13,1006.35,667.78,Online
O007881,2025-02-15,C01151,P013,1,889.0,519.78,0.0,889.0,519.78,369.22,Online
O007882,2025-03-07,C00406,P005,2,3123.65,2355.15,0.0,6247.3,4710.3,1537.0,Online
O007883,2025-04-01,C01057,P014,1,746.01,469.1,37.3,708.71,469.1,239.61,Online
O007884,2025-06-13,C00751,P009,1,1843.37,1277.0,0.0,1843.37,1277.0,566.37,Store
O007885,2025-04-21,C00461,P013,1,889.0,519.78,133.35,755.65,519.78,235.87,Store
O007886,2025-12-04,C00526,P011,1,487.27,344.29,0.0,487.27,344.29,142.98,Store
O007887,2025-05-03,C00779,P006,1,3653.72,2501.63,0.0,3653.72,2501.63,1152.09,Online
O007888,2025-07-12,C00157,P006,2,3653.72,2501.63,365.37,6942.07,5003.26,1938.81,Store
O007889,2025-04-09,C01040,P006,1,3653.72,2501.63,548.06,3105.66,2501.63,604.03,Store
O007890,2025-10-18,C00334,P001,1,12212.51,9280.33,1221.25,10991.26,9280.33,1710.93,Online
O007891,2025-06-08,C00592,P012,1,1008.95,650.79,0.0,1008.95,650.79,358.16,Online
O007892,2025-04-13,C00081,P002,3,5103.35,3862.76,765.5,14544.55,11588.28,2956.27,Store
O007893,2025-10-08,C00386,P003,2,1674.13,1006.35,0.0,3348.26,2012.7,1335.56,Store
O007894,2025-02-12,C00030,P009,2,1843.37,1277.0,0.0,3686.74,2554.0,1132.74,Online
O007895,2025-03-25,C00935,P011,1,487.27,344.29,0.0,487.27,344.29,142.98,Store
O007896,2025-07-10,C00947,P014,1,746.01,469.1,149.2,596.81,469.1,127.71,Online
O007897,2025-02-20,C00358,P016,1,802.2,467.64,120.33,681.87,467.64,214.23,Marketplace
O007898,2025-07-29,C01169,P007,2,692.39,399.57,0.0,1384.78,799.14,585.64,Store
O007899,2025-05-06,C00893,P010,2,1487.5,884.68,0.0,2975.0,1769.36,1205.64,Online
O007900,2025-03-10,C00526,P011,1,487.27,344.29,73.09,414.18,344.29,69.89,Online
O007901,2025-09-22,C00359,P012,1,1008.95,650.79,0.0,1008.95,650.79,358.16,Online
O007902,2025-09-15,C00438,P003,1,1674.13,1006.35,0.0,1674.13,1006.35,667.78,Store
O007903,2025-07-07,C00998,P008,1,952.71,663.0,47.64,905.07,663.0,242.07,Online
O007904,2025-08-18,C00288,P007,1,692.39,399.57,138.48,553.91,399.57,154.34,Online
O007905,2025-07-08,C00742,P010,1,1487.5,884.68,0.0,1487.5,884.68,602.82,Store
O007906,2025-01-10,C00127,P008,2,952.71,663.0,0.0,1905.42,1326.0,579.42,Store
O007907,2025-04-24,C00843,P015,1,1375.39,1038.91,0.0,1375.39,1038.91,336.48,Online
O007908,2025-03-17,C00107,P003,2,1674.13,1006.35,502.24,2846.02,2012.7,833.32,Store
O007909,2025-06-13,C00355,P004,2,825.3,619.33,82.53,1568.07,1238.66,329.41,Store
O007910,2025-03-26,C00435,P011,2,487.27,344.29,48.73,925.81,688.58,237.23,Store
O007911,2025-02-18,C00703,P014,1,746.01,469.1,149.2,596.81,469.1,127.71,Store
O007912,2025-11-22,C00866,P001,1,12212.51,9280.33,2442.5,9770.01,9280.33,489.68,Online
O007913,2025-06-26,C00509,P010,3,1487.5,884.68,0.0,4462.5,2654.04,1808.46,Online
O007914,2025-08-06,C00150,P008,2,952.71,663.0,0.0,1905.42,1326.0,579.42,Online
O007915,2025-07-08,C00560,P003,1,1674.13,1006.35,83.71,1590.42,1006.35,584.07,Online
O007916,2025-12-12,C01098,P005,1,3123.65,2355.15,0.0,3123.65,2355.15,768.5,Online
O007917,2025-08-18,C00646,P009,1,1843.37,1277.0,0.0,1843.37,1277.0,566.37,Online
O007918,2025-09-12,C00823,P001,1,12212.51,9280.33,610.63,11601.88,9280.33,2321.55,Online
O007919,2025-08-24,C00715,P015,1,1375.39,1038.91,0.0,1375.39,1038.91,336.48,Online
O007920,2025-01-26,C00003,P008,1,952.71,663.0,0.0,952.71,663.0,289.71,Online
O007921,2025-03-13,C00467,P009,1,1843.37,1277.0,184.34,1659.03,1277.0,382.03,Online
O007922,2025-09-18,C00034,P011,1,487.27,344.29,0.0,487.27,344.29,142.98,Online
O007923,2025-09-11,C00338,P007,1,692.39,399.57,0.0,692.39,399.57,292.82,Marketplace
O007924,2025-09-28,C00968,P016,1,802.2,467.64,80.22,721.98,467.64,254.34,Online
O007925,2025-05-03,C00387,P001,2,12212.51,9280.33,0.0,24425.02,18560.66,5864.36,Online
O007926,2025-05-24,C00429,P006,2,3653.72,2501.63,0.0,7307.44,5003.26,2304.18,Online
O007927,2025-09-14,C00052,P011,2,487.27,344.29,97.45,877.09,688.58,188.51,Online
O007928,2025-05-24,C00710,P013,2,889.0,519.78,177.8,1600.2,1039.56,560.64,Online
O007929,2025-09-16,C01020,P012,1,1008.95,650.79,0.0,1008.95,650.79,358.16,Marketplace
O007930,2025-02-16,C01119,P008,2,952.71,663.0,190.54,1714.88,1326.0,388.88,Online
O007931,2025-12-17,C01189,P010,1,1487.5,884.68,0.0,1487.5,884.68,602.82,Store
O007932,2025-01-13,C00163,P012,2,1008.95,650.79,0.0,2017.9,1301.58,716.32,Online
O007933,2025-07-27,C00383,P001,1,12212.51,9280.33,610.63,11601.88,9280.33,2321.55,Online
O007934,2025-11-07,C01044,P008,1,952.71,663.0,0.0,952.71,663.0,289.71,Online
O007935,2025-08-23,C00146,P014,2,746.01,469.1,74.6,1417.42,938.2,479.22,Online
O007936,2025-05-29,C01071,P010,1,1487.5,884.68,148.75,1338.75,884.68,454.07,Store
O007937,2025-11-18,C00037,P015,2,1375.39,1038.91,0.0,2750.78,2077.82,672.96,Online
O007938,2025-06-04,C00655,P013,1,889.0,519.78,0.0,889.0,519.78,369.22,Online
O007939,2025-06-15,C00321,P015,1,1375.39,1038.91,0.0,1375.39,1038.91,336.48,Online
O007940,2025-03-31,C00916,P012,1,1008.95,650.79,100.9,908.05,650.79,257.26,Online
O007941,2025-07-05,C01188,P002,1,5103.35,3862.76,0.0,5103.35,3862.76,1240.59,Online
O007942,2025-11-14,C00260,P002,1,5103.35,3862.76,510.34,4593.01,3862.76,730.25,Online
O007943,2025-12-24,C00097,P015,4,1375.39,1038.91,0.0,5501.56,4155.64,1345.92,Online
O007944,2025-06-23,C00817,P009,3,1843.37,1277.0,0.0,5530.11,3831.0,1699.11,Marketplace
O007945,2025-08-05,C00390,P006,1,3653.72,2501.63,0.0,3653.72,2501.63,1152.09,Store
O007946,2025-09-21,C00551,P001,2,12212.51,9280.33,0.0,24425.02,18560.66,5864.36,Online
O007947,2025-04-07,C00991,P003,2,1674.13,1006.35,167.41,3180.85,2012.7,1168.15,Store
O007948,2025-04-27,C00001,P004,1,825.3,619.33,0.0,825.3,619.33,205.97,Online
O007949,2025-07-18,C00815,P016,2,802.2,467.64,80.22,1524.18,935.28,588.9,Marketplace
O007950,2025-11-16,C00148,P013,1,889.0,519.78,44.45,844.55,519.78,324.77,Marketplace
O007951,2025-01-21,C00888,P003,3,1674.13,1006.35,502.24,4520.15,3019.05,1501.1,Online
O007952,2025-07-19,C00861,P009,1,1843.37,1277.0,368.67,1474.7,1277.0,197.7,Online
O007953,2025-12-07,C01174,P008,1,952.71,663.0,0.0,952.71,663.0,289.71,Online
O007954,2025-09-05,C00277,P001,1,12212.51,9280.33,0.0,12212.51,9280.33,2932.18,Store
O007955,2025-10-03,C00395,P001,1,12212.51,9280.33,0.0,12212.51,9280.33,2932.18,Online
O007956,2025-09-21,C01075,P008,1,952.71,663.0,0.0,952.71,663.0,289.71,Marketplace
O007957,2025-02-27,C00096,P002,2,5103.35,3862.76,0.0,10206.7,7725.52,2481.18,Online
O007958,2025-10-29,C00785,P013,2,889.0,519.78,0.0,1778.0,1039.56,738.44,Marketplace
O007959,2025-01-31,C01127,P013,1,889.0,519.78,0.0,889.0,519.78,369.22,Online
O007960,2025-09-06,C00482,P004,1,825.3,619.33,0.0,825.3,619.33,205.97,Online
O007961,2025-04-03,C00616,P013,2,889.0,519.78,0.0,1778.0,1039.56,738.44,Online
O007962,2025-09-22,C00237,P002,1,5103.35,3862.76,510.34,4593.01,3862.76,730.25,Online
O007963,2025-09-28,C00931,P008,1,952.71,663.0,0.0,952.71,663.0,289.71,Online
O007964,2025-04-04,C00337,P003,1,1674.13,1006.35,0.0,1674.13,1006.35,667.78,Online
O007965,2025-06-03,C00941,P006,2,3653.72,2501.63,0.0,7307.44,5003.26,2304.18,Store
O007966,2025-10-12,C00965,P002,2,5103.35,3862.76,510.34,9696.36,7725.52,1970.84,Online
O007967,2025-03-21,C00707,P013,1,889.0,519.78,44.45,844.55,519.78,324.77,Store
O007968,2025-10-19,C00678,P012,1,1008.95,650.79,0.0,1008.95,650.79,358.16,Online
O007969,2025-03-25,C00462,P008,1,952.71,663.0,0.0,952.71,663.0,289.71,Store
O007970,2025-12-31,C00573,P016,3,802.2,467.64,481.32,1925.28,1402.92,522.36,Store
O007971,2025-02-06,C00043,P007,2,692.39,399.57,207.72,1177.06,799.14,377.92,Online
O007972,2025-12-08,C01106,P013,1,889.0,519.78,0.0,889.0,519.78,369.22,Online
O007973,2025-11-23,C00010,P010,1,1487.5,884.68,0.0,1487.5,884.68,602.82,Online
O007974,2025-08-20,C00435,P001,1,12212.51,9280.33,1221.25,10991.26,9280.33,1710.93,Online
O007975,2025-04-03,C00949,P002,1,5103.35,3862.76,0.0,5103.35,3862.76,1240.59,Marketplace
O007976,2025-12-02,C00960,P012,1,1008.95,650.79,0.0,1008.95,650.79,358.16,Online
O007977,2025-04-12,C00890,P010,2,1487.5,884.68,0.0,2975.0,1769.36,1205.64,Online
O007978,2025-06-15,C01084,P005,1,3123.65,2355.15,0.0,3123.65,2355.15,768.5,Store
O007979,2025-06-08,C00289,P007,1,692.39,399.57,69.24,623.15,399.57,223.58,Online
O007980,2025-01-14,C00336,P003,1,1674.13,1006.35,251.12,1423.01,1006.35,416.66,Marketplace
O007981,2025-08-13,C00462,P008,2,952.71,663.0,0.0,1905.42,1326.0,579.42,Marketplace
O007982,2025-03-14,C00529,P001,1,12212.51,9280.33,610.63,11601.88,9280.33,2321.55,Store
O007983,2025-09-06,C00162,P004,1,825.3,619.33,0.0,825.3,619.33,205.97,Online
O007984,2025-04-01,C00624,P008,1,952.71,663.0,190.54,762.17,663.0,99.17,Store
O007985,2025-08-04,C00952,P016,1,802.2,467.64,0.0,802.2,467.64,334.56,Online
O007986,2025-03-31,C00829,P004,1,825.3,619.33,0.0,825.3,619.33,205.97,Online
O007987,2025-01-29,C00930,P014,2,746.01,469.1,298.4,1193.62,938.2,255.42,Marketplace
O007988,2025-11-01,C00264,P003,1,1674.13,1006.35,251.12,1423.01,1006.35,416.66,Online
O007989,2025-08-08,C00925,P004,1,825.3,619.33,0.0,825.3,619.33,205.97,Online
O007990,2025-11-24,C00809,P014,1,746.01,469.1,0.0,746.01,469.1,276.91,Online
O007991,2025-08-03,C00630,P004,1,825.3,619.33,82.53,742.77,619.33,123.44,Online
O007992,2025-08-09,C00637,P014,1,746.01,469.1,0.0,746.01,469.1,276.91,Online
O007993,2025-02-11,C00598,P006,1,3653.72,2501.63,0.0,3653.72,2501.63,1152.09,Online
O007994,2025-05-15,C00778,P016,2,802.2,467.64,160.44,1443.96,935.28,508.68,Online
O007995,2025-02-11,C01173,P012,1,1008.95,650.79,50.45,958.5,650.79,307.71,Online
O007996,2025-06-13,C00460,P006,3,3653.72,2501.63,548.06,10413.1,7504.89,2908.21,Store
O007997,2025-12-27,C00062,P004,1,825.3,619.33,41.26,784.04,619.33,164.71,Store
O007998,2025-10-10,C00723,P002,1,5103.35,3862.76,510.34,4593.01,3862.76,730.25,Store
O007999,2025-02-27,C00720,P004,1,825.3,619.33,123.79,701.51,619.33,82.18,Store
O008000,2025-10-29,C00456,P005,1,3123.65,2355.15,156.18,2967.47,2355.15,612.32,Online
O008001,2025-11-18,C01007,P005,1,3123.65,2355.15,156.18,2967.47,2355.15,612.32,Online
O008002,2025-01-25,C00188,P012,1,1008.95,650.79,50.45,958.5,650.79,307.71,Marketplace
O008003,2025-03-14,C00706,P008,1,952.71,663.0,95.27,857.44,663.0,194.44,Store
O008004,2025-05-09,C00188,P013,1,889.0,519.78,88.9,800.1,519.78,280.32,Store
O008005,2025-03-28,C01188,P001,1,12212.51,9280.33,0.0,12212.51,9280.33,2932.18,Store
O008006,2025-11-26,C00179,P011,2,487.27,344.29,48.73,925.81,688.58,237.23,Online
O008007,2025-06-02,C00396,P001,3,12212.51,9280.33,1831.88,34805.65,27840.99,6964.66,Online
O008008,2025-07-01,C00172,P007,1,692.39,399.57,0.0,692.39,399.57,292.82,Store
O008009,2025-05-05,C00420,P014,1,746.01,469.1,0.0,746.01,469.1,276.91,Online
O008010,2025-03-08,C01070,P016,1,802.2,467.64,40.11,762.09,467.64,294.45,Store
O008011,2025-01-06,C00510,P010,1,1487.5,884.68,0.0,1487.5,884.68,602.82,Store
O008012,2025-05-05,C00193,P014,1,746.01,469.1,0.0,746.01,469.1,276.91,Store
O008013,2025-11-10,C01006,P010,1,1487.5,884.68,74.38,1413.12,884.68,528.44,Online
O008014,2025-11-22,C00618,P005,1,3123.65,2355.15,0.0,3123.65,2355.15,768.5,Online
O008015,2025-02-22,C00484,P010,1,1487.5,884.68,0.0,1487.5,884.68,602.82,Store
O008016,2025-03-07,C00353,P011,1,487.27,344.29,24.36,462.91,344.29,118.62,Online
O008017,2025-11-10,C00083,P010,1,1487.5,884.68,0.0,1487.5,884.68,602.82,Online
O008018,2025-03-23,C00287,P015,1,1375.39,1038.91,0.0,1375.39,1038.91,336.48,Online
O008019,2025-03-28,C00384,P011,1,487.27,344.29,0.0,487.27,344.29,142.98,Store
O008020,2025-01-02,C01148,P015,1,1375.39,1038.91,0.0,1375.39,1038.91,336.48,Online
O008021,2025-07-23,C00525,P004,1,825.3,619.33,165.06,660.24,619.33,40.91,Store
O008022,2025-05-30,C00536,P015,1,1375.39,1038.91,68.77,1306.62,1038.91,267.71,Store
O008023,2025-10-20,C00265,P010,1,1487.5,884.68,74.38,1413.12,884.68,528.44,Online
O008024,2025-04-13,C00679,P004,1,825.3,619.33,0.0,825.3,619.33,205.97,Online
O008025,2025-01-24,C00148,P015,1,1375.39,1038.91,0.0,1375.39,1038.91,336.48,Store
O008026,2025-07-31,C01134,P010,1,1487.5,884.68,74.38,1413.12,884.68,528.44,Online
O008027,2025-03-06,C00670,P001,1,12212.51,9280.33,0.0,12212.51,9280.33,2932.18,Store
O008028,2025-07-28,C00533,P011,2,487.27,344.29,146.18,828.36,688.58,139.78,Online
O008029,2025-09-08,C00860,P010,1,1487.5,884.68,0.0,1487.5,884.68,602.82,Online
O008030,2025-04-27,C01118,P008,1,952.71,663.0,0.0,952.71,663.0,289.71,Online
O008031,2025-04-26,C01098,P008,1,952.71,663.0,47.64,905.07,663.0,242.07,Online
O008032,2025-08-25,C00262,P009,1,1843.37,1277.0,0.0,1843.37,1277.0,566.37,Marketplace
O008033,2025-04-15,C01109,P004,1,825.3,619.33,0.0,825.3,619.33,205.97,Online
O008034,2025-09-16,C00747,P008,1,952.71,663.0,0.0,952.71,663.0,289.71,Store
O008035,2025-02-15,C00723,P010,1,1487.5,884.68,148.75,1338.75,884.68,454.07,Online
O008036,2025-11-07,C01186,P004,1,825.3,619.33,0.0,825.3,619.33,205.97,Store
O008037,2025-11-27,C00948,P008,1,952.71,663.0,47.64,905.07,663.0,242.07,Store
O008038,2025-08-04,C00347,P008,3,952.71,663.0,0.0,2858.13,1989.0,869.13,Online
O008039,2025-10-28,C01147,P001,1,12212.51,9280.33,0.0,12212.51,9280.33,2932.18,Online
O008040,2025-11-29,C00278,P015,3,1375.39,1038.91,206.31,3919.86,3116.73,803.13,Marketplace
O008041,2025-01-24,C00789,P011,1,487.27,344.29,48.73,438.54,344.29,94.25,Online
O008042,2025-02-04,C00197,P015,1,1375.39,1038.91,0.0,1375.39,1038.91,336.48,Marketplace
O008043,2025-01-24,C00517,P001,3,12212.51,9280.33,0.0,36637.53,27840.99,8796.54,Online
O008044,2025-01-28,C01102,P006,1,3653.72,2501.63,182.69,3471.03,2501.63,969.4,Store
O008045,2025-01-16,C00536,P004,1,825.3,619.33,82.53,742.77,619.33,123.44,Online
O008046,2025-02-28,C00606,P002,1,5103.35,3862.76,255.17,4848.18,3862.76,985.42,Online
O008047,2025-08-31,C00516,P011,1,487.27,344.29,0.0,487.27,344.29,142.98,Online
O008048,2025-07-26,C00928,P005,1,3123.65,2355.15,468.55,2655.1,2355.15,299.95,Online
O008049,2025-09-28,C00789,P011,1,487.27,344.29,97.45,389.82,344.29,45.53,Online
O008050,2025-09-06,C00028,P001,1,12212.51,9280.33,0.0,12212.51,9280.33,2932.18,Store
O008051,2025-09-24,C00247,P001,1,12212.51,9280.33,0.0,12212.51,9280.33,2932.18,Online
O008052,2025-07-12,C00400,P015,1,1375.39,1038.91,0.0,1375.39,1038.91,336.48,Online
O008053,2025-12-01,C01073,P016,1,802.2,467.64,80.22,721.98,467.64,254.34,Store
O008054,2025-08-06,C00317,P002,2,5103.35,3862.76,2041.34,8165.36,7725.52,439.84,Online
O008055,2025-04-25,C00145,P002,4,5103.35,3862.76,0.0,20413.4,15451.04,4962.36,Store
O008056,2025-03-09,C00869,P006,3,3653.72,2501.63,0.0,10961.16,7504.89,3456.27,Store
O008057,2025-10-26,C00958,P013,3,889.0,519.78,0.0,2667.0,1559.34,1107.66,Online
O008058,2025-11-21,C00552,P003,1,1674.13,1006.35,334.83,1339.3,1006.35,332.95,Online
O008059,2025-03-16,C01185,P002,1,5103.35,3862.76,510.34,4593.01,3862.76,730.25,Store
O008060,2025-04-13,C00260,P015,2,1375.39,1038.91,137.54,2613.24,2077.82,535.42,Online
O008061,2025-10-24,C00632,P005,1,3123.65,2355.15,0.0,3123.65,2355.15,768.5,Online
O008062,2025-06-27,C00487,P010,1,1487.5,884.68,74.38,1413.12,884.68,528.44,Online
O008063,2025-08-03,C01146,P016,1,802.2,467.64,0.0,802.2,467.64,334.56,Online
O008064,2025-11-11,C00182,P002,1,5103.35,3862.76,510.34,4593.01,3862.76,730.25,Store
O008065,2025-02-08,C00492,P012,1,1008.95,650.79,0.0,1008.95,650.79,358.16,Online
O008066,2025-09-16,C00305,P008,1,952.71,663.0,47.64,905.07,663.0,242.07,Online
O008067,2025-07-23,C00200,P014,1,746.01,469.1,37.3,708.71,469.1,239.61,Online
O008068,2025-01-07,C01137,P016,1,802.2,467.64,0.0,802.2,467.64,334.56,Online
O008069,2025-02-18,C00839,P003,1,1674.13,1006.35,83.71,1590.42,1006.35,584.07,Store
O008070,2025-01-26,C00117,P010,1,1487.5,884.68,0.0,1487.5,884.68,602.82,Online
O008071,2025-06-10,C00322,P002,1,5103.35,3862.76,255.17,4848.18,3862.76,985.42,Marketplace
O008072,2025-12-23,C00197,P009,1,1843.37,1277.0,0.0,1843.37,1277.0,566.37,Online
O008073,2025-06-25,C00146,P004,1,825.3,619.33,0.0,825.3,619.33,205.97,Online
O008074,2025-03-20,C01057,P010,1,1487.5,884.68,0.0,1487.5,884.68,602.82,Online
O008075,2025-01-02,C00088,P002,1,5103.35,3862.76,0.0,5103.35,3862.76,1240.59,Online
O008076,2025-05-12,C01059,P013,1,889.0,519.78,0.0,889.0,519.78,369.22,Online
O008077,2025-10-03,C01011,P006,4,3653.72,2501.63,1461.49,13153.39,10006.52,3146.87,Online
O008078,2025-04-27,C00047,P012,1,1008.95,650.79,0.0,1008.95,650.79,358.16,Online
O008079,2025-06-13,C01020,P010,2,1487.5,884.68,446.25,2528.75,1769.36,759.39,Store
O008080,2025-10-15,C00660,P015,1,1375.39,1038.91,0.0,1375.39,1038.91,336.48,Marketplace
O008081,2025-01-28,C00264,P011,1,487.27,344.29,48.73,438.54,344.29,94.25,Store
O008082,2025-11-29,C00766,P014,1,746.01,469.1,37.3,708.71,469.1,239.61,Online
O008083,2025-01-01,C00870,P001,1,12212.51,9280.33,0.0,12212.51,9280.33,2932.18,Store
O008084,2025-07-07,C00228,P005,2,3123.65,2355.15,0.0,6247.3,4710.3,1537.0,Online
O008085,2025-02-25,C00384,P010,1,1487.5,884.68,297.5,1190.0,884.68,305.32,Online
O008086,2025-02-04,C00991,P002,1,5103.35,3862.76,1020.67,4082.68,3862.76,219.92,Online
O008087,2025-04-22,C01172,P002,1,5103.35,3862.76,255.17,4848.18,3862.76,985.42,Marketplace
O008088,2025-10-13,C00632,P009,2,1843.37,1277.0,0.0,3686.74,2554.0,1132.74,Marketplace
O008089,2025-11-06,C00969,P016,2,802.2,467.64,160.44,1443.96,935.28,508.68,Online
O008090,2025-02-05,C00993,P010,1,1487.5,884.68,0.0,1487.5,884.68,602.82,Store
O008091,2025-08-05,C00112,P007,1,692.39,399.57,0.0,692.39,399.57,292.82,Online
O008092,2025-03-21,C00061,P004,2,825.3,619.33,82.53,1568.07,1238.66,329.41,Online
O008093,2025-11-10,C00856,P008,1,952.71,663.0,0.0,952.71,663.0,289.71,Online
O008094,2025-03-24,C00165,P001,2,12212.51,9280.33,2442.5,21982.52,18560.66,3421.86,Online
O008095,2025-03-06,C00316,P006,1,3653.72,2501.63,0.0,3653.72,2501.63,1152.09,Store
O008096,2025-11-21,C00977,P012,1,1008.95,650.79,0.0,1008.95,650.79,358.16,Store
O008097,2025-05-08,C00887,P006,3,3653.72,2501.63,1096.12,9865.04,7504.89,2360.15,Online
O008098,2025-11-03,C00921,P012,2,1008.95,650.79,0.0,2017.9,1301.58,716.32,Online
O008099,2025-01-22,C00848,P011,3,487.27,344.29,146.18,1315.63,1032.87,282.76,Online
O008100,2025-08-04,C00873,P013,1,889.0,519.78,133.35,755.65,519.78,235.87,Online
O008101,2025-04-17,C00344,P013,1,889.0,519.78,177.8,711.2,519.78,191.42,Online
O008102,2025-04-19,C00460,P002,1,5103.35,3862.76,0.0,5103.35,3862.76,1240.59,Online
O008103,2025-12-23,C00830,P009,1,1843.37,1277.0,0.0,1843.37,1277.0,566.37,Online
O008104,2025-06-30,C01044,P012,1,1008.95,650.79,0.0,1008.95,650.79,358.16,Online
O008105,2025-12-22,C01042,P010,1,1487.5,884.68,0.0,1487.5,884.68,602.82,Store
O008106,2025-06-13,C00638,P012,1,1008.95,650.79,50.45,958.5,650.79,307.71,Online
O008107,2025-03-09,C00402,P016,1,802.2,467.64,40.11,762.09,467.64,294.45,Online
O008108,2025-10-19,C00217,P003,1,1674.13,1006.35,83.71,1590.42,1006.35,584.07,Online
O008109,2025-06-29,C00406,P015,2,1375.39,1038.91,0.0,2750.78,2077.82,672.96,Online
O008110,2025-06-30,C00668,P009,1,1843.37,1277.0,92.17,1751.2,1277.0,474.2,Marketplace
O008111,2025-06-18,C00392,P008,2,952.71,663.0,95.27,1810.15,1326.0,484.15,Online
O008112,2025-01-22,C00943,P015,2,1375.39,1038.91,0.0,2750.78,2077.82,672.96,Online
O008113,2025-03-07,C00222,P013,1,889.0,519.78,88.9,800.1,519.78,280.32,Online
O008114,2025-01-21,C00397,P013,1,889.0,519.78,0.0,889.0,519.78,369.22,Online
O008115,2025-04-10,C00006,P011,1,487.27,344.29,0.0,487.27,344.29,142.98,Marketplace
O008116,2025-10-27,C00458,P014,1,746.01,469.1,0.0,746.01,469.1,276.91,Online
O008117,2025-04-13,C00421,P010,2,1487.5,884.68,0.0,2975.0,1769.36,1205.64,Marketplace
O008118,2025-02-16,C01093,P007,2,692.39,399.57,0.0,1384.78,799.14,585.64,Online
O008119,2025-02-08,C00186,P016,2,802.2,467.64,0.0,1604.4,935.28,669.12,Marketplace
O008120,2025-10-12,C00648,P002,1,5103.35,3862.76,0.0,5103.35,3862.76,1240.59,Store
O008121,2025-11-06,C00849,P011,1,487.27,344.29,0.0,487.27,344.29,142.98,Store
O008122,2025-03-31,C01156,P002,1,5103.35,3862.76,0.0,5103.35,3862.76,1240.59,Online
O008123,2025-03-26,C00133,P005,4,3123.65,2355.15,0.0,12494.6,9420.6,3074.0,Online
O008124,2025-09-30,C01004,P010,1,1487.5,884.68,223.12,1264.38,884.68,379.7,Marketplace
O008125,2025-12-02,C01089,P010,3,1487.5,884.68,223.12,4239.38,2654.04,1585.34,Online
O008126,2025-07-07,C00905,P014,1,746.01,469.1,0.0,746.01,469.1,276.91,Store
O008127,2025-06-08,C00193,P006,1,3653.72,2501.63,0.0,3653.72,2501.63,1152.09,Online
O008128,2025-08-31,C01062,P008,1,952.71,663.0,0.0,952.71,663.0,289.71,Store
O008129,2025-03-14,C00496,P012,1,1008.95,650.79,0.0,1008.95,650.79,358.16,Online
O008130,2025-02-18,C00484,P009,1,1843.37,1277.0,92.17,1751.2,1277.0,474.2,Online
O008131,2025-04-11,C00758,P002,3,5103.35,3862.76,0.0,15310.05,11588.28,3721.77,Online
O008132,2025-01-02,C01024,P003,3,1674.13,1006.35,502.24,4520.15,3019.05,1501.1,Marketplace
O008133,2025-09-01,C00953,P009,2,1843.37,1277.0,0.0,3686.74,2554.0,1132.74,Marketplace
O008134,2025-06-25,C00580,P005,1,3123.65,2355.15,0.0,3123.65,2355.15,768.5,Online
O008135,2025-08-26,C00113,P005,1,3123.65,2355.15,0.0,3123.65,2355.15,768.5,Online
O008136,2025-02-28,C00069,P005,1,3123.65,2355.15,0.0,3123.65,2355.15,768.5,Marketplace
O008137,2025-12-19,C00006,P016,1,802.2,467.64,80.22,721.98,467.64,254.34,Online
O008138,2025-04-09,C00426,P009,1,1843.37,1277.0,0.0,1843.37,1277.0,566.37,Online
O008139,2025-12-25,C00769,P007,1,692.39,399.57,0.0,692.39,399.57,292.82,Online
O008140,2025-01-02,C00827,P006,1,3653.72,2501.63,0.0,3653.72,2501.63,1152.09,Marketplace
O008141,2025-08-31,C00078,P006,1,3653.72,2501.63,0.0,3653.72,2501.63,1152.09,Store
O008142,2025-10-24,C00181,P009,1,1843.37,1277.0,276.51,1566.86,1277.0,289.86,Online
O008143,2025-07-30,C00719,P004,1,825.3,619.33,41.26,784.04,619.33,164.71,Store
O008144,2025-05-03,C01040,P012,1,1008.95,650.79,50.45,958.5,650.79,307.71,Store
O008145,2025-08-17,C00639,P012,1,1008.95,650.79,0.0,1008.95,650.79,358.16,Store
O008146,2025-03-23,C00291,P008,1,952.71,663.0,47.64,905.07,663.0,242.07,Online
O008147,2025-05-24,C00346,P009,1,1843.37,1277.0,0.0,1843.37,1277.0,566.37,Store
O008148,2025-05-20,C00738,P008,1,952.71,663.0,0.0,952.71,663.0,289.71,Online
O008149,2025-01-29,C00238,P008,1,952.71,663.0,0.0,952.71,663.0,289.71,Online
O008150,2025-09-27,C01088,P005,1,3123.65,2355.15,312.36,2811.29,2355.15,456.14,Online
O008151,2025-09-04,C00549,P002,1,5103.35,3862.76,0.0,5103.35,3862.76,1240.59,Online
O008152,2025-01-12,C01152,P008,1,952.71,663.0,0.0,952.71,663.0,289.71,Online
O008153,2025-12-21,C00492,P012,1,1008.95,650.79,0.0,1008.95,650.79,358.16,Store
O008154,2025-12-03,C01140,P009,2,1843.37,1277.0,184.34,3502.4,2554.0,948.4,Store
O008155,2025-04-16,C00609,P013,1,889.0,519.78,0.0,889.0,519.78,369.22,Store
O008156,2025-02-01,C00737,P016,2,802.2,467.64,0.0,1604.4,935.28,669.12,Store
O008157,2025-03-15,C00415,P001,1,12212.51,9280.33,2442.5,9770.01,9280.33,489.68,Marketplace
O008158,2025-06-20,C00832,P013,1,889.0,519.78,44.45,844.55,519.78,324.77,Online
O008159,2025-12-03,C00516,P015,2,1375.39,1038.91,0.0,2750.78,2077.82,672.96,Online
O008160,2025-03-10,C00645,P001,1,12212.51,9280.33,610.63,11601.88,9280.33,2321.55,Online
O008161,2025-10-28,C00662,P002,1,5103.35,3862.76,0.0,5103.35,3862.76,1240.59,Marketplace
O008162,2025-12-28,C01018,P005,1,3123.65,2355.15,0.0,3123.65,2355.15,768.5,Online
O008163,2025-05-17,C00517,P008,1,952.71,663.0,0.0,952.71,663.0,289.71,Store
O008164,2025-04-10,C01176,P004,2,825.3,619.33,165.06,1485.54,1238.66,246.88,Store
O008165,2025-05-26,C00962,P004,2,825.3,619.33,0.0,1650.6,1238.66,411.94,Store
O008166,2025-01-09,C00697,P003,2,1674.13,1006.35,334.83,3013.43,2012.7,1000.73,Online
O008167,2025-03-03,C00617,P005,2,3123.65,2355.15,1249.46,4997.84,4710.3,287.54,Online
O008168,2025-07-04,C00815,P004,1,825.3,619.33,0.0,825.3,619.33,205.97,Online
O008169,2025-01-29,C00843,P004,1,825.3,619.33,41.26,784.04,619.33,164.71,Online
O008170,2025-04-24,C00589,P011,1,487.27,344.29,0.0,487.27,344.29,142.98,Store
O008171,2025-05-23,C00320,P006,1,3653.72,2501.63,0.0,3653.72,2501.63,1152.09,Online
O008172,2025-04-30,C00270,P002,1,5103.35,3862.76,0.0,5103.35,3862.76,1240.59,Online
O008173,2025-06-19,C01079,P006,1,3653.72,2501.63,182.69,3471.03,2501.63,969.4,Online
O008174,2025-06-06,C00483,P011,1,487.27,344.29,24.36,462.91,344.29,118.62,Online
O008175,2025-12-01,C00197,P008,1,952.71,663.0,95.27,857.44,663.0,194.44,Online
O008176,2025-12-15,C00780,P004,1,825.3,619.33,0.0,825.3,619.33,205.97,Online
O008177,2025-09-17,C00575,P009,1,1843.37,1277.0,0.0,1843.37,1277.0,566.37,Online
O008178,2025-03-23,C00115,P015,1,1375.39,1038.91,206.31,1169.08,1038.91,130.17,Online
O008179,2025-08-30,C00142,P009,1,1843.37,1277.0,0.0,1843.37,1277.0,566.37,Online
O008180,2025-06-21,C00082,P002,1,5103.35,3862.76,510.34,4593.01,3862.76,730.25,Online
O008181,2025-08-19,C00113,P005,1,3123.65,2355.15,0.0,3123.65,2355.15,768.5,Online
O008182,2025-07-27,C00685,P014,1,746.01,469.1,37.3,708.71,469.1,239.61,Online
O008183,2025-03-16,C01004,P007,1,692.39,399.57,34.62,657.77,399.57,258.2,Online
O008184,2025-09-27,C01117,P016,2,802.2,467.64,160.44,1443.96,935.28,508.68,Online
O008185,2025-04-24,C00374,P010,1,1487.5,884.68,0.0,1487.5,884.68,602.82,Online
O008186,2025-03-03,C00886,P006,1,3653.72,2501.63,0.0,3653.72,2501.63,1152.09,Marketplace
O008187,2025-12-28,C01086,P008,1,952.71,663.0,47.64,905.07,663.0,242.07,Online
O008188,2025-11-16,C01025,P011,1,487.27,344.29,0.0,487.27,344.29,142.98,Online
O008189,2025-04-12,C00058,P013,1,889.0,519.78,44.45,844.55,519.78,324.77,Store
O008190,2025-12-28,C00597,P002,2,5103.35,3862.76,510.34,9696.36,7725.52,1970.84,Marketplace
O008191,2025-07-29,C00613,P003,1,1674.13,1006.35,0.0,1674.13,1006.35,667.78,Online
O008192,2025-09-12,C00318,P009,2,1843.37,1277.0,0.0,3686.74,2554.0,1132.74,Store
O008193,2025-01-20,C01070,P008,1,952.71,663.0,0.0,952.71,663.0,289.71,Store
O008194,2025-02-27,C00714,P002,1,5103.35,3862.76,765.5,4337.85,3862.76,475.09,Store
O008195,2025-04-22,C00388,P007,1,692.39,399.57,0.0,692.39,399.57,292.82,Online
O008196,2025-11-09,C00403,P011,1,487.27,344.29,48.73,438.54,344.29,94.25,Store
O008197,2025-07-15,C00480,P007,2,692.39,399.57,0.0,1384.78,799.14,585.64,Online
O008198,2025-12-19,C01193,P012,2,1008.95,650.79,0.0,2017.9,1301.58,716.32,Marketplace
O008199,2025-04-02,C00045,P011,1,487.27,344.29,0.0,487.27,344.29,142.98,Online
O008200,2025-02-21,C00549,P011,1,487.27,344.29,0.0,487.27,344.29,142.98,Online
O008201,2025-10-20,C01042,P006,1,3653.72,2501.63,548.06,3105.66,2501.63,604.03,Online
O008202,2025-01-08,C00373,P007,1,692.39,399.57,0.0,692.39,399.57,292.82,Online
O008203,2025-10-27,C00144,P014,1,746.01,469.1,0.0,746.01,469.1,276.91,Store
O008204,2025-04-08,C00807,P015,1,1375.39,1038.91,68.77,1306.62,1038.91,267.71,Store
O008205,2025-08-24,C00345,P004,1,825.3,619.33,0.0,825.3,619.33,205.97,Online
O008206,2025-03-10,C00780,P012,1,1008.95,650.79,50.45,958.5,650.79,307.71,Online
O008207,2025-02-14,C00280,P005,1,3123.65,2355.15,468.55,2655.1,2355.15,299.95,Marketplace
O008208,2025-05-17,C00002,P006,1,3653.72,2501.63,0.0,3653.72,2501.63,1152.09,Store
O008209,2025-08-22,C00542,P004,2,825.3,619.33,82.53,1568.07,1238.66,329.41,Online
O008210,2025-02-01,C00754,P012,2,1008.95,650.79,0.0,2017.9,1301.58,716.32,Online
O008211,2025-10-16,C00147,P005,1,3123.65,2355.15,0.0,3123.65,2355.15,768.5,Online
O008212,2025-05-06,C01040,P001,2,12212.51,9280.33,3663.75,20761.27,18560.66,2200.61,Store
O008213,2025-03-08,C00102,P011,1,487.27,344.29,0.0,487.27,344.29,142.98,Online
O008214,2025-01-30,C00411,P014,2,746.01,469.1,0.0,1492.02,938.2,553.82,Online
O008215,2025-04-24,C00666,P007,3,692.39,399.57,0.0,2077.17,1198.71,878.46,Online
O008216,2025-07-23,C00555,P008,1,952.71,663.0,0.0,952.71,663.0,289.71,Online
O008217,2025-01-29,C00452,P010,2,1487.5,884.68,148.75,2826.25,1769.36,1056.89,Marketplace
O008218,2025-05-11,C00426,P016,1,802.2,467.64,0.0,802.2,467.64,334.56,Store
O008219,2025-07-04,C00546,P007,2,692.39,399.57,0.0,1384.78,799.14,585.64,Online
O008220,2025-09-10,C00843,P008,1,952.71,663.0,0.0,952.71,663.0,289.71,Marketplace
O008221,2025-10-13,C00748,P008,2,952.71,663.0,285.81,1619.61,1326.0,293.61,Store
O008222,2025-03-03,C00382,P006,4,3653.72,2501.63,0.0,14614.88,10006.52,4608.36,Store
O008223,2025-01-03,C00823,P009,1,1843.37,1277.0,0.0,1843.37,1277.0,566.37,Online
O008224,2025-03-09,C00127,P014,1,746.01,469.1,37.3,708.71,469.1,239.61,Online
O008225,2025-01-25,C00578,P006,1,3653.72,2501.63,182.69,3471.03,2501.63,969.4,Store
O008226,2025-06-28,C00076,P015,4,1375.39,1038.91,275.08,5226.48,4155.64,1070.84,Online
O008227,2025-05-21,C00163,P002,2,5103.35,3862.76,510.34,9696.36,7725.52,1970.84,Online
O008228,2025-08-19,C00603,P010,1,1487.5,884.68,0.0,1487.5,884.68,602.82,Online
O008229,2025-10-27,C00609,P005,1,3123.65,2355.15,156.18,2967.47,2355.15,612.32,Online
O008230,2025-06-12,C00041,P001,1,12212.51,9280.33,610.63,11601.88,9280.33,2321.55,Store
O008231,2025-11-07,C00127,P015,1,1375.39,1038.91,0.0,1375.39,1038.91,336.48,Online
O008232,2025-05-10,C00601,P006,4,3653.72,2501.63,0.0,14614.88,10006.52,4608.36,Online
O008233,2025-09-03,C00034,P014,1,746.01,469.1,74.6,671.41,469.1,202.31,Online
O008234,2025-10-24,C00151,P002,1,5103.35,3862.76,255.17,4848.18,3862.76,985.42,Online
O008235,2025-06-21,C00424,P003,1,1674.13,1006.35,0.0,1674.13,1006.35,667.78,Store
O008236,2025-03-05,C00445,P003,1,1674.13,1006.35,0.0,1674.13,1006.35,667.78,Online
O008237,2025-01-31,C00649,P002,1,5103.35,3862.76,0.0,5103.35,3862.76,1240.59,Online
O008238,2025-02-16,C00733,P004,1,825.3,619.33,0.0,825.3,619.33,205.97,Online
O008239,2025-05-10,C00148,P011,1,487.27,344.29,24.36,462.91,344.29,118.62,Online
O008240,2025-12-18,C00270,P015,1,1375.39,1038.91,68.77,1306.62,1038.91,267.71,Online
O008241,2025-11-29,C00472,P013,1,889.0,519.78,133.35,755.65,519.78,235.87,Online
O008242,2025-04-20,C00163,P014,1,746.01,469.1,37.3,708.71,469.1,239.61,Store
O008243,2025-03-10,C00525,P007,2,692.39,399.57,69.24,1315.54,799.14,516.4,Online
O008244,2025-02-27,C00074,P013,1,889.0,519.78,88.9,800.1,519.78,280.32,Marketplace
O008245,2025-04-16,C00022,P009,3,1843.37,1277.0,553.01,4977.1,3831.0,1146.1,Online
O008246,2025-10-27,C00651,P012,1,1008.95,650.79,100.9,908.05,650.79,257.26,Online
O008247,2025-11-26,C00410,P016,2,802.2,467.64,0.0,1604.4,935.28,669.12,Online
O008248,2025-09-13,C00298,P011,2,487.27,344.29,0.0,974.54,688.58,285.96,Marketplace
O008249,2025-11-08,C00658,P006,1,3653.72,2501.63,0.0,3653.72,2501.63,1152.09,Online
O008250,2025-06-20,C00071,P014,1,746.01,469.1,0.0,746.01,469.1,276.91,Store
O008251,2025-06-11,C00472,P008,1,952.71,663.0,0.0,952.71,663.0,289.71,Online
O008252,2025-10-13,C01193,P008,2,952.71,663.0,190.54,1714.88,1326.0,388.88,Online
O008253,2025-03-12,C00202,P009,2,1843.37,1277.0,0.0,3686.74,2554.0,1132.74,Online
O008254,2025-09-12,C01035,P004,1,825.3,619.33,41.26,784.04,619.33,164.71,Online
O008255,2025-02-24,C00227,P005,1,3123.65,2355.15,312.36,2811.29,2355.15,456.14,Online
O008256,2025-11-19,C01058,P015,2,1375.39,1038.91,0.0,2750.78,2077.82,672.96,Online
O008257,2025-01-03,C00527,P005,2,3123.65,2355.15,0.0,6247.3,4710.3,1537.0,Online
O008258,2025-01-26,C00678,P002,1,5103.35,3862.76,0.0,5103.35,3862.76,1240.59,Online
O008259,2025-11-09,C00982,P008,1,952.71,663.0,47.64,905.07,663.0,242.07,Online
O008260,2025-05-06,C00807,P014,2,746.01,469.1,0.0,1492.02,938.2,553.82,Store
O008261,2025-02-22,C00077,P011,1,487.27,344.29,48.73,438.54,344.29,94.25,Online
O008262,2025-07-17,C00278,P015,1,1375.39,1038.91,0.0,1375.39,1038.91,336.48,Online
O008263,2025-10-26,C00873,P016,1,802.2,467.64,40.11,762.09,467.64,294.45,Online
O008264,2025-07-07,C00790,P015,1,1375.39,1038.91,0.0,1375.39,1038.91,336.48,Online
O008265,2025-07-05,C01046,P005,1,3123.65,2355.15,0.0,3123.65,2355.15,768.5,Online
O008266,2025-11-01,C00457,P012,1,1008.95,650.79,50.45,958.5,650.79,307.71,Store
O008267,2025-10-25,C00392,P004,4,825.3,619.33,0.0,3301.2,2477.32,823.88,Online
O008268,2025-07-23,C01151,P006,1,3653.72,2501.63,365.37,3288.35,2501.63,786.72,Online
O008269,2025-01-11,C00794,P006,1,3653.72,2501.63,0.0,3653.72,2501.63,1152.09,Marketplace
O008270,2025-12-25,C00310,P011,2,487.27,344.29,48.73,925.81,688.58,237.23,Online
O008271,2025-12-20,C00822,P002,2,5103.35,3862.76,510.34,9696.36,7725.52,1970.84,Store
O008272,2025-05-26,C00867,P004,3,825.3,619.33,247.59,2228.31,1857.99,370.32,Online
O008273,2025-03-26,C00555,P001,1,12212.51,9280.33,610.63,11601.88,9280.33,2321.55,Store
O008274,2025-04-10,C00370,P016,1,802.2,467.64,0.0,802.2,467.64,334.56,Store
O008275,2025-04-14,C00043,P014,1,746.01,469.1,74.6,671.41,469.1,202.31,Online
O008276,2025-02-15,C01195,P012,1,1008.95,650.79,0.0,1008.95,650.79,358.16,Online
O008277,2025-02-13,C01011,P014,1,746.01,469.1,37.3,708.71,469.1,239.61,Online
O008278,2025-10-05,C01078,P001,1,12212.51,9280.33,0.0,12212.51,9280.33,2932.18,Marketplace
O008279,2025-06-30,C00110,P007,1,692.39,399.57,34.62,657.77,399.57,258.2,Online
O008280,2025-07-06,C00099,P002,1,5103.35,3862.76,1020.67,4082.68,3862.76,219.92,Online
O008281,2025-04-24,C00883,P010,1,1487.5,884.68,0.0,1487.5,884.68,602.82,Online
O008282,2025-09-12,C00590,P003,2,1674.13,1006.35,0.0,3348.26,2012.7,1335.56,Online
O008283,2025-01-30,C00804,P002,1,5103.35,3862.76,255.17,4848.18,3862.76,985.42,Online
O008284,2025-09-21,C01197,P002,1,5103.35,3862.76,0.0,5103.35,3862.76,1240.59,Online
O008285,2025-04-08,C01034,P004,2,825.3,619.33,247.59,1403.01,1238.66,164.35,Online
O008286,2025-11-09,C01099,P007,1,692.39,399.57,0.0,692.39,399.57,292.82,Online
O008287,2025-11-25,C00486,P005,2,3123.65,2355.15,0.0,6247.3,4710.3,1537.0,Online
O008288,2025-04-25,C01155,P003,3,1674.13,1006.35,502.24,4520.15,3019.05,1501.1,Online
O008289,2025-10-03,C00682,P012,1,1008.95,650.79,50.45,958.5,650.79,307.71,Store
O008290,2025-10-08,C00084,P009,1,1843.37,1277.0,0.0,1843.37,1277.0,566.37,Online
O008291,2025-10-02,C00408,P004,1,825.3,619.33,0.0,825.3,619.33,205.97,Online
O008292,2025-09-18,C00271,P006,1,3653.72,2501.63,0.0,3653.72,2501.63,1152.09,Online
O008293,2025-11-27,C01145,P013,1,889.0,519.78,0.0,889.0,519.78,369.22,Online
O008294,2025-07-26,C00437,P014,1,746.01,469.1,37.3,708.71,469.1,239.61,Online
O008295,2025-11-24,C00738,P013,1,889.0,519.78,0.0,889.0,519.78,369.22,Online
O008296,2025-07-30,C00666,P003,2,1674.13,1006.35,0.0,3348.26,2012.7,1335.56,Store
O008297,2025-08-03,C01012,P010,1,1487.5,884.68,223.12,1264.38,884.68,379.7,Online
O008298,2025-02-09,C01062,P004,1,825.3,619.33,0.0,825.3,619.33,205.97,Online
O008299,2025-01-26,C00053,P007,1,692.39,399.57,0.0,692.39,399.57,292.82,Online
O008300,2025-01-27,C00007,P008,1,952.71,663.0,95.27,857.44,663.0,194.44,Online
O008301,2025-07-09,C00312,P008,1,952.71,663.0,0.0,952.71,663.0,289.71,Store
O008302,2025-03-24,C00020,P001,1,12212.51,9280.33,0.0,12212.51,9280.33,2932.18,Store
O008303,2025-06-19,C01096,P012,1,1008.95,650.79,0.0,1008.95,650.79,358.16,Online
O008304,2025-06-16,C00038,P016,2,802.2,467.64,0.0,1604.4,935.28,669.12,Online
O008305,2025-07-07,C00099,P009,1,1843.37,1277.0,92.17,1751.2,1277.0,474.2,Store
O008306,2025-06-18,C00817,P003,1,1674.13,1006.35,83.71,1590.42,1006.35,584.07,Online
O008307,2025-10-16,C00346,P015,2,1375.39,1038.91,275.08,2475.7,2077.82,397.88,Online
O008308,2025-08-17,C00215,P001,1,12212.51,9280.33,1221.25,10991.26,9280.33,1710.93,Store
O008309,2025-04-07,C00078,P006,2,3653.72,2501.63,0.0,7307.44,5003.26,2304.18,Store
O008310,2025-01-16,C01072,P010,2,1487.5,884.68,0.0,2975.0,1769.36,1205.64,Store
O008311,2025-10-06,C01198,P005,2,3123.65,2355.15,312.36,5934.94,4710.3,1224.64,Online
O008312,2025-05-15,C00785,P013,2,889.0,519.78,177.8,1600.2,1039.56,560.64,Online
O008313,2025-01-26,C00445,P007,1,692.39,399.57,0.0,692.39,399.57,292.82,Online
O008314,2025-12-18,C00390,P003,1,1674.13,1006.35,0.0,1674.13,1006.35,667.78,Online
O008315,2025-01-12,C01140,P015,1,1375.39,1038.91,137.54,1237.85,1038.91,198.94,Online
O008316,2025-03-13,C00523,P008,2,952.71,663.0,190.54,1714.88,1326.0,388.88,Store
O008317,2025-05-13,C00904,P008,1,952.71,663.0,47.64,905.07,663.0,242.07,Online
O008318,2025-04-16,C00127,P011,1,487.27,344.29,0.0,487.27,344.29,142.98,Store
O008319,2025-08-08,C00627,P015,1,1375.39,1038.91,0.0,1375.39,1038.91,336.48,Online
O008320,2025-06-26,C00447,P009,1,1843.37,1277.0,92.17,1751.2,1277.0,474.2,Online
O008321,2025-10-09,C00585,P006,1,3653.72,2501.63,0.0,3653.72,2501.63,1152.09,Store
O008322,2025-05-13,C00322,P007,1,692.39,399.57,34.62,657.77,399.57,258.2,Store
O008323,2025-01-22,C00650,P003,2,1674.13,1006.35,334.83,3013.43,2012.7,1000.73,Online
O008324,2025-09-26,C00874,P016,1,802.2,467.64,0.0,802.2,467.64,334.56,Online
O008325,2025-06-10,C00838,P002,1,5103.35,3862.76,0.0,5103.35,3862.76,1240.59,Store
O008326,2025-04-17,C00650,P015,1,1375.39,1038.91,0.0,1375.39,1038.91,336.48,Online
O008327,2025-10-06,C00757,P014,1,746.01,469.1,0.0,746.01,469.1,276.91,Online
O008328,2025-12-19,C01141,P011,1,487.27,344.29,24.36,462.91,344.29,118.62,Online
O008329,2025-08-23,C00616,P010,1,1487.5,884.68,0.0,1487.5,884.68,602.82,Online
O008330,2025-01-18,C01177,P013,1,889.0,519.78,88.9,800.1,519.78,280.32,Online
O008331,2025-08-30,C00520,P013,4,889.0,519.78,711.2,2844.8,2079.12,765.68,Online
O008332,2025-04-27,C00047,P004,4,825.3,619.33,0.0,3301.2,2477.32,823.88,Online
O008333,2025-10-13,C00090,P005,1,3123.65,2355.15,0.0,3123.65,2355.15,768.5,Online
O008334,2025-10-09,C00462,P006,2,3653.72,2501.63,365.37,6942.07,5003.26,1938.81,Online
O008335,2025-05-24,C00158,P012,1,1008.95,650.79,0.0,1008.95,650.79,358.16,Online
O008336,2025-07-24,C00955,P004,1,825.3,619.33,82.53,742.77,619.33,123.44,Store
O008337,2025-02-08,C01017,P014,3,746.01,469.1,0.0,2238.03,1407.3,830.73,Online
O008338,2025-06-03,C00463,P008,3,952.71,663.0,0.0,2858.13,1989.0,869.13,Online
O008339,2025-06-25,C00368,P005,1,3123.65,2355.15,156.18,2967.47,2355.15,612.32,Online
O008340,2025-08-29,C00560,P003,1,1674.13,1006.35,0.0,1674.13,1006.35,667.78,Online
O008341,2025-05-14,C01067,P004,1,825.3,619.33,0.0,825.3,619.33,205.97,Marketplace
O008342,2025-02-15,C00630,P005,2,3123.65,2355.15,0.0,6247.3,4710.3,1537.0,Store
O008343,2025-02-19,C00632,P008,1,952.71,663.0,0.0,952.71,663.0,289.71,Store
O008344,2025-06-15,C00729,P002,1,5103.35,3862.76,510.34,4593.01,3862.76,730.25,Online
O008345,2025-04-16,C00877,P015,1,1375.39,1038.91,0.0,1375.39,1038.91,336.48,Online
O008346,2025-08-04,C00658,P007,3,692.39,399.57,0.0,2077.17,1198.71,878.46,Store
O008347,2025-05-26,C00786,P002,1,5103.35,3862.76,0.0,5103.35,3862.76,1240.59,Online
O008348,2025-03-13,C00445,P013,1,889.0,519.78,0.0,889.0,519.78,369.22,Online
O008349,2025-11-26,C00576,P003,4,1674.13,1006.35,669.65,6026.87,4025.4,2001.47,Online
O008350,2025-09-30,C00890,P008,1,952.71,663.0,0.0,952.71,663.0,289.71,Online
O008351,2025-09-04,C00132,P009,1,1843.37,1277.0,184.34,1659.03,1277.0,382.03,Store
O008352,2025-07-05,C00321,P009,1,1843.37,1277.0,0.0,1843.37,1277.0,566.37,Online
O008353,2025-03-11,C00154,P015,1,1375.39,1038.91,68.77,1306.62,1038.91,267.71,Store
O008354,2025-05-30,C01015,P016,1,802.2,467.64,80.22,721.98,467.64,254.34,Online
O008355,2025-09-03,C00801,P001,1,12212.51,9280.33,610.63,11601.88,9280.33,2321.55,Store
O008356,2025-09-19,C00774,P010,1,1487.5,884.68,74.38,1413.12,884.68,528.44,Online
O008357,2025-01-26,C00318,P011,1,487.27,344.29,0.0,487.27,344.29,142.98,Online
O008358,2025-05-20,C00676,P014,2,746.01,469.1,0.0,1492.02,938.2,553.82,Online
O008359,2025-04-09,C01141,P016,1,802.2,467.64,0.0,802.2,467.64,334.56,Online
O008360,2025-10-05,C00275,P008,1,952.71,663.0,190.54,762.17,663.0,99.17,Store
O008361,2025-02-20,C00580,P012,1,1008.95,650.79,0.0,1008.95,650.79,358.16,Online
O008362,2025-05-31,C00014,P005,1,3123.65,2355.15,312.36,2811.29,2355.15,456.14,Online
O008363,2025-04-14,C00730,P014,3,746.01,469.1,0.0,2238.03,1407.3,830.73,Online
O008364,2025-03-30,C00771,P016,1,802.2,467.64,0.0,802.2,467.64,334.56,Online
O008365,2025-05-21,C00516,P011,1,487.27,344.29,0.0,487.27,344.29,142.98,Online
O008366,2025-08-01,C00625,P008,1,952.71,663.0,0.0,952.71,663.0,289.71,Online
O008367,2025-08-21,C00486,P013,1,889.0,519.78,44.45,844.55,519.78,324.77,Online
O008368,2025-07-02,C00101,P009,1,1843.37,1277.0,0.0,1843.37,1277.0,566.37,Store
O008369,2025-09-08,C01014,P013,1,889.0,519.78,88.9,800.1,519.78,280.32,Store
O008370,2025-01-09,C00023,P003,3,1674.13,1006.35,251.12,4771.27,3019.05,1752.22,Online
O008371,2025-03-20,C00337,P015,1,1375.39,1038.91,137.54,1237.85,1038.91,198.94,Online
O008372,2025-02-21,C00679,P005,2,3123.65,2355.15,0.0,6247.3,4710.3,1537.0,Online
O008373,2025-09-26,C00724,P008,1,952.71,663.0,190.54,762.17,663.0,99.17,Store
O008374,2025-08-14,C00461,P001,1,12212.51,9280.33,610.63,11601.88,9280.33,2321.55,Store
O008375,2025-02-20,C00955,P008,1,952.71,663.0,0.0,952.71,663.0,289.71,Store
O008376,2025-07-05,C00362,P009,1,1843.37,1277.0,92.17,1751.2,1277.0,474.2,Marketplace
O008377,2025-02-03,C00532,P001,1,12212.51,9280.33,0.0,12212.51,9280.33,2932.18,Online
O008378,2025-10-18,C01143,P002,1,5103.35,3862.76,0.0,5103.35,3862.76,1240.59,Online
O008379,2025-08-18,C00523,P006,1,3653.72,2501.63,0.0,3653.72,2501.63,1152.09,Store
O008380,2025-05-11,C00213,P004,1,825.3,619.33,0.0,825.3,619.33,205.97,Online
O008381,2025-04-30,C01100,P003,1,1674.13,1006.35,0.0,1674.13,1006.35,667.78,Store
O008382,2025-11-22,C00827,P006,1,3653.72,2501.63,0.0,3653.72,2501.63,1152.09,Online
O008383,2025-09-04,C00971,P003,1,1674.13,1006.35,0.0,1674.13,1006.35,667.78,Online
O008384,2025-07-11,C00130,P010,1,1487.5,884.68,74.38,1413.12,884.68,528.44,Online
O008385,2025-11-19,C00155,P004,1,825.3,619.33,0.0,825.3,619.33,205.97,Store
O008386,2025-07-29,C00247,P014,1,746.01,469.1,37.3,708.71,469.1,239.61,Store
O008387,2025-04-13,C01118,P014,1,746.01,469.1,111.9,634.11,469.1,165.01,Online
O008388,2025-11-25,C00156,P005,1,3123.65,2355.15,0.0,3123.65,2355.15,768.5,Marketplace
O008389,2025-05-13,C00372,P005,1,3123.65,2355.15,0.0,3123.65,2355.15,768.5,Marketplace
O008390,2025-11-19,C01131,P014,1,746.01,469.1,149.2,596.81,469.1,127.71,Online
O008391,2025-05-19,C00804,P015,1,1375.39,1038.91,0.0,1375.39,1038.91,336.48,Store
O008392,2025-05-01,C00736,P015,1,1375.39,1038.91,0.0,1375.39,1038.91,336.48,Online
O008393,2025-04-04,C00354,P007,3,692.39,399.57,415.43,1661.74,1198.71,463.03,Online
O008394,2025-05-09,C00113,P001,2,12212.51,9280.33,0.0,24425.02,18560.66,5864.36,Store
O008395,2025-04-01,C00457,P015,1,1375.39,1038.91,0.0,1375.39,1038.91,336.48,Online
O008396,2025-04-02,C00586,P016,2,802.2,467.64,160.44,1443.96,935.28,508.68,Online
O008397,2025-03-04,C00135,P012,2,1008.95,650.79,0.0,2017.9,1301.58,716.32,Online
O008398,2025-01-29,C00371,P003,1,1674.13,1006.35,167.41,1506.72,1006.35,500.37,Online
O008399,2025-07-29,C00911,P003,2,1674.13,1006.35,502.24,2846.02,2012.7,833.32,Online
O008400,2025-01-12,C00054,P014,1,746.01,469.1,37.3,708.71,469.1,239.61,Marketplace
O008401,2025-11-29,C00405,P004,1,825.3,619.33,82.53,742.77,619.33,123.44,Online
O008402,2025-10-24,C00610,P011,1,487.27,344.29,0.0,487.27,344.29,142.98,Online
O008403,2025-05-10,C00607,P006,1,3653.72,2501.63,730.74,2922.98,2501.63,421.35,Store
O008404,2025-10-20,C00739,P008,1,952.71,663.0,142.91,809.8,663.0,146.8,Store
O008405,2025-06-22,C00359,P003,1,1674.13,1006.35,0.0,1674.13,1006.35,667.78,Marketplace
O008406,2025-07-27,C00827,P015,1,1375.39,1038.91,137.54,1237.85,1038.91,198.94,Online
O008407,2025-01-24,C01187,P012,2,1008.95,650.79,201.79,1816.11,1301.58,514.53,Store
O008408,2025-04-09,C00966,P002,1,5103.35,3862.76,255.17,4848.18,3862.76,985.42,Online
O008409,2025-12-22,C00739,P014,1,746.01,469.1,37.3,708.71,469.1,239.61,Online
O008410,2025-05-19,C00402,P006,1,3653.72,2501.63,365.37,3288.35,2501.63,786.72,Store
O008411,2025-11-10,C00444,P011,1,487.27,344.29,0.0,487.27,344.29,142.98,Marketplace
O008412,2025-06-23,C00396,P013,2,889.0,519.78,88.9,1689.1,1039.56,649.54,Online
O008413,2025-01-29,C00472,P014,1,746.01,469.1,0.0,746.01,469.1,276.91,Online
O008414,2025-05-23,C00616,P010,2,1487.5,884.68,297.5,2677.5,1769.36,908.14,Online
O008415,2025-11-12,C00240,P001,1,12212.51,9280.33,1831.88,10380.63,9280.33,1100.3,Online
O008416,2025-12-17,C00271,P014,2,746.01,469.1,149.2,1342.82,938.2,404.62,Online
O008417,2025-02-11,C00056,P013,2,889.0,519.78,177.8,1600.2,1039.56,560.64,Online
O008418,2025-10-26,C01189,P010,1,1487.5,884.68,74.38,1413.12,884.68,528.44,Online
O008419,2025-07-27,C00157,P003,1,1674.13,1006.35,0.0,1674.13,1006.35,667.78,Online
O008420,2025-11-26,C00436,P011,1,487.27,344.29,24.36,462.91,344.29,118.62,Online
O008421,2025-07-11,C00348,P002,1,5103.35,3862.76,255.17,4848.18,3862.76,985.42,Online
O008422,2025-06-09,C00276,P004,1,825.3,619.33,123.79,701.51,619.33,82.18,Online
O008423,2025-03-05,C00310,P007,1,692.39,399.57,69.24,623.15,399.57,223.58,Online
O008424,2025-08-31,C00084,P004,1,825.3,619.33,0.0,825.3,619.33,205.97,Store
O008425,2025-09-15,C00753,P012,3,1008.95,650.79,0.0,3026.85,1952.37,1074.48,Online
O008426,2025-06-01,C00891,P002,2,5103.35,3862.76,2041.34,8165.36,7725.52,439.84,Online
O008427,2025-08-03,C00487,P002,1,5103.35,3862.76,765.5,4337.85,3862.76,475.09,Online
O008428,2025-11-18,C00670,P009,2,1843.37,1277.0,0.0,3686.74,2554.0,1132.74,Online
O008429,2025-06-15,C00411,P004,2,825.3,619.33,247.59,1403.01,1238.66,164.35,Online
O008430,2025-01-31,C00493,P014,1,746.01,469.1,0.0,746.01,469.1,276.91,Online
O008431,2025-08-20,C00381,P004,2,825.3,619.33,0.0,1650.6,1238.66,411.94,Marketplace
O008432,2025-10-09,C00705,P009,1,1843.37,1277.0,92.17,1751.2,1277.0,474.2,Store
O008433,2025-01-29,C00267,P003,2,1674.13,1006.35,0.0,3348.26,2012.7,1335.56,Store
O008434,2025-07-14,C00221,P013,2,889.0,519.78,355.6,1422.4,1039.56,382.84,Online
O008435,2025-11-30,C00097,P003,1,1674.13,1006.35,0.0,1674.13,1006.35,667.78,Online
O008436,2025-09-13,C00853,P011,3,487.27,344.29,73.09,1388.72,1032.87,355.85,Online
O008437,2025-10-08,C00755,P010,1,1487.5,884.68,0.0,1487.5,884.68,602.82,Online
O008438,2025-10-31,C01168,P001,2,12212.51,9280.33,4885.0,19540.02,18560.66,979.36,Online
O008439,2025-11-17,C01065,P001,1,12212.51,9280.33,0.0,12212.51,9280.33,2932.18,Store
O008440,2025-11-19,C00444,P014,1,746.01,469.1,0.0,746.01,469.1,276.91,Online
O008441,2025-12-12,C00614,P012,1,1008.95,650.79,201.79,807.16,650.79,156.37,Store
O008442,2025-10-21,C01010,P007,1,692.39,399.57,0.0,692.39,399.57,292.82,Online
O008443,2025-03-28,C00069,P004,1,825.3,619.33,0.0,825.3,619.33,205.97,Store
O008444,2025-05-29,C00060,P012,1,1008.95,650.79,100.9,908.05,650.79,257.26,Online
O008445,2025-09-06,C00885,P006,3,3653.72,2501.63,548.06,10413.1,7504.89,2908.21,Marketplace
O008446,2025-11-17,C01120,P001,2,12212.51,9280.33,0.0,24425.02,18560.66,5864.36,Online
O008447,2025-10-10,C00089,P009,1,1843.37,1277.0,92.17,1751.2,1277.0,474.2,Store
O008448,2025-12-28,C00661,P012,4,1008.95,650.79,0.0,4035.8,2603.16,1432.64,Online
O008449,2025-07-17,C00431,P006,2,3653.72,2501.63,0.0,7307.44,5003.26,2304.18,Online
O008450,2025-02-13,C00923,P010,1,1487.5,884.68,223.12,1264.38,884.68,379.7,Online
O008451,2025-12-22,C00757,P007,1,692.39,399.57,34.62,657.77,399.57,258.2,Online
O008452,2025-01-28,C01187,P003,2,1674.13,1006.35,334.83,3013.43,2012.7,1000.73,Online
O008453,2025-01-17,C00903,P001,1,12212.51,9280.33,610.63,11601.88,9280.33,2321.55,Online
O008454,2025-05-07,C00149,P011,1,487.27,344.29,48.73,438.54,344.29,94.25,Online
O008455,2025-06-17,C00088,P009,2,1843.37,1277.0,0.0,3686.74,2554.0,1132.74,Online
O008456,2025-09-01,C00029,P002,4,5103.35,3862.76,0.0,20413.4,15451.04,4962.36,Store
O008457,2025-03-17,C00293,P011,2,487.27,344.29,97.45,877.09,688.58,188.51,Store
O008458,2025-08-19,C00665,P016,1,802.2,467.64,0.0,802.2,467.64,334.56,Store
O008459,2025-07-23,C01115,P002,1,5103.35,3862.76,0.0,5103.35,3862.76,1240.59,Online
O008460,2025-09-05,C00423,P003,1,1674.13,1006.35,0.0,1674.13,1006.35,667.78,Online
O008461,2025-10-29,C01137,P014,1,746.01,469.1,37.3,708.71,469.1,239.61,Online
O008462,2025-08-02,C00421,P002,1,5103.35,3862.76,0.0,5103.35,3862.76,1240.59,Marketplace
O008463,2025-08-03,C00160,P007,1,692.39,399.57,0.0,692.39,399.57,292.82,Online
O008464,2025-06-07,C00241,P009,1,1843.37,1277.0,0.0,1843.37,1277.0,566.37,Online
O008465,2025-03-10,C00207,P008,2,952.71,663.0,95.27,1810.15,1326.0,484.15,Online
O008466,2025-03-26,C00069,P001,1,12212.51,9280.33,0.0,12212.51,9280.33,2932.18,Store
O008467,2025-09-24,C00624,P004,2,825.3,619.33,165.06,1485.54,1238.66,246.88,Store
O008468,2025-03-10,C00394,P009,1,1843.37,1277.0,0.0,1843.37,1277.0,566.37,Store
O008469,2025-04-09,C01194,P010,1,1487.5,884.68,0.0,1487.5,884.68,602.82,Online
O008470,2025-12-13,C00510,P013,1,889.0,519.78,88.9,800.1,519.78,280.32,Online
O008471,2025-08-04,C00557,P009,1,1843.37,1277.0,0.0,1843.37,1277.0,566.37,Marketplace
O008472,2025-06-10,C01156,P015,1,1375.39,1038.91,206.31,1169.08,1038.91,130.17,Online
O008473,2025-04-04,C00391,P005,1,3123.65,2355.15,0.0,3123.65,2355.15,768.5,Online
O008474,2025-06-23,C01017,P014,1,746.01,469.1,0.0,746.01,469.1,276.91,Store
O008475,2025-06-14,C01055,P008,1,952.71,663.0,95.27,857.44,663.0,194.44,Online
O008476,2025-04-25,C00832,P011,3,487.27,344.29,0.0,1461.81,1032.87,428.94,Store
O008477,2025-08-08,C00157,P005,1,3123.65,2355.15,312.36,2811.29,2355.15,456.14,Online
O008478,2025-01-31,C01155,P010,1,1487.5,884.68,223.12,1264.38,884.68,379.7,Store
O008479,2025-01-11,C00124,P001,1,12212.51,9280.33,0.0,12212.51,9280.33,2932.18,Online
O008480,2025-12-09,C00047,P004,1,825.3,619.33,41.26,784.04,619.33,164.71,Online
O008481,2025-05-10,C00756,P013,1,889.0,519.78,133.35,755.65,519.78,235.87,Online
O008482,2025-04-15,C01124,P007,1,692.39,399.57,0.0,692.39,399.57,292.82,Online
O008483,2025-01-27,C00630,P010,1,1487.5,884.68,0.0,1487.5,884.68,602.82,Store
O008484,2025-08-15,C00047,P016,1,802.2,467.64,40.11,762.09,467.64,294.45,Online
O008485,2025-01-02,C00410,P001,1,12212.51,9280.33,610.63,11601.88,9280.33,2321.55,Online
O008486,2025-12-25,C00554,P006,1,3653.72,2501.63,0.0,3653.72,2501.63,1152.09,Online
O008487,2025-04-11,C00814,P005,1,3123.65,2355.15,0.0,3123.65,2355.15,768.5,Online
O008488,2025-01-21,C00054,P016,1,802.2,467.64,0.0,802.2,467.64,334.56,Marketplace
O008489,2025-02-27,C00104,P012,1,1008.95,650.79,151.34,857.61,650.79,206.82,Marketplace
O008490,2025-06-29,C00944,P003,1,1674.13,1006.35,0.0,1674.13,1006.35,667.78,Online
O008491,2025-12-07,C00732,P012,1,1008.95,650.79,0.0,1008.95,650.79,358.16,Online
O008492,2025-12-15,C00651,P005,1,3123.65,2355.15,0.0,3123.65,2355.15,768.5,Online
O008493,2025-01-20,C00626,P005,1,3123.65,2355.15,0.0,3123.65,2355.15,768.5,Marketplace
O008494,2025-09-12,C00352,P002,1,5103.35,3862.76,0.0,5103.35,3862.76,1240.59,Online
O008495,2025-11-13,C00156,P015,4,1375.39,1038.91,0.0,5501.56,4155.64,1345.92,Store
O008496,2025-02-07,C00500,P009,1,1843.37,1277.0,0.0,1843.37,1277.0,566.37,Online
O008497,2025-05-28,C01005,P004,4,825.3,619.33,0.0,3301.2,2477.32,823.88,Online
O008498,2025-01-25,C00778,P005,2,3123.65,2355.15,0.0,6247.3,4710.3,1537.0,Online
O008499,2025-05-01,C00284,P009,2,1843.37,1277.0,0.0,3686.74,2554.0,1132.74,Online
O008500,2025-01-26,C00232,P007,1,692.39,399.57,0.0,692.39,399.57,292.82,Store
