session_id,session_date,customer_id,channel,device,converted
S0000001,2025-06-18,C00379,Organic Search,Mobile,0
S0000002,2025-11-19,C00509,Organic Search,Mobile,0
S0000003,2025-08-13,C00980,Organic Search,Mobile,0
S0000004,2025-01-01,C00057,Organic Search,Tablet,0
S0000005,2025-11-03,C00761,Organic Search,Mobile,0
S0000006,2025-09-18,C00283,Paid Search,Desktop,0
S0000007,2025-01-13,C00980,Organic Search,Tablet,0
S0000008,2025-02-17,C00049,Organic Search,Desktop,0
S0000009,2025-11-09,C00260,Organic Search,Mobile,0
S0000010,2025-10-18,C00627,Organic Search,Mobile,0
S0000011,2025-11-28,C00819,Organic Search,Desktop,0
S0000012,2025-04-04,C00969,Organic Search,Mobile,0
S0000013,2025-09-18,C01062,Paid Search,Desktop,0
S0000014,2025-10-05,C00377,Referral,Mobile,0
S0000015,2025-12-25,C00894,Social Media,Desktop,0
S0000016,2025-07-24,C00627,Organic Search,Mobile,0
S0000017,2025-07-04,C00434,Paid Search,Mobile,0
S0000018,2025-06-24,C00918,Organic Search,Desktop,0
S0000019,2025-11-05,C00594,Organic Search,Mobile,0
S0000020,2025-03-10,C00779,Direct,Mobile,0
S0000021,2025-04-14,C00916,Organic Search,Desktop,0
S0000022,2025-09-03,C00390,Organic Search,Mobile,1
S0000023,2025-06-10,C00842,Referral,Mobile,1
S0000024,2025-07-19,C00083,Direct,Mobile,0
S0000025,2025-08-04,C00218,Paid Search,Mobile,0
S0000026,2025-07-31,C00579,Paid Search,Mobile,0
S0000027,2025-01-16,C00098,Referral,Desktop,0
S0000028,2025-11-28,C00730,Organic Search,Desktop,0
S0000029,2025-07-24,C00263,Organic Search,Mobile,0
S0000030,2025-12-31,C00136,Organic Search,Mobile,0
S0000031,2025-02-08,C00991,Email,Desktop,0
S0000032,2025-03-30,C00017,Email,Desktop,0
S0000033,2025-09-13,C00292,Organic Search,Mobile,0
S0000034,2025-09-11,C00757,Paid Search,Desktop,0
S0000035,2025-08-04,C00458,Paid Search,Mobile,0
S0000036,2025-10-30,C00284,Organic Search,Mobile,0
S0000037,2025-06-21,C01131,Social Media,Mobile,0
S0000038,2025-05-17,C00624,Referral,Mobile,0
S0000039,2025-06-27,C00229,Paid Search,Mobile,0
S0000040,2025-03-18,C00153,Social Media,Mobile,0
S0000041,2025-07-07,C00832,Paid Search,Desktop,0
S0000042,2025-01-15,C00966,Social Media,Mobile,0
S0000043,2025-10-19,C00630,Direct,Desktop,0
S0000044,2025-11-15,C00847,Paid Search,Mobile,0
S0000045,2025-11-21,C00082,Organic Search,Mobile,0
S0000046,2025-08-02,C00230,Paid Search,Mobile,0
S0000047,2025-07-27,C01080,Organic Search,Desktop,0
S0000048,2025-06-18,C01188,Email,Mobile,0
S0000049,2025-11-26,C00140,Social Media,Desktop,0
S0000050,2025-10-07,C00242,Organic Search,Mobile,0
S0000051,2025-11-01,C01117,Referral,Desktop,0
S0000052,2025-05-26,C00263,Organic Search,Mobile,0
S0000053,2025-09-20,C00123,Direct,Desktop,0
S0000054,2025-01-04,C01014,Direct,Mobile,0
S0000055,2025-03-31,C00756,Paid Search,Desktop,0
S0000056,2025-03-01,C01057,Social Media,Mobile,0
S0000057,2025-11-07,C00373,Paid Search,Mobile,0
S0000058,2025-01-16,C00267,Organic Search,Mobile,0
S0000059,2025-08-15,C00365,Email,Desktop,0
S0000060,2025-01-29,C00620,Social Media,Mobile,0
S0000061,2025-05-31,C01044,Organic Search,Mobile,0
S0000062,2025-09-02,C00585,Paid Search,Desktop,0
S0000063,2025-09-27,C01190,Referral,Desktop,0
S0000064,2025-03-20,C00914,Direct,Mobile,0
S0000065,2025-10-16,C00576,Organic Search,Mobile,0
S0000066,2025-06-02,C01130,Organic Search,Mobile,0
S0000067,2025-10-04,C00053,Social Media,Mobile,0
S0000068,2025-10-06,C00048,Direct,Mobile,0
S0000069,2025-02-26,C00942,Email,Desktop,0
S0000070,2025-07-05,C00139,Paid Search,Desktop,0
S0000071,2025-04-03,C01020,Paid Search,Mobile,0
S0000072,2025-10-03,C00629,Social Media,Mobile,0
S0000073,2025-06-07,C00124,Organic Search,Mobile,0
S0000074,2025-10-02,C00999,Organic Search,Desktop,0
S0000075,2025-06-30,C01043,Direct,Mobile,0
S0000076,2025-12-25,C00349,Email,Mobile,0
S0000077,2025-03-18,C00474,Social Media,Mobile,0
S0000078,2025-05-31,C00420,Paid Search,Mobile,0
S0000079,2025-08-26,C00877,Paid Search,Tablet,0
S0000080,2025-10-16,C00587,Organic Search,Mobile,0
S0000081,2025-08-19,C00814,Organic Search,Desktop,0
S0000082,2025-01-18,C00940,Organic Search,Mobile,0
S0000083,2025-03-14,C01103,Organic Search,Mobile,0
S0000084,2025-07-08,C00834,Paid Search,Mobile,0
S0000085,2025-01-17,C00346,Direct,Desktop,0
S0000086,2025-01-19,C00903,Email,Desktop,0
S0000087,2025-08-07,C00606,Paid Search,Desktop,0
S0000088,2025-11-22,C00950,Email,Mobile,0
S0000089,2025-04-30,C00856,Paid Search,Mobile,0
S0000090,2025-04-11,C01061,Organic Search,Desktop,0
S0000091,2025-02-03,C00768,Organic Search,Desktop,0
S0000092,2025-03-25,C00948,Direct,Desktop,0
S0000093,2025-07-15,C00497,Referral,Desktop,0
S0000094,2025-11-26,C00210,Paid Search,Desktop,0
S0000095,2025-07-21,C01065,Social Media,Mobile,0
S0000096,2025-12-10,C00851,Email,Mobile,0
S0000097,2025-12-07,C00584,Email,Mobile,0
S0000098,2025-01-11,C00438,Organic Search,Desktop,0
S0000099,2025-12-13,C00568,Organic Search,Desktop,0
S0000100,2025-08-06,C00721,Email,Mobile,0
S0000101,2025-09-10,C00898,Email,Mobile,0
S0000102,2025-08-10,C00062,Organic Search,Desktop,0
S0000103,2025-03-21,C00125,Paid Search,Mobile,0
S0000104,2025-01-07,C00906,Direct,Desktop,0
S0000105,2025-09-29,C00633,Paid Search,Desktop,0
S0000106,2025-08-15,C00765,Referral,Mobile,0
S0000107,2025-01-16,C00432,Email,Mobile,0
S0000108,2025-01-12,C00041,Organic Search,Mobile,0
S0000109,2025-10-18,C00402,Social Media,Mobile,0
S0000110,2025-08-29,C00537,Social Media,Mobile,0
S0000111,2025-01-21,C00965,Direct,Mobile,0
S0000112,2025-06-27,C00720,Referral,Mobile,0
S0000113,2025-08-16,C00223,Referral,Desktop,0
S0000114,2025-09-30,C01177,Organic Search,Desktop,0
S0000115,2025-10-15,C00732,Referral,Mobile,0
S0000116,2025-10-24,C00261,Organic Search,Mobile,0
S0000117,2025-05-14,C00752,Direct,Mobile,0
S0000118,2025-10-10,C00333,Organic Search,Mobile,0
S0000119,2025-06-02,C00215,Social Media,Mobile,0
S0000120,2025-03-07,C00592,Email,Desktop,0
S0000121,2025-05-17,C00728,Organic Search,Mobile,0
S0000122,2025-04-02,C00320,Paid Search,Desktop,0
S0000123,2025-11-13,C00827,Paid Search,Mobile,0
S0000124,2025-09-16,C00319,Organic Search,Desktop,0
S0000125,2025-04-13,C00553,Direct,Mobile,0
S0000126,2025-02-24,C00631,Paid Search,Mobile,0
S0000127,2025-09-14,C00277,Paid Search,Desktop,0
S0000128,2025-04-11,C00049,Organic Search,Mobile,0
S0000129,2025-07-17,C00106,Social Media,Mobile,0
S0000130,2025-10-28,C00008,Referral,Mobile,1
S0000131,2025-08-14,C01170,Social Media,Mobile,0
S0000132,2025-08-25,C00938,Paid Search,Mobile,0
S0000133,2025-01-26,C00698,Paid Search,Mobile,0
S0000134,2025-05-01,C00127,Paid Search,Tablet,0
S0000135,2025-07-01,C00219,Organic Search,Desktop,0
S0000136,2025-07-18,C01052,Social Media,Mobile,0
S0000137,2025-10-29,C00097,Paid Search,Desktop,0
S0000138,2025-09-12,C00925,Referral,Tablet,0
S0000139,2025-05-02,C00900,Referral,Mobile,0
S0000140,2025-01-31,C00069,Organic Search,Mobile,1
S0000141,2025-11-11,C00489,Paid Search,Tablet,0
S0000142,2025-10-12,C00241,Direct,Desktop,0
S0000143,2025-04-16,C00702,Direct,Mobile,1
S0000144,2025-08-12,C00400,Referral,Desktop,0
S0000145,2025-09-30,C00122,Organic Search,Mobile,0
S0000146,2025-08-20,C00003,Email,Mobile,0
S0000147,2025-09-13,C00712,Organic Search,Mobile,0
S0000148,2025-01-24,C01164,Organic Search,Mobile,0
S0000149,2025-04-19,C00233,Referral,Desktop,0
S0000150,2025-07-10,C00688,Social Media,Desktop,1
S0000151,2025-12-13,C01065,Social Media,Mobile,0
S0000152,2025-01-25,C00720,Referral,Mobile,1
S0000153,2025-07-06,C00813,Paid Search,Mobile,0
S0000154,2025-10-15,C00542,Direct,Mobile,0
S0000155,2025-04-26,C00056,Direct,Desktop,0
S0000156,2025-12-04,C00350,Social Media,Mobile,0
S0000157,2025-02-06,C01167,Paid Search,Mobile,0
S0000158,2025-10-09,C00828,Social Media,Desktop,0
S0000159,2025-05-17,C00610,Referral,Mobile,0
S0000160,2025-08-15,C00844,Paid Search,Mobile,0
S0000161,2025-11-16,C00382,Social Media,Mobile,0
S0000162,2025-11-24,C00743,Referral,Mobile,0
S0000163,2025-07-01,C00955,Direct,Mobile,0
S0000164,2025-12-28,C00771,Organic Search,Mobile,0
S0000165,2025-03-27,C00367,Email,Desktop,0
S0000166,2025-02-22,C00836,Referral,Mobile,0
S0000167,2025-12-14,C01072,Organic Search,Mobile,0
S0000168,2025-12-21,C00480,Social Media,Mobile,0
S0000169,2025-08-23,C00555,Social Media,Desktop,0
S0000170,2025-09-24,C00434,Paid Search,Mobile,1
S0000171,2025-10-14,C00365,Email,Mobile,0
S0000172,2025-04-10,C01015,Social Media,Desktop,1
S0000173,2025-03-28,C00588,Direct,Mobile,0
S0000174,2025-01-15,C00093,Direct,Desktop,0
S0000175,2025-04-11,C00937,Paid Search,Mobile,0
S0000176,2025-06-14,C00294,Direct,Mobile,1
S0000177,2025-01-29,C00520,Social Media,Mobile,0
S0000178,2025-04-24,C00681,Email,Desktop,0
S0000179,2025-04-17,C01161,Social Media,Mobile,0
S0000180,2025-12-30,C00820,Organic Search,Mobile,0
S0000181,2025-05-10,C00601,Organic Search,Mobile,0
S0000182,2025-03-25,C00815,Paid Search,Mobile,0
S0000183,2025-09-28,C00996,Paid Search,Desktop,0
S0000184,2025-09-01,C00965,Direct,Desktop,0
S0000185,2025-08-02,C01086,Organic Search,Mobile,0
S0000186,2025-11-02,C00438,Organic Search,Desktop,1
S0000187,2025-06-15,C01057,Social Media,Mobile,0
S0000188,2025-10-06,C00213,Direct,Mobile,0
S0000189,2025-02-28,C00424,Paid Search,Mobile,0
S0000190,2025-03-31,C00717,Direct,Mobile,0
S0000191,2025-11-27,C01189,Organic Search,Mobile,0
S0000192,2025-07-13,C00426,Social Media,Mobile,0
S0000193,2025-05-03,C00746,Paid Search,Desktop,0
S0000194,2025-05-16,C00337,Email,Mobile,0
S0000195,2025-05-19,C00954,Referral,Mobile,0
S0000196,2025-08-17,C00091,Paid Search,Mobile,0
S0000197,2025-10-01,C01074,Paid Search,Desktop,0
S0000198,2025-02-19,C00815,Paid Search,Desktop,0
S0000199,2025-04-28,C00384,Organic Search,Mobile,0
S0000200,2025-07-21,C01127,Referral,Desktop,0
S0000201,2025-07-10,C00818,Organic Search,Mobile,0
S0000202,2025-12-30,C00840,Referral,Mobile,0
S0000203,2025-11-19,C00225,Email,Desktop,0
S0000204,2025-06-30,C00347,Social Media,Mobile,0
S0000205,2025-03-19,C00812,Organic Search,Desktop,0
S0000206,2025-03-16,C00751,Organic Search,Mobile,0
S0000207,2025-10-22,C00637,Social Media,Mobile,0
S0000208,2025-10-08,C01200,Email,Mobile,1
S0000209,2025-01-21,C01170,Social Media,Mobile,0
S0000210,2025-06-20,C00271,Referral,Mobile,0
S0000211,2025-01-15,C00610,Referral,Desktop,0
S0000212,2025-07-30,C00159,Social Media,Desktop,0
S0000213,2025-02-17,C00072,Paid Search,Mobile,0
S0000214,2025-03-27,C00779,Direct,Mobile,0
S0000215,2025-05-29,C00305,Direct,Tablet,0
S0000216,2025-07-07,C00876,Paid Search,Desktop,0
S0000217,2025-11-02,C00752,Direct,Mobile,0
S0000218,2025-05-31,C00170,Email,Mobile,0
S0000219,2025-05-21,C00092,Email,Desktop,0
S0000220,2025-03-10,C00544,Paid Search,Mobile,0
S0000221,2025-09-17,C00953,Organic Search,Desktop,0
S0000222,2025-11-30,C00342,Referral,Mobile,0
S0000223,2025-01-09,C00849,Social Media,Mobile,0
S0000224,2025-05-01,C00068,Paid Search,Mobile,0
S0000225,2025-04-11,C00422,Organic Search,Mobile,0
S0000226,2025-05-29,C00345,Organic Search,Mobile,0
S0000227,2025-05-26,C00924,Email,Desktop,0
S0000228,2025-12-19,C00562,Organic Search,Mobile,0
S0000229,2025-08-31,C00550,Email,Desktop,0
S0000230,2025-08-29,C00814,Organic Search,Mobile,0
S0000231,2025-12-03,C01101,Social Media,Desktop,0
S0000232,2025-02-12,C00732,Referral,Desktop,0
S0000233,2025-04-05,C00175,Paid Search,Mobile,0
S0000234,2025-08-14,C00065,Organic Search,Desktop,1
S0000235,2025-01-06,C00656,Organic Search,Desktop,0
S0000236,2025-08-02,C00482,Email,Mobile,0
S0000237,2025-07-25,C00382,Social Media,Desktop,0
S0000238,2025-03-08,C00994,Direct,Mobile,0
S0000239,2025-04-10,C00237,Paid Search,Mobile,0
S0000240,2025-01-12,C01007,Organic Search,Mobile,0
S0000241,2025-08-25,C00234,Paid Search,Mobile,0
S0000242,2025-11-18,C00351,Referral,Desktop,0
S0000243,2025-09-15,C00366,Email,Desktop,0
S0000244,2025-12-03,C01192,Email,Mobile,0
S0000245,2025-05-15,C00597,Social Media,Desktop,0
S0000246,2025-08-10,C00299,Direct,Mobile,0
S0000247,2025-06-05,C00291,Social Media,Desktop,0
S0000248,2025-05-22,C00506,Direct,Mobile,0
S0000249,2025-06-07,C00145,Referral,Mobile,0
S0000250,2025-11-22,C00677,Organic Search,Desktop,0
S0000251,2025-12-10,C00980,Organic Search,Tablet,0
S0000252,2025-09-19,C00800,Social Media,Mobile,0
S0000253,2025-10-10,C00830,Direct,Mobile,0
S0000254,2025-12-04,C00993,Organic Search,Mobile,0
S0000255,2025-12-10,C00530,Email,Desktop,0
S0000256,2025-08-17,C00746,Paid Search,Desktop,0
S0000257,2025-10-07,C01066,Direct,Tablet,0
S0000258,2025-12-24,C00483,Paid Search,Mobile,0
S0000259,2025-10-17,C00029,Email,Mobile,0
S0000260,2025-06-17,C01147,Social Media,Mobile,0
S0000261,2025-02-16,C00579,Paid Search,Mobile,0
S0000262,2025-07-22,C00412,Direct,Desktop,1
S0000263,2025-08-02,C00399,Social Media,Mobile,0
S0000264,2025-09-03,C00447,Paid Search,Mobile,0
S0000265,2025-01-24,C00231,Organic Search,Mobile,0
S0000266,2025-11-17,C01181,Social Media,Mobile,0
S0000267,2025-10-01,C00797,Direct,Mobile,0
S0000268,2025-02-13,C00832,Paid Search,Mobile,0
S0000269,2025-11-28,C01061,Organic Search,Mobile,0
S0000270,2025-11-09,C00046,Direct,Mobile,0
S0000271,2025-12-29,C00757,Paid Search,Mobile,0
S0000272,2025-06-05,C00489,Paid Search,Mobile,0
S0000273,2025-07-18,C00102,Organic Search,Mobile,0
S0000274,2025-06-11,C00294,Direct,Mobile,0
S0000275,2025-08-22,C00747,Organic Search,Mobile,0
S0000276,2025-06-12,C00414,Email,Desktop,0
S0000277,2025-04-26,C00033,Organic Search,Mobile,1
S0000278,2025-04-03,C00012,Referral,Mobile,0
S0000279,2025-02-11,C01148,Paid Search,Mobile,0
S0000280,2025-10-11,C00455,Organic Search,Mobile,0
S0000281,2025-07-29,C00179,Email,Mobile,0
S0000282,2025-07-25,C00229,Paid Search,Mobile,0
S0000283,2025-08-08,C00968,Social Media,Mobile,0
S0000284,2025-10-07,C00362,Direct,Mobile,0
S0000285,2025-05-16,C01165,Organic Search,Mobile,0
S0000286,2025-04-16,C00360,Referral,Desktop,0
S0000287,2025-04-28,C00835,Paid Search,Tablet,0
S0000288,2025-08-25,C01031,Organic Search,Desktop,1
S0000289,2025-11-05,C01169,Organic Search,Mobile,0
S0000290,2025-04-10,C00324,Email,Mobile,0
S0000291,2025-09-18,C00854,Organic Search,Desktop,0
S0000292,2025-11-01,C00258,Social Media,Mobile,0
S0000293,2025-12-20,C00505,Organic Search,Desktop,0
S0000294,2025-10-13,C01176,Email,Desktop,1
S0000295,2025-11-24,C01047,Paid Search,Mobile,0
S0000296,2025-04-13,C00634,Paid Search,Mobile,1
S0000297,2025-03-04,C00966,Social Media,Mobile,0
S0000298,2025-06-24,C01055,Direct,Mobile,0
S0000299,2025-10-09,C00708,Paid Search,Mobile,0
S0000300,2025-10-20,C00215,Social Media,Desktop,0
S0000301,2025-08-14,C00853,Direct,Desktop,0
S0000302,2025-01-07,C01027,Social Media,Mobile,0
S0000303,2025-05-07,C01037,Organic Search,Desktop,0
S0000304,2025-04-02,C00064,Referral,Mobile,0
S0000305,2025-07-09,C01150,Paid Search,Desktop,0
S0000306,2025-12-25,C00539,Paid Search,Mobile,1
S0000307,2025-02-22,C00426,Social Media,Mobile,0
S0000308,2025-08-30,C00363,Organic Search,Mobile,0
S0000309,2025-05-12,C00551,Organic Search,Desktop,0
S0000310,2025-12-30,C00675,Paid Search,Desktop,0
S0000311,2025-04-22,C00381,Direct,Mobile,0
S0000312,2025-01-07,C00531,Organic Search,Mobile,0
S0000313,2025-08-18,C01001,Referral,Mobile,0
S0000314,2025-06-05,C00275,Email,Desktop,0
S0000315,2025-07-16,C00992,Direct,Mobile,0
S0000316,2025-11-19,C00303,Direct,Mobile,0
S0000317,2025-12-30,C00646,Paid Search,Tablet,0
S0000318,2025-08-11,C00488,Paid Search,Mobile,0
S0000319,2025-09-07,C00103,Organic Search,Desktop,0
S0000320,2025-03-24,C00804,Organic Search,Mobile,0
S0000321,2025-08-28,C01185,Email,Mobile,0
S0000322,2025-12-26,C00381,Direct,Mobile,0
S0000323,2025-11-19,C00907,Organic Search,Mobile,0
S0000324,2025-09-20,C00198,Organic Search,Mobile,0
S0000325,2025-07-08,C00809,Email,Mobile,0
S0000326,2025-10-17,C00141,Paid Search,Mobile,0
S0000327,2025-12-28,C01120,Paid Search,Mobile,0
S0000328,2025-02-27,C00607,Organic Search,Desktop,0
S0000329,2025-01-09,C00666,Email,Desktop,0
S0000330,2025-10-31,C00461,Organic Search,Mobile,1
S0000331,2025-04-25,C00871,Organic Search,Mobile,0
S0000332,2025-07-29,C00010,Direct,Desktop,0
S0000333,2025-02-10,C00699,Direct,Desktop,0
S0000334,2025-10-31,C00663,Paid Search,Desktop,0
S0000335,2025-06-22,C01178,Organic Search,Mobile,0
S0000336,2025-08-22,C00625,Direct,Desktop,0
S0000337,2025-10-08,C00981,Organic Search,Mobile,0
S0000338,2025-03-19,C00192,Organic Search,Mobile,0
S0000339,2025-04-18,C00435,Organic Search,Desktop,0
S0000340,2025-10-08,C00276,Organic Search,Desktop,0
S0000341,2025-02-08,C00929,Direct,Mobile,0
S0000342,2025-04-29,C01175,Email,Mobile,0
S0000343,2025-12-01,C00179,Email,Mobile,0
S0000344,2025-12-02,C00819,Organic Search,Mobile,0
S0000345,2025-01-27,C00748,Organic Search,Desktop,0
S0000346,2025-04-14,C00842,Referral,Desktop,0
S0000347,2025-03-15,C00887,Email,Mobile,1
S0000348,2025-07-10,C01042,Paid Search,Mobile,0
S0000349,2025-11-20,C00130,Organic Search,Tablet,1
S0000350,2025-05-27,C00939,Paid Search,Desktop,0
S0000351,2025-09-12,C00862,Social Media,Desktop,0
S0000352,2025-10-11,C00739,Paid Search,Mobile,0
S0000353,2025-08-01,C01189,Organic Search,Mobile,0
S0000354,2025-05-03,C00777,Social Media,Tablet,1
S0000355,2025-07-25,C00845,Organic Search,Mobile,0
S0000356,2025-08-28,C00832,Paid Search,Mobile,0
S0000357,2025-12-05,C00377,Referral,Mobile,0
S0000358,2025-10-13,C00775,Social Media,Mobile,0
S0000359,2025-01-22,C00628,Email,Mobile,0
S0000360,2025-09-16,C01175,Email,Desktop,0
S0000361,2025-12-23,C00712,Organic Search,Desktop,0
S0000362,2025-04-15,C00593,Organic Search,Mobile,0
S0000363,2025-09-15,C00010,Direct,Desktop,0
S0000364,2025-07-23,C00404,Paid Search,Desktop,1
S0000365,2025-11-06,C00516,Referral,Tablet,0
S0000366,2025-09-19,C00608,Paid Search,Mobile,0
S0000367,2025-04-17,C00857,Social Media,Mobile,0
S0000368,2025-09-08,C00405,Paid Search,Mobile,0
S0000369,2025-08-09,C00959,Social Media,Mobile,0
S0000370,2025-08-10,C00557,Organic Search,Desktop,0
S0000371,2025-09-15,C00560,Paid Search,Mobile,0
S0000372,2025-07-20,C00298,Paid Search,Mobile,1
S0000373,2025-09-15,C00381,Direct,Desktop,0
S0000374,2025-12-15,C00269,Social Media,Tablet,0
S0000375,2025-08-13,C00221,Social Media,Desktop,0
S0000376,2025-07-21,C00983,Paid Search,Mobile,0
S0000377,2025-08-14,C01052,Social Media,Mobile,0
S0000378,2025-08-24,C01181,Social Media,Mobile,0
S0000379,2025-07-02,C00477,Organic Search,Mobile,0
S0000380,2025-07-19,C00418,Direct,Mobile,0
S0000381,2025-12-23,C00670,Email,Mobile,0
S0000382,2025-09-03,C00362,Direct,Mobile,0
S0000383,2025-12-19,C00749,Paid Search,Mobile,0
S0000384,2025-04-21,C01146,Paid Search,Mobile,0
S0000385,2025-01-06,C01037,Organic Search,Desktop,0
S0000386,2025-08-24,C00482,Email,Mobile,0
S0000387,2025-05-07,C00208,Paid Search,Mobile,0
S0000388,2025-04-14,C00644,Email,Mobile,0
S0000389,2025-08-25,C00661,Organic Search,Mobile,0
S0000390,2025-06-04,C00446,Organic Search,Mobile,0
S0000391,2025-09-14,C00874,Referral,Desktop,0
S0000392,2025-08-23,C00604,Social Media,Tablet,1
S0000393,2025-10-16,C00135,Direct,Desktop,0
S0000394,2025-02-09,C00160,Organic Search,Mobile,0
S0000395,2025-10-15,C00133,Email,Desktop,0
S0000396,2025-07-16,C00780,Referral,Mobile,0
S0000397,2025-09-30,C00401,Email,Desktop,0
S0000398,2025-09-21,C00535,Paid Search,Mobile,0
S0000399,2025-02-26,C00175,Paid Search,Desktop,0
S0000400,2025-10-25,C00534,Email,Desktop,0
S0000401,2025-04-08,C00433,Email,Mobile,0
S0000402,2025-05-17,C01037,Organic Search,Desktop,0
S0000403,2025-03-28,C00341,Organic Search,Mobile,0
S0000404,2025-08-30,C00221,Social Media,Mobile,0
S0000405,2025-07-18,C00841,Direct,Mobile,1
S0000406,2025-11-06,C00289,Social Media,Desktop,0
S0000407,2025-03-25,C00302,Paid Search,Mobile,0
S0000408,2025-08-30,C01105,Direct,Mobile,0
S0000409,2025-10-08,C00522,Paid Search,Mobile,0
S0000410,2025-11-19,C01129,Direct,Desktop,0
S0000411,2025-09-09,C00356,Paid Search,Desktop,0
S0000412,2025-07-09,C00622,Email,Mobile,0
S0000413,2025-06-01,C00243,Social Media,Desktop,0
S0000414,2025-10-29,C00856,Paid Search,Mobile,0
S0000415,2025-10-05,C00205,Paid Search,Desktop,0
S0000416,2025-05-19,C01054,Email,Tablet,0
S0000417,2025-06-25,C00875,Organic Search,Desktop,1
S0000418,2025-01-08,C00757,Paid Search,Desktop,0
S0000419,2025-10-22,C00401,Email,Mobile,0
S0000420,2025-08-23,C00620,Social Media,Mobile,0
S0000421,2025-06-12,C00857,Social Media,Mobile,0
S0000422,2025-02-18,C00411,Direct,Mobile,0
S0000423,2025-10-29,C01060,Social Media,Tablet,0
S0000424,2025-02-07,C00228,Email,Desktop,0
S0000425,2025-05-16,C00849,Social Media,Mobile,0
S0000426,2025-11-06,C00596,Email,Desktop,0
S0000427,2025-08-07,C00168,Paid Search,Mobile,0
S0000428,2025-12-14,C00880,Organic Search,Desktop,1
S0000429,2025-10-23,C00653,Direct,Mobile,0
S0000430,2025-02-03,C00464,Social Media,Mobile,0
S0000431,2025-12-18,C00041,Organic Search,Mobile,0
S0000432,2025-03-20,C00486,Organic Search,Mobile,0
S0000433,2025-08-24,C00161,Social Media,Mobile,0
S0000434,2025-09-30,C00532,Organic Search,Mobile,0
S0000435,2025-06-10,C00856,Paid Search,Mobile,0
S0000436,2025-06-24,C00768,Organic Search,Tablet,0
S0000437,2025-11-04,C00160,Organic Search,Mobile,0
S0000438,2025-08-09,C00929,Direct,Desktop,0
S0000439,2025-01-09,C00620,Social Media,Desktop,0
S0000440,2025-10-16,C00795,Organic Search,Desktop,1
S0000441,2025-04-23,C00924,Email,Mobile,0
S0000442,2025-07-24,C00873,Email,Mobile,1
S0000443,2025-07-05,C00289,Social Media,Desktop,0
S0000444,2025-12-07,C00559,Organic Search,Mobile,0
S0000445,2025-07-16,C00881,Social Media,Mobile,0
S0000446,2025-09-23,C00401,Email,Mobile,1
S0000447,2025-09-19,C00217,Social Media,Desktop,0
S0000448,2025-09-05,C00909,Organic Search,Mobile,0
S0000449,2025-04-25,C00927,Paid Search,Mobile,0
S0000450,2025-05-01,C01144,Social Media,Mobile,0
S0000451,2025-05-21,C00529,Paid Search,Mobile,0
S0000452,2025-03-06,C00530,Email,Mobile,0
S0000453,2025-10-03,C00240,Social Media,Mobile,0
S0000454,2025-11-09,C00295,Paid Search,Desktop,0
S0000455,2025-08-27,C00706,Social Media,Mobile,1
S0000456,2025-10-29,C00248,Direct,Mobile,0
S0000457,2025-01-10,C00686,Paid Search,Mobile,0
S0000458,2025-08-21,C00003,Email,Mobile,0
S0000459,2025-07-14,C00211,Referral,Mobile,0
S0000460,2025-01-12,C00605,Organic Search,Desktop,0
S0000461,2025-06-26,C01109,Organic Search,Desktop,0
S0000462,2025-06-26,C00557,Organic Search,Mobile,0
S0000463,2025-08-05,C00955,Direct,Mobile,0
S0000464,2025-01-11,C00776,Social Media,Mobile,0
S0000465,2025-04-28,C00577,Referral,Mobile,1
S0000466,2025-06-13,C00857,Social Media,Desktop,0
S0000467,2025-02-08,C00118,Email,Mobile,0
S0000468,2025-02-22,C00183,Email,Mobile,0
S0000469,2025-08-06,C00729,Email,Desktop,0
S0000470,2025-07-25,C00127,Paid Search,Mobile,0
S0000471,2025-11-08,C00804,Organic Search,Mobile,0
S0000472,2025-12-26,C00116,Organic Search,Mobile,0
S0000473,2025-02-25,C00677,Organic Search,Desktop,0
S0000474,2025-04-28,C00329,Paid Search,Mobile,0
S0000475,2025-09-10,C01071,Paid Search,Mobile,0
S0000476,2025-10-13,C00238,Direct,Desktop,0
S0000477,2025-09-25,C00305,Direct,Mobile,1
S0000478,2025-10-18,C00876,Paid Search,Mobile,0
S0000479,2025-11-29,C00443,Paid Search,Desktop,0
S0000480,2025-06-29,C00633,Paid Search,Mobile,0
S0000481,2025-12-24,C00736,Paid Search,Mobile,0
S0000482,2025-08-23,C00748,Organic Search,Mobile,0
S0000483,2025-12-09,C00222,Email,Desktop,1
S0000484,2025-07-15,C00949,Social Media,Desktop,0
S0000485,2025-11-04,C00955,Direct,Mobile,0
S0000486,2025-03-21,C01050,Social Media,Mobile,0
S0000487,2025-05-15,C00803,Social Media,Desktop,0
S0000488,2025-01-22,C01179,Paid Search,Mobile,0
S0000489,2025-11-27,C00685,Social Media,Desktop,0
S0000490,2025-08-13,C00553,Direct,Mobile,1
S0000491,2025-02-27,C00834,Paid Search,Mobile,0
S0000492,2025-04-03,C00830,Direct,Mobile,1
S0000493,2025-07-11,C01019,Direct,Mobile,0
S0000494,2025-04-13,C00946,Organic Search,Desktop,0
S0000495,2025-01-07,C00896,Organic Search,Mobile,0
S0000496,2025-05-08,C00435,Organic Search,Tablet,0
S0000497,2025-02-24,C00702,Direct,Mobile,0
S0000498,2025-08-19,C00682,Social Media,Mobile,0
S0000499,2025-12-28,C00400,Referral,Mobile,0
S0000500,2025-03-03,C00757,Paid Search,Desktop,0
S0000501,2025-08-28,C00871,Organic Search,Desktop,0
S0000502,2025-03-31,C01068,Direct,Mobile,0
S0000503,2025-08-20,C01030,Organic Search,Desktop,0
S0000504,2025-08-21,C00264,Direct,Mobile,0
S0000505,2025-12-20,C01103,Organic Search,Mobile,0
S0000506,2025-11-29,C00126,Organic Search,Mobile,0
S0000507,2025-10-19,C00946,Organic Search,Desktop,0
S0000508,2025-12-11,C01067,Organic Search,Mobile,0
S0000509,2025-06-01,C00567,Organic Search,Mobile,0
S0000510,2025-05-25,C01189,Organic Search,Mobile,0
S0000511,2025-05-10,C00613,Social Media,Desktop,0
S0000512,2025-05-21,C00175,Paid Search,Mobile,0
S0000513,2025-04-03,C01160,Referral,Desktop,0
S0000514,2025-04-24,C00540,Paid Search,Mobile,0
S0000515,2025-10-11,C00146,Organic Search,Mobile,0
S0000516,2025-05-23,C00635,Social Media,Desktop,1
S0000517,2025-08-11,C00068,Paid Search,Mobile,0
S0000518,2025-08-20,C00948,Direct,Desktop,0
S0000519,2025-02-02,C00302,Paid Search,Mobile,0
S0000520,2025-10-03,C00293,Paid Search,Mobile,0
S0000521,2025-06-19,C00739,Paid Search,Mobile,0
S0000522,2025-05-20,C00068,Paid Search,Mobile,0
S0000523,2025-12-23,C00758,Organic Search,Mobile,0
S0000524,2025-07-20,C00994,Direct,Desktop,0
S0000525,2025-01-23,C00953,Organic Search,Tablet,0
S0000526,2025-08-12,C00041,Organic Search,Mobile,0
S0000527,2025-09-27,C00516,Referral,Desktop,0
S0000528,2025-12-13,C00883,Organic Search,Mobile,0
S0000529,2025-06-02,C00475,Paid Search,Mobile,0
S0000530,2025-11-29,C00928,Social Media,Desktop,0
S0000531,2025-03-26,C00905,Paid Search,Mobile,0
S0000532,2025-04-19,C01001,Referral,Mobile,0
S0000533,2025-01-31,C00001,Email,Mobile,1
S0000534,2025-08-17,C00810,Referral,Desktop,0
S0000535,2025-08-28,C00725,Referral,Desktop,0
S0000536,2025-12-29,C00202,Email,Desktop,0
S0000537,2025-11-06,C00580,Paid Search,Mobile,0
S0000538,2025-05-21,C00348,Paid Search,Desktop,0
S0000539,2025-06-05,C00468,Social Media,Mobile,0
S0000540,2025-10-26,C00836,Referral,Mobile,0
S0000541,2025-12-11,C00086,Direct,Mobile,0
S0000542,2025-04-09,C00129,Direct,Mobile,0
S0000543,2025-02-16,C01052,Social Media,Mobile,0
S0000544,2025-11-23,C00311,Organic Search,Mobile,0
S0000545,2025-03-08,C00294,Direct,Desktop,0
S0000546,2025-03-03,C00181,Social Media,Desktop,0
S0000547,2025-04-19,C00432,Email,Mobile,1
S0000548,2025-06-16,C00009,Paid Search,Mobile,0
S0000549,2025-02-06,C00729,Email,Mobile,0
S0000550,2025-04-29,C00192,Organic Search,Mobile,0
S0000551,2025-03-27,C00526,Direct,Desktop,0
S0000552,2025-02-21,C00913,Social Media,Mobile,0
S0000553,2025-04-01,C01172,Organic Search,Mobile,0
S0000554,2025-10-16,C00712,Organic Search,Tablet,0
S0000555,2025-12-03,C00660,Social Media,Mobile,0
S0000556,2025-10-25,C00987,Social Media,Mobile,0
S0000557,2025-07-23,C00058,Organic Search,Mobile,0
S0000558,2025-08-26,C01013,Email,Mobile,0
S0000559,2025-06-04,C00600,Paid Search,Mobile,0
S0000560,2025-08-28,C01115,Organic Search,Mobile,0
S0000561,2025-05-16,C00280,Organic Search,Desktop,0
S0000562,2025-12-28,C00475,Paid Search,Mobile,0
S0000563,2025-03-05,C00504,Direct,Desktop,1
S0000564,2025-05-03,C01143,Social Media,Mobile,0
S0000565,2025-09-11,C00630,Direct,Desktop,0
S0000566,2025-04-24,C00849,Social Media,Mobile,0
S0000567,2025-01-20,C01169,Organic Search,Desktop,0
S0000568,2025-01-16,C00425,Paid Search,Desktop,0
S0000569,2025-05-25,C01150,Paid Search,Mobile,0
S0000570,2025-07-27,C00109,Direct,Mobile,0
S0000571,2025-01-19,C00604,Social Media,Mobile,0
S0000572,2025-06-15,C00085,Organic Search,Mobile,0
S0000573,2025-02-07,C00101,Organic Search,Mobile,0
S0000574,2025-06-30,C00522,Paid Search,Desktop,0
S0000575,2025-12-15,C00539,Paid Search,Desktop,0
S0000576,2025-04-15,C00085,Organic Search,Mobile,0
S0000577,2025-04-10,C01160,Referral,Mobile,0
S0000578,2025-03-31,C00596,Email,Desktop,0
S0000579,2025-10-27,C00244,Organic Search,Tablet,0
S0000580,2025-11-28,C00992,Direct,Desktop,0
S0000581,2025-03-20,C00399,Social Media,Mobile,0
S0000582,2025-03-14,C00479,Social Media,Desktop,0
S0000583,2025-06-25,C00087,Direct,Tablet,0
S0000584,2025-04-06,C00930,Referral,Mobile,0
S0000585,2025-12-11,C00312,Direct,Desktop,0
S0000586,2025-04-13,C00205,Paid Search,Desktop,0
S0000587,2025-08-12,C01089,Social Media,Mobile,0
S0000588,2025-01-06,C00785,Direct,Desktop,0
S0000589,2025-05-02,C00889,Organic Search,Desktop,0
S0000590,2025-08-24,C01166,Direct,Mobile,0
S0000591,2025-04-26,C00451,Social Media,Mobile,0
S0000592,2025-06-12,C00771,Organic Search,Mobile,1
S0000593,2025-08-14,C01068,Direct,Mobile,0
S0000594,2025-08-18,C00174,Paid Search,Desktop,0
S0000595,2025-07-01,C00056,Direct,Mobile,0
S0000596,2025-09-06,C00125,Paid Search,Mobile,0
S0000597,2025-11-14,C00483,Paid Search,Desktop,0
S0000598,2025-07-29,C01141,Social Media,Mobile,0
S0000599,2025-05-24,C00818,Organic Search,Tablet,0
S0000600,2025-12-11,C00983,Paid Search,Desktop,0
S0000601,2025-04-06,C00288,Referral,Desktop,0
S0000602,2025-12-12,C00729,Email,Mobile,0
S0000603,2025-09-01,C00649,Social Media,Mobile,0
S0000604,2025-03-27,C00733,Social Media,Mobile,0
S0000605,2025-07-03,C00554,Email,Desktop,0
S0000606,2025-05-01,C00143,Direct,Mobile,0
S0000607,2025-11-28,C00388,Paid Search,Mobile,0
S0000608,2025-04-02,C00925,Referral,Desktop,0
S0000609,2025-03-11,C01072,Organic Search,Mobile,0
S0000610,2025-05-13,C01159,Organic Search,Desktop,0
S0000611,2025-10-06,C00333,Organic Search,Mobile,0
S0000612,2025-05-17,C00035,Organic Search,Desktop,0
S0000613,2025-11-10,C00475,Paid Search,Mobile,0
S0000614,2025-07-06,C00538,Organic Search,Tablet,0
S0000615,2025-08-09,C00295,Paid Search,Mobile,0
S0000616,2025-02-15,C00145,Referral,Mobile,0
S0000617,2025-10-05,C00707,Referral,Desktop,0
S0000618,2025-07-11,C00536,Direct,Mobile,0
S0000619,2025-01-08,C00091,Paid Search,Mobile,0
S0000620,2025-10-03,C00049,Organic Search,Desktop,0
S0000621,2025-06-28,C00748,Organic Search,Desktop,0
S0000622,2025-11-30,C00284,Organic Search,Mobile,0
S0000623,2025-02-08,C00771,Organic Search,Mobile,0
S0000624,2025-10-20,C00697,Email,Mobile,0
S0000625,2025-06-27,C00184,Organic Search,Mobile,0
S0000626,2025-06-11,C00985,Referral,Mobile,1
S0000627,2025-11-27,C00437,Organic Search,Desktop,0
S0000628,2025-04-14,C00378,Referral,Mobile,0
S0000629,2025-06-10,C00656,Organic Search,Desktop,1
S0000630,2025-10-14,C00606,Paid Search,Mobile,0
S0000631,2025-05-03,C00108,Organic Search,Desktop,0
S0000632,2025-02-23,C00615,Paid Search,Mobile,0
S0000633,2025-02-03,C00802,Referral,Mobile,0
S0000634,2025-08-30,C01178,Organic Search,Desktop,0
S0000635,2025-04-23,C00483,Paid Search,Tablet,0
S0000636,2025-11-14,C00742,Referral,Mobile,1
S0000637,2025-01-23,C00679,Paid Search,Desktop,0
S0000638,2025-02-15,C00056,Direct,Mobile,0
S0000639,2025-11-08,C00230,Paid Search,Tablet,0
S0000640,2025-05-15,C00746,Paid Search,Desktop,0
S0000641,2025-04-28,C00621,Social Media,Desktop,0
S0000642,2025-07-08,C01128,Email,Desktop,0
S0000643,2025-05-11,C01007,Organic Search,Mobile,0
S0000644,2025-07-31,C00009,Paid Search,Mobile,0
S0000645,2025-04-23,C00117,Referral,Mobile,0
S0000646,2025-02-13,C01126,Organic Search,Desktop,0
S0000647,2025-05-08,C00955,Direct,Mobile,0
S0000648,2025-12-30,C00387,Organic Search,Desktop,0
S0000649,2025-06-07,C00349,Email,Mobile,0
S0000650,2025-09-30,C00926,Direct,Mobile,0
S0000651,2025-11-11,C00112,Social Media,Mobile,0
S0000652,2025-12-21,C00515,Social Media,Desktop,0
S0000653,2025-12-06,C01085,Paid Search,Mobile,0
S0000654,2025-02-14,C00153,Social Media,Mobile,0
S0000655,2025-04-18,C00428,Organic Search,Mobile,0
S0000656,2025-08-07,C00562,Organic Search,Mobile,0
S0000657,2025-11-14,C00107,Email,Mobile,0
S0000658,2025-11-11,C00997,Paid Search,Mobile,0
S0000659,2025-06-26,C00139,Paid Search,Mobile,0
S0000660,2025-08-16,C00308,Direct,Desktop,0
S0000661,2025-07-10,C00930,Referral,Mobile,0
S0000662,2025-06-09,C00700,Referral,Desktop,0
S0000663,2025-09-24,C00918,Organic Search,Mobile,0
S0000664,2025-12-24,C00732,Referral,Desktop,0
S0000665,2025-11-22,C00235,Email,Mobile,0
S0000666,2025-07-09,C00440,Paid Search,Mobile,0
S0000667,2025-06-24,C00115,Direct,Mobile,1
S0000668,2025-10-17,C00874,Referral,Desktop,0
S0000669,2025-12-23,C00434,Paid Search,Mobile,0
S0000670,2025-05-25,C00048,Direct,Desktop,0
S0000671,2025-08-20,C00325,Organic Search,Mobile,0
S0000672,2025-12-26,C00957,Social Media,Mobile,0
S0000673,2025-07-23,C00895,Organic Search,Desktop,1
S0000674,2025-08-01,C00357,Email,Mobile,0
S0000675,2025-02-09,C00337,Email,Mobile,0
S0000676,2025-10-02,C00856,Paid Search,Mobile,0
S0000677,2025-11-19,C00426,Social Media,Mobile,0
S0000678,2025-03-23,C00747,Organic Search,Mobile,0
S0000679,2025-06-30,C00712,Organic Search,Mobile,0
S0000680,2025-11-16,C00753,Direct,Tablet,0
S0000681,2025-03-24,C00718,Direct,Mobile,0
S0000682,2025-10-30,C00131,Social Media,Mobile,0
S0000683,2025-09-19,C00351,Referral,Mobile,1
S0000684,2025-09-29,C00668,Paid Search,Desktop,0
S0000685,2025-07-19,C00068,Paid Search,Mobile,0
S0000686,2025-08-28,C01161,Social Media,Mobile,0
S0000687,2025-06-29,C00609,Direct,Mobile,0
S0000688,2025-06-20,C00612,Organic Search,Mobile,0
S0000689,2025-10-22,C00427,Organic Search,Desktop,0
S0000690,2025-06-26,C00876,Paid Search,Desktop,0
S0000691,2025-08-25,C00926,Direct,Desktop,0
S0000692,2025-05-18,C00360,Referral,Mobile,1
S0000693,2025-11-23,C00855,Social Media,Desktop,0
S0000694,2025-11-07,C01041,Direct,Mobile,0
S0000695,2025-05-09,C00878,Direct,Desktop,0
S0000696,2025-02-18,C01020,Paid Search,Mobile,0
S0000697,2025-06-13,C01196,Email,Mobile,0
S0000698,2025-10-04,C00663,Paid Search,Desktop,1
S0000699,2025-10-20,C00996,Paid Search,Desktop,0
S0000700,2025-04-26,C00659,Email,Mobile,0
S0000701,2025-01-24,C00834,Paid Search,Desktop,0
S0000702,2025-11-07,C00108,Organic Search,Mobile,0
S0000703,2025-01-25,C01191,Paid Search,Mobile,0
S0000704,2025-05-07,C00574,Social Media,Desktop,0
S0000705,2025-08-22,C00137,Social Media,Mobile,0
S0000706,2025-07-28,C01200,Email,Desktop,0
S0000707,2025-04-03,C00642,Organic Search,Mobile,0
S0000708,2025-04-04,C00679,Paid Search,Mobile,0
S0000709,2025-11-23,C00935,Paid Search,Mobile,0
S0000710,2025-08-13,C00340,Referral,Mobile,0
S0000711,2025-10-07,C00774,Social Media,Tablet,0
S0000712,2025-01-11,C01024,Organic Search,Mobile,0
S0000713,2025-11-25,C00095,Social Media,Desktop,0
S0000714,2025-01-12,C01118,Social Media,Mobile,0
S0000715,2025-02-04,C00614,Social Media,Desktop,0
S0000716,2025-08-16,C00835,Paid Search,Desktop,0
S0000717,2025-08-08,C00799,Direct,Mobile,0
S0000718,2025-05-21,C00376,Referral,Mobile,0
S0000719,2025-01-23,C00065,Organic Search,Desktop,0
S0000720,2025-03-24,C00210,Paid Search,Mobile,0
S0000721,2025-08-17,C00952,Social Media,Mobile,0
S0000722,2025-12-10,C00334,Paid Search,Mobile,0
S0000723,2025-03-21,C00324,Email,Mobile,0
S0000724,2025-12-19,C00358,Social Media,Mobile,0
S0000725,2025-10-17,C00460,Social Media,Mobile,0
S0000726,2025-11-27,C00358,Social Media,Mobile,0
S0000727,2025-06-08,C00577,Referral,Mobile,0
S0000728,2025-05-08,C00783,Social Media,Tablet,0
S0000729,2025-07-09,C00276,Organic Search,Desktop,0
S0000730,2025-01-31,C00775,Social Media,Mobile,0
S0000731,2025-12-25,C00197,Direct,Desktop,0
S0000732,2025-01-15,C00602,Direct,Mobile,0
S0000733,2025-11-09,C00540,Paid Search,Mobile,0
S0000734,2025-03-16,C00966,Social Media,Desktop,0
S0000735,2025-02-03,C00646,Paid Search,Desktop,0
S0000736,2025-12-25,C00270,Organic Search,Desktop,0
S0000737,2025-07-15,C00674,Organic Search,Mobile,0
S0000738,2025-11-27,C01148,Paid Search,Mobile,0
S0000739,2025-01-29,C01119,Email,Mobile,0
S0000740,2025-07-13,C00465,Social Media,Mobile,0
S0000741,2025-01-16,C00601,Organic Search,Mobile,0
S0000742,2025-03-18,C00137,Social Media,Mobile,1
S0000743,2025-10-20,C00712,Organic Search,Mobile,0
S0000744,2025-03-22,C00714,Direct,Desktop,0
S0000745,2025-05-04,C00696,Referral,Mobile,0
S0000746,2025-01-19,C01127,Referral,Desktop,0
S0000747,2025-04-12,C00659,Email,Mobile,0
S0000748,2025-03-18,C00015,Social Media,Mobile,0
S0000749,2025-08-17,C00091,Paid Search,Mobile,1
S0000750,2025-10-24,C00184,Organic Search,Mobile,0
S0000751,2025-07-22,C00619,Paid Search,Desktop,0
S0000752,2025-03-02,C00937,Paid Search,Mobile,1
S0000753,2025-01-26,C00130,Organic Search,Mobile,0
S0000754,2025-03-12,C00589,Paid Search,Desktop,0
S0000755,2025-04-13,C00867,Social Media,Mobile,0
S0000756,2025-11-22,C00868,Social Media,Desktop,0
S0000757,2025-12-29,C01157,Paid Search,Mobile,0
S0000758,2025-06-06,C00198,Organic Search,Desktop,0
S0000759,2025-12-29,C00111,Organic Search,Mobile,0
S0000760,2025-12-25,C00006,Organic Search,Mobile,0
S0000761,2025-07-13,C00660,Social Media,Mobile,0
S0000762,2025-10-02,C00798,Direct,Desktop,0
S0000763,2025-11-20,C00209,Direct,Mobile,0
S0000764,2025-07-05,C00927,Paid Search,Desktop,0
S0000765,2025-11-22,C00552,Direct,Mobile,0
S0000766,2025-04-23,C00742,Referral,Mobile,0
S0000767,2025-11-09,C00752,Direct,Desktop,0
S0000768,2025-06-14,C00426,Social Media,Mobile,0
S0000769,2025-03-02,C00596,Email,Mobile,0
S0000770,2025-04-02,C00559,Organic Search,Mobile,0
S0000771,2025-10-13,C00034,Social Media,Desktop,0
S0000772,2025-06-02,C00334,Paid Search,Mobile,0
S0000773,2025-08-13,C01043,Direct,Desktop,0
S0000774,2025-05-07,C00184,Organic Search,Desktop,0
S0000775,2025-07-12,C00383,Email,Mobile,0
S0000776,2025-04-25,C00834,Paid Search,Mobile,1
S0000777,2025-09-19,C01168,Paid Search,Mobile,0
S0000778,2025-01-18,C00953,Organic Search,Mobile,1
S0000779,2025-01-10,C00357,Email,Mobile,0
S0000780,2025-04-02,C00072,Paid Search,Desktop,0
S0000781,2025-05-19,C00637,Social Media,Mobile,0
S0000782,2025-11-29,C00248,Direct,Mobile,0
S0000783,2025-12-23,C01176,Email,Mobile,0
S0000784,2025-12-06,C00758,Organic Search,Desktop,0
S0000785,2025-02-21,C00955,Direct,Tablet,0
S0000786,2025-07-14,C00907,Organic Search,Desktop,1
S0000787,2025-07-25,C01187,Paid Search,Tablet,0
S0000788,2025-10-14,C00061,Direct,Tablet,0
S0000789,2025-04-03,C00824,Social Media,Mobile,0
S0000790,2025-11-05,C00868,Social Media,Mobile,0
S0000791,2025-05-25,C00231,Organic Search,Mobile,0
S0000792,2025-03-27,C00748,Organic Search,Desktop,0
S0000793,2025-06-02,C00352,Email,Desktop,1
S0000794,2025-01-02,C00538,Organic Search,Desktop,0
S0000795,2025-12-08,C01140,Social Media,Mobile,0
S0000796,2025-09-17,C00642,Organic Search,Tablet,1
S0000797,2025-06-13,C00738,Direct,Mobile,0
S0000798,2025-01-06,C00747,Organic Search,Mobile,0
S0000799,2025-05-29,C00328,Email,Mobile,0
S0000800,2025-07-24,C00127,Paid Search,Desktop,0
S0000801,2025-04-28,C01195,Email,Mobile,0
S0000802,2025-03-30,C00270,Organic Search,Desktop,0
S0000803,2025-06-03,C00852,Direct,Mobile,0
S0000804,2025-06-16,C00227,Direct,Desktop,0
S0000805,2025-06-10,C00796,Direct,Mobile,0
S0000806,2025-09-27,C00516,Referral,Mobile,0
S0000807,2025-02-25,C00891,Social Media,Desktop,1
S0000808,2025-08-16,C01073,Organic Search,Desktop,0
S0000809,2025-12-03,C01019,Direct,Mobile,0
S0000810,2025-05-29,C00040,Paid Search,Mobile,0
S0000811,2025-02-15,C00462,Organic Search,Mobile,0
S0000812,2025-05-24,C00158,Referral,Desktop,0
S0000813,2025-08-26,C00056,Direct,Desktop,0
S0000814,2025-09-29,C00531,Organic Search,Mobile,0
S0000815,2025-04-30,C00786,Organic Search,Mobile,0
S0000816,2025-12-06,C00685,Social Media,Tablet,0
S0000817,2025-08-08,C00962,Social Media,Mobile,0
S0000818,2025-01-08,C00535,Paid Search,Mobile,0
S0000819,2025-12-10,C00399,Social Media,Mobile,0
S0000820,2025-10-02,C00867,Social Media,Mobile,0
S0000821,2025-12-19,C00977,Organic Search,Mobile,0
S0000822,2025-03-07,C01049,Paid Search,Desktop,0
S0000823,2025-03-20,C00551,Organic Search,Mobile,0
S0000824,2025-03-27,C00175,Paid Search,Mobile,0
S0000825,2025-05-04,C01108,Direct,Desktop,0
S0000826,2025-07-21,C01083,Paid Search,Mobile,0
S0000827,2025-05-30,C00006,Organic Search,Mobile,0
S0000828,2025-02-15,C01057,Social Media,Mobile,0
S0000829,2025-04-23,C00180,Referral,Mobile,0
S0000830,2025-04-01,C00473,Paid Search,Mobile,0
S0000831,2025-05-21,C00970,Social Media,Mobile,0
S0000832,2025-10-16,C00328,Email,Mobile,0
S0000833,2025-08-06,C00193,Organic Search,Mobile,0
S0000834,2025-03-18,C00341,Organic Search,Mobile,0
S0000835,2025-11-30,C00906,Direct,Mobile,0
S0000836,2025-06-01,C00953,Organic Search,Desktop,0
S0000837,2025-11-19,C00202,Email,Mobile,1
S0000838,2025-08-27,C01031,Organic Search,Mobile,0
S0000839,2025-04-25,C00853,Direct,Mobile,0
S0000840,2025-11-15,C01045,Organic Search,Mobile,0
S0000841,2025-04-04,C00084,Direct,Desktop,0
S0000842,2025-02-17,C00141,Paid Search,Mobile,0
S0000843,2025-07-10,C00353,Paid Search,Mobile,0
S0000844,2025-01-12,C00104,Organic Search,Desktop,0
S0000845,2025-06-05,C00291,Social Media,Mobile,0
S0000846,2025-06-21,C00111,Organic Search,Mobile,0
S0000847,2025-10-23,C01064,Social Media,Mobile,0
S0000848,2025-06-26,C00490,Referral,Desktop,0
S0000849,2025-12-07,C00230,Paid Search,Mobile,0
S0000850,2025-02-26,C01055,Direct,Desktop,0
S0000851,2025-12-09,C01151,Organic Search,Mobile,0
S0000852,2025-12-06,C00524,Direct,Mobile,1
S0000853,2025-07-22,C00975,Paid Search,Mobile,0
S0000854,2025-07-04,C00071,Paid Search,Desktop,0
S0000855,2025-05-01,C00290,Referral,Desktop,0
S0000856,2025-08-14,C00698,Paid Search,Tablet,0
S0000857,2025-07-21,C00035,Organic Search,Mobile,0
S0000858,2025-11-26,C00382,Social Media,Mobile,0
S0000859,2025-12-29,C00337,Email,Mobile,0
S0000860,2025-12-22,C00200,Direct,Mobile,0
S0000861,2025-08-04,C00255,Organic Search,Mobile,0
S0000862,2025-02-12,C00458,Paid Search,Desktop,0
S0000863,2025-01-23,C00196,Social Media,Mobile,1
S0000864,2025-06-04,C01009,Referral,Desktop,0
S0000865,2025-07-05,C00430,Paid Search,Mobile,0
S0000866,2025-09-06,C00460,Social Media,Tablet,0
S0000867,2025-08-25,C00122,Organic Search,Desktop,0
S0000868,2025-10-20,C00969,Organic Search,Mobile,0
S0000869,2025-05-14,C00681,Email,Desktop,0
S0000870,2025-11-17,C00187,Referral,Mobile,0
S0000871,2025-01-22,C00457,Direct,Mobile,0
S0000872,2025-12-27,C00712,Organic Search,Mobile,0
S0000873,2025-03-29,C00477,Organic Search,Mobile,0
S0000874,2025-06-02,C00335,Direct,Desktop,0
S0000875,2025-05-05,C00097,Paid Search,Mobile,0
S0000876,2025-03-20,C00686,Paid Search,Desktop,0
S0000877,2025-12-12,C00997,Paid Search,Mobile,0
S0000878,2025-02-20,C01133,Direct,Mobile,0
S0000879,2025-08-04,C00590,Social Media,Mobile,0
S0000880,2025-06-25,C00167,Email,Mobile,0
S0000881,2025-12-24,C00926,Direct,Mobile,0
S0000882,2025-09-10,C00110,Social Media,Mobile,0
S0000883,2025-09-03,C00090,Organic Search,Mobile,1
S0000884,2025-08-15,C00217,Social Media,Desktop,0
S0000885,2025-04-16,C00549,Paid Search,Mobile,0
S0000886,2025-07-12,C00774,Social Media,Mobile,0
S0000887,2025-11-12,C00692,Email,Desktop,0
S0000888,2025-10-29,C00437,Organic Search,Mobile,0
S0000889,2025-02-05,C01178,Organic Search,Mobile,0
S0000890,2025-07-23,C00503,Referral,Desktop,0
S0000891,2025-09-24,C00682,Social Media,Mobile,0
S0000892,2025-09-25,C00206,Social Media,Mobile,0
S0000893,2025-06-19,C00555,Social Media,Mobile,0
S0000894,2025-02-08,C00773,Email,Mobile,0
S0000895,2025-05-19,C01188,Email,Mobile,0
S0000896,2025-10-19,C00272,Paid Search,Desktop,0
S0000897,2025-02-21,C00170,Email,Desktop,0
S0000898,2025-10-14,C01079,Paid Search,Mobile,0
S0000899,2025-10-16,C01200,Email,Desktop,0
S0000900,2025-05-21,C00526,Direct,Mobile,0
S0000901,2025-05-26,C01196,Email,Mobile,1
S0000902,2025-11-10,C00900,Referral,Mobile,0
S0000903,2025-07-03,C00604,Social Media,Mobile,1
S0000904,2025-06-01,C00301,Organic Search,Desktop,0
S0000905,2025-07-20,C00113,Social Media,Mobile,0
S0000906,2025-05-08,C00514,Organic Search,Desktop,0
S0000907,2025-10-14,C00628,Email,Tablet,0
S0000908,2025-11-07,C00221,Social Media,Mobile,0
S0000909,2025-09-10,C00739,Paid Search,Mobile,0
S0000910,2025-09-23,C01166,Direct,Mobile,0
S0000911,2025-07-07,C00004,Paid Search,Desktop,0
S0000912,2025-08-18,C00787,Email,Mobile,0
S0000913,2025-09-28,C00581,Organic Search,Mobile,0
S0000914,2025-09-16,C00625,Direct,Mobile,0
S0000915,2025-10-26,C00744,Paid Search,Mobile,0
S0000916,2025-07-17,C01059,Paid Search,Mobile,0
S0000917,2025-11-19,C00599,Social Media,Desktop,0
S0000918,2025-02-25,C00328,Email,Mobile,0
S0000919,2025-11-15,C01048,Direct,Desktop,0
S0000920,2025-07-22,C01094,Organic Search,Desktop,0
S0000921,2025-09-28,C00807,Social Media,Mobile,0
S0000922,2025-04-19,C00652,Paid Search,Desktop,0
S0000923,2025-04-26,C01148,Paid Search,Mobile,0
S0000924,2025-04-02,C00051,Referral,Mobile,0
S0000925,2025-05-18,C00169,Organic Search,Mobile,0
S0000926,2025-10-30,C01143,Social Media,Mobile,0
S0000927,2025-02-26,C00157,Referral,Mobile,0
S0000928,2025-02-19,C00201,Social Media,Mobile,0
S0000929,2025-03-12,C00895,Organic Search,Desktop,0
S0000930,2025-03-23,C01023,Direct,Mobile,0
S0000931,2025-04-15,C01080,Organic Search,Mobile,1
S0000932,2025-03-29,C00440,Paid Search,Mobile,0
S0000933,2025-01-02,C00991,Email,Desktop,0
S0000934,2025-12-26,C00272,Paid Search,Desktop,0
S0000935,2025-03-25,C00904,Direct,Desktop,0
S0000936,2025-02-12,C00742,Referral,Mobile,0
S0000937,2025-06-03,C00311,Organic Search,Mobile,0
S0000938,2025-11-23,C00237,Paid Search,Mobile,0
S0000939,2025-04-04,C00650,Social Media,Tablet,0
S0000940,2025-10-25,C00004,Paid Search,Desktop,0
S0000941,2025-05-13,C01080,Organic Search,Desktop,0
S0000942,2025-03-06,C00564,Direct,Desktop,0
S0000943,2025-10-17,C00382,Social Media,Mobile,1
S0000944,2025-09-14,C00282,Organic Search,Mobile,0
S0000945,2025-08-01,C00933,Social Media,Desktop,0
S0000946,2025-05-28,C00090,Organic Search,Mobile,0
S0000947,2025-03-02,C00141,Paid Search,Mobile,0
S0000948,2025-05-29,C00708,Paid Search,Mobile,0
S0000949,2025-03-29,C00978,Social Media,Mobile,0
S0000950,2025-11-20,C00107,Email,Desktop,0
S0000951,2025-10-05,C00484,Paid Search,Mobile,0
S0000952,2025-03-23,C01141,Social Media,Desktop,0
S0000953,2025-05-09,C01138,Paid Search,Desktop,0
S0000954,2025-10-13,C00934,Direct,Mobile,0
S0000955,2025-12-19,C00764,Social Media,Mobile,0
S0000956,2025-10-07,C00002,Organic Search,Mobile,0
S0000957,2025-09-27,C01085,Paid Search,Mobile,0
S0000958,2025-10-19,C00943,Email,Mobile,0
S0000959,2025-07-22,C01119,Email,Desktop,0
S0000960,2025-01-24,C00368,Paid Search,Tablet,1
S0000961,2025-12-17,C00464,Social Media,Mobile,0
S0000962,2025-11-07,C00180,Referral,Mobile,0
S0000963,2025-07-27,C00576,Organic Search,Desktop,0
S0000964,2025-10-07,C00757,Paid Search,Desktop,0
S0000965,2025-07-24,C00125,Paid Search,Mobile,0
S0000966,2025-06-01,C00710,Paid Search,Desktop,0
S0000967,2025-01-26,C01155,Direct,Desktop,0
S0000968,2025-07-13,C01185,Email,Mobile,1
S0000969,2025-12-02,C00192,Organic Search,Mobile,0
S0000970,2025-08-26,C00205,Paid Search,Desktop,0
S0000971,2025-11-17,C00554,Email,Mobile,0
S0000972,2025-03-16,C00246,Referral,Mobile,0
S0000973,2025-06-12,C01148,Paid Search,Mobile,0
S0000974,2025-10-26,C00277,Paid Search,Desktop,0
S0000975,2025-01-29,C00005,Organic Search,Mobile,0
S0000976,2025-06-14,C00389,Social Media,Mobile,0
S0000977,2025-12-03,C00654,Organic Search,Mobile,1
S0000978,2025-07-05,C00633,Paid Search,Mobile,0
S0000979,2025-02-23,C00582,Organic Search,Mobile,0
S0000980,2025-10-22,C00930,Referral,Desktop,0
S0000981,2025-02-11,C00911,Paid Search,Mobile,0
S0000982,2025-10-12,C00026,Referral,Mobile,0
S0000983,2025-05-18,C01158,Email,Desktop,1
S0000984,2025-07-06,C00442,Social Media,Mobile,0
S0000985,2025-07-23,C00304,Direct,Mobile,0
S0000986,2025-02-11,C00402,Social Media,Desktop,0
S0000987,2025-12-16,C00066,Paid Search,Desktop,0
S0000988,2025-10-15,C00166,Organic Search,Desktop,0
S0000989,2025-01-26,C00942,Email,Mobile,0
S0000990,2025-02-25,C00771,Organic Search,Mobile,0
S0000991,2025-09-10,C00274,Paid Search,Mobile,0
S0000992,2025-05-02,C00466,Direct,Mobile,0
S0000993,2025-04-16,C01057,Social Media,Desktop,0
S0000994,2025-05-10,C01020,Paid Search,Desktop,0
S0000995,2025-12-03,C00350,Social Media,Mobile,0
S0000996,2025-06-07,C00984,Referral,Mobile,0
S0000997,2025-08-19,C01174,Organic Search,Desktop,0
S0000998,2025-11-04,C00996,Paid Search,Mobile,0
S0000999,2025-04-01,C00278,Direct,Mobile,0
S0001000,2025-01-22,C00343,Paid Search,Mobile,0
S0001001,2025-10-17,C01106,Social Media,Desktop,0
S0001002,2025-04-20,C00885,Paid Search,Desktop,0
S0001003,2025-02-18,C00160,Organic Search,Mobile,1
S0001004,2025-05-09,C00622,Email,Desktop,0
S0001005,2025-03-14,C01166,Direct,Tablet,0
S0001006,2025-12-06,C00367,Email,Mobile,0
S0001007,2025-02-22,C00334,Paid Search,Tablet,0
S0001008,2025-12-22,C00596,Email,Desktop,0
S0001009,2025-06-17,C00738,Direct,Mobile,0
S0001010,2025-02-14,C00077,Paid Search,Mobile,0
S0001011,2025-04-15,C01169,Organic Search,Mobile,0
S0001012,2025-05-30,C00158,Referral,Mobile,0
S0001013,2025-05-26,C01107,Paid Search,Mobile,0
S0001014,2025-07-23,C00185,Paid Search,Desktop,0
S0001015,2025-12-28,C01159,Organic Search,Mobile,0
S0001016,2025-10-26,C01038,Organic Search,Mobile,0
S0001017,2025-06-16,C00219,Organic Search,Mobile,0
S0001018,2025-07-20,C00734,Paid Search,Desktop,0
S0001019,2025-05-14,C00116,Organic Search,Desktop,1
S0001020,2025-07-30,C01096,Referral,Mobile,0
S0001021,2025-02-17,C00763,Paid Search,Mobile,0
S0001022,2025-05-06,C00043,Direct,Desktop,0
S0001023,2025-08-27,C00956,Organic Search,Mobile,0
S0001024,2025-01-07,C00122,Organic Search,Mobile,0
S0001025,2025-09-29,C00259,Organic Search,Mobile,0
S0001026,2025-02-06,C00797,Direct,Mobile,0
S0001027,2025-07-30,C00966,Social Media,Mobile,0
S0001028,2025-06-14,C00051,Referral,Tablet,0
S0001029,2025-05-05,C00040,Paid Search,Mobile,0
S0001030,2025-12-03,C00842,Referral,Desktop,0
S0001031,2025-07-11,C00715,Direct,Mobile,0
S0001032,2025-08-06,C00640,Social Media,Mobile,0
S0001033,2025-08-02,C00973,Organic Search,Tablet,0
S0001034,2025-03-03,C00485,Organic Search,Mobile,0
S0001035,2025-11-24,C00924,Email,Tablet,0
S0001036,2025-06-10,C00187,Referral,Desktop,1
S0001037,2025-03-07,C01120,Paid Search,Mobile,0
S0001038,2025-10-13,C00750,Organic Search,Mobile,1
S0001039,2025-08-27,C00796,Direct,Mobile,0
S0001040,2025-01-20,C00098,Referral,Desktop,0
S0001041,2025-07-07,C00220,Organic Search,Mobile,0
S0001042,2025-03-23,C00160,Organic Search,Mobile,0
S0001043,2025-12-29,C00394,Social Media,Mobile,0
S0001044,2025-07-21,C00972,Social Media,Tablet,0
S0001045,2025-05-12,C00677,Organic Search,Desktop,0
S0001046,2025-02-06,C00192,Organic Search,Mobile,0
S0001047,2025-05-12,C01068,Direct,Desktop,0
S0001048,2025-03-18,C00422,Organic Search,Tablet,0
S0001049,2025-03-30,C00178,Organic Search,Mobile,0
S0001050,2025-09-10,C00780,Referral,Mobile,0
S0001051,2025-12-10,C00903,Email,Mobile,0
S0001052,2025-07-13,C00076,Direct,Mobile,0
S0001053,2025-06-25,C00931,Social Media,Desktop,0
S0001054,2025-02-02,C01141,Social Media,Desktop,0
S0001055,2025-02-27,C00358,Social Media,Desktop,0
S0001056,2025-07-20,C00328,Email,Desktop,0
S0001057,2025-01-28,C00313,Social Media,Mobile,0
S0001058,2025-02-04,C00668,Paid Search,Mobile,0
S0001059,2025-05-05,C00806,Organic Search,Mobile,0
S0001060,2025-11-17,C00571,Paid Search,Mobile,0
S0001061,2025-02-11,C00456,Referral,Desktop,0
S0001062,2025-03-26,C00886,Paid Search,Mobile,0
S0001063,2025-07-07,C00609,Direct,Mobile,0
S0001064,2025-04-21,C00110,Social Media,Mobile,0
S0001065,2025-09-28,C00693,Social Media,Mobile,0
S0001066,2025-11-21,C00578,Direct,Mobile,0
S0001067,2025-04-15,C00418,Direct,Mobile,0
S0001068,2025-11-16,C00524,Direct,Mobile,0
S0001069,2025-02-10,C00926,Direct,Desktop,0
S0001070,2025-08-03,C00258,Social Media,Mobile,0
S0001071,2025-03-12,C00987,Social Media,Mobile,0
S0001072,2025-02-25,C01010,Organic Search,Mobile,0
S0001073,2025-08-24,C00902,Social Media,Mobile,0
S0001074,2025-10-08,C00569,Social Media,Desktop,0
S0001075,2025-04-15,C00687,Referral,Desktop,0
S0001076,2025-06-11,C00293,Paid Search,Mobile,0
S0001077,2025-07-10,C00350,Social Media,Desktop,0
S0001078,2025-01-09,C00738,Direct,Mobile,0
S0001079,2025-03-01,C00875,Organic Search,Mobile,0
S0001080,2025-11-01,C00302,Paid Search,Mobile,0
S0001081,2025-08-13,C00922,Social Media,Mobile,0
S0001082,2025-11-03,C00769,Direct,Mobile,0
S0001083,2025-07-07,C00988,Social Media,Mobile,0
S0001084,2025-03-11,C00816,Organic Search,Mobile,0
S0001085,2025-10-20,C00388,Paid Search,Mobile,0
S0001086,2025-10-14,C01048,Direct,Desktop,0
S0001087,2025-06-18,C00455,Organic Search,Mobile,1
S0001088,2025-03-03,C00877,Paid Search,Mobile,1
S0001089,2025-12-15,C00713,Referral,Mobile,0
S0001090,2025-01-14,C00703,Email,Mobile,0
S0001091,2025-06-13,C01160,Referral,Mobile,0
S0001092,2025-09-02,C00380,Referral,Desktop,0
S0001093,2025-12-01,C00197,Direct,Desktop,0
S0001094,2025-01-08,C00652,Paid Search,Mobile,0
S0001095,2025-06-03,C00376,Referral,Mobile,0
S0001096,2025-02-05,C00192,Organic Search,Mobile,0
S0001097,2025-02-17,C00535,Paid Search,Mobile,0
S0001098,2025-03-26,C00953,Organic Search,Mobile,0
S0001099,2025-01-28,C00125,Paid Search,Desktop,0
S0001100,2025-07-15,C00852,Direct,Desktop,0
S0001101,2025-07-27,C00055,Paid Search,Mobile,0
S0001102,2025-07-23,C01049,Paid Search,Mobile,0
S0001103,2025-11-03,C01080,Organic Search,Desktop,0
S0001104,2025-04-14,C00757,Paid Search,Desktop,1
S0001105,2025-08-18,C01030,Organic Search,Desktop,0
S0001106,2025-04-11,C00460,Social Media,Mobile,0
S0001107,2025-01-29,C00657,Direct,Mobile,0
S0001108,2025-05-07,C01151,Organic Search,Mobile,0
S0001109,2025-12-04,C00920,Email,Mobile,0
S0001110,2025-01-10,C00990,Email,Mobile,1
S0001111,2025-04-16,C00716,Organic Search,Desktop,0
S0001112,2025-06-16,C00332,Direct,Desktop,0
S0001113,2025-09-14,C00119,Direct,Desktop,0
S0001114,2025-10-22,C00622,Email,Mobile,0
S0001115,2025-10-04,C01086,Organic Search,Mobile,0
S0001116,2025-03-06,C00978,Social Media,Mobile,0
S0001117,2025-09-28,C01055,Direct,Mobile,1
S0001118,2025-07-07,C01014,Direct,Desktop,1
S0001119,2025-11-13,C01082,Referral,Mobile,0
S0001120,2025-05-18,C00928,Social Media,Mobile,0
S0001121,2025-12-09,C00883,Organic Search,Desktop,0
S0001122,2025-04-15,C00986,Organic Search,Desktop,0
S0001123,2025-02-03,C00651,Referral,Mobile,0
S0001124,2025-04-20,C01048,Direct,Mobile,0
S0001125,2025-02-02,C01086,Organic Search,Mobile,0
S0001126,2025-12-20,C00828,Social Media,Tablet,0
S0001127,2025-08-19,C01070,Direct,Desktop,0
S0001128,2025-11-13,C00536,Direct,Mobile,0
S0001129,2025-09-23,C00221,Social Media,Desktop,0
S0001130,2025-07-01,C00456,Referral,Desktop,0
S0001131,2025-12-06,C00326,Paid Search,Desktop,0
S0001132,2025-03-06,C00846,Organic Search,Mobile,0
S0001133,2025-11-29,C01153,Referral,Mobile,0
S0001134,2025-01-01,C00317,Referral,Mobile,1
S0001135,2025-05-13,C00351,Referral,Mobile,0
S0001136,2025-03-21,C00217,Social Media,Mobile,0
S0001137,2025-09-28,C00018,Direct,Desktop,0
S0001138,2025-08-29,C00754,Direct,Desktop,0
S0001139,2025-01-28,C00790,Social Media,Mobile,1
S0001140,2025-08-11,C00152,Organic Search,Desktop,0
S0001141,2025-01-23,C01146,Paid Search,Desktop,0
S0001142,2025-04-19,C00719,Organic Search,Mobile,1
S0001143,2025-04-17,C00751,Organic Search,Mobile,0
S0001144,2025-05-25,C00371,Organic Search,Mobile,0
S0001145,2025-12-20,C00504,Direct,Mobile,0
S0001146,2025-05-19,C00454,Organic Search,Desktop,0
S0001147,2025-10-11,C00042,Direct,Mobile,0
S0001148,2025-10-25,C00639,Referral,Desktop,0
S0001149,2025-04-09,C00561,Paid Search,Desktop,0
S0001150,2025-11-13,C00222,Email,Desktop,0
S0001151,2025-05-03,C00988,Social Media,Mobile,0
S0001152,2025-11-16,C01156,Paid Search,Desktop,0
S0001153,2025-10-14,C00592,Email,Mobile,1
S0001154,2025-03-22,C00118,Email,Mobile,0
S0001155,2025-01-10,C01010,Organic Search,Mobile,0
S0001156,2025-01-08,C00030,Social Media,Mobile,0
S0001157,2025-07-24,C00455,Organic Search,Mobile,0
S0001158,2025-11-11,C01074,Paid Search,Desktop,0
S0001159,2025-07-16,C00546,Social Media,Mobile,0
S0001160,2025-07-17,C00188,Referral,Mobile,0
S0001161,2025-01-30,C00389,Social Media,Desktop,0
S0001162,2025-01-20,C00509,Organic Search,Desktop,0
S0001163,2025-02-17,C00993,Organic Search,Mobile,0
S0001164,2025-05-10,C00942,Email,Mobile,0
S0001165,2025-10-20,C00542,Direct,Mobile,0
S0001166,2025-05-12,C00940,Organic Search,Mobile,0
S0001167,2025-12-22,C01131,Social Media,Mobile,0
S0001168,2025-02-23,C00480,Social Media,Mobile,0
S0001169,2025-10-08,C00217,Social Media,Tablet,0
S0001170,2025-09-22,C01170,Social Media,Desktop,0
S0001171,2025-08-03,C00917,Referral,Mobile,0
S0001172,2025-10-17,C00347,Social Media,Mobile,0
S0001173,2025-02-12,C00848,Organic Search,Desktop,0
S0001174,2025-03-15,C00173,Direct,Mobile,0
S0001175,2025-12-16,C00819,Organic Search,Desktop,0
S0001176,2025-10-05,C00907,Organic Search,Mobile,0
S0001177,2025-11-22,C00106,Social Media,Mobile,0
S0001178,2025-08-30,C00947,Organic Search,Mobile,1
S0001179,2025-05-10,C01052,Social Media,Mobile,0
S0001180,2025-12-16,C00759,Direct,Desktop,0
S0001181,2025-07-13,C00816,Organic Search,Mobile,0
S0001182,2025-02-01,C00147,Paid Search,Mobile,0
S0001183,2025-04-16,C00774,Social Media,Mobile,0
S0001184,2025-07-23,C01079,Paid Search,Desktop,0
S0001185,2025-01-01,C00500,Organic Search,Desktop,0
S0001186,2025-09-02,C00084,Direct,Mobile,0
S0001187,2025-03-13,C00128,Paid Search,Desktop,0
S0001188,2025-11-02,C00206,Social Media,Mobile,0
S0001189,2025-01-15,C00307,Email,Desktop,0
S0001190,2025-02-22,C00272,Paid Search,Desktop,0
S0001191,2025-01-08,C00347,Social Media,Desktop,0
S0001192,2025-11-26,C01147,Social Media,Desktop,0
S0001193,2025-02-15,C00086,Direct,Mobile,0
S0001194,2025-11-21,C00074,Direct,Mobile,0
S0001195,2025-04-24,C00157,Referral,Desktop,0
S0001196,2025-05-27,C01119,Email,Desktop,0
S0001197,2025-06-15,C00776,Social Media,Mobile,0
S0001198,2025-05-19,C00551,Organic Search,Desktop,1
S0001199,2025-04-27,C00230,Paid Search,Mobile,0
S0001200,2025-10-26,C00783,Social Media,Desktop,0
S0001201,2025-10-03,C00894,Social Media,Mobile,0
S0001202,2025-10-04,C00977,Organic Search,Desktop,0
S0001203,2025-12-04,C00082,Organic Search,Desktop,0
S0001204,2025-11-09,C00226,Social Media,Mobile,0
S0001205,2025-06-27,C00625,Direct,Mobile,0
S0001206,2025-11-26,C00872,Social Media,Mobile,0
S0001207,2025-12-20,C00368,Paid Search,Mobile,0
S0001208,2025-06-03,C00311,Organic Search,Mobile,0
S0001209,2025-07-20,C01163,Referral,Mobile,1
S0001210,2025-04-25,C00277,Paid Search,Desktop,0
S0001211,2025-06-08,C00675,Paid Search,Mobile,0
S0001212,2025-02-11,C00791,Organic Search,Mobile,0
S0001213,2025-09-04,C00914,Direct,Mobile,1
S0001214,2025-03-09,C00129,Direct,Desktop,0
S0001215,2025-11-22,C00993,Organic Search,Mobile,0
S0001216,2025-11-30,C00320,Paid Search,Desktop,0
S0001217,2025-07-15,C00519,Organic Search,Desktop,0
S0001218,2025-03-31,C00800,Social Media,Mobile,0
S0001219,2025-04-21,C00074,Direct,Tablet,1
S0001220,2025-12-25,C00565,Social Media,Desktop,0
S0001221,2025-05-25,C00321,Organic Search,Desktop,0
S0001222,2025-10-02,C00172,Organic Search,Desktop,0
S0001223,2025-06-28,C00291,Social Media,Desktop,0
S0001224,2025-08-29,C00540,Paid Search,Desktop,0
S0001225,2025-11-22,C00104,Organic Search,Mobile,0
S0001226,2025-11-15,C00956,Organic Search,Desktop,0
S0001227,2025-11-27,C00674,Organic Search,Mobile,1
S0001228,2025-06-02,C00350,Social Media,Mobile,0
S0001229,2025-04-14,C00516,Referral,Desktop,0
S0001230,2025-03-16,C00284,Organic Search,Mobile,0
S0001231,2025-05-08,C00502,Direct,Tablet,0
S0001232,2025-07-18,C00368,Paid Search,Mobile,0
S0001233,2025-06-03,C00949,Social Media,Desktop,1
S0001234,2025-02-25,C00589,Paid Search,Mobile,0
S0001235,2025-10-05,C01020,Paid Search,Desktop,0
S0001236,2025-12-11,C00398,Direct,Mobile,0
S0001237,2025-01-19,C00317,Referral,Mobile,0
S0001238,2025-06-08,C00185,Paid Search,Desktop,0
S0001239,2025-01-26,C00267,Organic Search,Mobile,0
S0001240,2025-06-18,C00217,Social Media,Desktop,0
S0001241,2025-01-23,C00851,Email,Mobile,0
S0001242,2025-02-16,C00947,Organic Search,Mobile,0
S0001243,2025-01-13,C01061,Organic Search,Desktop,0
S0001244,2025-08-05,C00365,Email,Mobile,0
S0001245,2025-11-18,C01002,Organic Search,Mobile,0
S0001246,2025-07-13,C01022,Social Media,Desktop,0
S0001247,2025-05-24,C00127,Paid Search,Mobile,0
S0001248,2025-03-14,C00613,Social Media,Mobile,0
S0001249,2025-06-05,C00472,Paid Search,Mobile,0
S0001250,2025-03-18,C01185,Email,Desktop,0
S0001251,2025-06-18,C00855,Social Media,Mobile,0
S0001252,2025-10-14,C00920,Email,Desktop,0
S0001253,2025-03-26,C00895,Organic Search,Mobile,0
S0001254,2025-07-01,C00775,Social Media,Mobile,0
S0001255,2025-11-11,C00321,Organic Search,Desktop,0
S0001256,2025-10-24,C00890,Organic Search,Desktop,0
S0001257,2025-04-22,C00639,Referral,Desktop,0
S0001258,2025-08-18,C00144,Social Media,Desktop,0
S0001259,2025-04-06,C00086,Direct,Mobile,0
S0001260,2025-06-17,C01010,Organic Search,Mobile,0
S0001261,2025-06-05,C00850,Referral,Mobile,0
S0001262,2025-04-15,C00672,Direct,Desktop,0
S0001263,2025-07-12,C00657,Direct,Desktop,0
S0001264,2025-11-26,C00543,Direct,Desktop,0
S0001265,2025-05-12,C00834,Paid Search,Mobile,0
S0001266,2025-12-21,C00946,Organic Search,Desktop,0
S0001267,2025-05-18,C00242,Organic Search,Mobile,0
S0001268,2025-11-27,C00923,Social Media,Mobile,0
S0001269,2025-09-27,C00405,Paid Search,Mobile,0
S0001270,2025-02-07,C00954,Referral,Mobile,0
S0001271,2025-02-14,C01192,Email,Mobile,1
S0001272,2025-06-12,C00358,Social Media,Mobile,0
S0001273,2025-11-27,C00951,Email,Desktop,1
S0001274,2025-09-10,C00300,Social Media,Desktop,1
S0001275,2025-06-18,C00356,Paid Search,Desktop,0
S0001276,2025-10-12,C00774,Social Media,Mobile,0
S0001277,2025-10-01,C00657,Direct,Mobile,0
S0001278,2025-01-20,C01095,Email,Desktop,1
S0001279,2025-08-27,C00263,Organic Search,Mobile,0
S0001280,2025-09-27,C00625,Direct,Desktop,0
S0001281,2025-11-06,C00594,Organic Search,Tablet,0
S0001282,2025-01-31,C00626,Social Media,Mobile,1
S0001283,2025-11-10,C00564,Direct,Desktop,0
S0001284,2025-04-14,C00388,Paid Search,Desktop,0
S0001285,2025-06-19,C00062,Organic Search,Desktop,0
S0001286,2025-07-05,C00319,Organic Search,Desktop,0
S0001287,2025-05-08,C00615,Paid Search,Mobile,0
S0001288,2025-07-29,C00852,Direct,Mobile,0
S0001289,2025-10-08,C01154,Paid Search,Mobile,0
S0001290,2025-09-10,C00413,Organic Search,Mobile,0
S0001291,2025-01-19,C01133,Direct,Mobile,0
S0001292,2025-07-19,C00441,Organic Search,Mobile,0
S0001293,2025-08-08,C00510,Referral,Mobile,0
S0001294,2025-05-16,C00682,Social Media,Desktop,0
S0001295,2025-08-11,C00448,Organic Search,Mobile,0
S0001296,2025-01-03,C00855,Social Media,Mobile,0
S0001297,2025-08-24,C00332,Direct,Tablet,0
S0001298,2025-12-08,C01073,Organic Search,Mobile,0
S0001299,2025-08-16,C00851,Email,Desktop,0
S0001300,2025-05-22,C00992,Direct,Desktop,0
S0001301,2025-01-09,C00622,Email,Mobile,0
S0001302,2025-07-09,C00305,Direct,Desktop,0
S0001303,2025-12-16,C00453,Organic Search,Desktop,0
S0001304,2025-06-14,C01121,Organic Search,Mobile,0
S0001305,2025-05-19,C00414,Email,Mobile,1
S0001306,2025-10-03,C00956,Organic Search,Desktop,0
S0001307,2025-10-18,C00150,Referral,Desktop,0
S0001308,2025-02-22,C00160,Organic Search,Desktop,0
S0001309,2025-06-24,C00936,Email,Mobile,0
S0001310,2025-04-20,C00017,Email,Mobile,0
S0001311,2025-07-22,C00637,Social Media,Desktop,0
S0001312,2025-05-16,C00236,Organic Search,Desktop,0
S0001313,2025-01-04,C00730,Organic Search,Desktop,0
S0001314,2025-06-04,C01083,Paid Search,Mobile,0
S0001315,2025-06-21,C00780,Referral,Desktop,0
S0001316,2025-12-24,C00434,Paid Search,Mobile,0
S0001317,2025-02-16,C00499,Referral,Mobile,1
S0001318,2025-04-04,C00329,Paid Search,Mobile,0
S0001319,2025-02-17,C00232,Email,Mobile,1
S0001320,2025-08-28,C00948,Direct,Desktop,0
S0001321,2025-12-13,C00830,Direct,Mobile,0
S0001322,2025-08-01,C01182,Paid Search,Desktop,0
S0001323,2025-12-06,C00771,Organic Search,Mobile,0
S0001324,2025-11-20,C00919,Paid Search,Desktop,0
S0001325,2025-05-19,C00747,Organic Search,Mobile,0
S0001326,2025-07-24,C00900,Referral,Desktop,0
S0001327,2025-03-14,C00281,Referral,Mobile,0
S0001328,2025-01-04,C00760,Paid Search,Mobile,0
S0001329,2025-03-17,C01141,Social Media,Desktop,0
S0001330,2025-11-25,C00128,Paid Search,Mobile,0
S0001331,2025-03-18,C01185,Email,Desktop,0
S0001332,2025-10-31,C00604,Social Media,Mobile,0
S0001333,2025-09-13,C00073,Email,Mobile,0
S0001334,2025-04-12,C01000,Organic Search,Mobile,0
S0001335,2025-04-16,C00029,Email,Desktop,0
S0001336,2025-11-29,C00688,Social Media,Mobile,0
S0001337,2025-02-08,C00593,Organic Search,Mobile,0
S0001338,2025-11-10,C00846,Organic Search,Desktop,0
S0001339,2025-10-02,C01134,Referral,Mobile,0
S0001340,2025-03-29,C01078,Referral,Mobile,1
S0001341,2025-07-30,C00405,Paid Search,Desktop,0
S0001342,2025-03-18,C00807,Social Media,Desktop,0
S0001343,2025-03-18,C00855,Social Media,Desktop,0
S0001344,2025-01-28,C00206,Social Media,Mobile,0
S0001345,2025-09-02,C00505,Organic Search,Mobile,0
S0001346,2025-03-07,C00126,Organic Search,Mobile,0
S0001347,2025-09-23,C00469,Social Media,Desktop,0
S0001348,2025-07-24,C01031,Organic Search,Desktop,0
S0001349,2025-02-27,C00975,Paid Search,Tablet,0
S0001350,2025-07-20,C00566,Organic Search,Mobile,1
S0001351,2025-08-13,C00381,Direct,Mobile,0
S0001352,2025-05-22,C00598,Organic Search,Mobile,0
S0001353,2025-03-25,C00453,Organic Search,Mobile,0
S0001354,2025-05-23,C00771,Organic Search,Desktop,0
S0001355,2025-12-18,C00527,Paid Search,Desktop,0
S0001356,2025-02-02,C00230,Paid Search,Mobile,0
S0001357,2025-06-01,C00408,Paid Search,Mobile,0
S0001358,2025-06-07,C00414,Email,Desktop,0
S0001359,2025-05-21,C01037,Organic Search,Desktop,0
S0001360,2025-09-08,C00130,Organic Search,Mobile,0
S0001361,2025-10-30,C00616,Social Media,Desktop,0
S0001362,2025-04-22,C00276,Organic Search,Desktop,0
S0001363,2025-05-24,C00641,Organic Search,Desktop,0
S0001364,2025-07-28,C00105,Email,Mobile,0
S0001365,2025-08-12,C00583,Social Media,Desktop,0
S0001366,2025-02-12,C00532,Organic Search,Mobile,0
S0001367,2025-09-21,C01196,Email,Mobile,0
S0001368,2025-09-01,C00689,Email,Mobile,0
S0001369,2025-01-03,C01041,Direct,Desktop,0
S0001370,2025-05-05,C00992,Direct,Desktop,0
S0001371,2025-09-25,C00332,Direct,Desktop,0
S0001372,2025-03-25,C00684,Email,Desktop,0
S0001373,2025-01-16,C00939,Paid Search,Desktop,0
S0001374,2025-11-30,C01139,Paid Search,Desktop,0
S0001375,2025-02-28,C01113,Organic Search,Mobile,0
S0001376,2025-06-26,C00590,Social Media,Mobile,0
S0001377,2025-03-04,C00605,Organic Search,Mobile,0
S0001378,2025-02-18,C00573,Email,Mobile,0
S0001379,2025-11-03,C00044,Social Media,Mobile,0
S0001380,2025-09-03,C00615,Paid Search,Desktop,0
S0001381,2025-10-16,C00819,Organic Search,Mobile,0
S0001382,2025-10-13,C00970,Social Media,Mobile,0
S0001383,2025-11-28,C00659,Email,Desktop,0
S0001384,2025-01-15,C00762,Organic Search,Mobile,0
S0001385,2025-12-04,C00065,Organic Search,Desktop,0
S0001386,2025-09-12,C00902,Social Media,Desktop,0
S0001387,2025-04-02,C01120,Paid Search,Mobile,0
S0001388,2025-10-06,C00263,Organic Search,Tablet,0
S0001389,2025-07-25,C00883,Organic Search,Mobile,0
S0001390,2025-04-04,C00441,Organic Search,Mobile,0
S0001391,2025-08-13,C00694,Social Media,Desktop,0
S0001392,2025-10-28,C00018,Direct,Mobile,0
S0001393,2025-11-14,C00262,Social Media,Desktop,0
S0001394,2025-07-18,C00720,Referral,Desktop,0
S0001395,2025-09-28,C00686,Paid Search,Desktop,0
S0001396,2025-08-22,C00376,Referral,Desktop,0
S0001397,2025-02-15,C00757,Paid Search,Mobile,0
S0001398,2025-03-05,C00423,Email,Mobile,0
S0001399,2025-08-18,C00999,Organic Search,Desktop,0
S0001400,2025-09-06,C00447,Paid Search,Mobile,0
S0001401,2025-09-03,C00735,Social Media,Mobile,0
S0001402,2025-03-16,C00742,Referral,Mobile,1
S0001403,2025-06-06,C01003,Paid Search,Desktop,0
S0001404,2025-08-11,C00252,Organic Search,Mobile,0
S0001405,2025-07-09,C00195,Email,Desktop,0
S0001406,2025-02-21,C00240,Social Media,Mobile,0
S0001407,2025-03-29,C00719,Organic Search,Mobile,0
S0001408,2025-11-09,C00487,Referral,Desktop,0
S0001409,2025-12-05,C00748,Organic Search,Mobile,0
S0001410,2025-03-07,C00843,Email,Mobile,0
S0001411,2025-05-30,C00603,Direct,Desktop,0
S0001412,2025-01-20,C00362,Direct,Mobile,0
S0001413,2025-02-02,C00178,Organic Search,Mobile,0
S0001414,2025-11-24,C01187,Paid Search,Mobile,0
S0001415,2025-10-08,C00452,Email,Mobile,0
S0001416,2025-02-15,C01122,Paid Search,Mobile,0
S0001417,2025-03-14,C00938,Paid Search,Desktop,0
S0001418,2025-12-20,C00474,Social Media,Mobile,0
S0001419,2025-11-09,C00442,Social Media,Mobile,0
S0001420,2025-12-09,C01052,Social Media,Desktop,0
S0001421,2025-05-13,C00172,Organic Search,Desktop,0
S0001422,2025-02-24,C00717,Direct,Desktop,1
S0001423,2025-03-02,C00571,Paid Search,Mobile,0
S0001424,2025-12-11,C00357,Email,Mobile,0
S0001425,2025-01-08,C00326,Paid Search,Desktop,0
S0001426,2025-09-29,C00992,Direct,Mobile,0
S0001427,2025-09-03,C00870,Email,Desktop,0
S0001428,2025-06-25,C00408,Paid Search,Desktop,0
S0001429,2025-04-26,C00414,Email,Desktop,0
S0001430,2025-11-13,C00882,Social Media,Mobile,0
S0001431,2025-09-28,C00316,Email,Mobile,0
S0001432,2025-07-12,C00290,Referral,Desktop,0
S0001433,2025-05-30,C00862,Social Media,Desktop,0
S0001434,2025-05-11,C00975,Paid Search,Mobile,0
S0001435,2025-04-12,C00314,Organic Search,Desktop,0
S0001436,2025-11-06,C00967,Direct,Mobile,0
S0001437,2025-09-27,C00211,Referral,Mobile,1
S0001438,2025-10-19,C00814,Organic Search,Desktop,0
S0001439,2025-07-29,C00281,Referral,Mobile,0
S0001440,2025-12-27,C00901,Referral,Desktop,0
S0001441,2025-12-04,C00725,Referral,Mobile,0
S0001442,2025-03-08,C00787,Email,Mobile,0
S0001443,2025-01-10,C00213,Direct,Desktop,0
S0001444,2025-02-18,C00264,Direct,Tablet,0
S0001445,2025-04-21,C01120,Paid Search,Mobile,0
S0001446,2025-11-17,C00811,Email,Mobile,0
S0001447,2025-08-07,C01158,Email,Desktop,0
S0001448,2025-02-26,C00597,Social Media,Mobile,0
S0001449,2025-10-10,C00585,Paid Search,Desktop,0
S0001450,2025-04-23,C00485,Organic Search,Mobile,0
S0001451,2025-05-13,C00172,Organic Search,Mobile,0
S0001452,2025-03-12,C00782,Organic Search,Desktop,0
S0001453,2025-03-24,C01110,Paid Search,Mobile,1
S0001454,2025-02-26,C00059,Organic Search,Mobile,0
S0001455,2025-12-15,C00257,Email,Mobile,1
S0001456,2025-09-28,C00085,Organic Search,Mobile,0
S0001457,2025-04-21,C00021,Paid Search,Desktop,0
S0001458,2025-12-23,C00838,Organic Search,Mobile,0
S0001459,2025-03-17,C00473,Paid Search,Desktop,0
S0001460,2025-06-07,C00251,Social Media,Mobile,0
S0001461,2025-01-20,C00352,Email,Mobile,0
S0001462,2025-05-11,C00183,Email,Mobile,0
S0001463,2025-11-25,C00726,Referral,Mobile,0
S0001464,2025-05-02,C00409,Social Media,Desktop,0
S0001465,2025-02-10,C00127,Paid Search,Desktop,1
S0001466,2025-06-16,C00493,Paid Search,Desktop,0
S0001467,2025-05-10,C01056,Referral,Tablet,0
S0001468,2025-01-23,C00161,Social Media,Desktop,0
S0001469,2025-10-06,C00596,Email,Mobile,0
S0001470,2025-09-08,C00659,Email,Tablet,1
S0001471,2025-01-09,C00631,Paid Search,Desktop,0
S0001472,2025-01-13,C00408,Paid Search,Mobile,0
S0001473,2025-11-03,C00951,Email,Desktop,0
S0001474,2025-11-16,C00691,Organic Search,Desktop,0
S0001475,2025-02-21,C00924,Email,Desktop,0
S0001476,2025-07-28,C00961,Social Media,Desktop,1
S0001477,2025-02-07,C00249,Social Media,Desktop,0
S0001478,2025-04-10,C00602,Direct,Desktop,0
S0001479,2025-07-12,C00710,Paid Search,Desktop,0
S0001480,2025-07-10,C01027,Social Media,Mobile,0
S0001481,2025-02-20,C00823,Organic Search,Mobile,0
S0001482,2025-05-21,C00359,Organic Search,Desktop,0
S0001483,2025-06-17,C00455,Organic Search,Desktop,0
S0001484,2025-11-07,C00497,Referral,Desktop,0
S0001485,2025-04-19,C00404,Paid Search,Mobile,0
S0001486,2025-07-26,C00936,Email,Desktop,0
S0001487,2025-10-27,C00949,Social Media,Desktop,0
S0001488,2025-04-20,C00778,Social Media,Mobile,0
S0001489,2025-07-15,C00115,Direct,Mobile,0
S0001490,2025-06-01,C00120,Organic Search,Mobile,0
S0001491,2025-08-31,C00690,Email,Mobile,0
S0001492,2025-05-08,C00782,Organic Search,Mobile,0
S0001493,2025-04-15,C00092,Email,Desktop,0
S0001494,2025-01-10,C01179,Paid Search,Desktop,0
S0001495,2025-12-22,C00732,Referral,Mobile,0
S0001496,2025-05-28,C00740,Organic Search,Desktop,0
S0001497,2025-12-31,C00874,Referral,Mobile,0
S0001498,2025-12-30,C00097,Paid Search,Mobile,0
S0001499,2025-05-20,C00840,Referral,Mobile,0
S0001500,2025-07-09,C00429,Paid Search,Mobile,0
S0001501,2025-04-04,C00522,Paid Search,Mobile,0
S0001502,2025-08-17,C00220,Organic Search,Desktop,0
S0001503,2025-03-04,C00532,Organic Search,Mobile,0
S0001504,2025-12-06,C00558,Paid Search,Mobile,0
S0001505,2025-01-25,C00533,Email,Mobile,0
S0001506,2025-09-25,C00893,Email,Mobile,0
S0001507,2025-10-08,C01055,Direct,Desktop,0
S0001508,2025-01-11,C00652,Paid Search,Mobile,0
S0001509,2025-11-16,C00795,Organic Search,Mobile,0
S0001510,2025-07-20,C00011,Organic Search,Desktop,1
S0001511,2025-05-06,C01131,Social Media,Desktop,0
S0001512,2025-11-02,C00319,Organic Search,Mobile,0
S0001513,2025-07-09,C01052,Social Media,Mobile,0
S0001514,2025-03-30,C00794,Direct,Desktop,0
S0001515,2025-12-21,C01088,Social Media,Desktop,0
S0001516,2025-04-26,C00250,Direct,Mobile,0
S0001517,2025-12-18,C01192,Email,Desktop,0
S0001518,2025-06-26,C00298,Paid Search,Mobile,0
S0001519,2025-01-14,C01160,Referral,Mobile,0
S0001520,2025-09-14,C01180,Paid Search,Desktop,0
S0001521,2025-07-28,C01145,Direct,Desktop,0
S0001522,2025-10-08,C00217,Social Media,Tablet,0
S0001523,2025-11-24,C01095,Email,Mobile,0
S0001524,2025-11-21,C00264,Direct,Mobile,0
S0001525,2025-04-15,C00681,Email,Mobile,0
S0001526,2025-05-27,C01075,Paid Search,Tablet,0
S0001527,2025-10-06,C00954,Referral,Desktop,1
S0001528,2025-01-09,C00936,Email,Mobile,0
S0001529,2025-04-28,C00017,Email,Mobile,0
S0001530,2025-04-04,C00066,Paid Search,Tablet,0
S0001531,2025-05-24,C00883,Organic Search,Desktop,0
S0001532,2025-10-16,C00655,Referral,Desktop,0
S0001533,2025-01-14,C00259,Organic Search,Mobile,0
S0001534,2025-09-14,C00628,Email,Mobile,0
S0001535,2025-12-12,C00178,Organic Search,Mobile,0
S0001536,2025-07-05,C01062,Paid Search,Mobile,0
S0001537,2025-12-11,C00345,Organic Search,Mobile,0
S0001538,2025-07-26,C00827,Paid Search,Desktop,0
S0001539,2025-12-12,C00691,Organic Search,Desktop,0
S0001540,2025-06-21,C00165,Paid Search,Mobile,0
S0001541,2025-09-27,C01002,Organic Search,Mobile,0
S0001542,2025-08-09,C00423,Email,Mobile,0
S0001543,2025-06-01,C00944,Email,Desktop,0
S0001544,2025-04-21,C01167,Paid Search,Mobile,0
S0001545,2025-07-02,C00491,Organic Search,Mobile,0
S0001546,2025-12-05,C01002,Organic Search,Desktop,0
S0001547,2025-03-13,C00874,Referral,Desktop,0
S0001548,2025-10-10,C00706,Social Media,Mobile,0
S0001549,2025-03-15,C00506,Direct,Tablet,0
S0001550,2025-12-21,C00867,Social Media,Desktop,0
S0001551,2025-08-03,C00129,Direct,Mobile,0
S0001552,2025-11-24,C01063,Organic Search,Desktop,0
S0001553,2025-01-23,C00657,Direct,Mobile,1
S0001554,2025-03-09,C00869,Referral,Desktop,0
S0001555,2025-12-28,C00692,Email,Mobile,0
S0001556,2025-04-03,C00440,Paid Search,Mobile,0
S0001557,2025-11-17,C00934,Direct,Mobile,1
S0001558,2025-11-20,C00196,Social Media,Desktop,0
S0001559,2025-03-04,C00516,Referral,Mobile,0
S0001560,2025-08-12,C00398,Direct,Mobile,1
S0001561,2025-08-13,C01096,Referral,Mobile,1
S0001562,2025-12-12,C00400,Referral,Mobile,0
S0001563,2025-12-03,C00480,Social Media,Desktop,0
S0001564,2025-04-13,C00049,Organic Search,Mobile,0
S0001565,2025-08-03,C00581,Organic Search,Mobile,0
S0001566,2025-07-11,C00970,Social Media,Mobile,0
S0001567,2025-06-09,C00852,Direct,Desktop,0
S0001568,2025-07-26,C01035,Email,Mobile,0
S0001569,2025-09-26,C00914,Direct,Mobile,0
S0001570,2025-07-13,C00606,Paid Search,Mobile,0
S0001571,2025-06-01,C00646,Paid Search,Mobile,0
S0001572,2025-08-25,C00519,Organic Search,Mobile,0
S0001573,2025-03-29,C00236,Organic Search,Mobile,0
S0001574,2025-01-11,C01001,Referral,Mobile,0
S0001575,2025-07-06,C01143,Social Media,Desktop,0
S0001576,2025-08-02,C00217,Social Media,Desktop,0
S0001577,2025-01-15,C00676,Direct,Desktop,1
S0001578,2025-09-23,C01045,Organic Search,Mobile,0
S0001579,2025-10-24,C01003,Paid Search,Tablet,0
S0001580,2025-03-14,C00573,Email,Desktop,0
S0001581,2025-02-21,C00720,Referral,Mobile,0
S0001582,2025-05-08,C00134,Social Media,Mobile,0
S0001583,2025-01-28,C00426,Social Media,Mobile,0
S0001584,2025-03-06,C00777,Social Media,Mobile,0
S0001585,2025-01-17,C01118,Social Media,Desktop,0
S0001586,2025-12-17,C00852,Direct,Mobile,0
S0001587,2025-05-18,C00857,Social Media,Mobile,0
S0001588,2025-11-15,C00879,Paid Search,Desktop,0
S0001589,2025-08-17,C00449,Organic Search,Mobile,0
S0001590,2025-09-11,C00546,Social Media,Mobile,0
S0001591,2025-07-29,C01008,Organic Search,Mobile,0
S0001592,2025-10-21,C00631,Paid Search,Mobile,0
S0001593,2025-08-19,C00696,Referral,Desktop,0
S0001594,2025-08-29,C01063,Organic Search,Desktop,0
S0001595,2025-03-11,C00510,Referral,Mobile,0
S0001596,2025-04-14,C00179,Email,Mobile,0
S0001597,2025-07-23,C00755,Direct,Desktop,1
S0001598,2025-02-22,C00278,Direct,Mobile,1
S0001599,2025-11-26,C00913,Social Media,Mobile,0
S0001600,2025-02-23,C00784,Referral,Mobile,0
S0001601,2025-10-03,C00322,Email,Desktop,0
S0001602,2025-12-01,C00088,Social Media,Desktop,0
S0001603,2025-01-31,C01022,Social Media,Desktop,1
S0001604,2025-05-15,C00484,Paid Search,Desktop,0
S0001605,2025-02-27,C00478,Paid Search,Mobile,0
S0001606,2025-04-15,C00770,Organic Search,Mobile,0
S0001607,2025-09-23,C00998,Paid Search,Mobile,0
S0001608,2025-01-10,C00638,Social Media,Desktop,0
S0001609,2025-09-10,C00069,Organic Search,Desktop,0
S0001610,2025-10-22,C01145,Direct,Mobile,0
S0001611,2025-06-05,C01199,Organic Search,Mobile,0
S0001612,2025-06-07,C00250,Direct,Desktop,0
S0001613,2025-02-06,C00230,Paid Search,Mobile,0
S0001614,2025-04-29,C00113,Social Media,Desktop,0
S0001615,2025-03-08,C00447,Paid Search,Desktop,1
S0001616,2025-08-30,C00564,Direct,Mobile,1
S0001617,2025-10-26,C00503,Referral,Mobile,0
S0001618,2025-08-01,C01047,Paid Search,Mobile,0
S0001619,2025-11-04,C00233,Referral,Desktop,0
S0001620,2025-04-11,C00995,Social Media,Mobile,0
S0001621,2025-02-25,C00277,Paid Search,Desktop,0
S0001622,2025-11-28,C00109,Direct,Mobile,0
S0001623,2025-11-20,C00023,Social Media,Mobile,0
S0001624,2025-08-27,C00809,Email,Mobile,0
S0001625,2025-08-19,C00893,Email,Desktop,0
S0001626,2025-12-28,C00198,Organic Search,Desktop,1
S0001627,2025-04-02,C01028,Direct,Desktop,0
S0001628,2025-10-06,C00973,Organic Search,Mobile,0
S0001629,2025-04-19,C01041,Direct,Mobile,0
S0001630,2025-11-13,C00957,Social Media,Mobile,0
S0001631,2025-06-17,C01049,Paid Search,Tablet,0
S0001632,2025-10-27,C00717,Direct,Desktop,0
S0001633,2025-08-06,C01007,Organic Search,Mobile,0
S0001634,2025-08-10,C00729,Email,Mobile,0
S0001635,2025-06-10,C01190,Referral,Mobile,0
S0001636,2025-01-16,C00203,Social Media,Mobile,0
S0001637,2025-10-05,C00178,Organic Search,Mobile,1
S0001638,2025-02-26,C00602,Direct,Mobile,0
S0001639,2025-03-03,C00111,Organic Search,Desktop,0
S0001640,2025-12-29,C00363,Organic Search,Desktop,0
S0001641,2025-11-23,C01170,Social Media,Desktop,0
S0001642,2025-08-30,C00198,Organic Search,Mobile,0
S0001643,2025-03-31,C00419,Organic Search,Desktop,0
S0001644,2025-03-13,C01011,Organic Search,Desktop,0
S0001645,2025-11-22,C00815,Paid Search,Mobile,0
S0001646,2025-01-30,C00872,Social Media,Mobile,0
S0001647,2025-12-25,C01171,Social Media,Mobile,0
S0001648,2025-10-15,C00300,Social Media,Mobile,0
S0001649,2025-03-27,C00469,Social Media,Mobile,0
S0001650,2025-08-22,C00790,Social Media,Desktop,0
S0001651,2025-08-23,C00678,Organic Search,Mobile,0
S0001652,2025-11-09,C00468,Social Media,Tablet,0
S0001653,2025-12-31,C00649,Social Media,Desktop,0
S0001654,2025-09-22,C00536,Direct,Mobile,0
S0001655,2025-10-14,C00559,Organic Search,Desktop,0
S0001656,2025-11-23,C00081,Social Media,Desktop,0
S0001657,2025-09-26,C00834,Paid Search,Mobile,0
S0001658,2025-07-05,C00195,Email,Tablet,0
S0001659,2025-05-11,C00457,Direct,Mobile,0
S0001660,2025-10-18,C00365,Email,Desktop,0
S0001661,2025-10-04,C00579,Paid Search,Mobile,1
S0001662,2025-11-16,C00976,Email,Mobile,0
S0001663,2025-12-17,C00510,Referral,Desktop,0
S0001664,2025-06-29,C01167,Paid Search,Mobile,0
S0001665,2025-10-17,C00145,Referral,Tablet,0
S0001666,2025-06-12,C01106,Social Media,Mobile,0
S0001667,2025-09-28,C01162,Paid Search,Mobile,0
S0001668,2025-04-06,C00979,Email,Mobile,0
S0001669,2025-09-19,C00650,Social Media,Mobile,0
S0001670,2025-12-31,C00869,Referral,Mobile,0
S0001671,2025-12-19,C00816,Organic Search,Mobile,0
S0001672,2025-10-15,C01163,Referral,Mobile,0
S0001673,2025-03-24,C01006,Email,Mobile,0
S0001674,2025-08-13,C00233,Referral,Desktop,0
S0001675,2025-08-11,C00402,Social Media,Mobile,0
S0001676,2025-04-28,C00658,Organic Search,Mobile,0
S0001677,2025-07-11,C00140,Social Media,Tablet,0
S0001678,2025-03-20,C00465,Social Media,Tablet,0
S0001679,2025-03-19,C00247,Paid Search,Mobile,0
S0001680,2025-05-27,C00405,Paid Search,Desktop,0
S0001681,2025-04-17,C01049,Paid Search,Desktop,0
S0001682,2025-09-28,C00623,Direct,Mobile,1
S0001683,2025-09-01,C01181,Social Media,Desktop,0
S0001684,2025-03-14,C00743,Referral,Mobile,0
S0001685,2025-12-23,C00136,Organic Search,Mobile,0
S0001686,2025-12-20,C00104,Organic Search,Mobile,0
S0001687,2025-01-26,C00680,Email,Mobile,0
S0001688,2025-07-29,C00088,Social Media,Mobile,0
S0001689,2025-04-02,C00061,Direct,Desktop,0
S0001690,2025-05-05,C00573,Email,Mobile,1
S0001691,2025-03-14,C00924,Email,Mobile,0
S0001692,2025-05-03,C00829,Organic Search,Desktop,0
S0001693,2025-11-05,C00376,Referral,Desktop,0
S0001694,2025-07-03,C01006,Email,Desktop,0
S0001695,2025-07-06,C00446,Organic Search,Mobile,0
S0001696,2025-07-17,C00613,Social Media,Desktop,0
S0001697,2025-03-19,C00306,Social Media,Mobile,0
S0001698,2025-12-14,C00599,Social Media,Desktop,0
S0001699,2025-07-05,C00901,Referral,Mobile,0
S0001700,2025-12-10,C01050,Social Media,Mobile,0
S0001701,2025-09-10,C00988,Social Media,Desktop,0
S0001702,2025-01-13,C00806,Organic Search,Mobile,0
S0001703,2025-10-26,C00154,Paid Search,Desktop,0
S0001704,2025-03-17,C00961,Social Media,Mobile,0
S0001705,2025-02-20,C00603,Direct,Desktop,1
S0001706,2025-10-02,C00364,Organic Search,Mobile,0
S0001707,2025-05-29,C00213,Direct,Mobile,0
S0001708,2025-08-07,C01016,Organic Search,Desktop,0
S0001709,2025-05-02,C01110,Paid Search,Desktop,0
S0001710,2025-07-30,C00166,Organic Search,Desktop,0
S0001711,2025-10-07,C00178,Organic Search,Desktop,0
S0001712,2025-01-26,C00691,Organic Search,Tablet,0
S0001713,2025-06-22,C01005,Paid Search,Desktop,0
S0001714,2025-06-05,C00864,Organic Search,Mobile,0
S0001715,2025-08-26,C00461,Organic Search,Mobile,0
S0001716,2025-03-23,C00124,Organic Search,Desktop,0
S0001717,2025-12-22,C00563,Paid Search,Mobile,0
S0001718,2025-09-30,C00165,Paid Search,Desktop,0
S0001719,2025-03-09,C00860,Referral,Desktop,0
S0001720,2025-02-13,C00654,Organic Search,Mobile,0
S0001721,2025-03-02,C00812,Organic Search,Mobile,0
S0001722,2025-05-03,C00986,Organic Search,Mobile,0
S0001723,2025-12-15,C00719,Organic Search,Mobile,0
S0001724,2025-07-15,C00869,Referral,Mobile,0
S0001725,2025-11-26,C01089,Social Media,Desktop,0
S0001726,2025-11-19,C00888,Organic Search,Desktop,0
S0001727,2025-04-21,C00893,Email,Mobile,0
S0001728,2025-09-15,C00439,Email,Mobile,0
S0001729,2025-03-30,C00762,Organic Search,Desktop,1
S0001730,2025-07-17,C00919,Paid Search,Mobile,0
S0001731,2025-10-09,C00949,Social Media,Mobile,0
S0001732,2025-07-19,C00135,Direct,Mobile,0
S0001733,2025-04-09,C01169,Organic Search,Tablet,0
S0001734,2025-01-27,C00177,Organic Search,Mobile,0
S0001735,2025-03-30,C00980,Organic Search,Mobile,0
S0001736,2025-05-26,C01003,Paid Search,Desktop,0
S0001737,2025-07-01,C00003,Email,Mobile,0
S0001738,2025-09-14,C00899,Social Media,Mobile,0
S0001739,2025-07-08,C00869,Referral,Desktop,0
S0001740,2025-08-28,C00567,Organic Search,Mobile,0
S0001741,2025-12-25,C00375,Email,Mobile,1
S0001742,2025-07-15,C00595,Organic Search,Desktop,0
S0001743,2025-10-24,C00001,Email,Desktop,0
S0001744,2025-06-14,C00022,Email,Mobile,0
S0001745,2025-11-03,C01117,Referral,Mobile,0
S0001746,2025-09-28,C00082,Organic Search,Mobile,0
S0001747,2025-01-08,C00588,Direct,Mobile,0
S0001748,2025-02-07,C00698,Paid Search,Desktop,0
S0001749,2025-04-24,C00630,Direct,Desktop,0
S0001750,2025-12-05,C00180,Referral,Desktop,0
S0001751,2025-02-25,C01107,Paid Search,Mobile,0
S0001752,2025-12-25,C00623,Direct,Mobile,0
S0001753,2025-05-18,C01047,Paid Search,Mobile,0
S0001754,2025-04-12,C00557,Organic Search,Mobile,0
S0001755,2025-11-30,C00397,Social Media,Desktop,0
S0001756,2025-06-26,C00016,Organic Search,Mobile,0
S0001757,2025-06-18,C01191,Paid Search,Mobile,0
S0001758,2025-12-05,C00775,Social Media,Mobile,0
S0001759,2025-10-13,C00825,Paid Search,Mobile,0
S0001760,2025-09-18,C00053,Social Media,Desktop,0
S0001761,2025-08-11,C00424,Paid Search,Mobile,0
S0001762,2025-07-18,C00763,Paid Search,Tablet,0
S0001763,2025-07-30,C01006,Email,Mobile,1
S0001764,2025-10-14,C00588,Direct,Mobile,0
S0001765,2025-06-29,C00792,Referral,Desktop,0
S0001766,2025-09-07,C00440,Paid Search,Mobile,0
S0001767,2025-08-19,C00294,Direct,Mobile,0
S0001768,2025-01-23,C00858,Direct,Mobile,0
S0001769,2025-02-17,C00037,Paid Search,Desktop,1
S0001770,2025-04-19,C00229,Paid Search,Mobile,0
S0001771,2025-10-23,C00308,Direct,Mobile,0
S0001772,2025-01-06,C00944,Email,Mobile,0
S0001773,2025-02-07,C00530,Email,Mobile,0
S0001774,2025-06-18,C00336,Organic Search,Mobile,0
S0001775,2025-12-22,C00627,Organic Search,Desktop,0
S0001776,2025-10-10,C00765,Referral,Desktop,0
S0001777,2025-07-22,C00007,Paid Search,Mobile,0
S0001778,2025-11-21,C00646,Paid Search,Mobile,0
S0001779,2025-11-09,C00909,Organic Search,Mobile,0
S0001780,2025-09-30,C00587,Organic Search,Desktop,0
S0001781,2025-09-01,C00309,Referral,Desktop,0
S0001782,2025-11-23,C00869,Referral,Mobile,0
S0001783,2025-02-16,C00298,Paid Search,Desktop,0
S0001784,2025-09-06,C00519,Organic Search,Mobile,0
S0001785,2025-03-20,C00878,Direct,Mobile,0
S0001786,2025-04-20,C01138,Paid Search,Mobile,0
S0001787,2025-01-13,C01029,Referral,Mobile,0
S0001788,2025-12-31,C00144,Social Media,Mobile,0
S0001789,2025-03-31,C00296,Social Media,Mobile,0
S0001790,2025-12-08,C01077,Email,Desktop,0
S0001791,2025-12-14,C01082,Referral,Desktop,0
S0001792,2025-10-07,C00878,Direct,Mobile,0
S0001793,2025-08-09,C00942,Email,Desktop,0
S0001794,2025-03-14,C00491,Organic Search,Mobile,1
S0001795,2025-08-22,C00797,Direct,Mobile,0
S0001796,2025-09-17,C00501,Social Media,Desktop,0
S0001797,2025-04-23,C00459,Social Media,Desktop,0
S0001798,2025-02-15,C00416,Referral,Mobile,0
S0001799,2025-10-01,C00401,Email,Desktop,0
S0001800,2025-02-12,C01080,Organic Search,Mobile,0
S0001801,2025-07-27,C00880,Organic Search,Mobile,0
S0001802,2025-12-15,C00431,Paid Search,Mobile,0
S0001803,2025-04-13,C00817,Paid Search,Mobile,0
S0001804,2025-05-04,C01085,Paid Search,Mobile,0
S0001805,2025-01-10,C01051,Paid Search,Mobile,0
S0001806,2025-11-25,C00917,Referral,Mobile,0
S0001807,2025-07-06,C00889,Organic Search,Tablet,0
S0001808,2025-01-31,C00210,Paid Search,Desktop,0
S0001809,2025-06-05,C00776,Social Media,Mobile,0
S0001810,2025-03-01,C00291,Social Media,Mobile,0
S0001811,2025-09-06,C00077,Paid Search,Mobile,0
S0001812,2025-09-27,C00483,Paid Search,Mobile,0
S0001813,2025-08-05,C01005,Paid Search,Mobile,0
S0001814,2025-01-02,C00738,Direct,Mobile,0
S0001815,2025-01-24,C01188,Email,Mobile,1
S0001816,2025-07-25,C00052,Social Media,Mobile,0
S0001817,2025-11-16,C01058,Direct,Mobile,1
S0001818,2025-07-18,C00828,Social Media,Mobile,0
S0001819,2025-12-22,C00404,Paid Search,Desktop,0
S0001820,2025-04-24,C00593,Organic Search,Mobile,1
S0001821,2025-10-07,C00719,Organic Search,Mobile,0
S0001822,2025-06-04,C00809,Email,Mobile,0
S0001823,2025-06-14,C00316,Email,Mobile,0
S0001824,2025-08-10,C00889,Organic Search,Mobile,0
S0001825,2025-04-01,C00181,Social Media,Desktop,0
S0001826,2025-06-16,C00921,Social Media,Mobile,0
S0001827,2025-07-26,C00936,Email,Desktop,0
S0001828,2025-10-09,C00910,Referral,Desktop,0
S0001829,2025-03-06,C01103,Organic Search,Desktop,0
S0001830,2025-01-04,C00908,Email,Desktop,0
S0001831,2025-06-06,C00469,Social Media,Desktop,0
S0001832,2025-09-06,C00988,Social Media,Mobile,0
S0001833,2025-09-14,C00139,Paid Search,Tablet,0
S0001834,2025-08-23,C00093,Direct,Mobile,0
S0001835,2025-11-02,C01181,Social Media,Mobile,0
S0001836,2025-03-15,C00882,Social Media,Mobile,0
S0001837,2025-07-06,C01176,Email,Desktop,0
S0001838,2025-03-03,C00467,Social Media,Mobile,0
S0001839,2025-12-03,C00741,Referral,Mobile,0
S0001840,2025-06-13,C00996,Paid Search,Mobile,0
S0001841,2025-02-25,C00870,Email,Mobile,0
S0001842,2025-04-21,C00525,Social Media,Mobile,0
S0001843,2025-08-06,C00241,Direct,Mobile,0
S0001844,2025-08-28,C00483,Paid Search,Mobile,0
S0001845,2025-01-21,C00573,Email,Tablet,0
S0001846,2025-05-21,C00968,Social Media,Mobile,0
S0001847,2025-09-22,C00798,Direct,Mobile,0
S0001848,2025-05-19,C01082,Referral,Mobile,0
S0001849,2025-03-11,C00228,Email,Mobile,0
S0001850,2025-04-28,C00838,Organic Search,Desktop,0
S0001851,2025-07-17,C00167,Email,Mobile,0
S0001852,2025-07-24,C01189,Organic Search,Mobile,0
S0001853,2025-08-02,C00820,Organic Search,Mobile,1
S0001854,2025-02-25,C00747,Organic Search,Tablet,1
S0001855,2025-10-14,C00374,Direct,Mobile,1
S0001856,2025-10-20,C00826,Social Media,Desktop,0
S0001857,2025-06-24,C01128,Email,Mobile,0
S0001858,2025-12-13,C00302,Paid Search,Desktop,0
S0001859,2025-05-08,C01072,Organic Search,Mobile,0
S0001860,2025-11-21,C00024,Email,Mobile,0
S0001861,2025-10-19,C01133,Direct,Desktop,0
S0001862,2025-10-15,C00613,Social Media,Desktop,0
S0001863,2025-08-14,C01041,Direct,Desktop,0
S0001864,2025-03-05,C00727,Organic Search,Mobile,0
S0001865,2025-02-17,C00017,Email,Mobile,1
S0001866,2025-07-21,C01047,Paid Search,Mobile,0
S0001867,2025-12-03,C01165,Organic Search,Mobile,0
S0001868,2025-03-01,C00549,Paid Search,Desktop,0
S0001869,2025-09-14,C00642,Organic Search,Desktop,0
S0001870,2025-03-06,C00670,Email,Mobile,0
S0001871,2025-08-27,C00548,Paid Search,Mobile,0
S0001872,2025-10-16,C00636,Social Media,Mobile,0
S0001873,2025-02-07,C00957,Social Media,Desktop,0
S0001874,2025-01-25,C00707,Referral,Desktop,0
S0001875,2025-02-28,C00999,Organic Search,Mobile,0
S0001876,2025-12-23,C00463,Organic Search,Desktop,0
S0001877,2025-10-24,C00659,Email,Mobile,0
S0001878,2025-06-07,C00782,Organic Search,Desktop,0
S0001879,2025-02-26,C01158,Email,Mobile,0
S0001880,2025-02-17,C00126,Organic Search,Mobile,0
S0001881,2025-11-24,C01176,Email,Mobile,0
S0001882,2025-02-25,C00911,Paid Search,Mobile,0
S0001883,2025-03-06,C00307,Email,Mobile,0
S0001884,2025-09-25,C00880,Organic Search,Mobile,0
S0001885,2025-03-10,C00776,Social Media,Desktop,0
S0001886,2025-08-04,C00174,Paid Search,Desktop,0
S0001887,2025-03-30,C00664,Email,Desktop,0
S0001888,2025-10-08,C00486,Organic Search,Desktop,0
S0001889,2025-09-14,C00022,Email,Mobile,1
S0001890,2025-06-09,C00023,Social Media,Mobile,0
S0001891,2025-08-22,C00745,Social Media,Desktop,0
S0001892,2025-05-11,C00976,Email,Desktop,0
S0001893,2025-02-18,C00964,Direct,Desktop,0
S0001894,2025-05-27,C00895,Organic Search,Desktop,0
S0001895,2025-11-12,C00499,Referral,Desktop,0
S0001896,2025-01-02,C00080,Organic Search,Desktop,0
S0001897,2025-11-25,C00222,Email,Mobile,0
S0001898,2025-05-25,C00493,Paid Search,Desktop,0
S0001899,2025-03-02,C00773,Email,Desktop,1
S0001900,2025-09-30,C00021,Paid Search,Mobile,0
S0001901,2025-02-18,C00891,Social Media,Mobile,0
S0001902,2025-11-28,C00145,Referral,Mobile,0
S0001903,2025-05-11,C00077,Paid Search,Mobile,0
S0001904,2025-02-12,C00014,Organic Search,Mobile,0
S0001905,2025-02-26,C00825,Paid Search,Mobile,0
S0001906,2025-02-19,C00166,Organic Search,Tablet,0
S0001907,2025-06-27,C00750,Organic Search,Mobile,0
S0001908,2025-10-20,C00710,Paid Search,Desktop,0
S0001909,2025-02-15,C00449,Organic Search,Desktop,0
S0001910,2025-06-19,C00322,Email,Desktop,0
S0001911,2025-09-28,C00530,Email,Mobile,0
S0001912,2025-12-02,C00729,Email,Desktop,0
S0001913,2025-05-19,C00694,Social Media,Mobile,0
S0001914,2025-09-04,C00372,Direct,Mobile,0
S0001915,2025-05-28,C00622,Email,Desktop,0
S0001916,2025-08-18,C01098,Direct,Tablet,0
S0001917,2025-10-07,C00634,Paid Search,Mobile,0
S0001918,2025-05-05,C00172,Organic Search,Mobile,1
S0001919,2025-07-11,C01172,Organic Search,Mobile,0
S0001920,2025-03-21,C00175,Paid Search,Desktop,0
S0001921,2025-04-04,C00824,Social Media,Mobile,0
S0001922,2025-08-14,C00408,Paid Search,Mobile,0
S0001923,2025-03-06,C00107,Email,Mobile,1
S0001924,2025-03-29,C00163,Paid Search,Mobile,0
S0001925,2025-03-29,C01196,Email,Mobile,0
S0001926,2025-07-20,C00086,Direct,Mobile,0
S0001927,2025-08-02,C00716,Organic Search,Desktop,0
S0001928,2025-07-23,C00892,Direct,Mobile,1
S0001929,2025-03-30,C00134,Social Media,Mobile,0
S0001930,2025-03-02,C00884,Organic Search,Desktop,0
S0001931,2025-09-28,C00428,Organic Search,Mobile,0
S0001932,2025-04-04,C00230,Paid Search,Desktop,0
S0001933,2025-11-03,C00131,Social Media,Desktop,0
S0001934,2025-01-27,C01063,Organic Search,Desktop,0
S0001935,2025-08-02,C00597,Social Media,Mobile,0
S0001936,2025-03-15,C01030,Organic Search,Desktop,0
S0001937,2025-03-02,C00131,Social Media,Mobile,0
S0001938,2025-07-05,C00391,Social Media,Tablet,0
S0001939,2025-01-31,C00770,Organic Search,Mobile,0
S0001940,2025-08-07,C00470,Organic Search,Desktop,0
S0001941,2025-01-12,C00298,Paid Search,Mobile,0
S0001942,2025-10-29,C00644,Email,Mobile,0
S0001943,2025-02-01,C00903,Email,Desktop,0
S0001944,2025-06-09,C01064,Social Media,Mobile,0
S0001945,2025-08-25,C01189,Organic Search,Desktop,0
S0001946,2025-08-15,C00813,Paid Search,Mobile,0
S0001947,2025-06-30,C01181,Social Media,Tablet,0
S0001948,2025-11-13,C00481,Email,Mobile,0
S0001949,2025-02-15,C00384,Organic Search,Mobile,0
S0001950,2025-12-07,C00116,Organic Search,Mobile,0
S0001951,2025-03-21,C00154,Paid Search,Mobile,0
S0001952,2025-05-15,C00097,Paid Search,Mobile,0
S0001953,2025-09-17,C00107,Email,Mobile,0
S0001954,2025-11-04,C00389,Social Media,Desktop,0
S0001955,2025-09-04,C01170,Social Media,Mobile,0
S0001956,2025-06-08,C00837,Paid Search,Mobile,0
S0001957,2025-07-22,C01119,Email,Mobile,0
S0001958,2025-04-22,C01082,Referral,Mobile,0
S0001959,2025-10-19,C00668,Paid Search,Mobile,0
S0001960,2025-11-06,C01130,Organic Search,Mobile,0
S0001961,2025-04-29,C00557,Organic Search,Mobile,0
S0001962,2025-01-17,C00032,Paid Search,Mobile,0
S0001963,2025-11-27,C00496,Email,Mobile,0
S0001964,2025-08-15,C00877,Paid Search,Mobile,1
S0001965,2025-12-27,C00631,Paid Search,Mobile,0
S0001966,2025-04-27,C00383,Email,Desktop,0
S0001967,2025-02-12,C00106,Social Media,Desktop,0
S0001968,2025-04-25,C00764,Social Media,Mobile,0
S0001969,2025-10-10,C00937,Paid Search,Mobile,1
S0001970,2025-02-06,C00967,Direct,Mobile,0
S0001971,2025-10-29,C00818,Organic Search,Mobile,0
S0001972,2025-04-23,C00461,Organic Search,Mobile,0
S0001973,2025-02-04,C00097,Paid Search,Desktop,1
S0001974,2025-05-12,C00804,Organic Search,Tablet,0
S0001975,2025-12-02,C01197,Paid Search,Desktop,0
S0001976,2025-12-02,C00633,Paid Search,Mobile,0
S0001977,2025-08-16,C00802,Referral,Desktop,0
S0001978,2025-05-27,C00739,Paid Search,Mobile,1
S0001979,2025-05-02,C00200,Direct,Mobile,0
S0001980,2025-03-22,C00453,Organic Search,Desktop,0
S0001981,2025-06-22,C00108,Organic Search,Mobile,0
S0001982,2025-06-03,C00768,Organic Search,Desktop,0
S0001983,2025-05-30,C00887,Email,Desktop,0
S0001984,2025-02-27,C00738,Direct,Mobile,0
S0001985,2025-03-04,C00715,Direct,Mobile,0
S0001986,2025-06-05,C01048,Direct,Desktop,0
S0001987,2025-12-22,C00764,Social Media,Desktop,0
S0001988,2025-11-18,C00877,Paid Search,Mobile,0
S0001989,2025-06-17,C01102,Organic Search,Desktop,0
S0001990,2025-06-15,C00436,Referral,Desktop,0
S0001991,2025-03-26,C00976,Email,Mobile,0
S0001992,2025-05-17,C00510,Referral,Mobile,0
S0001993,2025-07-08,C00632,Paid Search,Mobile,0
S0001994,2025-01-02,C00463,Organic Search,Mobile,0
S0001995,2025-04-16,C01162,Paid Search,Desktop,0
S0001996,2025-12-30,C00086,Direct,Desktop,0
S0001997,2025-03-13,C00667,Email,Desktop,0
S0001998,2025-05-06,C00170,Email,Desktop,1
S0001999,2025-06-19,C01161,Social Media,Desktop,0
S0002000,2025-07-24,C00794,Direct,Desktop,0
S0002001,2025-11-09,C00038,Paid Search,Mobile,0
S0002002,2025-12-03,C00056,Direct,Mobile,0
S0002003,2025-07-14,C00866,Organic Search,Desktop,0
S0002004,2025-06-07,C00558,Paid Search,Mobile,0
S0002005,2025-05-21,C00632,Paid Search,Mobile,0
S0002006,2025-10-02,C00467,Social Media,Mobile,0
S0002007,2025-01-07,C00207,Referral,Mobile,0
S0002008,2025-02-23,C01190,Referral,Mobile,0
S0002009,2025-04-14,C00895,Organic Search,Desktop,0
S0002010,2025-12-08,C00274,Paid Search,Mobile,0
S0002011,2025-12-04,C00922,Social Media,Mobile,0
S0002012,2025-03-02,C01131,Social Media,Mobile,0
S0002013,2025-03-28,C00449,Organic Search,Desktop,0
S0002014,2025-09-15,C00511,Organic Search,Mobile,0
S0002015,2025-06-27,C01101,Social Media,Mobile,0
S0002016,2025-08-30,C00539,Paid Search,Mobile,0
S0002017,2025-07-22,C00333,Organic Search,Mobile,0
S0002018,2025-01-31,C01094,Organic Search,Desktop,0
S0002019,2025-10-16,C00027,Paid Search,Mobile,0
S0002020,2025-03-21,C00791,Organic Search,Mobile,0
S0002021,2025-01-11,C00402,Social Media,Desktop,0
S0002022,2025-09-11,C00371,Organic Search,Mobile,0
S0002023,2025-10-14,C00542,Direct,Desktop,0
S0002024,2025-06-25,C00747,Organic Search,Mobile,0
S0002025,2025-05-06,C00827,Paid Search,Tablet,0
S0002026,2025-02-16,C01132,Direct,Mobile,0
S0002027,2025-07-25,C01089,Social Media,Mobile,0
S0002028,2025-04-17,C00684,Email,Desktop,0
S0002029,2025-10-02,C00084,Direct,Mobile,0
S0002030,2025-12-03,C00738,Direct,Desktop,0
S0002031,2025-05-03,C01180,Paid Search,Desktop,0
S0002032,2025-05-14,C00441,Organic Search,Mobile,1
S0002033,2025-04-17,C00671,Paid Search,Mobile,0
S0002034,2025-11-01,C00763,Paid Search,Desktop,0
S0002035,2025-11-25,C00109,Direct,Desktop,0
S0002036,2025-02-19,C00644,Email,Mobile,0
S0002037,2025-12-03,C01114,Organic Search,Tablet,0
S0002038,2025-04-05,C00683,Social Media,Mobile,0
S0002039,2025-09-25,C00219,Organic Search,Mobile,0
S0002040,2025-01-23,C00102,Organic Search,Tablet,0
S0002041,2025-02-23,C00930,Referral,Desktop,0
S0002042,2025-09-11,C00561,Paid Search,Mobile,0
S0002043,2025-08-23,C00219,Organic Search,Desktop,0
S0002044,2025-02-28,C01087,Paid Search,Tablet,0
S0002045,2025-06-13,C00235,Email,Mobile,0
S0002046,2025-09-16,C00234,Paid Search,Tablet,0
S0002047,2025-11-10,C00556,Organic Search,Mobile,0
S0002048,2025-08-04,C00190,Organic Search,Desktop,0
S0002049,2025-07-02,C00699,Direct,Mobile,0
S0002050,2025-02-26,C00931,Social Media,Mobile,0
S0002051,2025-05-25,C00008,Referral,Desktop,1
S0002052,2025-03-31,C00833,Paid Search,Desktop,0
S0002053,2025-11-07,C00850,Referral,Desktop,0
S0002054,2025-02-14,C00811,Email,Mobile,0
S0002055,2025-09-14,C01099,Paid Search,Mobile,0
S0002056,2025-01-21,C00595,Organic Search,Desktop,0
S0002057,2025-01-21,C00643,Social Media,Desktop,0
S0002058,2025-02-21,C00482,Email,Desktop,0
S0002059,2025-12-04,C00818,Organic Search,Mobile,0
S0002060,2025-06-20,C01017,Referral,Mobile,0
S0002061,2025-03-08,C00739,Paid Search,Mobile,0
S0002062,2025-04-23,C00722,Paid Search,Mobile,0
S0002063,2025-10-27,C00094,Social Media,Mobile,0
S0002064,2025-06-09,C00469,Social Media,Mobile,0
S0002065,2025-09-23,C00272,Paid Search,Mobile,0
S0002066,2025-11-16,C01150,Paid Search,Mobile,0
S0002067,2025-08-20,C00877,Paid Search,Mobile,0
S0002068,2025-11-21,C00781,Organic Search,Mobile,1
S0002069,2025-03-09,C00552,Direct,Mobile,0
S0002070,2025-01-28,C00635,Social Media,Mobile,0
S0002071,2025-04-26,C00221,Social Media,Mobile,0
S0002072,2025-02-20,C00803,Social Media,Mobile,0
S0002073,2025-06-30,C00789,Paid Search,Desktop,0
S0002074,2025-09-17,C01124,Referral,Mobile,1
S0002075,2025-03-20,C00828,Social Media,Mobile,0
S0002076,2025-09-30,C00687,Referral,Mobile,0
S0002077,2025-04-18,C00123,Direct,Desktop,0
S0002078,2025-03-15,C00424,Paid Search,Mobile,0
S0002079,2025-06-24,C00739,Paid Search,Mobile,0
S0002080,2025-07-03,C00409,Social Media,Mobile,0
S0002081,2025-01-23,C00404,Paid Search,Mobile,0
S0002082,2025-10-01,C00233,Referral,Desktop,0
S0002083,2025-05-09,C00910,Referral,Desktop,0
S0002084,2025-10-18,C00336,Organic Search,Mobile,0
S0002085,2025-11-16,C00593,Organic Search,Mobile,0
S0002086,2025-07-05,C00609,Direct,Mobile,0
S0002087,2025-02-28,C01184,Email,Desktop,0
S0002088,2025-01-01,C00913,Social Media,Mobile,0
S0002089,2025-05-11,C00360,Referral,Mobile,0
S0002090,2025-03-08,C00226,Social Media,Mobile,0
S0002091,2025-10-20,C00779,Direct,Mobile,0
S0002092,2025-10-12,C00835,Paid Search,Mobile,0
S0002093,2025-03-30,C00349,Email,Mobile,0
S0002094,2025-04-10,C01119,Email,Mobile,0
S0002095,2025-07-08,C01071,Paid Search,Tablet,0
S0002096,2025-12-12,C00560,Paid Search,Desktop,0
S0002097,2025-08-29,C00247,Paid Search,Mobile,0
S0002098,2025-09-27,C00644,Email,Desktop,0
S0002099,2025-08-07,C01015,Social Media,Mobile,0
S0002100,2025-06-25,C01081,Organic Search,Mobile,0
S0002101,2025-12-07,C00916,Organic Search,Mobile,0
S0002102,2025-08-21,C00925,Referral,Mobile,0
S0002103,2025-05-31,C00977,Organic Search,Mobile,0
S0002104,2025-10-04,C00860,Referral,Mobile,0
S0002105,2025-08-17,C00998,Paid Search,Mobile,1
S0002106,2025-06-20,C00700,Referral,Mobile,0
S0002107,2025-08-11,C01171,Social Media,Desktop,0
S0002108,2025-08-01,C00114,Organic Search,Mobile,0
S0002109,2025-10-09,C01038,Organic Search,Desktop,0
S0002110,2025-02-10,C00593,Organic Search,Mobile,0
S0002111,2025-05-02,C00674,Organic Search,Mobile,0
S0002112,2025-08-15,C01037,Organic Search,Mobile,0
S0002113,2025-10-21,C00648,Paid Search,Mobile,0
S0002114,2025-03-29,C00642,Organic Search,Mobile,0
S0002115,2025-09-24,C00259,Organic Search,Mobile,0
S0002116,2025-01-29,C00756,Paid Search,Desktop,0
S0002117,2025-09-04,C01053,Paid Search,Tablet,0
S0002118,2025-11-12,C00486,Organic Search,Mobile,0
S0002119,2025-09-01,C00515,Social Media,Mobile,0
S0002120,2025-03-02,C00873,Email,Desktop,0
S0002121,2025-05-27,C00179,Email,Desktop,0
S0002122,2025-06-23,C00099,Direct,Desktop,0
S0002123,2025-10-05,C00780,Referral,Mobile,0
S0002124,2025-11-30,C00241,Direct,Mobile,0
S0002125,2025-05-22,C00667,Email,Mobile,0
S0002126,2025-02-13,C00503,Referral,Mobile,0
S0002127,2025-05-24,C00716,Organic Search,Desktop,0
S0002128,2025-12-19,C00042,Direct,Mobile,0
S0002129,2025-11-29,C00737,Email,Mobile,0
S0002130,2025-02-24,C00196,Social Media,Mobile,0
S0002131,2025-11-03,C00224,Organic Search,Mobile,0
S0002132,2025-12-24,C00612,Organic Search,Tablet,0
S0002133,2025-06-10,C00719,Organic Search,Desktop,0
S0002134,2025-10-12,C00467,Social Media,Mobile,0
S0002135,2025-11-21,C00872,Social Media,Desktop,0
S0002136,2025-07-17,C01061,Organic Search,Mobile,0
S0002137,2025-06-08,C00182,Social Media,Mobile,0
S0002138,2025-03-21,C00147,Paid Search,Desktop,0
S0002139,2025-01-31,C01038,Organic Search,Mobile,0
S0002140,2025-04-22,C00012,Referral,Mobile,0
S0002141,2025-02-15,C01176,Email,Mobile,0
S0002142,2025-12-19,C00210,Paid Search,Desktop,0
S0002143,2025-07-24,C00613,Social Media,Desktop,0
S0002144,2025-02-21,C00209,Direct,Mobile,0
S0002145,2025-05-18,C00735,Social Media,Mobile,0
S0002146,2025-03-15,C01193,Direct,Desktop,0
S0002147,2025-02-10,C00736,Paid Search,Mobile,0
S0002148,2025-03-18,C00388,Paid Search,Mobile,0
S0002149,2025-07-06,C00436,Referral,Mobile,0
S0002150,2025-02-21,C00075,Paid Search,Tablet,1
S0002151,2025-03-28,C00957,Social Media,Mobile,0
S0002152,2025-04-19,C00808,Direct,Mobile,0
S0002153,2025-08-13,C00160,Organic Search,Desktop,0
S0002154,2025-09-05,C01060,Social Media,Mobile,0
S0002155,2025-03-10,C00527,Paid Search,Mobile,0
S0002156,2025-04-30,C01066,Direct,Mobile,0
S0002157,2025-03-08,C00141,Paid Search,Mobile,0
S0002158,2025-03-02,C01108,Direct,Mobile,0
S0002159,2025-11-23,C00287,Social Media,Desktop,0
S0002160,2025-07-10,C00348,Paid Search,Tablet,0
S0002161,2025-07-08,C00048,Direct,Desktop,0
S0002162,2025-05-31,C00065,Organic Search,Mobile,0
S0002163,2025-10-13,C00036,Paid Search,Desktop,1
S0002164,2025-04-06,C00789,Paid Search,Mobile,0
S0002165,2025-11-08,C00698,Paid Search,Mobile,0
S0002166,2025-11-05,C00045,Paid Search,Desktop,0
S0002167,2025-09-20,C00774,Social Media,Desktop,0
S0002168,2025-04-07,C00536,Direct,Mobile,0
S0002169,2025-04-23,C00255,Organic Search,Desktop,0
S0002170,2025-05-05,C00098,Referral,Mobile,0
S0002171,2025-05-12,C01052,Social Media,Mobile,0
S0002172,2025-05-01,C00433,Email,Mobile,0
S0002173,2025-07-16,C00364,Organic Search,Mobile,0
S0002174,2025-10-21,C00774,Social Media,Mobile,0
S0002175,2025-05-02,C00285,Paid Search,Desktop,0
S0002176,2025-10-09,C00936,Email,Mobile,0
S0002177,2025-09-17,C00424,Paid Search,Desktop,0
S0002178,2025-02-08,C00455,Organic Search,Desktop,0
S0002179,2025-02-23,C00664,Email,Mobile,0
S0002180,2025-06-10,C00426,Social Media,Mobile,0
S0002181,2025-10-16,C00791,Organic Search,Desktop,0
S0002182,2025-07-19,C00680,Email,Mobile,0
S0002183,2025-10-03,C00534,Email,Mobile,0
S0002184,2025-01-16,C00731,Organic Search,Mobile,0
S0002185,2025-06-22,C00289,Social Media,Mobile,0
S0002186,2025-09-05,C00750,Organic Search,Mobile,0
S0002187,2025-08-06,C00422,Organic Search,Mobile,0
S0002188,2025-03-28,C00705,Social Media,Desktop,0
S0002189,2025-03-23,C01154,Paid Search,Mobile,0
S0002190,2025-03-03,C00389,Social Media,Desktop,0
S0002191,2025-10-14,C00757,Paid Search,Mobile,0
S0002192,2025-02-11,C00711,Direct,Desktop,0
S0002193,2025-01-12,C00890,Organic Search,Mobile,0
S0002194,2025-11-17,C00862,Social Media,Mobile,0
S0002195,2025-08-22,C00778,Social Media,Desktop,0
S0002196,2025-11-25,C00053,Social Media,Mobile,0
S0002197,2025-05-11,C00939,Paid Search,Mobile,0
S0002198,2025-04-25,C00523,Email,Desktop,0
S0002199,2025-08-06,C00644,Email,Mobile,0
S0002200,2025-05-17,C00497,Referral,Mobile,0
S0002201,2025-04-16,C00793,Direct,Mobile,0
S0002202,2025-06-28,C00142,Organic Search,Mobile,0
S0002203,2025-01-16,C00183,Email,Desktop,0
S0002204,2025-08-30,C00890,Organic Search,Mobile,0
S0002205,2025-11-30,C00636,Social Media,Desktop,0
S0002206,2025-08-14,C00321,Organic Search,Desktop,0
S0002207,2025-08-30,C00591,Email,Desktop,1
S0002208,2025-05-21,C00355,Paid Search,Mobile,0
S0002209,2025-07-18,C00087,Direct,Mobile,0
S0002210,2025-04-22,C01106,Social Media,Desktop,0
S0002211,2025-05-07,C01178,Organic Search,Desktop,0
S0002212,2025-01-21,C00343,Paid Search,Mobile,0
S0002213,2025-05-27,C00532,Organic Search,Mobile,0
S0002214,2025-03-30,C00948,Direct,Mobile,0
S0002215,2025-10-30,C00385,Paid Search,Mobile,0
S0002216,2025-07-22,C00654,Organic Search,Desktop,1
S0002217,2025-03-26,C00616,Social Media,Mobile,0
S0002218,2025-06-16,C01152,Direct,Mobile,0
S0002219,2025-03-13,C00319,Organic Search,Mobile,0
S0002220,2025-10-25,C00989,Organic Search,Mobile,0
S0002221,2025-01-09,C00996,Paid Search,Mobile,0
S0002222,2025-10-08,C00555,Social Media,Desktop,0
S0002223,2025-09-15,C00939,Paid Search,Mobile,0
S0002224,2025-10-02,C00751,Organic Search,Mobile,0
S0002225,2025-08-26,C00333,Organic Search,Mobile,0
S0002226,2025-01-20,C01051,Paid Search,Desktop,0
S0002227,2025-08-21,C00683,Social Media,Tablet,0
S0002228,2025-08-09,C00414,Email,Mobile,1
S0002229,2025-11-22,C00877,Paid Search,Mobile,0
S0002230,2025-01-17,C00868,Social Media,Mobile,0
S0002231,2025-03-30,C00930,Referral,Mobile,0
S0002232,2025-07-15,C00165,Paid Search,Desktop,0
S0002233,2025-12-16,C00161,Social Media,Mobile,0
S0002234,2025-03-25,C00147,Paid Search,Mobile,0
S0002235,2025-03-28,C01057,Social Media,Mobile,0
S0002236,2025-11-03,C00431,Paid Search,Desktop,0
S0002237,2025-12-04,C00537,Social Media,Mobile,0
S0002238,2025-06-03,C00618,Referral,Mobile,1
S0002239,2025-08-16,C01048,Direct,Mobile,0
S0002240,2025-09-21,C00688,Social Media,Mobile,0
S0002241,2025-08-11,C00680,Email,Desktop,0
S0002242,2025-05-01,C00930,Referral,Mobile,0
S0002243,2025-06-22,C01038,Organic Search,Mobile,0
S0002244,2025-01-04,C00474,Social Media,Mobile,0
S0002245,2025-12-08,C01066,Direct,Tablet,0
S0002246,2025-05-08,C01151,Organic Search,Desktop,0
S0002247,2025-04-20,C00742,Referral,Mobile,1
S0002248,2025-12-21,C00587,Organic Search,Mobile,0
S0002249,2025-02-06,C00394,Social Media,Desktop,0
S0002250,2025-03-12,C00510,Referral,Desktop,0
S0002251,2025-10-16,C00696,Referral,Mobile,0
S0002252,2025-01-31,C00132,Organic Search,Mobile,0
S0002253,2025-09-25,C01004,Referral,Mobile,0
S0002254,2025-01-11,C00587,Organic Search,Desktop,0
S0002255,2025-12-10,C00861,Paid Search,Desktop,0
S0002256,2025-11-24,C00044,Social Media,Desktop,0
S0002257,2025-02-01,C00886,Paid Search,Tablet,0
S0002258,2025-02-26,C01176,Email,Desktop,0
S0002259,2025-06-15,C00311,Organic Search,Tablet,0
S0002260,2025-07-07,C00524,Direct,Mobile,0
S0002261,2025-12-08,C00734,Paid Search,Mobile,0
S0002262,2025-01-19,C00658,Organic Search,Mobile,0
S0002263,2025-04-26,C00216,Organic Search,Mobile,0
S0002264,2025-07-03,C00096,Direct,Desktop,0
S0002265,2025-09-27,C00158,Referral,Mobile,0
S0002266,2025-02-02,C00437,Organic Search,Desktop,1
S0002267,2025-01-10,C00333,Organic Search,Mobile,0
S0002268,2025-03-21,C00211,Referral,Desktop,0
S0002269,2025-07-11,C00430,Paid Search,Mobile,0
S0002270,2025-11-16,C00745,Social Media,Mobile,0
S0002271,2025-07-09,C00198,Organic Search,Desktop,0
S0002272,2025-03-09,C00856,Paid Search,Mobile,0
S0002273,2025-12-14,C00460,Social Media,Mobile,0
S0002274,2025-05-05,C00314,Organic Search,Mobile,0
S0002275,2025-12-02,C00532,Organic Search,Mobile,0
S0002276,2025-02-28,C00260,Organic Search,Desktop,0
S0002277,2025-04-07,C00839,Direct,Desktop,0
S0002278,2025-10-02,C00273,Email,Mobile,1
S0002279,2025-05-29,C00262,Social Media,Mobile,0
S0002280,2025-10-05,C00541,Paid Search,Mobile,0
S0002281,2025-09-22,C00973,Organic Search,Mobile,0
S0002282,2025-01-09,C00075,Paid Search,Mobile,0
S0002283,2025-10-10,C00256,Email,Desktop,0
S0002284,2025-09-30,C00805,Paid Search,Mobile,0
S0002285,2025-10-28,C00903,Email,Mobile,0
S0002286,2025-01-08,C01025,Paid Search,Desktop,0
S0002287,2025-07-27,C00161,Social Media,Desktop,0
S0002288,2025-05-05,C00723,Social Media,Desktop,0
S0002289,2025-05-03,C00206,Social Media,Mobile,0
S0002290,2025-02-02,C00866,Organic Search,Mobile,0
S0002291,2025-01-01,C00382,Social Media,Mobile,0
S0002292,2025-07-23,C00359,Organic Search,Desktop,0
S0002293,2025-01-06,C00806,Organic Search,Mobile,0
S0002294,2025-10-24,C00728,Organic Search,Desktop,0
S0002295,2025-01-05,C00849,Social Media,Mobile,0
S0002296,2025-03-21,C00084,Direct,Mobile,0
S0002297,2025-10-01,C00793,Direct,Desktop,0
S0002298,2025-06-26,C01153,Referral,Desktop,1
S0002299,2025-12-04,C00178,Organic Search,Mobile,0
S0002300,2025-11-17,C00699,Direct,Mobile,1
S0002301,2025-12-05,C01163,Referral,Mobile,0
S0002302,2025-05-16,C00361,Paid Search,Mobile,0
S0002303,2025-01-25,C01123,Referral,Mobile,0
S0002304,2025-11-21,C00601,Organic Search,Mobile,0
S0002305,2025-07-02,C00282,Organic Search,Mobile,0
S0002306,2025-06-17,C01146,Paid Search,Desktop,0
S0002307,2025-12-04,C00896,Organic Search,Desktop,0
S0002308,2025-06-27,C00332,Direct,Desktop,0
S0002309,2025-04-05,C00014,Organic Search,Desktop,0
S0002310,2025-02-02,C00441,Organic Search,Mobile,0
S0002311,2025-04-21,C00583,Social Media,Mobile,1
S0002312,2025-05-26,C01195,Email,Mobile,0
S0002313,2025-08-19,C01094,Organic Search,Mobile,0
S0002314,2025-09-29,C00161,Social Media,Mobile,0
S0002315,2025-12-02,C00765,Referral,Mobile,0
S0002316,2025-02-07,C01149,Social Media,Mobile,0
S0002317,2025-05-15,C01166,Direct,Tablet,0
S0002318,2025-11-30,C01167,Paid Search,Mobile,0
S0002319,2025-08-23,C01160,Referral,Mobile,0
S0002320,2025-11-15,C01075,Paid Search,Tablet,0
S0002321,2025-12-11,C01167,Paid Search,Tablet,0
S0002322,2025-06-09,C00253,Social Media,Desktop,0
S0002323,2025-02-07,C01164,Organic Search,Mobile,0
S0002324,2025-05-30,C00943,Email,Mobile,0
S0002325,2025-11-04,C00242,Organic Search,Mobile,0
S0002326,2025-01-29,C00171,Paid Search,Mobile,0
S0002327,2025-05-24,C00018,Direct,Mobile,0
S0002328,2025-03-17,C00593,Organic Search,Mobile,0
S0002329,2025-05-25,C00690,Email,Mobile,0
S0002330,2025-08-17,C00670,Email,Mobile,0
S0002331,2025-03-05,C00812,Organic Search,Desktop,0
S0002332,2025-12-13,C00928,Social Media,Mobile,0
S0002333,2025-12-11,C00419,Organic Search,Mobile,0
S0002334,2025-09-26,C00970,Social Media,Mobile,0
S0002335,2025-11-24,C01034,Direct,Desktop,0
S0002336,2025-07-03,C00823,Organic Search,Mobile,0
S0002337,2025-09-18,C00890,Organic Search,Mobile,0
S0002338,2025-09-25,C01092,Email,Mobile,0
S0002339,2025-06-18,C01105,Direct,Desktop,1
S0002340,2025-09-16,C00551,Organic Search,Mobile,0
S0002341,2025-08-15,C00183,Email,Mobile,0
S0002342,2025-02-02,C00138,Paid Search,Mobile,0
S0002343,2025-08-02,C00830,Direct,Mobile,0
S0002344,2025-02-19,C00173,Direct,Mobile,0
S0002345,2025-07-29,C00519,Organic Search,Desktop,0
S0002346,2025-01-29,C00424,Paid Search,Desktop,0
S0002347,2025-02-08,C00825,Paid Search,Desktop,0
S0002348,2025-12-13,C00595,Organic Search,Desktop,0
S0002349,2025-04-10,C00161,Social Media,Mobile,0
S0002350,2025-06-22,C00725,Referral,Mobile,0
S0002351,2025-01-17,C00136,Organic Search,Desktop,0
S0002352,2025-02-25,C00420,Paid Search,Desktop,0
S0002353,2025-08-14,C00295,Paid Search,Mobile,1
S0002354,2025-02-15,C01175,Email,Mobile,1
S0002355,2025-03-08,C01142,Paid Search,Desktop,0
S0002356,2025-07-16,C01118,Social Media,Tablet,0
S0002357,2025-05-22,C00678,Organic Search,Mobile,0
S0002358,2025-11-19,C00925,Referral,Mobile,0
S0002359,2025-01-23,C00680,Email,Desktop,0
S0002360,2025-04-04,C00614,Social Media,Mobile,1
S0002361,2025-08-30,C00330,Paid Search,Mobile,0
S0002362,2025-08-25,C00537,Social Media,Mobile,0
S0002363,2025-02-23,C00683,Social Media,Mobile,0
S0002364,2025-05-18,C00208,Paid Search,Mobile,0
S0002365,2025-11-29,C01123,Referral,Mobile,0
S0002366,2025-09-29,C00869,Referral,Mobile,0
S0002367,2025-02-10,C00011,Organic Search,Desktop,0
S0002368,2025-04-08,C01049,Paid Search,Mobile,0
S0002369,2025-07-02,C00092,Email,Desktop,0
S0002370,2025-05-08,C00098,Referral,Desktop,0
S0002371,2025-08-17,C01198,Referral,Mobile,0
S0002372,2025-11-13,C00255,Organic Search,Desktop,0
S0002373,2025-03-27,C00619,Paid Search,Desktop,0
S0002374,2025-09-13,C00598,Organic Search,Mobile,0
S0002375,2025-07-28,C00123,Direct,Mobile,0
S0002376,2025-08-03,C00030,Social Media,Desktop,0
S0002377,2025-04-10,C00496,Email,Desktop,0
S0002378,2025-02-18,C00982,Social Media,Desktop,0
S0002379,2025-07-20,C00331,Social Media,Tablet,0
S0002380,2025-09-15,C00823,Organic Search,Desktop,0
S0002381,2025-06-27,C00850,Referral,Mobile,0
S0002382,2025-09-02,C00375,Email,Mobile,0
S0002383,2025-05-03,C00844,Paid Search,Mobile,0
S0002384,2025-12-08,C00278,Direct,Mobile,0
S0002385,2025-06-20,C00547,Paid Search,Desktop,0
S0002386,2025-11-29,C01178,Organic Search,Desktop,0
S0002387,2025-05-16,C00366,Email,Mobile,0
S0002388,2025-02-28,C00434,Paid Search,Mobile,0
S0002389,2025-07-12,C00815,Paid Search,Mobile,0
S0002390,2025-09-25,C00593,Organic Search,Mobile,0
S0002391,2025-09-17,C00054,Direct,Mobile,0
S0002392,2025-04-05,C00172,Organic Search,Mobile,0
S0002393,2025-05-05,C00567,Organic Search,Mobile,0
S0002394,2025-02-10,C00486,Organic Search,Desktop,0
S0002395,2025-09-11,C00820,Organic Search,Mobile,0
S0002396,2025-01-07,C00692,Email,Desktop,0
S0002397,2025-08-04,C00381,Direct,Mobile,0
S0002398,2025-03-10,C00886,Paid Search,Mobile,0
S0002399,2025-03-10,C00363,Organic Search,Mobile,0
S0002400,2025-03-22,C00201,Social Media,Mobile,0
S0002401,2025-01-30,C01125,Email,Mobile,0
S0002402,2025-03-14,C00313,Social Media,Mobile,0
S0002403,2025-09-19,C00787,Email,Mobile,0
S0002404,2025-03-30,C00532,Organic Search,Desktop,0
S0002405,2025-07-27,C01100,Referral,Mobile,0
S0002406,2025-08-01,C01000,Organic Search,Mobile,0
S0002407,2025-11-18,C00017,Email,Mobile,0
S0002408,2025-09-23,C00959,Social Media,Mobile,0
S0002409,2025-10-20,C00032,Paid Search,Mobile,0
S0002410,2025-07-26,C00506,Direct,Mobile,0
S0002411,2025-11-29,C00208,Paid Search,Desktop,0
S0002412,2025-03-18,C00652,Paid Search,Desktop,0
S0002413,2025-10-15,C00154,Paid Search,Mobile,0
S0002414,2025-02-16,C00437,Organic Search,Mobile,0
S0002415,2025-04-20,C00901,Referral,Mobile,0
S0002416,2025-07-19,C00718,Direct,Desktop,0
S0002417,2025-07-29,C00490,Referral,Mobile,1
S0002418,2025-06-03,C00971,Email,Mobile,0
S0002419,2025-01-10,C00798,Direct,Mobile,1
S0002420,2025-12-19,C00483,Paid Search,Mobile,0
S0002421,2025-06-06,C00981,Organic Search,Desktop,0
S0002422,2025-09-18,C01128,Email,Mobile,0
S0002423,2025-03-18,C00754,Direct,Mobile,0
S0002424,2025-09-14,C00177,Organic Search,Mobile,0
S0002425,2025-05-11,C00073,Email,Desktop,0
S0002426,2025-03-08,C00663,Paid Search,Mobile,0
S0002427,2025-08-16,C00466,Direct,Mobile,0
S0002428,2025-06-12,C00409,Social Media,Desktop,0
S0002429,2025-01-15,C00382,Social Media,Mobile,0
S0002430,2025-08-20,C00784,Referral,Mobile,0
S0002431,2025-07-14,C00852,Direct,Mobile,0
S0002432,2025-12-15,C00515,Social Media,Desktop,0
S0002433,2025-01-30,C00138,Paid Search,Mobile,0
S0002434,2025-12-25,C00484,Paid Search,Mobile,1
S0002435,2025-12-04,C00206,Social Media,Mobile,0
S0002436,2025-11-27,C00850,Referral,Mobile,0
S0002437,2025-11-12,C00596,Email,Tablet,0
S0002438,2025-10-23,C00617,Organic Search,Mobile,0
S0002439,2025-11-26,C00845,Organic Search,Desktop,1
S0002440,2025-08-08,C00405,Paid Search,Mobile,0
S0002441,2025-05-27,C00620,Social Media,Desktop,0
S0002442,2025-09-16,C00037,Paid Search,Mobile,0
S0002443,2025-10-19,C00061,Direct,Tablet,0
S0002444,2025-10-26,C00638,Social Media,Desktop,0
S0002445,2025-05-23,C00241,Direct,Mobile,0
S0002446,2025-08-23,C00729,Email,Desktop,0
S0002447,2025-04-25,C00702,Direct,Mobile,0
S0002448,2025-12-31,C00777,Social Media,Mobile,0
S0002449,2025-03-31,C00181,Social Media,Mobile,0
S0002450,2025-07-27,C00627,Organic Search,Mobile,0
S0002451,2025-06-13,C00401,Email,Mobile,0
S0002452,2025-03-25,C00618,Referral,Mobile,0
S0002453,2025-03-18,C00377,Referral,Mobile,0
S0002454,2025-06-10,C00278,Direct,Mobile,0
S0002455,2025-01-05,C00666,Email,Desktop,0
S0002456,2025-03-19,C00633,Paid Search,Mobile,0
S0002457,2025-04-01,C00658,Organic Search,Desktop,0
S0002458,2025-03-28,C00916,Organic Search,Desktop,0
S0002459,2025-09-27,C01164,Organic Search,Mobile,1
S0002460,2025-04-14,C00524,Direct,Mobile,0
S0002461,2025-12-05,C00833,Paid Search,Mobile,0
S0002462,2025-06-24,C00898,Email,Mobile,0
S0002463,2025-02-23,C01126,Organic Search,Mobile,0
S0002464,2025-07-30,C00454,Organic Search,Mobile,0
S0002465,2025-04-05,C00245,Direct,Desktop,0
S0002466,2025-08-11,C01017,Referral,Mobile,0
S0002467,2025-01-09,C00794,Direct,Mobile,0
S0002468,2025-02-22,C00888,Organic Search,Mobile,0
S0002469,2025-03-18,C00295,Paid Search,Mobile,0
S0002470,2025-07-25,C00157,Referral,Mobile,0
S0002471,2025-11-12,C00084,Direct,Mobile,0
S0002472,2025-10-29,C00536,Direct,Tablet,0
S0002473,2025-11-06,C01031,Organic Search,Mobile,0
S0002474,2025-11-26,C00927,Paid Search,Desktop,0
S0002475,2025-04-22,C00030,Social Media,Mobile,1
S0002476,2025-12-17,C00404,Paid Search,Mobile,0
S0002477,2025-06-14,C00043,Direct,Tablet,0
S0002478,2025-10-06,C00552,Direct,Mobile,0
S0002479,2025-01-27,C00518,Email,Mobile,0
S0002480,2025-03-11,C00034,Social Media,Desktop,0
S0002481,2025-08-06,C00257,Email,Mobile,0
S0002482,2025-12-31,C00813,Paid Search,Mobile,0
S0002483,2025-07-08,C00847,Paid Search,Desktop,0
S0002484,2025-11-29,C00343,Paid Search,Mobile,0
S0002485,2025-11-02,C00313,Social Media,Desktop,0
S0002486,2025-05-04,C00384,Organic Search,Desktop,0
S0002487,2025-01-19,C00832,Paid Search,Desktop,0
S0002488,2025-09-14,C00536,Direct,Desktop,0
S0002489,2025-10-23,C00584,Email,Mobile,0
S0002490,2025-01-22,C00997,Paid Search,Mobile,0
S0002491,2025-02-09,C00986,Organic Search,Mobile,0
S0002492,2025-02-07,C00888,Organic Search,Mobile,0
S0002493,2025-02-17,C00627,Organic Search,Mobile,0
S0002494,2025-07-02,C00381,Direct,Mobile,0
S0002495,2025-03-16,C01053,Paid Search,Mobile,0
S0002496,2025-07-28,C00399,Social Media,Mobile,0
S0002497,2025-07-02,C00183,Email,Desktop,0
S0002498,2025-04-17,C00423,Email,Mobile,1
S0002499,2025-07-07,C01000,Organic Search,Mobile,1
S0002500,2025-09-21,C01149,Social Media,Desktop,0
S0002501,2025-03-27,C01127,Referral,Desktop,1
S0002502,2025-11-20,C00194,Email,Desktop,0
S0002503,2025-11-27,C00003,Email,Mobile,0
S0002504,2025-05-17,C00855,Social Media,Desktop,0
S0002505,2025-12-12,C00992,Direct,Mobile,0
S0002506,2025-12-02,C01161,Social Media,Mobile,0
S0002507,2025-04-05,C00608,Paid Search,Desktop,0
S0002508,2025-11-22,C00580,Paid Search,Desktop,0
S0002509,2025-09-02,C01107,Paid Search,Mobile,0
S0002510,2025-03-31,C00632,Paid Search,Desktop,0
S0002511,2025-02-28,C00727,Organic Search,Mobile,1
S0002512,2025-01-28,C00253,Social Media,Tablet,0
S0002513,2025-03-13,C00086,Direct,Desktop,0
S0002514,2025-09-27,C01116,Email,Mobile,0
S0002515,2025-01-24,C00669,Email,Tablet,0
S0002516,2025-04-22,C00308,Direct,Mobile,0
S0002517,2025-10-27,C00858,Direct,Mobile,0
S0002518,2025-02-25,C00377,Referral,Desktop,0
S0002519,2025-08-11,C01028,Direct,Mobile,0
S0002520,2025-04-30,C00642,Organic Search,Desktop,0
S0002521,2025-06-28,C00147,Paid Search,Mobile,1
S0002522,2025-10-15,C00174,Paid Search,Desktop,0
S0002523,2025-10-08,C01159,Organic Search,Desktop,1
S0002524,2025-07-08,C00784,Referral,Mobile,0
S0002525,2025-03-07,C00755,Direct,Mobile,0
S0002526,2025-10-25,C00390,Organic Search,Mobile,0
S0002527,2025-09-06,C00691,Organic Search,Tablet,1
S0002528,2025-03-17,C00926,Direct,Mobile,0
S0002529,2025-05-17,C00095,Social Media,Desktop,0
S0002530,2025-06-13,C01034,Direct,Mobile,1
S0002531,2025-08-21,C00089,Email,Mobile,0
S0002532,2025-09-12,C00031,Organic Search,Mobile,0
S0002533,2025-10-21,C00456,Referral,Mobile,0
S0002534,2025-06-19,C00989,Organic Search,Desktop,0
S0002535,2025-11-13,C00146,Organic Search,Mobile,0
S0002536,2025-06-23,C00101,Organic Search,Mobile,0
S0002537,2025-12-11,C00436,Referral,Mobile,1
S0002538,2025-01-18,C00285,Paid Search,Desktop,0
S0002539,2025-03-11,C01082,Referral,Desktop,1
S0002540,2025-12-04,C00743,Referral,Desktop,1
S0002541,2025-04-26,C00677,Organic Search,Desktop,0
S0002542,2025-03-21,C00200,Direct,Desktop,0
S0002543,2025-01-15,C00286,Paid Search,Mobile,0
S0002544,2025-06-25,C00316,Email,Tablet,0
S0002545,2025-09-26,C00073,Email,Mobile,0
S0002546,2025-04-29,C00302,Paid Search,Mobile,0
S0002547,2025-10-26,C00420,Paid Search,Mobile,0
S0002548,2025-07-07,C01134,Referral,Mobile,0
S0002549,2025-02-26,C00460,Social Media,Mobile,0
S0002550,2025-07-18,C00736,Paid Search,Mobile,0
S0002551,2025-01-17,C00246,Referral,Tablet,0
S0002552,2025-10-15,C01194,Email,Mobile,0
S0002553,2025-02-24,C00962,Social Media,Desktop,0
S0002554,2025-09-26,C00499,Referral,Mobile,0
S0002555,2025-10-30,C00938,Paid Search,Mobile,0
S0002556,2025-03-28,C00900,Referral,Mobile,0
S0002557,2025-11-14,C00959,Social Media,Mobile,1
S0002558,2025-01-29,C00897,Paid Search,Desktop,0
S0002559,2025-01-22,C00321,Organic Search,Mobile,0
S0002560,2025-11-17,C00016,Organic Search,Desktop,0
S0002561,2025-10-12,C00601,Organic Search,Mobile,0
S0002562,2025-02-17,C00785,Direct,Desktop,0
S0002563,2025-01-05,C00836,Referral,Mobile,0
S0002564,2025-09-07,C00624,Referral,Mobile,0
S0002565,2025-06-12,C00533,Email,Desktop,1
S0002566,2025-07-21,C00772,Organic Search,Mobile,0
S0002567,2025-04-11,C00555,Social Media,Mobile,0
S0002568,2025-03-12,C00826,Social Media,Mobile,0
S0002569,2025-06-12,C00048,Direct,Mobile,0
S0002570,2025-06-22,C00133,Email,Mobile,0
S0002571,2025-05-21,C01141,Social Media,Desktop,0
S0002572,2025-05-18,C01160,Referral,Mobile,0
S0002573,2025-03-07,C00253,Social Media,Mobile,0
S0002574,2025-07-17,C00900,Referral,Mobile,0
S0002575,2025-11-24,C00355,Paid Search,Desktop,0
S0002576,2025-08-16,C01053,Paid Search,Mobile,0
S0002577,2025-10-08,C00427,Organic Search,Mobile,0
S0002578,2025-06-21,C00010,Direct,Mobile,0
S0002579,2025-11-12,C00487,Referral,Desktop,0
S0002580,2025-02-09,C00448,Organic Search,Mobile,0
S0002581,2025-01-07,C00594,Organic Search,Desktop,0
S0002582,2025-06-23,C01187,Paid Search,Desktop,0
S0002583,2025-05-31,C00238,Direct,Desktop,0
S0002584,2025-07-30,C00155,Social Media,Desktop,0
S0002585,2025-10-29,C00898,Email,Mobile,1
S0002586,2025-03-27,C00511,Organic Search,Desktop,1
S0002587,2025-09-10,C00044,Social Media,Desktop,0
S0002588,2025-01-21,C00003,Email,Tablet,0
S0002589,2025-09-14,C00573,Email,Mobile,0
S0002590,2025-02-02,C00696,Referral,Mobile,0
S0002591,2025-09-17,C00579,Paid Search,Mobile,0
S0002592,2025-08-22,C00350,Social Media,Mobile,0
S0002593,2025-01-03,C00341,Organic Search,Mobile,0
S0002594,2025-12-13,C00013,Email,Mobile,0
S0002595,2025-11-04,C01066,Direct,Mobile,0
S0002596,2025-08-15,C00541,Paid Search,Desktop,0
S0002597,2025-10-11,C00229,Paid Search,Desktop,0
S0002598,2025-03-11,C00839,Direct,Mobile,0
S0002599,2025-11-09,C00774,Social Media,Mobile,0
S0002600,2025-12-30,C00837,Paid Search,Desktop,0
S0002601,2025-09-11,C00560,Paid Search,Desktop,0
S0002602,2025-05-24,C01065,Social Media,Desktop,0
S0002603,2025-01-24,C00677,Organic Search,Tablet,0
S0002604,2025-08-22,C00235,Email,Desktop,0
S0002605,2025-11-29,C00877,Paid Search,Mobile,0
S0002606,2025-06-24,C00493,Paid Search,Mobile,0
S0002607,2025-11-28,C00402,Social Media,Mobile,0
S0002608,2025-11-21,C00656,Organic Search,Mobile,1
S0002609,2025-12-23,C00603,Direct,Mobile,0
S0002610,2025-06-08,C00498,Social Media,Mobile,0
S0002611,2025-12-14,C00326,Paid Search,Mobile,0
S0002612,2025-12-14,C00686,Paid Search,Mobile,0
S0002613,2025-10-13,C00251,Social Media,Desktop,1
S0002614,2025-01-18,C00264,Direct,Mobile,0
S0002615,2025-02-13,C01094,Organic Search,Mobile,0
S0002616,2025-06-04,C00717,Direct,Mobile,0
S0002617,2025-12-21,C00884,Organic Search,Mobile,0
S0002618,2025-08-19,C01010,Organic Search,Mobile,0
S0002619,2025-11-12,C00243,Social Media,Mobile,0
S0002620,2025-08-13,C00570,Referral,Desktop,0
S0002621,2025-08-05,C00841,Direct,Desktop,0
S0002622,2025-02-25,C00563,Paid Search,Desktop,0
S0002623,2025-01-31,C00218,Paid Search,Desktop,0
S0002624,2025-12-23,C00350,Social Media,Desktop,0
S0002625,2025-02-28,C00121,Referral,Desktop,1
S0002626,2025-12-19,C00206,Social Media,Desktop,1
S0002627,2025-08-23,C00365,Email,Desktop,0
S0002628,2025-04-17,C00207,Referral,Desktop,0
S0002629,2025-07-10,C01068,Direct,Desktop,0
S0002630,2025-01-18,C00699,Direct,Desktop,0
S0002631,2025-08-14,C00202,Email,Mobile,1
S0002632,2025-06-16,C01077,Email,Mobile,0
S0002633,2025-03-12,C00248,Direct,Desktop,0
S0002634,2025-12-28,C00109,Direct,Mobile,0
S0002635,2025-02-23,C00787,Email,Mobile,1
S0002636,2025-09-02,C00392,Direct,Desktop,0
S0002637,2025-12-16,C00760,Paid Search,Mobile,0
S0002638,2025-03-17,C00692,Email,Desktop,0
S0002639,2025-02-04,C00814,Organic Search,Mobile,0
S0002640,2025-09-24,C01045,Organic Search,Mobile,0
S0002641,2025-11-13,C00200,Direct,Desktop,0
S0002642,2025-10-27,C00099,Direct,Mobile,0
S0002643,2025-05-01,C00288,Referral,Desktop,0
S0002644,2025-11-20,C00690,Email,Mobile,0
S0002645,2025-01-25,C00168,Paid Search,Mobile,0
S0002646,2025-06-09,C00784,Referral,Mobile,0
S0002647,2025-03-25,C00293,Paid Search,Mobile,0
S0002648,2025-04-24,C00814,Organic Search,Mobile,0
S0002649,2025-08-11,C00369,Email,Mobile,0
S0002650,2025-06-15,C01137,Paid Search,Mobile,0
S0002651,2025-07-10,C00960,Paid Search,Mobile,0
S0002652,2025-06-24,C00942,Email,Tablet,0
S0002653,2025-01-01,C01117,Referral,Mobile,0
S0002654,2025-08-17,C00408,Paid Search,Desktop,0
S0002655,2025-03-27,C01090,Paid Search,Mobile,0
S0002656,2025-03-03,C01022,Social Media,Desktop,0
S0002657,2025-11-16,C00909,Organic Search,Desktop,0
S0002658,2025-07-25,C00713,Referral,Tablet,0
S0002659,2025-04-15,C00026,Referral,Desktop,0
S0002660,2025-11-14,C00524,Direct,Mobile,0
S0002661,2025-10-18,C00004,Paid Search,Tablet,0
S0002662,2025-09-07,C01137,Paid Search,Mobile,0
S0002663,2025-01-13,C01060,Social Media,Mobile,1
S0002664,2025-06-12,C00194,Email,Mobile,0
S0002665,2025-02-12,C00162,Social Media,Desktop,0
S0002666,2025-04-21,C01047,Paid Search,Mobile,0
S0002667,2025-07-24,C00190,Organic Search,Desktop,0
S0002668,2025-09-13,C00617,Organic Search,Desktop,1
S0002669,2025-11-03,C00043,Direct,Mobile,0
S0002670,2025-05-24,C00606,Paid Search,Mobile,0
S0002671,2025-05-26,C01162,Paid Search,Mobile,0
S0002672,2025-10-28,C00608,Paid Search,Mobile,0
S0002673,2025-06-13,C00672,Direct,Mobile,0
S0002674,2025-06-18,C00453,Organic Search,Mobile,0
S0002675,2025-10-25,C00033,Organic Search,Desktop,0
S0002676,2025-08-21,C00188,Referral,Mobile,0
S0002677,2025-09-28,C00860,Referral,Mobile,1
S0002678,2025-03-01,C00464,Social Media,Mobile,0
S0002679,2025-10-23,C00737,Email,Mobile,0
S0002680,2025-08-23,C00530,Email,Mobile,0
S0002681,2025-06-14,C00746,Paid Search,Mobile,0
S0002682,2025-07-13,C00178,Organic Search,Mobile,0
S0002683,2025-08-22,C00090,Organic Search,Mobile,0
S0002684,2025-07-02,C00908,Email,Desktop,0
S0002685,2025-11-29,C00800,Social Media,Mobile,0
S0002686,2025-08-20,C00009,Paid Search,Mobile,0
S0002687,2025-12-27,C00218,Paid Search,Mobile,0
S0002688,2025-04-17,C00824,Social Media,Mobile,0
S0002689,2025-08-11,C00549,Paid Search,Desktop,0
S0002690,2025-03-21,C00637,Social Media,Desktop,0
S0002691,2025-08-22,C01103,Organic Search,Desktop,0
S0002692,2025-07-03,C00278,Direct,Desktop,0
S0002693,2025-07-04,C00064,Referral,Desktop,0
S0002694,2025-05-14,C01070,Direct,Mobile,0
S0002695,2025-08-08,C01088,Social Media,Mobile,0
S0002696,2025-10-15,C01072,Organic Search,Desktop,0
S0002697,2025-12-30,C00146,Organic Search,Mobile,0
S0002698,2025-07-21,C01095,Email,Mobile,0
S0002699,2025-05-26,C00806,Organic Search,Mobile,0
S0002700,2025-11-20,C00464,Social Media,Desktop,0
S0002701,2025-05-07,C00522,Paid Search,Desktop,1
S0002702,2025-05-15,C00115,Direct,Mobile,0
S0002703,2025-04-24,C00901,Referral,Mobile,0
S0002704,2025-09-21,C00634,Paid Search,Mobile,0
S0002705,2025-03-05,C00945,Organic Search,Mobile,0
S0002706,2025-05-15,C00456,Referral,Desktop,0
S0002707,2025-02-10,C00840,Referral,Desktop,0
S0002708,2025-10-23,C00827,Paid Search,Mobile,0
S0002709,2025-01-03,C01194,Email,Mobile,0
S0002710,2025-07-13,C00016,Organic Search,Tablet,0
S0002711,2025-04-20,C00559,Organic Search,Mobile,0
S0002712,2025-08-09,C00604,Social Media,Tablet,0
S0002713,2025-01-04,C00978,Social Media,Desktop,0
S0002714,2025-09-01,C00323,Organic Search,Desktop,0
S0002715,2025-06-15,C00140,Social Media,Desktop,0
S0002716,2025-01-26,C00059,Organic Search,Mobile,0
S0002717,2025-01-17,C00115,Direct,Desktop,0
S0002718,2025-08-04,C00800,Social Media,Mobile,0
S0002719,2025-04-02,C01080,Organic Search,Desktop,0
S0002720,2025-01-31,C00498,Social Media,Desktop,0
S0002721,2025-07-24,C00275,Email,Mobile,0
S0002722,2025-07-26,C01118,Social Media,Desktop,0
S0002723,2025-04-17,C01137,Paid Search,Mobile,0
S0002724,2025-05-26,C00709,Social Media,Mobile,0
S0002725,2025-04-11,C00513,Paid Search,Desktop,0
S0002726,2025-11-14,C00105,Email,Desktop,0
S0002727,2025-08-29,C00625,Direct,Mobile,0
S0002728,2025-09-04,C00750,Organic Search,Desktop,0
S0002729,2025-06-12,C00181,Social Media,Desktop,0
S0002730,2025-06-22,C00326,Paid Search,Desktop,0
S0002731,2025-02-04,C00651,Referral,Mobile,0
S0002732,2025-10-11,C00710,Paid Search,Mobile,0
S0002733,2025-12-25,C00570,Referral,Mobile,0
S0002734,2025-12-24,C00878,Direct,Mobile,0
S0002735,2025-01-21,C00799,Direct,Mobile,0
S0002736,2025-11-04,C00195,Email,Mobile,0
S0002737,2025-06-12,C00230,Paid Search,Tablet,0
S0002738,2025-04-07,C00244,Organic Search,Mobile,0
S0002739,2025-11-03,C01013,Email,Mobile,0
S0002740,2025-12-05,C01070,Direct,Desktop,0
S0002741,2025-02-24,C00037,Paid Search,Desktop,0
S0002742,2025-11-29,C01079,Paid Search,Desktop,0
S0002743,2025-05-07,C00393,Referral,Desktop,0
S0002744,2025-07-12,C01167,Paid Search,Mobile,0
S0002745,2025-08-31,C00381,Direct,Desktop,0
S0002746,2025-12-15,C00839,Direct,Mobile,0
S0002747,2025-03-29,C00695,Paid Search,Mobile,0
S0002748,2025-12-02,C00943,Email,Mobile,0
S0002749,2025-08-03,C00716,Organic Search,Mobile,0
S0002750,2025-04-02,C00487,Referral,Mobile,0
S0002751,2025-10-30,C01052,Social Media,Desktop,0
S0002752,2025-08-23,C01097,Paid Search,Mobile,0
S0002753,2025-07-03,C01057,Social Media,Mobile,0
S0002754,2025-02-07,C01033,Paid Search,Mobile,0
S0002755,2025-05-19,C01058,Direct,Desktop,0
S0002756,2025-07-14,C00392,Direct,Desktop,0
S0002757,2025-01-15,C00518,Email,Mobile,0
S0002758,2025-09-14,C00298,Paid Search,Mobile,0
S0002759,2025-05-15,C01016,Organic Search,Mobile,0
S0002760,2025-01-01,C00445,Referral,Mobile,0
S0002761,2025-02-18,C00254,Paid Search,Desktop,0
S0002762,2025-04-06,C00007,Paid Search,Mobile,0
S0002763,2025-07-20,C00493,Paid Search,Mobile,1
S0002764,2025-01-26,C01194,Email,Mobile,1
S0002765,2025-12-09,C00445,Referral,Mobile,0
S0002766,2025-08-23,C00029,Email,Mobile,0
S0002767,2025-12-15,C00098,Referral,Mobile,0
S0002768,2025-09-01,C00861,Paid Search,Mobile,0
S0002769,2025-12-24,C00634,Paid Search,Desktop,0
S0002770,2025-11-23,C01162,Paid Search,Desktop,0
S0002771,2025-12-17,C00033,Organic Search,Mobile,0
S0002772,2025-02-20,C00623,Direct,Mobile,0
S0002773,2025-03-22,C00695,Paid Search,Mobile,0
S0002774,2025-02-05,C00001,Email,Mobile,0
S0002775,2025-03-08,C00721,Email,Mobile,0
S0002776,2025-05-09,C01001,Referral,Mobile,0
S0002777,2025-06-04,C00096,Direct,Mobile,0
S0002778,2025-09-02,C00116,Organic Search,Mobile,0
S0002779,2025-04-21,C00945,Organic Search,Desktop,0
S0002780,2025-06-17,C01155,Direct,Mobile,0
S0002781,2025-05-22,C00801,Direct,Mobile,0
S0002782,2025-12-22,C00140,Social Media,Desktop,0
S0002783,2025-07-16,C01179,Paid Search,Desktop,0
S0002784,2025-04-19,C01058,Direct,Desktop,1
S0002785,2025-03-20,C01069,Direct,Mobile,0
S0002786,2025-06-10,C00547,Paid Search,Mobile,0
S0002787,2025-01-19,C01108,Direct,Mobile,0
S0002788,2025-05-07,C00273,Email,Mobile,0
S0002789,2025-07-24,C00850,Referral,Mobile,0
S0002790,2025-01-29,C00398,Direct,Mobile,0
S0002791,2025-07-26,C00912,Direct,Desktop,0
S0002792,2025-10-07,C00973,Organic Search,Desktop,0
S0002793,2025-05-31,C00933,Social Media,Desktop,0
S0002794,2025-08-28,C00938,Paid Search,Mobile,0
S0002795,2025-09-23,C00842,Referral,Desktop,0
S0002796,2025-07-01,C01169,Organic Search,Desktop,0
S0002797,2025-04-15,C00369,Email,Desktop,0
S0002798,2025-08-24,C00204,Referral,Mobile,1
S0002799,2025-06-22,C00558,Paid Search,Desktop,0
S0002800,2025-06-07,C00947,Organic Search,Desktop,0
S0002801,2025-06-21,C01115,Organic Search,Desktop,0
S0002802,2025-11-07,C00543,Direct,Mobile,0
S0002803,2025-06-06,C00284,Organic Search,Mobile,0
S0002804,2025-09-15,C00336,Organic Search,Desktop,0
S0002805,2025-06-13,C00968,Social Media,Mobile,0
S0002806,2025-05-27,C00079,Paid Search,Desktop,0
S0002807,2025-06-03,C00968,Social Media,Mobile,0
S0002808,2025-02-07,C00693,Social Media,Mobile,0
S0002809,2025-05-11,C00881,Social Media,Mobile,0
S0002810,2025-12-24,C00605,Organic Search,Desktop,0
S0002811,2025-09-12,C01095,Email,Mobile,0
S0002812,2025-07-27,C01100,Referral,Mobile,0
S0002813,2025-04-05,C00790,Social Media,Mobile,1
S0002814,2025-12-14,C00754,Direct,Desktop,0
S0002815,2025-11-23,C00208,Paid Search,Mobile,0
S0002816,2025-06-20,C01176,Email,Mobile,0
S0002817,2025-09-07,C01182,Paid Search,Mobile,1
S0002818,2025-07-09,C00945,Organic Search,Mobile,0
S0002819,2025-07-18,C00571,Paid Search,Desktop,0
S0002820,2025-08-09,C00166,Organic Search,Mobile,0
S0002821,2025-01-24,C00345,Organic Search,Mobile,0
S0002822,2025-09-01,C00494,Social Media,Mobile,0
S0002823,2025-11-20,C01102,Organic Search,Desktop,1
S0002824,2025-05-08,C00434,Paid Search,Mobile,0
S0002825,2025-04-03,C00358,Social Media,Mobile,0
S0002826,2025-10-27,C00154,Paid Search,Desktop,0
S0002827,2025-05-13,C00637,Social Media,Mobile,0
S0002828,2025-02-24,C00800,Social Media,Mobile,0
S0002829,2025-06-07,C00973,Organic Search,Mobile,0
S0002830,2025-01-29,C00402,Social Media,Desktop,0
S0002831,2025-07-30,C00902,Social Media,Desktop,0
S0002832,2025-06-03,C00379,Organic Search,Mobile,0
S0002833,2025-10-20,C00333,Organic Search,Mobile,0
S0002834,2025-08-10,C00466,Direct,Mobile,0
S0002835,2025-04-25,C01028,Direct,Desktop,0
S0002836,2025-06-07,C00024,Email,Mobile,0
S0002837,2025-09-16,C00653,Direct,Desktop,0
S0002838,2025-09-08,C00635,Social Media,Mobile,0
S0002839,2025-05-02,C01025,Paid Search,Mobile,0
S0002840,2025-10-26,C00510,Referral,Tablet,1
S0002841,2025-09-20,C00366,Email,Desktop,0
S0002842,2025-02-18,C00087,Direct,Desktop,1
S0002843,2025-11-25,C00660,Social Media,Mobile,0
S0002844,2025-10-24,C00793,Direct,Mobile,0
S0002845,2025-12-28,C00209,Direct,Mobile,0
S0002846,2025-03-18,C00386,Organic Search,Mobile,0
S0002847,2025-05-07,C00968,Social Media,Mobile,0
S0002848,2025-07-16,C00007,Paid Search,Mobile,0
S0002849,2025-08-09,C00156,Email,Desktop,0
S0002850,2025-04-01,C01170,Social Media,Mobile,0
S0002851,2025-01-08,C01026,Organic Search,Desktop,0
S0002852,2025-02-01,C00572,Social Media,Mobile,0
S0002853,2025-11-16,C00859,Paid Search,Mobile,0
S0002854,2025-09-26,C00040,Paid Search,Mobile,0
S0002855,2025-07-10,C00763,Paid Search,Mobile,0
S0002856,2025-12-15,C00082,Organic Search,Mobile,0
S0002857,2025-06-12,C00720,Referral,Mobile,0
S0002858,2025-03-02,C00334,Paid Search,Mobile,0
S0002859,2025-09-21,C00815,Paid Search,Mobile,0
S0002860,2025-10-12,C00117,Referral,Tablet,0
S0002861,2025-04-05,C00069,Organic Search,Mobile,0
S0002862,2025-02-10,C00053,Social Media,Mobile,0
S0002863,2025-05-29,C00704,Direct,Mobile,0
S0002864,2025-07-23,C00050,Email,Desktop,0
S0002865,2025-09-24,C00526,Direct,Mobile,0
S0002866,2025-01-02,C00151,Paid Search,Mobile,0
S0002867,2025-06-27,C00783,Social Media,Desktop,0
S0002868,2025-07-13,C00085,Organic Search,Desktop,0
S0002869,2025-12-02,C00767,Email,Desktop,0
S0002870,2025-07-15,C00321,Organic Search,Mobile,0
S0002871,2025-12-09,C00889,Organic Search,Mobile,0
S0002872,2025-09-06,C00384,Organic Search,Mobile,0
S0002873,2025-07-31,C00233,Referral,Mobile,1
S0002874,2025-06-02,C01108,Direct,Mobile,0
S0002875,2025-06-07,C01150,Paid Search,Mobile,0
S0002876,2025-12-28,C00045,Paid Search,Mobile,0
S0002877,2025-05-19,C00942,Email,Mobile,0
S0002878,2025-08-09,C00465,Social Media,Desktop,0
S0002879,2025-09-30,C00804,Organic Search,Desktop,0
S0002880,2025-06-03,C00060,Organic Search,Tablet,0
S0002881,2025-09-06,C00935,Paid Search,Mobile,1
S0002882,2025-10-06,C00444,Organic Search,Mobile,0
S0002883,2025-10-31,C00572,Social Media,Mobile,0
S0002884,2025-10-03,C00396,Organic Search,Desktop,0
S0002885,2025-01-02,C00289,Social Media,Mobile,0
S0002886,2025-03-29,C00954,Referral,Desktop,0
S0002887,2025-10-14,C00987,Social Media,Desktop,0
S0002888,2025-05-10,C00862,Social Media,Mobile,0
S0002889,2025-03-19,C00555,Social Media,Desktop,0
S0002890,2025-09-17,C00795,Organic Search,Desktop,0
S0002891,2025-08-29,C00666,Email,Mobile,0
S0002892,2025-05-21,C00382,Social Media,Mobile,1
S0002893,2025-08-16,C00602,Direct,Mobile,0
S0002894,2025-06-12,C00320,Paid Search,Mobile,0
S0002895,2025-08-24,C01151,Organic Search,Mobile,0
S0002896,2025-05-08,C01128,Email,Desktop,1
S0002897,2025-07-19,C00997,Paid Search,Mobile,0
S0002898,2025-01-31,C00976,Email,Desktop,0
S0002899,2025-05-18,C00586,Social Media,Mobile,0
S0002900,2025-01-21,C00706,Social Media,Mobile,0
S0002901,2025-08-22,C00900,Referral,Mobile,0
S0002902,2025-07-21,C00808,Direct,Desktop,0
S0002903,2025-10-06,C00751,Organic Search,Mobile,0
S0002904,2025-05-11,C01192,Email,Mobile,1
S0002905,2025-05-28,C00282,Organic Search,Mobile,0
S0002906,2025-01-29,C00496,Email,Mobile,0
S0002907,2025-12-27,C01103,Organic Search,Desktop,0
S0002908,2025-11-04,C01146,Paid Search,Tablet,0
S0002909,2025-06-11,C00187,Referral,Mobile,0
S0002910,2025-12-23,C00296,Social Media,Mobile,0
S0002911,2025-12-06,C01068,Direct,Mobile,0
S0002912,2025-03-02,C00426,Social Media,Mobile,0
S0002913,2025-05-05,C00178,Organic Search,Mobile,1
S0002914,2025-03-12,C00985,Referral,Mobile,0
S0002915,2025-11-22,C00493,Paid Search,Mobile,0
S0002916,2025-12-30,C00140,Social Media,Mobile,0
S0002917,2025-08-31,C01147,Social Media,Desktop,0
S0002918,2025-09-06,C00994,Direct,Mobile,0
S0002919,2025-08-09,C00912,Direct,Desktop,0
S0002920,2025-01-21,C00404,Paid Search,Mobile,0
S0002921,2025-03-23,C00159,Social Media,Tablet,0
S0002922,2025-12-10,C00038,Paid Search,Mobile,0
S0002923,2025-01-10,C01073,Organic Search,Mobile,0
S0002924,2025-01-12,C00367,Email,Mobile,0
S0002925,2025-09-20,C01165,Organic Search,Desktop,0
S0002926,2025-05-25,C00113,Social Media,Desktop,0
S0002927,2025-07-11,C01105,Direct,Mobile,0
S0002928,2025-09-07,C01069,Direct,Desktop,0
S0002929,2025-04-24,C00898,Email,Desktop,1
S0002930,2025-01-26,C00580,Paid Search,Desktop,0
S0002931,2025-09-28,C00358,Social Media,Tablet,0
S0002932,2025-02-02,C00677,Organic Search,Desktop,0
S0002933,2025-03-03,C00063,Social Media,Desktop,0
S0002934,2025-08-17,C00665,Direct,Mobile,0
S0002935,2025-10-30,C00607,Organic Search,Mobile,0
S0002936,2025-04-05,C00296,Social Media,Desktop,0
S0002937,2025-02-04,C00830,Direct,Mobile,0
S0002938,2025-07-12,C00834,Paid Search,Mobile,0
S0002939,2025-03-17,C01089,Social Media,Desktop,0
S0002940,2025-09-06,C00652,Paid Search,Desktop,0
S0002941,2025-03-24,C00709,Social Media,Mobile,0
S0002942,2025-01-25,C00272,Paid Search,Mobile,0
S0002943,2025-02-26,C00147,Paid Search,Desktop,0
S0002944,2025-02-01,C00479,Social Media,Desktop,0
S0002945,2025-11-15,C00257,Email,Desktop,0
S0002946,2025-01-12,C01028,Direct,Desktop,1
S0002947,2025-11-15,C00992,Direct,Desktop,0
S0002948,2025-11-29,C01089,Social Media,Desktop,0
S0002949,2025-04-02,C00881,Social Media,Desktop,0
S0002950,2025-01-01,C00875,Organic Search,Mobile,0
S0002951,2025-11-22,C00222,Email,Desktop,1
S0002952,2025-05-16,C00520,Social Media,Mobile,0
S0002953,2025-07-15,C00840,Referral,Desktop,0
S0002954,2025-05-13,C00210,Paid Search,Mobile,1
S0002955,2025-03-27,C00717,Direct,Mobile,0
S0002956,2025-10-22,C00850,Referral,Mobile,0
S0002957,2025-10-06,C00220,Organic Search,Tablet,0
S0002958,2025-11-20,C00686,Paid Search,Mobile,0
S0002959,2025-06-29,C00338,Social Media,Mobile,0
S0002960,2025-01-04,C00632,Paid Search,Mobile,0
S0002961,2025-05-06,C00274,Paid Search,Mobile,0
S0002962,2025-06-24,C00791,Organic Search,Tablet,0
S0002963,2025-09-08,C00767,Email,Mobile,1
S0002964,2025-01-21,C00740,Organic Search,Desktop,0
S0002965,2025-04-15,C01150,Paid Search,Mobile,0
S0002966,2025-03-07,C00401,Email,Desktop,0
S0002967,2025-09-20,C00235,Email,Mobile,0
S0002968,2025-02-18,C00489,Paid Search,Mobile,0
S0002969,2025-01-16,C00369,Email,Mobile,0
S0002970,2025-05-25,C00949,Social Media,Desktop,0
S0002971,2025-12-06,C00170,Email,Mobile,0
S0002972,2025-09-07,C00166,Organic Search,Mobile,0
S0002973,2025-12-09,C00123,Direct,Mobile,0
S0002974,2025-12-20,C00570,Referral,Mobile,0
S0002975,2025-03-16,C00106,Social Media,Mobile,0
S0002976,2025-10-17,C01093,Email,Mobile,0
S0002977,2025-10-09,C00646,Paid Search,Desktop,0
S0002978,2025-03-07,C00682,Social Media,Mobile,0
S0002979,2025-05-05,C00996,Paid Search,Mobile,0
S0002980,2025-11-15,C00444,Organic Search,Mobile,0
S0002981,2025-03-28,C00370,Paid Search,Mobile,0
S0002982,2025-02-10,C00140,Social Media,Mobile,0
S0002983,2025-07-05,C00136,Organic Search,Mobile,0
S0002984,2025-12-20,C00494,Social Media,Mobile,0
S0002985,2025-12-01,C01189,Organic Search,Desktop,0
S0002986,2025-09-23,C00538,Organic Search,Desktop,0
S0002987,2025-09-28,C00510,Referral,Mobile,0
S0002988,2025-02-11,C01051,Paid Search,Desktop,0
S0002989,2025-04-03,C01074,Paid Search,Mobile,0
S0002990,2025-07-04,C01057,Social Media,Desktop,0
S0002991,2025-08-03,C01019,Direct,Mobile,0
S0002992,2025-01-17,C01183,Organic Search,Tablet,0
S0002993,2025-09-22,C00929,Direct,Desktop,0
S0002994,2025-04-24,C01046,Social Media,Mobile,0
S0002995,2025-10-19,C00686,Paid Search,Mobile,0
S0002996,2025-10-19,C00972,Social Media,Mobile,0
S0002997,2025-02-17,C00389,Social Media,Mobile,1
S0002998,2025-11-03,C00295,Paid Search,Mobile,0
S0002999,2025-04-07,C00613,Social Media,Mobile,0
S0003000,2025-04-05,C01076,Organic Search,Mobile,0
S0003001,2025-11-22,C01155,Direct,Mobile,0
S0003002,2025-03-15,C00060,Organic Search,Mobile,0
S0003003,2025-12-02,C00778,Social Media,Mobile,0
S0003004,2025-03-09,C00058,Organic Search,Mobile,0
S0003005,2025-09-03,C00958,Referral,Mobile,1
S0003006,2025-03-18,C00112,Social Media,Desktop,0
S0003007,2025-07-27,C00302,Paid Search,Desktop,0
S0003008,2025-09-11,C00872,Social Media,Mobile,0
S0003009,2025-08-09,C00680,Email,Mobile,0
S0003010,2025-09-19,C01090,Paid Search,Desktop,0
S0003011,2025-11-27,C01134,Referral,Mobile,1
S0003012,2025-12-10,C00549,Paid Search,Mobile,0
S0003013,2025-09-16,C00616,Social Media,Mobile,0
S0003014,2025-11-04,C00497,Referral,Mobile,0
S0003015,2025-03-15,C01086,Organic Search,Desktop,0
S0003016,2025-05-05,C00287,Social Media,Desktop,0
S0003017,2025-07-07,C00088,Social Media,Mobile,0
S0003018,2025-09-11,C00354,Paid Search,Mobile,0
S0003019,2025-11-17,C01200,Email,Mobile,0
S0003020,2025-11-04,C01162,Paid Search,Desktop,0
S0003021,2025-08-23,C01057,Social Media,Mobile,0
S0003022,2025-09-07,C00164,Social Media,Mobile,0
S0003023,2025-11-28,C00078,Direct,Mobile,0
S0003024,2025-12-11,C00152,Organic Search,Mobile,0
S0003025,2025-03-13,C00198,Organic Search,Tablet,0
S0003026,2025-08-23,C01040,Social Media,Mobile,0
S0003027,2025-11-20,C00431,Paid Search,Mobile,0
S0003028,2025-06-05,C00572,Social Media,Mobile,0
S0003029,2025-04-25,C00596,Email,Desktop,1
S0003030,2025-11-09,C00795,Organic Search,Desktop,1
S0003031,2025-08-16,C00339,Email,Tablet,0
S0003032,2025-11-18,C01001,Referral,Mobile,0
S0003033,2025-12-12,C01101,Social Media,Desktop,0
S0003034,2025-09-02,C00926,Direct,Mobile,0
S0003035,2025-11-02,C00762,Organic Search,Mobile,0
S0003036,2025-01-14,C00111,Organic Search,Desktop,0
S0003037,2025-01-16,C00422,Organic Search,Mobile,0
S0003038,2025-02-11,C00883,Organic Search,Mobile,0
S0003039,2025-04-20,C00496,Email,Mobile,0
S0003040,2025-10-05,C00951,Email,Mobile,0
S0003041,2025-11-20,C00588,Direct,Mobile,0
S0003042,2025-01-19,C00873,Email,Mobile,0
S0003043,2025-03-07,C00526,Direct,Desktop,1
S0003044,2025-06-16,C00635,Social Media,Mobile,1
S0003045,2025-03-14,C00449,Organic Search,Mobile,0
S0003046,2025-11-06,C00127,Paid Search,Desktop,0
S0003047,2025-04-22,C00428,Organic Search,Mobile,0
S0003048,2025-10-01,C00476,Paid Search,Mobile,0
S0003049,2025-03-26,C00725,Referral,Desktop,0
S0003050,2025-05-19,C00498,Social Media,Mobile,0
S0003051,2025-02-08,C00891,Social Media,Tablet,0
S0003052,2025-04-15,C00986,Organic Search,Mobile,0
S0003053,2025-11-20,C00729,Email,Mobile,0
S0003054,2025-10-08,C01102,Organic Search,Mobile,0
S0003055,2025-05-03,C00866,Organic Search,Desktop,0
S0003056,2025-08-06,C00569,Social Media,Desktop,0
S0003057,2025-03-02,C00860,Referral,Mobile,0
S0003058,2025-04-10,C00284,Organic Search,Mobile,0
S0003059,2025-11-03,C00191,Organic Search,Desktop,0
S0003060,2025-12-20,C00164,Social Media,Mobile,0
S0003061,2025-07-23,C00749,Paid Search,Desktop,0
S0003062,2025-09-15,C01028,Direct,Mobile,1
S0003063,2025-01-05,C00401,Email,Desktop,0
S0003064,2025-07-16,C00345,Organic Search,Desktop,0
S0003065,2025-06-29,C00043,Direct,Mobile,0
S0003066,2025-12-08,C00245,Direct,Mobile,0
S0003067,2025-05-13,C00262,Social Media,Desktop,0
S0003068,2025-11-20,C00676,Direct,Mobile,0
S0003069,2025-09-10,C00845,Organic Search,Mobile,0
S0003070,2025-09-22,C00120,Organic Search,Mobile,0
S0003071,2025-04-03,C00382,Social Media,Desktop,0
S0003072,2025-05-30,C00615,Paid Search,Mobile,0
S0003073,2025-05-18,C00704,Direct,Mobile,1
S0003074,2025-07-27,C00961,Social Media,Mobile,0
S0003075,2025-05-05,C00898,Email,Mobile,0
S0003076,2025-08-22,C00473,Paid Search,Desktop,0
S0003077,2025-03-02,C00766,Email,Desktop,0
S0003078,2025-11-03,C00851,Email,Desktop,0
S0003079,2025-09-23,C00997,Paid Search,Mobile,0
S0003080,2025-05-14,C00085,Organic Search,Mobile,0
S0003081,2025-11-14,C00323,Organic Search,Mobile,0
S0003082,2025-04-23,C00606,Paid Search,Mobile,0
S0003083,2025-07-10,C00880,Organic Search,Desktop,1
S0003084,2025-07-06,C01172,Organic Search,Desktop,0
S0003085,2025-11-15,C00876,Paid Search,Mobile,0
S0003086,2025-03-30,C00761,Organic Search,Mobile,0
S0003087,2025-07-06,C00204,Referral,Desktop,0
S0003088,2025-11-03,C01173,Paid Search,Mobile,0
S0003089,2025-05-12,C00710,Paid Search,Mobile,0
S0003090,2025-12-26,C00707,Referral,Mobile,1
S0003091,2025-05-03,C00976,Email,Mobile,0
S0003092,2025-02-17,C00390,Organic Search,Desktop,0
S0003093,2025-10-15,C00970,Social Media,Mobile,0
S0003094,2025-06-28,C00384,Organic Search,Mobile,0
S0003095,2025-06-29,C00146,Organic Search,Mobile,0
S0003096,2025-04-09,C00797,Direct,Mobile,0
S0003097,2025-11-26,C00227,Direct,Desktop,0
S0003098,2025-02-03,C00355,Paid Search,Mobile,0
S0003099,2025-03-11,C00899,Social Media,Desktop,0
S0003100,2025-06-20,C01058,Direct,Tablet,0
S0003101,2025-09-29,C01121,Organic Search,Mobile,0
S0003102,2025-02-28,C00511,Organic Search,Mobile,1
S0003103,2025-06-30,C00849,Social Media,Desktop,0
S0003104,2025-01-19,C00630,Direct,Mobile,0
S0003105,2025-08-14,C01011,Organic Search,Mobile,1
S0003106,2025-04-05,C00641,Organic Search,Mobile,0
S0003107,2025-10-24,C00006,Organic Search,Desktop,0
S0003108,2025-03-22,C00240,Social Media,Mobile,0
S0003109,2025-06-24,C00829,Organic Search,Desktop,1
S0003110,2025-08-10,C00548,Paid Search,Mobile,0
S0003111,2025-04-13,C00491,Organic Search,Mobile,0
S0003112,2025-02-23,C00294,Direct,Mobile,0
S0003113,2025-07-02,C00683,Social Media,Desktop,0
S0003114,2025-12-17,C00353,Paid Search,Mobile,0
S0003115,2025-11-14,C00159,Social Media,Desktop,0
S0003116,2025-12-21,C01042,Paid Search,Mobile,0
S0003117,2025-12-15,C00091,Paid Search,Tablet,0
S0003118,2025-11-17,C00083,Direct,Mobile,0
S0003119,2025-03-09,C00287,Social Media,Mobile,0
S0003120,2025-01-28,C00113,Social Media,Mobile,0
S0003121,2025-10-01,C00269,Social Media,Desktop,0
S0003122,2025-10-09,C00088,Social Media,Mobile,0
S0003123,2025-12-26,C00482,Email,Mobile,0
S0003124,2025-11-07,C00736,Paid Search,Mobile,0
S0003125,2025-04-29,C00101,Organic Search,Mobile,0
S0003126,2025-05-14,C01083,Paid Search,Mobile,1
S0003127,2025-05-09,C00870,Email,Mobile,0
S0003128,2025-01-08,C00916,Organic Search,Mobile,0
S0003129,2025-02-20,C00032,Paid Search,Desktop,0
S0003130,2025-12-07,C00586,Social Media,Mobile,0
S0003131,2025-10-08,C01099,Paid Search,Mobile,0
S0003132,2025-06-24,C00954,Referral,Desktop,0
S0003133,2025-07-02,C01158,Email,Mobile,0
S0003134,2025-07-11,C00205,Paid Search,Desktop,0
S0003135,2025-09-06,C00998,Paid Search,Mobile,0
S0003136,2025-08-23,C00091,Paid Search,Desktop,0
S0003137,2025-03-24,C00858,Direct,Mobile,0
S0003138,2025-04-03,C00826,Social Media,Mobile,0
S0003139,2025-11-08,C01030,Organic Search,Mobile,1
S0003140,2025-09-25,C00880,Organic Search,Desktop,0
S0003141,2025-04-30,C00375,Email,Mobile,0
S0003142,2025-03-12,C00404,Paid Search,Mobile,0
S0003143,2025-01-17,C00041,Organic Search,Mobile,0
S0003144,2025-09-10,C00714,Direct,Mobile,0
S0003145,2025-05-02,C00626,Social Media,Desktop,0
S0003146,2025-01-10,C00697,Email,Mobile,0
S0003147,2025-10-14,C00409,Social Media,Mobile,0
S0003148,2025-11-12,C00949,Social Media,Desktop,0
S0003149,2025-11-22,C00125,Paid Search,Desktop,0
S0003150,2025-09-30,C00716,Organic Search,Mobile,0
S0003151,2025-11-02,C00564,Direct,Desktop,0
S0003152,2025-10-20,C00876,Paid Search,Mobile,0
S0003153,2025-07-29,C00527,Paid Search,Desktop,0
S0003154,2025-08-06,C00643,Social Media,Mobile,0
S0003155,2025-08-29,C00614,Social Media,Mobile,0
S0003156,2025-07-19,C00852,Direct,Mobile,0
S0003157,2025-08-04,C00813,Paid Search,Desktop,0
S0003158,2025-07-24,C00521,Paid Search,Mobile,0
S0003159,2025-08-04,C00246,Referral,Mobile,0
S0003160,2025-03-21,C01035,Email,Mobile,0
S0003161,2025-09-24,C00036,Paid Search,Mobile,0
S0003162,2025-02-04,C00028,Direct,Desktop,0
S0003163,2025-10-16,C00225,Email,Mobile,0
S0003164,2025-01-18,C00909,Organic Search,Mobile,0
S0003165,2025-06-14,C00917,Referral,Mobile,0
S0003166,2025-01-13,C01002,Organic Search,Desktop,1
S0003167,2025-07-21,C00036,Paid Search,Desktop,0
S0003168,2025-08-17,C00493,Paid Search,Mobile,0
S0003169,2025-12-12,C00366,Email,Mobile,0
S0003170,2025-01-01,C00370,Paid Search,Mobile,0
S0003171,2025-11-15,C01111,Paid Search,Desktop,0
S0003172,2025-08-05,C00458,Paid Search,Mobile,0
S0003173,2025-02-03,C00337,Email,Desktop,0
S0003174,2025-12-25,C00290,Referral,Desktop,0
S0003175,2025-09-23,C00429,Paid Search,Desktop,0
S0003176,2025-05-08,C00551,Organic Search,Mobile,1
S0003177,2025-07-31,C00237,Paid Search,Mobile,0
S0003178,2025-09-20,C00243,Social Media,Mobile,0
S0003179,2025-11-08,C00830,Direct,Mobile,0
S0003180,2025-03-21,C01104,Organic Search,Tablet,0
S0003181,2025-06-14,C00896,Organic Search,Mobile,1
S0003182,2025-09-09,C00104,Organic Search,Mobile,0
S0003183,2025-01-12,C00720,Referral,Mobile,0
S0003184,2025-10-31,C00252,Organic Search,Mobile,1
S0003185,2025-07-31,C00781,Organic Search,Mobile,0
S0003186,2025-10-09,C00550,Email,Mobile,0
S0003187,2025-04-22,C00489,Paid Search,Desktop,0
S0003188,2025-07-30,C00423,Email,Tablet,0
S0003189,2025-08-27,C01041,Direct,Desktop,0
S0003190,2025-09-25,C00175,Paid Search,Mobile,0
S0003191,2025-10-25,C00263,Organic Search,Mobile,0
S0003192,2025-11-13,C00797,Direct,Tablet,0
S0003193,2025-02-27,C00462,Organic Search,Mobile,0
S0003194,2025-02-03,C00656,Organic Search,Tablet,0
S0003195,2025-09-20,C00712,Organic Search,Desktop,0
S0003196,2025-12-31,C01077,Email,Mobile,0
S0003197,2025-02-04,C00039,Email,Mobile,0
S0003198,2025-09-28,C00759,Direct,Mobile,0
S0003199,2025-08-15,C00694,Social Media,Mobile,0
S0003200,2025-01-25,C00202,Email,Desktop,1
S0003201,2025-08-22,C00435,Organic Search,Mobile,0
S0003202,2025-02-28,C00458,Paid Search,Desktop,0
S0003203,2025-09-08,C01130,Organic Search,Mobile,0
S0003204,2025-12-01,C00395,Direct,Mobile,0
S0003205,2025-03-27,C01101,Social Media,Mobile,1
S0003206,2025-09-08,C00525,Social Media,Mobile,0
S0003207,2025-06-29,C00655,Referral,Mobile,0
S0003208,2025-07-26,C00406,Direct,Desktop,0
S0003209,2025-12-10,C00180,Referral,Mobile,0
S0003210,2025-05-29,C00752,Direct,Desktop,0
S0003211,2025-03-12,C00611,Social Media,Desktop,0
S0003212,2025-05-01,C01125,Email,Desktop,0
S0003213,2025-09-10,C00363,Organic Search,Mobile,0
S0003214,2025-04-03,C00330,Paid Search,Tablet,0
S0003215,2025-09-13,C00574,Social Media,Tablet,0
S0003216,2025-09-11,C00929,Direct,Mobile,0
S0003217,2025-12-18,C00963,Direct,Desktop,0
S0003218,2025-10-15,C00920,Email,Mobile,0
S0003219,2025-11-05,C00998,Paid Search,Desktop,0
S0003220,2025-02-28,C00137,Social Media,Mobile,0
S0003221,2025-03-10,C00741,Referral,Mobile,0
S0003222,2025-03-27,C00091,Paid Search,Mobile,1
S0003223,2025-10-01,C01158,Email,Mobile,0
S0003224,2025-08-15,C00377,Referral,Mobile,0
S0003225,2025-03-22,C00478,Paid Search,Mobile,0
S0003226,2025-04-24,C00078,Direct,Mobile,0
S0003227,2025-07-03,C00795,Organic Search,Mobile,0
S0003228,2025-10-07,C00985,Referral,Mobile,0
S0003229,2025-11-18,C00857,Social Media,Desktop,0
S0003230,2025-11-14,C00001,Email,Mobile,0
S0003231,2025-02-23,C00046,Direct,Mobile,0
S0003232,2025-07-16,C01036,Social Media,Mobile,1
S0003233,2025-10-20,C00796,Direct,Mobile,0
S0003234,2025-10-20,C00737,Email,Mobile,0
S0003235,2025-10-18,C00206,Social Media,Mobile,0
S0003236,2025-06-29,C01139,Paid Search,Mobile,1
S0003237,2025-08-10,C01183,Organic Search,Mobile,0
S0003238,2025-10-01,C00179,Email,Desktop,0
S0003239,2025-09-01,C00985,Referral,Mobile,1
S0003240,2025-06-03,C00883,Organic Search,Mobile,0
S0003241,2025-10-31,C00740,Organic Search,Mobile,0
S0003242,2025-09-30,C00487,Referral,Mobile,0
S0003243,2025-05-15,C01010,Organic Search,Mobile,0
S0003244,2025-11-09,C00406,Direct,Desktop,0
S0003245,2025-01-08,C00406,Direct,Mobile,0
S0003246,2025-05-08,C00537,Social Media,Mobile,1
S0003247,2025-02-25,C00276,Organic Search,Mobile,0
S0003248,2025-05-06,C00836,Referral,Tablet,0
S0003249,2025-06-08,C00194,Email,Mobile,1
S0003250,2025-02-28,C00828,Social Media,Mobile,0
S0003251,2025-02-27,C00973,Organic Search,Mobile,0
S0003252,2025-05-20,C00809,Email,Mobile,0
S0003253,2025-06-25,C00447,Paid Search,Mobile,0
S0003254,2025-04-18,C00650,Social Media,Desktop,0
S0003255,2025-07-30,C00783,Social Media,Desktop,0
S0003256,2025-03-15,C00348,Paid Search,Mobile,0
S0003257,2025-06-16,C00853,Direct,Desktop,0
S0003258,2025-12-23,C01163,Referral,Desktop,0
S0003259,2025-10-31,C01175,Email,Desktop,0
S0003260,2025-08-21,C00693,Social Media,Desktop,0
S0003261,2025-11-23,C01083,Paid Search,Desktop,0
S0003262,2025-07-01,C00112,Social Media,Mobile,0
S0003263,2025-05-02,C00717,Direct,Mobile,0
S0003264,2025-11-30,C01131,Social Media,Desktop,0
S0003265,2025-07-22,C00755,Direct,Mobile,0
S0003266,2025-01-29,C00504,Direct,Mobile,0
S0003267,2025-07-21,C00594,Organic Search,Mobile,0
S0003268,2025-04-03,C00081,Social Media,Mobile,0
S0003269,2025-11-25,C00713,Referral,Desktop,0
S0003270,2025-12-22,C00595,Organic Search,Tablet,0
S0003271,2025-06-25,C01119,Email,Mobile,0
S0003272,2025-11-26,C00175,Paid Search,Desktop,0
S0003273,2025-07-30,C00382,Social Media,Mobile,0
S0003274,2025-07-03,C00336,Organic Search,Desktop,1
S0003275,2025-04-05,C00907,Organic Search,Mobile,0
S0003276,2025-09-30,C00430,Paid Search,Mobile,1
S0003277,2025-05-17,C01018,Social Media,Mobile,1
S0003278,2025-08-25,C00385,Paid Search,Mobile,0
S0003279,2025-12-19,C01028,Direct,Mobile,0
S0003280,2025-09-22,C01141,Social Media,Mobile,0
S0003281,2025-05-15,C00971,Email,Mobile,0
S0003282,2025-05-24,C01006,Email,Mobile,0
S0003283,2025-01-19,C00193,Organic Search,Mobile,0
S0003284,2025-08-19,C00463,Organic Search,Mobile,0
S0003285,2025-05-14,C00358,Social Media,Mobile,0
S0003286,2025-04-24,C01007,Organic Search,Desktop,0
S0003287,2025-05-19,C00895,Organic Search,Mobile,0
S0003288,2025-05-05,C00637,Social Media,Mobile,0
S0003289,2025-07-23,C00536,Direct,Mobile,0
S0003290,2025-03-02,C00136,Organic Search,Mobile,0
S0003291,2025-09-07,C01083,Paid Search,Mobile,0
S0003292,2025-10-25,C00128,Paid Search,Mobile,0
S0003293,2025-01-13,C00032,Paid Search,Desktop,0
S0003294,2025-09-12,C00185,Paid Search,Mobile,0
S0003295,2025-03-26,C00121,Referral,Desktop,0
S0003296,2025-01-20,C00346,Direct,Desktop,0
S0003297,2025-02-19,C00566,Organic Search,Desktop,0
S0003298,2025-06-13,C00038,Paid Search,Mobile,0
S0003299,2025-04-02,C00017,Email,Mobile,1
S0003300,2025-03-29,C00507,Organic Search,Desktop,0
S0003301,2025-03-10,C01169,Organic Search,Mobile,1
S0003302,2025-02-06,C00728,Organic Search,Desktop,0
S0003303,2025-09-10,C01144,Social Media,Desktop,0
S0003304,2025-09-09,C00160,Organic Search,Mobile,0
S0003305,2025-05-20,C00955,Direct,Desktop,0
S0003306,2025-12-21,C00302,Paid Search,Mobile,0
S0003307,2025-06-17,C00512,Email,Desktop,0
S0003308,2025-02-23,C00862,Social Media,Tablet,0
S0003309,2025-06-27,C00661,Organic Search,Mobile,0
S0003310,2025-10-24,C01061,Organic Search,Desktop,0
S0003311,2025-10-28,C00636,Social Media,Mobile,0
S0003312,2025-12-25,C01175,Email,Desktop,0
S0003313,2025-04-16,C00765,Referral,Desktop,0
S0003314,2025-05-17,C01117,Referral,Desktop,0
S0003315,2025-07-09,C00402,Social Media,Mobile,0
S0003316,2025-05-08,C00814,Organic Search,Desktop,0
S0003317,2025-12-08,C00908,Email,Mobile,1
S0003318,2025-02-16,C00092,Email,Desktop,0
S0003319,2025-01-05,C00214,Direct,Mobile,0
S0003320,2025-09-14,C00945,Organic Search,Desktop,0
S0003321,2025-10-27,C00244,Organic Search,Mobile,0
S0003322,2025-05-30,C00031,Organic Search,Desktop,1
S0003323,2025-10-21,C00460,Social Media,Mobile,1
S0003324,2025-08-31,C01070,Direct,Desktop,0
S0003325,2025-10-02,C00770,Organic Search,Mobile,0
S0003326,2025-07-27,C00249,Social Media,Mobile,0
S0003327,2025-04-25,C01096,Referral,Desktop,0
S0003328,2025-07-14,C01190,Referral,Mobile,0
S0003329,2025-12-09,C00145,Referral,Mobile,0
S0003330,2025-06-19,C00826,Social Media,Mobile,0
S0003331,2025-03-23,C01189,Organic Search,Mobile,0
S0003332,2025-06-03,C01176,Email,Desktop,0
S0003333,2025-05-21,C00324,Email,Desktop,0
S0003334,2025-11-10,C00938,Paid Search,Desktop,0
S0003335,2025-05-26,C00055,Paid Search,Desktop,0
S0003336,2025-11-19,C01029,Referral,Desktop,0
S0003337,2025-05-02,C00870,Email,Desktop,0
S0003338,2025-09-09,C00772,Organic Search,Mobile,0
S0003339,2025-12-09,C00608,Paid Search,Desktop,1
S0003340,2025-11-07,C00869,Referral,Mobile,0
S0003341,2025-03-30,C00922,Social Media,Mobile,0
S0003342,2025-02-27,C00655,Referral,Mobile,0
S0003343,2025-03-04,C00951,Email,Mobile,0
S0003344,2025-12-13,C00988,Social Media,Mobile,0
S0003345,2025-11-04,C01039,Email,Mobile,0
S0003346,2025-10-07,C00947,Organic Search,Mobile,0
S0003347,2025-03-13,C00843,Email,Mobile,0
S0003348,2025-01-09,C00394,Social Media,Desktop,0
S0003349,2025-04-04,C00509,Organic Search,Desktop,1
S0003350,2025-12-05,C00482,Email,Desktop,0
S0003351,2025-12-02,C00459,Social Media,Mobile,0
S0003352,2025-06-01,C00572,Social Media,Mobile,0
S0003353,2025-12-22,C00579,Paid Search,Desktop,0
S0003354,2025-02-09,C00360,Referral,Mobile,0
S0003355,2025-12-25,C01152,Direct,Mobile,0
S0003356,2025-03-03,C00692,Email,Mobile,0
S0003357,2025-09-11,C00915,Direct,Mobile,0
S0003358,2025-03-10,C01116,Email,Desktop,1
S0003359,2025-09-02,C00754,Direct,Mobile,0
S0003360,2025-12-31,C00825,Paid Search,Mobile,0
S0003361,2025-06-19,C00737,Email,Mobile,0
S0003362,2025-06-27,C00942,Email,Tablet,0
S0003363,2025-07-08,C00431,Paid Search,Mobile,0
S0003364,2025-09-17,C00510,Referral,Mobile,0
S0003365,2025-03-13,C00681,Email,Mobile,0
S0003366,2025-01-17,C00899,Social Media,Desktop,0
S0003367,2025-12-07,C01196,Email,Mobile,0
S0003368,2025-02-26,C01041,Direct,Mobile,0
S0003369,2025-08-06,C00031,Organic Search,Tablet,0
S0003370,2025-04-17,C00321,Organic Search,Mobile,0
S0003371,2025-10-31,C00710,Paid Search,Mobile,1
S0003372,2025-06-22,C01024,Organic Search,Mobile,0
S0003373,2025-08-07,C00447,Paid Search,Mobile,0
S0003374,2025-09-04,C01071,Paid Search,Mobile,0
S0003375,2025-08-06,C01021,Email,Desktop,0
S0003376,2025-01-31,C00066,Paid Search,Mobile,0
S0003377,2025-02-16,C01193,Direct,Desktop,0
S0003378,2025-05-14,C00021,Paid Search,Mobile,0
S0003379,2025-04-18,C00386,Organic Search,Desktop,0
S0003380,2025-03-13,C00171,Paid Search,Mobile,0
S0003381,2025-11-23,C00578,Direct,Mobile,0
S0003382,2025-04-18,C00628,Email,Mobile,0
S0003383,2025-11-05,C00162,Social Media,Mobile,0
S0003384,2025-09-29,C01008,Organic Search,Mobile,0
S0003385,2025-06-20,C00931,Social Media,Mobile,0
S0003386,2025-04-26,C01119,Email,Tablet,1
S0003387,2025-11-25,C00585,Paid Search,Mobile,0
S0003388,2025-03-15,C00814,Organic Search,Mobile,0
S0003389,2025-09-13,C00229,Paid Search,Desktop,0
S0003390,2025-03-22,C00325,Organic Search,Mobile,0
S0003391,2025-09-25,C01083,Paid Search,Desktop,0
S0003392,2025-05-08,C01200,Email,Mobile,0
S0003393,2025-11-22,C00525,Social Media,Mobile,0
S0003394,2025-08-23,C00766,Email,Desktop,0
S0003395,2025-02-10,C00097,Paid Search,Tablet,0
S0003396,2025-06-30,C00514,Organic Search,Mobile,0
S0003397,2025-06-06,C00290,Referral,Desktop,0
S0003398,2025-02-28,C00803,Social Media,Tablet,0
S0003399,2025-12-11,C00366,Email,Mobile,0
S0003400,2025-09-06,C01036,Social Media,Mobile,0
S0003401,2025-07-11,C00336,Organic Search,Mobile,0
S0003402,2025-01-24,C01009,Referral,Mobile,0
S0003403,2025-03-21,C00506,Direct,Mobile,0
S0003404,2025-05-14,C00207,Referral,Mobile,0
S0003405,2025-08-01,C00816,Organic Search,Mobile,0
S0003406,2025-12-14,C00127,Paid Search,Mobile,0
S0003407,2025-06-15,C00157,Referral,Mobile,0
S0003408,2025-12-14,C00244,Organic Search,Mobile,0
S0003409,2025-12-03,C00015,Social Media,Mobile,0
S0003410,2025-03-12,C00684,Email,Desktop,0
S0003411,2025-08-02,C01173,Paid Search,Desktop,0
S0003412,2025-03-06,C00326,Paid Search,Desktop,0
S0003413,2025-08-09,C00093,Direct,Mobile,0
S0003414,2025-11-04,C00161,Social Media,Desktop,0
S0003415,2025-10-13,C01128,Email,Desktop,0
S0003416,2025-07-04,C00046,Direct,Mobile,0
S0003417,2025-07-26,C00162,Social Media,Mobile,0
S0003418,2025-04-09,C01138,Paid Search,Mobile,0
S0003419,2025-08-30,C00815,Paid Search,Mobile,0
S0003420,2025-06-07,C00072,Paid Search,Mobile,0
S0003421,2025-04-08,C00640,Social Media,Mobile,0
S0003422,2025-02-11,C00185,Paid Search,Mobile,0
S0003423,2025-05-19,C00605,Organic Search,Mobile,0
S0003424,2025-10-10,C00989,Organic Search,Desktop,0
S0003425,2025-08-15,C00526,Direct,Desktop,0
S0003426,2025-03-13,C00572,Social Media,Mobile,0
S0003427,2025-08-31,C00708,Paid Search,Mobile,1
S0003428,2025-01-18,C00672,Direct,Mobile,0
S0003429,2025-03-18,C00376,Referral,Tablet,0
S0003430,2025-02-14,C00423,Email,Desktop,0
S0003431,2025-12-09,C00697,Email,Mobile,0
S0003432,2025-05-20,C00154,Paid Search,Mobile,0
S0003433,2025-06-26,C00618,Referral,Desktop,0
S0003434,2025-08-10,C00179,Email,Mobile,0
S0003435,2025-04-02,C00842,Referral,Mobile,0
S0003436,2025-01-22,C00049,Organic Search,Desktop,0
S0003437,2025-06-21,C00783,Social Media,Mobile,0
S0003438,2025-04-02,C01050,Social Media,Mobile,0
S0003439,2025-07-11,C00631,Paid Search,Mobile,1
S0003440,2025-03-18,C00682,Social Media,Mobile,0
S0003441,2025-10-08,C00915,Direct,Desktop,0
S0003442,2025-12-30,C00537,Social Media,Mobile,0
S0003443,2025-06-28,C00368,Paid Search,Desktop,0
S0003444,2025-08-26,C00650,Social Media,Desktop,0
S0003445,2025-05-15,C00003,Email,Mobile,0
S0003446,2025-12-31,C01161,Social Media,Mobile,0
S0003447,2025-10-07,C00750,Organic Search,Mobile,0
S0003448,2025-01-19,C00532,Organic Search,Mobile,0
S0003449,2025-03-24,C00805,Paid Search,Desktop,0
S0003450,2025-08-16,C00875,Organic Search,Desktop,0
S0003451,2025-09-22,C00983,Paid Search,Mobile,0
S0003452,2025-04-22,C00203,Social Media,Desktop,0
S0003453,2025-09-08,C00426,Social Media,Mobile,0
S0003454,2025-06-13,C00633,Paid Search,Desktop,0
S0003455,2025-12-24,C00307,Email,Mobile,0
S0003456,2025-06-17,C00565,Social Media,Mobile,0
S0003457,2025-08-09,C00888,Organic Search,Mobile,0
S0003458,2025-10-31,C01196,Email,Mobile,0
S0003459,2025-07-10,C00648,Paid Search,Mobile,0
S0003460,2025-11-21,C00051,Referral,Mobile,0
S0003461,2025-06-19,C00544,Paid Search,Mobile,0
S0003462,2025-02-14,C00720,Referral,Desktop,0
S0003463,2025-01-14,C00156,Email,Desktop,0
S0003464,2025-08-19,C00568,Organic Search,Mobile,0
S0003465,2025-06-06,C00776,Social Media,Desktop,0
S0003466,2025-05-14,C00315,Email,Mobile,0
S0003467,2025-02-06,C00528,Email,Desktop,0
S0003468,2025-02-22,C00828,Social Media,Mobile,0
S0003469,2025-01-18,C00419,Organic Search,Mobile,0
S0003470,2025-02-07,C00934,Direct,Mobile,0
S0003471,2025-07-06,C00071,Paid Search,Mobile,0
S0003472,2025-07-15,C01194,Email,Mobile,0
S0003473,2025-08-31,C00355,Paid Search,Mobile,0
S0003474,2025-10-27,C00574,Social Media,Tablet,0
S0003475,2025-10-30,C00483,Paid Search,Tablet,0
S0003476,2025-02-04,C00544,Paid Search,Desktop,0
S0003477,2025-08-03,C00053,Social Media,Desktop,0
S0003478,2025-08-07,C01149,Social Media,Mobile,0
S0003479,2025-11-12,C00325,Organic Search,Desktop,0
S0003480,2025-03-31,C00743,Referral,Mobile,0
S0003481,2025-11-04,C00195,Email,Tablet,0
S0003482,2025-09-09,C00433,Email,Mobile,0
S0003483,2025-01-08,C00311,Organic Search,Desktop,0
S0003484,2025-09-13,C00801,Direct,Mobile,0
S0003485,2025-12-29,C01194,Email,Tablet,0
S0003486,2025-07-27,C00275,Email,Desktop,0
S0003487,2025-05-11,C00878,Direct,Mobile,0
S0003488,2025-08-12,C00246,Referral,Mobile,0
S0003489,2025-07-16,C00346,Direct,Desktop,0
S0003490,2025-05-22,C01176,Email,Desktop,0
S0003491,2025-09-09,C00287,Social Media,Mobile,0
S0003492,2025-04-06,C00434,Paid Search,Mobile,0
S0003493,2025-01-26,C00055,Paid Search,Mobile,0
S0003494,2025-04-21,C00490,Referral,Desktop,0
S0003495,2025-05-03,C00231,Organic Search,Mobile,0
S0003496,2025-07-05,C00349,Email,Mobile,0
S0003497,2025-06-17,C00238,Direct,Mobile,0
S0003498,2025-02-20,C01169,Organic Search,Mobile,0
S0003499,2025-01-05,C00922,Social Media,Mobile,1
S0003500,2025-03-18,C01174,Organic Search,Mobile,0
S0003501,2025-06-09,C01007,Organic Search,Desktop,0
S0003502,2025-07-27,C00175,Paid Search,Mobile,0
S0003503,2025-09-14,C00289,Social Media,Mobile,0
S0003504,2025-07-24,C00306,Social Media,Mobile,0
S0003505,2025-09-12,C00669,Email,Mobile,0
S0003506,2025-01-11,C00510,Referral,Desktop,0
S0003507,2025-01-08,C00741,Referral,Mobile,0
S0003508,2025-02-01,C00765,Referral,Mobile,0
S0003509,2025-01-28,C00885,Paid Search,Mobile,0
S0003510,2025-07-25,C01113,Organic Search,Desktop,0
S0003511,2025-08-16,C00282,Organic Search,Desktop,0
S0003512,2025-05-08,C00726,Referral,Desktop,0
S0003513,2025-09-12,C00046,Direct,Desktop,0
S0003514,2025-07-31,C00058,Organic Search,Mobile,0
S0003515,2025-08-27,C00213,Direct,Mobile,0
S0003516,2025-07-26,C00915,Direct,Desktop,0
S0003517,2025-11-14,C00185,Paid Search,Desktop,0
S0003518,2025-10-10,C00879,Paid Search,Mobile,0
S0003519,2025-09-02,C01090,Paid Search,Desktop,0
S0003520,2025-02-14,C01103,Organic Search,Mobile,0
S0003521,2025-04-15,C01099,Paid Search,Desktop,0
S0003522,2025-12-14,C00595,Organic Search,Mobile,0
S0003523,2025-10-08,C01122,Paid Search,Mobile,0
S0003524,2025-08-22,C00199,Email,Mobile,0
S0003525,2025-07-08,C00769,Direct,Mobile,0
S0003526,2025-02-13,C01000,Organic Search,Mobile,1
S0003527,2025-08-13,C01072,Organic Search,Mobile,0
S0003528,2025-05-22,C00584,Email,Desktop,0
S0003529,2025-05-16,C00900,Referral,Desktop,0
S0003530,2025-06-25,C00290,Referral,Tablet,1
S0003531,2025-05-22,C00333,Organic Search,Mobile,0
S0003532,2025-03-21,C00285,Paid Search,Tablet,1
S0003533,2025-03-23,C00517,Organic Search,Mobile,0
S0003534,2025-05-15,C00887,Email,Mobile,0
S0003535,2025-07-26,C01140,Social Media,Desktop,0
S0003536,2025-12-10,C00805,Paid Search,Mobile,0
S0003537,2025-06-26,C00161,Social Media,Mobile,0
S0003538,2025-08-31,C00515,Social Media,Mobile,0
S0003539,2025-02-24,C00702,Direct,Tablet,0
S0003540,2025-05-21,C01068,Direct,Desktop,0
S0003541,2025-02-25,C01109,Organic Search,Mobile,0
S0003542,2025-01-15,C00712,Organic Search,Mobile,0
S0003543,2025-07-04,C00569,Social Media,Mobile,0
S0003544,2025-11-10,C00580,Paid Search,Desktop,0
S0003545,2025-03-29,C00907,Organic Search,Mobile,0
S0003546,2025-04-07,C00440,Paid Search,Mobile,0
S0003547,2025-05-24,C00160,Organic Search,Mobile,1
S0003548,2025-01-08,C00939,Paid Search,Mobile,0
S0003549,2025-08-03,C00069,Organic Search,Mobile,0
S0003550,2025-06-22,C00659,Email,Mobile,0
S0003551,2025-08-11,C00717,Direct,Mobile,0
S0003552,2025-02-09,C01186,Paid Search,Mobile,0
S0003553,2025-07-01,C00263,Organic Search,Mobile,0
S0003554,2025-09-27,C00551,Organic Search,Desktop,0
S0003555,2025-07-06,C00476,Paid Search,Mobile,0
S0003556,2025-09-02,C00767,Email,Mobile,0
S0003557,2025-11-05,C00756,Paid Search,Mobile,0
S0003558,2025-08-19,C00011,Organic Search,Desktop,0
S0003559,2025-06-04,C00921,Social Media,Mobile,0
S0003560,2025-06-24,C00541,Paid Search,Mobile,0
S0003561,2025-12-02,C01114,Organic Search,Desktop,0
S0003562,2025-04-25,C00660,Social Media,Desktop,0
S0003563,2025-11-07,C00057,Organic Search,Desktop,0
S0003564,2025-10-27,C00868,Social Media,Mobile,0
S0003565,2025-01-18,C00002,Organic Search,Mobile,0
S0003566,2025-09-29,C00879,Paid Search,Desktop,0
S0003567,2025-01-12,C00384,Organic Search,Mobile,0
S0003568,2025-10-28,C00400,Referral,Desktop,0
S0003569,2025-07-11,C00919,Paid Search,Mobile,0
S0003570,2025-08-20,C00256,Email,Mobile,0
S0003571,2025-04-03,C00585,Paid Search,Mobile,0
S0003572,2025-08-06,C00975,Paid Search,Mobile,0
S0003573,2025-10-05,C01061,Organic Search,Mobile,0
S0003574,2025-12-19,C00265,Organic Search,Mobile,0
S0003575,2025-10-30,C00714,Direct,Mobile,0
S0003576,2025-01-29,C01063,Organic Search,Desktop,0
S0003577,2025-10-28,C00487,Referral,Mobile,0
S0003578,2025-03-18,C00871,Organic Search,Mobile,0
S0003579,2025-01-09,C00106,Social Media,Desktop,0
S0003580,2025-01-24,C01147,Social Media,Desktop,0
S0003581,2025-01-15,C01042,Paid Search,Mobile,0
S0003582,2025-06-13,C00971,Email,Desktop,0
S0003583,2025-01-13,C00009,Paid Search,Mobile,0
S0003584,2025-12-13,C01054,Email,Desktop,0
S0003585,2025-06-21,C00351,Referral,Tablet,0
S0003586,2025-12-23,C01189,Organic Search,Desktop,0
S0003587,2025-11-23,C00730,Organic Search,Mobile,0
S0003588,2025-07-19,C00236,Organic Search,Mobile,0
S0003589,2025-03-17,C00561,Paid Search,Desktop,0
S0003590,2025-06-13,C00401,Email,Desktop,0
S0003591,2025-03-02,C00531,Organic Search,Mobile,0
S0003592,2025-09-02,C00168,Paid Search,Mobile,0
S0003593,2025-06-04,C00322,Email,Mobile,0
S0003594,2025-09-14,C01190,Referral,Mobile,0
S0003595,2025-09-01,C01189,Organic Search,Mobile,0
S0003596,2025-06-11,C00646,Paid Search,Mobile,0
S0003597,2025-03-09,C00032,Paid Search,Desktop,0
S0003598,2025-12-10,C00344,Direct,Mobile,0
S0003599,2025-10-04,C01150,Paid Search,Desktop,1
S0003600,2025-06-10,C00279,Direct,Desktop,0
S0003601,2025-09-16,C00950,Email,Mobile,0
S0003602,2025-11-03,C01169,Organic Search,Desktop,0
S0003603,2025-12-01,C01077,Email,Mobile,1
S0003604,2025-04-05,C00514,Organic Search,Desktop,0
S0003605,2025-09-03,C00346,Direct,Mobile,0
S0003606,2025-08-09,C00070,Paid Search,Mobile,0
S0003607,2025-05-03,C00350,Social Media,Mobile,0
S0003608,2025-07-06,C01129,Direct,Mobile,0
S0003609,2025-09-19,C00959,Social Media,Mobile,0
S0003610,2025-09-30,C00066,Paid Search,Mobile,0
S0003611,2025-03-01,C00986,Organic Search,Desktop,0
S0003612,2025-05-05,C00214,Direct,Mobile,0
S0003613,2025-12-03,C00711,Direct,Mobile,0
S0003614,2025-12-07,C00778,Social Media,Mobile,0
S0003615,2025-02-20,C00304,Direct,Mobile,0
S0003616,2025-06-27,C00028,Direct,Mobile,0
S0003617,2025-05-19,C01152,Direct,Desktop,0
S0003618,2025-11-23,C00757,Paid Search,Desktop,0
S0003619,2025-06-19,C00332,Direct,Tablet,0
S0003620,2025-02-08,C00103,Organic Search,Mobile,0
S0003621,2025-03-10,C00240,Social Media,Desktop,0
S0003622,2025-08-24,C00173,Direct,Desktop,0
S0003623,2025-02-17,C00288,Referral,Desktop,0
S0003624,2025-02-26,C01045,Organic Search,Mobile,0
S0003625,2025-10-04,C00785,Direct,Tablet,0
S0003626,2025-12-04,C00045,Paid Search,Tablet,0
S0003627,2025-04-09,C01195,Email,Desktop,1
S0003628,2025-01-15,C00936,Email,Tablet,0
S0003629,2025-11-21,C00594,Organic Search,Mobile,0
S0003630,2025-06-28,C00225,Email,Mobile,0
S0003631,2025-11-28,C00906,Direct,Mobile,1
S0003632,2025-03-03,C01194,Email,Desktop,0
S0003633,2025-04-29,C00481,Email,Mobile,0
S0003634,2025-02-06,C01026,Organic Search,Desktop,0
S0003635,2025-05-14,C00509,Organic Search,Mobile,0
S0003636,2025-01-26,C00705,Social Media,Mobile,0
S0003637,2025-01-08,C00044,Social Media,Desktop,0
S0003638,2025-01-04,C00299,Direct,Mobile,0
S0003639,2025-01-21,C01180,Paid Search,Mobile,0
S0003640,2025-05-29,C00572,Social Media,Mobile,0
S0003641,2025-01-25,C00418,Direct,Mobile,0
S0003642,2025-05-23,C00470,Organic Search,Desktop,1
S0003643,2025-09-02,C01156,Paid Search,Desktop,0
S0003644,2025-02-12,C00905,Paid Search,Mobile,0
S0003645,2025-10-20,C00874,Referral,Desktop,0
S0003646,2025-07-04,C00153,Social Media,Mobile,0
S0003647,2025-02-11,C00378,Referral,Desktop,0
S0003648,2025-04-02,C01162,Paid Search,Desktop,1
S0003649,2025-11-13,C00696,Referral,Desktop,0
S0003650,2025-11-20,C00664,Email,Desktop,0
S0003651,2025-02-22,C00168,Paid Search,Desktop,0
S0003652,2025-03-25,C00619,Paid Search,Mobile,0
S0003653,2025-02-03,C01018,Social Media,Mobile,0
S0003654,2025-03-17,C00958,Referral,Tablet,0
S0003655,2025-12-19,C00171,Paid Search,Desktop,0
S0003656,2025-07-16,C00097,Paid Search,Mobile,0
S0003657,2025-10-13,C00387,Organic Search,Mobile,0
S0003658,2025-03-29,C00457,Direct,Desktop,0
S0003659,2025-08-23,C00305,Direct,Mobile,0
S0003660,2025-08-20,C00963,Direct,Mobile,0
S0003661,2025-01-07,C00545,Email,Mobile,0
S0003662,2025-10-19,C00694,Social Media,Desktop,0
S0003663,2025-02-07,C00178,Organic Search,Mobile,0
S0003664,2025-02-21,C01092,Email,Tablet,0
S0003665,2025-05-23,C01113,Organic Search,Desktop,0
S0003666,2025-08-09,C00889,Organic Search,Mobile,0
S0003667,2025-08-28,C00226,Social Media,Tablet,0
S0003668,2025-05-23,C00558,Paid Search,Desktop,0
S0003669,2025-12-15,C01110,Paid Search,Mobile,0
S0003670,2025-12-29,C00769,Direct,Mobile,0
S0003671,2025-02-18,C00703,Email,Mobile,1
S0003672,2025-10-04,C00238,Direct,Mobile,0
S0003673,2025-09-28,C01069,Direct,Desktop,0
S0003674,2025-01-14,C00693,Social Media,Mobile,0
S0003675,2025-10-25,C00235,Email,Desktop,1
S0003676,2025-01-15,C00792,Referral,Mobile,0
S0003677,2025-08-22,C01190,Referral,Mobile,1
S0003678,2025-03-04,C00975,Paid Search,Mobile,0
S0003679,2025-07-15,C00807,Social Media,Desktop,0
S0003680,2025-01-27,C00867,Social Media,Mobile,0
S0003681,2025-04-03,C00246,Referral,Mobile,1
S0003682,2025-04-15,C00181,Social Media,Mobile,0
S0003683,2025-11-05,C00923,Social Media,Desktop,0
S0003684,2025-02-21,C00048,Direct,Tablet,0
S0003685,2025-11-15,C00002,Organic Search,Desktop,0
S0003686,2025-06-30,C01161,Social Media,Mobile,0
S0003687,2025-02-26,C00240,Social Media,Desktop,0
S0003688,2025-04-30,C00010,Direct,Desktop,0
S0003689,2025-11-04,C00508,Paid Search,Mobile,1
S0003690,2025-12-29,C00372,Direct,Mobile,0
S0003691,2025-02-12,C00556,Organic Search,Mobile,0
S0003692,2025-05-15,C00788,Direct,Mobile,0
S0003693,2025-09-17,C00544,Paid Search,Tablet,0
S0003694,2025-07-16,C01165,Organic Search,Desktop,0
S0003695,2025-05-13,C00644,Email,Mobile,0
S0003696,2025-09-12,C01053,Paid Search,Mobile,0
S0003697,2025-08-08,C01027,Social Media,Mobile,0
S0003698,2025-12-02,C01187,Paid Search,Mobile,0
S0003699,2025-02-10,C00677,Organic Search,Desktop,0
S0003700,2025-09-12,C00134,Social Media,Tablet,0
S0003701,2025-01-02,C00231,Organic Search,Mobile,0
S0003702,2025-07-14,C00489,Paid Search,Mobile,0
S0003703,2025-08-30,C01143,Social Media,Desktop,0
S0003704,2025-05-29,C00084,Direct,Desktop,0
S0003705,2025-07-17,C00438,Organic Search,Mobile,0
S0003706,2025-10-26,C00526,Direct,Mobile,0
S0003707,2025-09-02,C00420,Paid Search,Mobile,0
S0003708,2025-12-04,C00581,Organic Search,Mobile,0
S0003709,2025-04-18,C00102,Organic Search,Mobile,0
S0003710,2025-07-31,C00143,Direct,Mobile,0
S0003711,2025-06-05,C00012,Referral,Mobile,0
S0003712,2025-01-26,C00668,Paid Search,Mobile,0
S0003713,2025-03-23,C01108,Direct,Mobile,0
S0003714,2025-03-24,C01098,Direct,Desktop,0
S0003715,2025-05-11,C00386,Organic Search,Desktop,0
S0003716,2025-11-25,C00391,Social Media,Mobile,0
S0003717,2025-04-10,C00964,Direct,Mobile,0
S0003718,2025-09-13,C00345,Organic Search,Mobile,0
S0003719,2025-02-18,C00789,Paid Search,Mobile,0
S0003720,2025-03-04,C00487,Referral,Desktop,0
S0003721,2025-11-07,C00916,Organic Search,Mobile,0
S0003722,2025-10-17,C00690,Email,Mobile,0
S0003723,2025-04-15,C01177,Organic Search,Mobile,0
S0003724,2025-04-15,C00882,Social Media,Mobile,0
S0003725,2025-11-21,C01057,Social Media,Mobile,0
S0003726,2025-01-15,C00770,Organic Search,Mobile,0
S0003727,2025-06-24,C00118,Email,Mobile,0
S0003728,2025-09-16,C00905,Paid Search,Desktop,0
S0003729,2025-07-30,C00757,Paid Search,Mobile,0
S0003730,2025-09-16,C00668,Paid Search,Mobile,0
S0003731,2025-04-12,C00053,Social Media,Mobile,0
S0003732,2025-09-17,C00673,Organic Search,Mobile,0
S0003733,2025-12-10,C01022,Social Media,Mobile,1
S0003734,2025-06-08,C00557,Organic Search,Mobile,0
S0003735,2025-02-14,C00732,Referral,Desktop,0
S0003736,2025-10-28,C00401,Email,Mobile,0
S0003737,2025-09-08,C00175,Paid Search,Mobile,0
S0003738,2025-11-27,C00891,Social Media,Mobile,0
S0003739,2025-06-14,C00681,Email,Mobile,0
S0003740,2025-07-12,C01157,Paid Search,Tablet,0
S0003741,2025-01-09,C00524,Direct,Desktop,0
S0003742,2025-03-06,C01045,Organic Search,Mobile,0
S0003743,2025-10-09,C00303,Direct,Desktop,0
S0003744,2025-06-30,C00841,Direct,Mobile,0
S0003745,2025-10-09,C01053,Paid Search,Desktop,0
S0003746,2025-10-06,C00015,Social Media,Mobile,0
S0003747,2025-01-30,C01143,Social Media,Desktop,0
S0003748,2025-09-23,C00489,Paid Search,Mobile,0
S0003749,2025-11-24,C00166,Organic Search,Mobile,0
S0003750,2025-08-05,C00082,Organic Search,Desktop,0
S0003751,2025-11-16,C00447,Paid Search,Mobile,0
S0003752,2025-04-15,C01076,Organic Search,Mobile,0
S0003753,2025-07-03,C00868,Social Media,Mobile,0
S0003754,2025-11-26,C00354,Paid Search,Mobile,1
S0003755,2025-05-28,C01088,Social Media,Mobile,0
S0003756,2025-04-15,C00174,Paid Search,Desktop,0
S0003757,2025-02-16,C00239,Direct,Mobile,0
S0003758,2025-03-28,C00901,Referral,Mobile,0
S0003759,2025-11-05,C00202,Email,Desktop,0
S0003760,2025-05-09,C00196,Social Media,Mobile,0
S0003761,2025-09-15,C00922,Social Media,Tablet,0
S0003762,2025-11-10,C00545,Email,Mobile,0
S0003763,2025-05-27,C00540,Paid Search,Mobile,0
S0003764,2025-03-13,C00891,Social Media,Desktop,0
S0003765,2025-05-20,C00040,Paid Search,Mobile,0
S0003766,2025-01-27,C00285,Paid Search,Desktop,0
S0003767,2025-01-29,C00707,Referral,Mobile,0
S0003768,2025-09-28,C00843,Email,Mobile,0
S0003769,2025-06-23,C00190,Organic Search,Mobile,0
S0003770,2025-09-10,C00526,Direct,Mobile,0
S0003771,2025-03-01,C00717,Direct,Mobile,1
S0003772,2025-04-17,C00903,Email,Mobile,0
S0003773,2025-08-08,C00723,Social Media,Mobile,0
S0003774,2025-09-16,C00801,Direct,Mobile,0
S0003775,2025-05-26,C01175,Email,Desktop,0
S0003776,2025-02-21,C00037,Paid Search,Tablet,0
S0003777,2025-03-01,C00137,Social Media,Tablet,0
S0003778,2025-02-03,C00542,Direct,Mobile,0
S0003779,2025-04-06,C00044,Social Media,Mobile,0
S0003780,2025-03-30,C00616,Social Media,Mobile,0
S0003781,2025-11-12,C01171,Social Media,Mobile,0
S0003782,2025-08-19,C00767,Email,Mobile,0
S0003783,2025-10-02,C00225,Email,Mobile,0
S0003784,2025-09-03,C00505,Organic Search,Mobile,0
S0003785,2025-04-21,C00936,Email,Desktop,0
S0003786,2025-08-22,C00445,Referral,Desktop,0
S0003787,2025-10-05,C00099,Direct,Mobile,0
S0003788,2025-06-15,C00827,Paid Search,Mobile,0
S0003789,2025-05-08,C00824,Social Media,Mobile,0
S0003790,2025-08-25,C00311,Organic Search,Desktop,0
S0003791,2025-10-18,C00610,Referral,Mobile,0
S0003792,2025-04-17,C00493,Paid Search,Mobile,0
S0003793,2025-05-08,C00657,Direct,Mobile,0
S0003794,2025-07-14,C01012,Social Media,Mobile,0
S0003795,2025-12-05,C00711,Direct,Desktop,0
S0003796,2025-05-23,C00135,Direct,Mobile,1
S0003797,2025-04-21,C00269,Social Media,Mobile,0
S0003798,2025-03-31,C00120,Organic Search,Desktop,0
S0003799,2025-09-08,C00897,Paid Search,Mobile,0
S0003800,2025-10-07,C00893,Email,Mobile,0
S0003801,2025-11-29,C00088,Social Media,Desktop,0
S0003802,2025-08-12,C00864,Organic Search,Desktop,1
S0003803,2025-04-11,C00100,Referral,Desktop,0
S0003804,2025-05-12,C01165,Organic Search,Mobile,0
S0003805,2025-01-13,C00300,Social Media,Mobile,0
S0003806,2025-04-08,C00857,Social Media,Mobile,0
S0003807,2025-04-30,C00423,Email,Desktop,0
S0003808,2025-10-20,C00469,Social Media,Mobile,0
S0003809,2025-10-31,C00860,Referral,Mobile,0
S0003810,2025-07-18,C00945,Organic Search,Tablet,0
S0003811,2025-01-01,C00917,Referral,Mobile,0
S0003812,2025-03-01,C00854,Organic Search,Mobile,0
S0003813,2025-09-07,C01035,Email,Mobile,0
S0003814,2025-05-20,C00418,Direct,Mobile,0
S0003815,2025-05-29,C00891,Social Media,Mobile,1
S0003816,2025-02-13,C00688,Social Media,Desktop,1
S0003817,2025-07-05,C00533,Email,Desktop,0
S0003818,2025-04-18,C00927,Paid Search,Desktop,0
S0003819,2025-02-13,C00012,Referral,Mobile,0
S0003820,2025-03-19,C01129,Direct,Mobile,0
S0003821,2025-08-14,C00415,Paid Search,Desktop,0
S0003822,2025-06-11,C00272,Paid Search,Desktop,0
S0003823,2025-10-08,C00118,Email,Mobile,1
S0003824,2025-09-10,C00665,Direct,Desktop,0
S0003825,2025-05-12,C00457,Direct,Mobile,0
S0003826,2025-05-24,C00818,Organic Search,Mobile,0
S0003827,2025-09-23,C00633,Paid Search,Mobile,1
S0003828,2025-04-19,C00929,Direct,Mobile,0
S0003829,2025-07-13,C00763,Paid Search,Mobile,0
S0003830,2025-02-04,C00232,Email,Desktop,0
S0003831,2025-10-02,C00697,Email,Mobile,0
S0003832,2025-07-06,C01039,Email,Mobile,0
S0003833,2025-08-31,C00850,Referral,Mobile,0
S0003834,2025-09-21,C01138,Paid Search,Desktop,0
S0003835,2025-01-10,C00696,Referral,Mobile,0
S0003836,2025-06-15,C00219,Organic Search,Desktop,0
S0003837,2025-01-29,C00530,Email,Mobile,1
S0003838,2025-09-28,C00485,Organic Search,Mobile,0
S0003839,2025-03-28,C00590,Social Media,Mobile,0
S0003840,2025-01-23,C00227,Direct,Mobile,0
S0003841,2025-07-29,C00850,Referral,Mobile,0
S0003842,2025-02-15,C01067,Organic Search,Mobile,0
S0003843,2025-01-28,C00130,Organic Search,Mobile,0
S0003844,2025-01-26,C00398,Direct,Desktop,0
S0003845,2025-09-23,C00429,Paid Search,Desktop,0
S0003846,2025-06-24,C00425,Paid Search,Tablet,1
S0003847,2025-01-04,C00330,Paid Search,Mobile,0
S0003848,2025-11-07,C01131,Social Media,Desktop,0
S0003849,2025-11-18,C01052,Social Media,Mobile,0
S0003850,2025-03-08,C00007,Paid Search,Mobile,1
S0003851,2025-05-15,C00320,Paid Search,Desktop,1
S0003852,2025-02-24,C00172,Organic Search,Desktop,0
S0003853,2025-01-31,C00685,Social Media,Mobile,0
S0003854,2025-03-15,C00539,Paid Search,Tablet,0
S0003855,2025-01-19,C00180,Referral,Desktop,0
S0003856,2025-06-05,C00754,Direct,Mobile,0
S0003857,2025-12-03,C00213,Direct,Mobile,0
S0003858,2025-06-05,C00391,Social Media,Tablet,1
S0003859,2025-05-27,C00400,Referral,Mobile,0
S0003860,2025-03-28,C00160,Organic Search,Mobile,1
S0003861,2025-01-20,C00149,Organic Search,Mobile,0
S0003862,2025-09-26,C00623,Direct,Mobile,0
S0003863,2025-11-29,C00701,Social Media,Desktop,0
S0003864,2025-02-12,C00970,Social Media,Desktop,0
S0003865,2025-11-02,C00796,Direct,Desktop,0
S0003866,2025-01-28,C00772,Organic Search,Mobile,0
S0003867,2025-09-17,C00413,Organic Search,Mobile,0
S0003868,2025-01-22,C00212,Paid Search,Mobile,0
S0003869,2025-04-11,C00252,Organic Search,Desktop,0
S0003870,2025-02-08,C00089,Email,Mobile,0
S0003871,2025-10-17,C00752,Direct,Desktop,0
S0003872,2025-12-19,C00983,Paid Search,Desktop,0
S0003873,2025-10-27,C00251,Social Media,Desktop,0
S0003874,2025-06-19,C00911,Paid Search,Mobile,0
S0003875,2025-10-23,C00706,Social Media,Tablet,0
S0003876,2025-12-19,C00354,Paid Search,Mobile,0
S0003877,2025-05-10,C00012,Referral,Mobile,0
S0003878,2025-06-05,C00268,Referral,Mobile,0
S0003879,2025-03-15,C00366,Email,Mobile,0
S0003880,2025-12-08,C00922,Social Media,Mobile,0
S0003881,2025-03-31,C00789,Paid Search,Mobile,0
S0003882,2025-03-08,C00445,Referral,Desktop,0
S0003883,2025-08-24,C00395,Direct,Desktop,0
S0003884,2025-07-19,C00729,Email,Desktop,0
S0003885,2025-11-28,C00925,Referral,Desktop,0
S0003886,2025-08-15,C00328,Email,Desktop,0
S0003887,2025-12-14,C00136,Organic Search,Mobile,0
S0003888,2025-08-21,C00274,Paid Search,Tablet,0
S0003889,2025-09-23,C00332,Direct,Mobile,0
S0003890,2025-03-27,C00018,Direct,Desktop,0
S0003891,2025-04-12,C01185,Email,Mobile,1
S0003892,2025-08-02,C00114,Organic Search,Mobile,0
S0003893,2025-04-18,C00965,Direct,Mobile,0
S0003894,2025-06-14,C00526,Direct,Mobile,0
S0003895,2025-04-01,C00239,Direct,Desktop,0
S0003896,2025-07-11,C00192,Organic Search,Mobile,0
S0003897,2025-12-01,C00503,Referral,Mobile,0
S0003898,2025-03-27,C00160,Organic Search,Mobile,0
S0003899,2025-08-10,C00235,Email,Mobile,0
S0003900,2025-12-29,C00538,Organic Search,Mobile,0
S0003901,2025-04-11,C00099,Direct,Desktop,0
S0003902,2025-08-14,C00381,Direct,Desktop,0
S0003903,2025-12-30,C00096,Direct,Mobile,0
S0003904,2025-03-01,C00698,Paid Search,Desktop,0
S0003905,2025-09-07,C00856,Paid Search,Mobile,0
S0003906,2025-02-17,C00821,Referral,Desktop,0
S0003907,2025-04-27,C00183,Email,Mobile,0
S0003908,2025-08-15,C01123,Referral,Desktop,0
S0003909,2025-12-28,C00734,Paid Search,Mobile,1
S0003910,2025-02-02,C00372,Direct,Mobile,0
S0003911,2025-02-13,C01085,Paid Search,Mobile,0
S0003912,2025-06-14,C01175,Email,Desktop,0
S0003913,2025-12-11,C00017,Email,Mobile,0
S0003914,2025-10-19,C00440,Paid Search,Mobile,0
S0003915,2025-12-03,C00549,Paid Search,Mobile,0
S0003916,2025-12-10,C01115,Organic Search,Desktop,0
S0003917,2025-10-14,C00046,Direct,Mobile,0
S0003918,2025-12-30,C00839,Direct,Mobile,0
S0003919,2025-08-13,C00893,Email,Mobile,0
S0003920,2025-10-13,C00969,Organic Search,Desktop,0
S0003921,2025-07-23,C00645,Paid Search,Mobile,0
S0003922,2025-06-21,C01172,Organic Search,Mobile,0
S0003923,2025-01-12,C00337,Email,Mobile,0
S0003924,2025-11-03,C00205,Paid Search,Mobile,0
S0003925,2025-05-01,C00484,Paid Search,Desktop,0
S0003926,2025-09-01,C00341,Organic Search,Desktop,0
S0003927,2025-06-01,C00606,Paid Search,Mobile,0
S0003928,2025-06-01,C00485,Organic Search,Mobile,0
S0003929,2025-07-07,C00536,Direct,Mobile,0
S0003930,2025-01-13,C00135,Direct,Desktop,0
S0003931,2025-04-01,C00832,Paid Search,Mobile,0
S0003932,2025-07-19,C01044,Organic Search,Mobile,0
S0003933,2025-03-15,C00954,Referral,Mobile,0
S0003934,2025-09-13,C00247,Paid Search,Mobile,0
S0003935,2025-10-03,C00297,Paid Search,Mobile,0
S0003936,2025-11-24,C00546,Social Media,Desktop,0
S0003937,2025-11-25,C01174,Organic Search,Desktop,0
S0003938,2025-03-12,C00571,Paid Search,Mobile,0
S0003939,2025-03-19,C00619,Paid Search,Mobile,0
S0003940,2025-10-11,C01076,Organic Search,Mobile,0
S0003941,2025-05-10,C00810,Referral,Desktop,0
S0003942,2025-02-12,C00636,Social Media,Mobile,0
S0003943,2025-01-08,C00673,Organic Search,Mobile,0
S0003944,2025-01-13,C00538,Organic Search,Mobile,0
S0003945,2025-08-01,C00754,Direct,Mobile,0
S0003946,2025-04-21,C00191,Organic Search,Mobile,0
S0003947,2025-10-18,C00778,Social Media,Desktop,0
S0003948,2025-01-23,C00983,Paid Search,Mobile,0
S0003949,2025-10-29,C00416,Referral,Desktop,0
S0003950,2025-09-11,C00175,Paid Search,Mobile,0
S0003951,2025-01-15,C01096,Referral,Mobile,1
S0003952,2025-05-10,C00826,Social Media,Desktop,0
S0003953,2025-03-02,C00813,Paid Search,Mobile,0
S0003954,2025-04-25,C00271,Referral,Mobile,0
S0003955,2025-11-16,C00721,Email,Mobile,0
S0003956,2025-11-04,C00752,Direct,Desktop,0
S0003957,2025-11-21,C00302,Paid Search,Desktop,0
S0003958,2025-03-08,C01170,Social Media,Desktop,0
S0003959,2025-09-06,C00426,Social Media,Mobile,0
S0003960,2025-06-24,C00022,Email,Desktop,0
S0003961,2025-12-05,C00960,Paid Search,Mobile,0
S0003962,2025-01-02,C00446,Organic Search,Mobile,0
S0003963,2025-06-21,C00944,Email,Mobile,0
S0003964,2025-11-30,C00494,Social Media,Desktop,0
S0003965,2025-10-11,C00438,Organic Search,Mobile,1
S0003966,2025-02-23,C01146,Paid Search,Mobile,0
S0003967,2025-03-08,C00105,Email,Desktop,0
S0003968,2025-04-12,C00704,Direct,Tablet,0
S0003969,2025-04-30,C00435,Organic Search,Mobile,0
S0003970,2025-07-10,C00179,Email,Desktop,0
S0003971,2025-10-31,C01193,Direct,Tablet,0
S0003972,2025-02-16,C01125,Email,Desktop,0
S0003973,2025-08-10,C01059,Paid Search,Desktop,0
S0003974,2025-01-21,C01156,Paid Search,Desktop,0
S0003975,2025-06-07,C01045,Organic Search,Desktop,0
S0003976,2025-12-14,C00432,Email,Desktop,0
S0003977,2025-06-08,C00657,Direct,Mobile,0
S0003978,2025-08-23,C00484,Paid Search,Desktop,0
S0003979,2025-05-30,C00622,Email,Mobile,0
S0003980,2025-09-14,C00660,Social Media,Mobile,0
S0003981,2025-06-14,C00744,Paid Search,Mobile,0
S0003982,2025-03-18,C01044,Organic Search,Mobile,1
S0003983,2025-03-26,C00193,Organic Search,Desktop,0
S0003984,2025-02-15,C00543,Direct,Mobile,0
S0003985,2025-02-16,C00944,Email,Tablet,0
S0003986,2025-08-01,C00684,Email,Mobile,0
S0003987,2025-02-28,C00834,Paid Search,Mobile,0
S0003988,2025-02-23,C00962,Social Media,Desktop,0
S0003989,2025-12-08,C00805,Paid Search,Desktop,0
S0003990,2025-01-12,C00947,Organic Search,Desktop,0
S0003991,2025-07-11,C00363,Organic Search,Mobile,0
S0003992,2025-01-06,C01036,Social Media,Desktop,1
S0003993,2025-11-05,C00625,Direct,Mobile,1
S0003994,2025-05-24,C00743,Referral,Mobile,1
S0003995,2025-12-12,C00719,Organic Search,Mobile,0
S0003996,2025-09-18,C00550,Email,Mobile,0
S0003997,2025-03-14,C00927,Paid Search,Mobile,0
S0003998,2025-06-23,C00072,Paid Search,Mobile,0
S0003999,2025-08-20,C00532,Organic Search,Mobile,0
S0004000,2025-09-27,C00436,Referral,Mobile,0
S0004001,2025-12-28,C00536,Direct,Mobile,0
S0004002,2025-08-10,C00582,Organic Search,Mobile,0
S0004003,2025-02-21,C00007,Paid Search,Mobile,0
S0004004,2025-04-26,C00292,Organic Search,Mobile,0
S0004005,2025-01-26,C01068,Direct,Desktop,0
S0004006,2025-02-22,C01030,Organic Search,Mobile,0
S0004007,2025-12-31,C00206,Social Media,Mobile,0
S0004008,2025-01-29,C00263,Organic Search,Tablet,0
S0004009,2025-01-19,C00733,Social Media,Desktop,0
S0004010,2025-10-30,C00502,Direct,Mobile,0
S0004011,2025-10-06,C01176,Email,Mobile,0
S0004012,2025-04-27,C00480,Social Media,Mobile,0
S0004013,2025-04-16,C01159,Organic Search,Desktop,0
S0004014,2025-11-05,C00380,Referral,Mobile,0
S0004015,2025-08-15,C00082,Organic Search,Mobile,0
S0004016,2025-12-18,C00633,Paid Search,Desktop,0
S0004017,2025-07-05,C01024,Organic Search,Mobile,0
S0004018,2025-09-18,C00899,Social Media,Mobile,0
S0004019,2025-01-16,C00828,Social Media,Desktop,0
S0004020,2025-09-30,C00413,Organic Search,Desktop,0
S0004021,2025-06-09,C00326,Paid Search,Mobile,1
S0004022,2025-12-24,C00775,Social Media,Desktop,0
S0004023,2025-09-07,C00919,Paid Search,Mobile,0
S0004024,2025-08-12,C00038,Paid Search,Desktop,0
S0004025,2025-09-13,C00985,Referral,Mobile,0
S0004026,2025-06-29,C00672,Direct,Desktop,0
S0004027,2025-01-20,C00602,Direct,Mobile,0
S0004028,2025-04-22,C00839,Direct,Mobile,0
S0004029,2025-04-30,C00717,Direct,Mobile,0
S0004030,2025-07-13,C00237,Paid Search,Mobile,0
S0004031,2025-04-21,C00446,Organic Search,Mobile,0
S0004032,2025-07-29,C00387,Organic Search,Mobile,0
S0004033,2025-01-01,C00332,Direct,Mobile,0
S0004034,2025-02-27,C00518,Email,Desktop,0
S0004035,2025-04-03,C00407,Organic Search,Mobile,0
S0004036,2025-08-09,C00530,Email,Mobile,0
S0004037,2025-07-30,C01191,Paid Search,Mobile,0
S0004038,2025-08-20,C00127,Paid Search,Mobile,0
S0004039,2025-09-19,C00673,Organic Search,Desktop,1
S0004040,2025-12-30,C00612,Organic Search,Mobile,0
S0004041,2025-04-13,C00432,Email,Desktop,0
S0004042,2025-02-19,C00549,Paid Search,Mobile,0
S0004043,2025-04-20,C00376,Referral,Mobile,0
S0004044,2025-03-29,C00534,Email,Desktop,0
S0004045,2025-01-20,C00677,Organic Search,Tablet,0
S0004046,2025-01-14,C01012,Social Media,Mobile,0
S0004047,2025-05-13,C00711,Direct,Mobile,0
S0004048,2025-10-23,C00466,Direct,Mobile,0
S0004049,2025-02-03,C00813,Paid Search,Desktop,0
S0004050,2025-07-27,C01130,Organic Search,Desktop,1
S0004051,2025-10-28,C00721,Email,Mobile,0
S0004052,2025-07-18,C00316,Email,Mobile,0
S0004053,2025-03-21,C00584,Email,Desktop,0
S0004054,2025-03-12,C00029,Email,Mobile,0
S0004055,2025-06-04,C01071,Paid Search,Desktop,1
S0004056,2025-03-19,C00803,Social Media,Mobile,0
S0004057,2025-03-19,C00326,Paid Search,Mobile,0
S0004058,2025-06-21,C01148,Paid Search,Mobile,0
S0004059,2025-10-16,C01185,Email,Mobile,0
S0004060,2025-02-02,C01188,Email,Mobile,0
S0004061,2025-10-27,C01090,Paid Search,Desktop,0
S0004062,2025-10-03,C01145,Direct,Desktop,0
S0004063,2025-01-07,C00833,Paid Search,Desktop,0
S0004064,2025-06-09,C01036,Social Media,Mobile,0
S0004065,2025-08-28,C00030,Social Media,Mobile,0
S0004066,2025-01-24,C00820,Organic Search,Desktop,0
S0004067,2025-08-02,C00698,Paid Search,Desktop,0
S0004068,2025-03-11,C00369,Email,Mobile,0
S0004069,2025-08-04,C00584,Email,Tablet,1
S0004070,2025-04-14,C00401,Email,Mobile,0
S0004071,2025-08-03,C00358,Social Media,Desktop,1
S0004072,2025-02-23,C00871,Organic Search,Mobile,0
S0004073,2025-10-21,C00522,Paid Search,Desktop,0
S0004074,2025-11-26,C00196,Social Media,Mobile,0
S0004075,2025-12-02,C00479,Social Media,Desktop,0
S0004076,2025-07-22,C00037,Paid Search,Mobile,1
S0004077,2025-10-15,C00332,Direct,Mobile,0
S0004078,2025-02-14,C00534,Email,Desktop,0
S0004079,2025-11-13,C00060,Organic Search,Mobile,0
S0004080,2025-07-17,C00716,Organic Search,Mobile,0
S0004081,2025-08-04,C00602,Direct,Desktop,0
S0004082,2025-11-05,C00010,Direct,Desktop,0
S0004083,2025-11-28,C00907,Organic Search,Mobile,0
S0004084,2025-07-03,C00465,Social Media,Mobile,0
S0004085,2025-01-27,C00907,Organic Search,Mobile,0
S0004086,2025-06-15,C01149,Social Media,Mobile,0
S0004087,2025-11-14,C00171,Paid Search,Mobile,0
S0004088,2025-10-01,C00538,Organic Search,Mobile,0
S0004089,2025-12-31,C01200,Email,Mobile,0
S0004090,2025-04-13,C00713,Referral,Desktop,0
S0004091,2025-11-29,C00051,Referral,Desktop,0
S0004092,2025-04-14,C00544,Paid Search,Mobile,0
S0004093,2025-09-02,C00607,Organic Search,Mobile,0
S0004094,2025-11-01,C00916,Organic Search,Mobile,0
S0004095,2025-06-18,C00091,Paid Search,Mobile,0
S0004096,2025-04-26,C00630,Direct,Mobile,0
S0004097,2025-05-21,C00214,Direct,Mobile,0
S0004098,2025-12-22,C01050,Social Media,Desktop,0
S0004099,2025-05-05,C01062,Paid Search,Mobile,0
S0004100,2025-01-25,C01181,Social Media,Desktop,0
S0004101,2025-07-13,C00159,Social Media,Mobile,0
S0004102,2025-04-10,C00821,Referral,Mobile,0
S0004103,2025-01-05,C00329,Paid Search,Mobile,0
S0004104,2025-01-19,C00235,Email,Desktop,0
S0004105,2025-06-19,C00409,Social Media,Mobile,0
S0004106,2025-10-01,C01193,Direct,Mobile,0
S0004107,2025-09-11,C00130,Organic Search,Mobile,0
S0004108,2025-05-01,C01073,Organic Search,Mobile,0
S0004109,2025-02-01,C00029,Email,Mobile,0
S0004110,2025-05-29,C00979,Email,Desktop,0
S0004111,2025-09-23,C00483,Paid Search,Mobile,0
S0004112,2025-02-06,C01192,Email,Mobile,0
S0004113,2025-06-26,C00205,Paid Search,Mobile,0
S0004114,2025-12-08,C00644,Email,Desktop,0
S0004115,2025-01-13,C01181,Social Media,Mobile,0
S0004116,2025-07-02,C01027,Social Media,Mobile,0
S0004117,2025-05-25,C00957,Social Media,Desktop,0
S0004118,2025-09-22,C00779,Direct,Mobile,0
S0004119,2025-03-29,C00936,Email,Mobile,0
S0004120,2025-02-15,C00888,Organic Search,Mobile,0
S0004121,2025-04-29,C00911,Paid Search,Mobile,0
S0004122,2025-01-19,C00836,Referral,Desktop,1
S0004123,2025-08-08,C00903,Email,Mobile,0
S0004124,2025-08-21,C00859,Paid Search,Mobile,0
S0004125,2025-04-04,C00908,Email,Mobile,0
S0004126,2025-09-08,C00608,Paid Search,Mobile,0
S0004127,2025-09-07,C00140,Social Media,Desktop,0
S0004128,2025-10-09,C00233,Referral,Mobile,0
S0004129,2025-08-20,C00830,Direct,Desktop,0
S0004130,2025-02-15,C00756,Paid Search,Mobile,0
S0004131,2025-02-15,C00761,Organic Search,Tablet,0
S0004132,2025-01-14,C00284,Organic Search,Mobile,0
S0004133,2025-03-26,C01013,Email,Mobile,0
S0004134,2025-11-15,C01070,Direct,Mobile,0
S0004135,2025-11-24,C01005,Paid Search,Mobile,0
S0004136,2025-01-03,C00645,Paid Search,Mobile,0
S0004137,2025-01-28,C00508,Paid Search,Mobile,0
S0004138,2025-06-06,C00418,Direct,Mobile,0
S0004139,2025-12-09,C00180,Referral,Mobile,0
S0004140,2025-11-29,C00168,Paid Search,Mobile,1
S0004141,2025-11-28,C01141,Social Media,Mobile,0
S0004142,2025-06-24,C00241,Direct,Desktop,0
S0004143,2025-04-24,C01171,Social Media,Desktop,0
S0004144,2025-11-27,C00139,Paid Search,Mobile,0
S0004145,2025-09-07,C00110,Social Media,Mobile,0
S0004146,2025-02-28,C00265,Organic Search,Mobile,0
S0004147,2025-07-22,C00168,Paid Search,Desktop,0
S0004148,2025-11-11,C00626,Social Media,Mobile,0
S0004149,2025-08-27,C01148,Paid Search,Mobile,0
S0004150,2025-08-22,C00642,Organic Search,Desktop,0
S0004151,2025-10-30,C01165,Organic Search,Mobile,0
S0004152,2025-04-05,C00562,Organic Search,Desktop,0
S0004153,2025-05-21,C00387,Organic Search,Desktop,0
S0004154,2025-11-30,C00116,Organic Search,Mobile,0
S0004155,2025-04-23,C00139,Paid Search,Mobile,0
S0004156,2025-04-19,C00660,Social Media,Desktop,0
S0004157,2025-12-28,C01104,Organic Search,Mobile,0
S0004158,2025-12-11,C00979,Email,Desktop,0
S0004159,2025-10-16,C01043,Direct,Tablet,0
S0004160,2025-04-07,C01021,Email,Mobile,0
S0004161,2025-12-01,C00370,Paid Search,Mobile,1
S0004162,2025-01-16,C00744,Paid Search,Mobile,0
S0004163,2025-02-13,C00396,Organic Search,Mobile,0
S0004164,2025-08-18,C00591,Email,Mobile,1
S0004165,2025-04-18,C00563,Paid Search,Mobile,0
S0004166,2025-08-05,C00635,Social Media,Desktop,0
S0004167,2025-09-17,C00125,Paid Search,Desktop,0
S0004168,2025-11-08,C00791,Organic Search,Desktop,0
S0004169,2025-11-16,C00222,Email,Desktop,0
S0004170,2025-07-15,C00599,Social Media,Mobile,0
S0004171,2025-04-05,C00894,Social Media,Mobile,0
S0004172,2025-02-25,C00270,Organic Search,Desktop,0
S0004173,2025-02-01,C00004,Paid Search,Mobile,0
S0004174,2025-08-19,C00357,Email,Mobile,0
S0004175,2025-01-09,C00306,Social Media,Mobile,0
S0004176,2025-07-10,C00483,Paid Search,Desktop,0
S0004177,2025-12-27,C01072,Organic Search,Desktop,0
S0004178,2025-07-19,C00053,Social Media,Mobile,0
S0004179,2025-11-30,C00841,Direct,Desktop,0
S0004180,2025-06-10,C00494,Social Media,Mobile,0
S0004181,2025-03-28,C00620,Social Media,Desktop,0
S0004182,2025-01-21,C00567,Organic Search,Mobile,0
S0004183,2025-11-07,C01193,Direct,Mobile,0
S0004184,2025-03-17,C00738,Direct,Desktop,1
S0004185,2025-05-21,C00096,Direct,Mobile,0
S0004186,2025-05-06,C01167,Paid Search,Desktop,0
S0004187,2025-09-08,C00042,Direct,Desktop,0
S0004188,2025-03-25,C01052,Social Media,Desktop,0
S0004189,2025-02-17,C00660,Social Media,Mobile,0
S0004190,2025-03-19,C01028,Direct,Mobile,0
S0004191,2025-01-30,C00284,Organic Search,Mobile,0
S0004192,2025-10-12,C00571,Paid Search,Mobile,1
S0004193,2025-05-16,C00315,Email,Mobile,1
S0004194,2025-05-20,C00410,Organic Search,Mobile,0
S0004195,2025-02-10,C00271,Referral,Desktop,0
S0004196,2025-10-09,C01131,Social Media,Tablet,0
S0004197,2025-02-19,C00566,Organic Search,Mobile,0
S0004198,2025-09-15,C00607,Organic Search,Mobile,0
S0004199,2025-11-07,C00601,Organic Search,Desktop,0
S0004200,2025-12-26,C00938,Paid Search,Mobile,0
S0004201,2025-09-27,C00541,Paid Search,Mobile,0
S0004202,2025-05-14,C00669,Email,Mobile,0
S0004203,2025-08-22,C00481,Email,Desktop,0
S0004204,2025-05-08,C00342,Referral,Mobile,0
S0004205,2025-04-14,C00037,Paid Search,Desktop,0
S0004206,2025-09-11,C00884,Organic Search,Mobile,0
S0004207,2025-04-05,C01106,Social Media,Desktop,0
S0004208,2025-12-03,C00265,Organic Search,Mobile,0
S0004209,2025-08-05,C01060,Social Media,Mobile,0
S0004210,2025-03-02,C00034,Social Media,Mobile,0
S0004211,2025-09-25,C00353,Paid Search,Mobile,0
S0004212,2025-08-29,C01099,Paid Search,Mobile,0
S0004213,2025-01-13,C00987,Social Media,Desktop,0
S0004214,2025-05-27,C01132,Direct,Mobile,0
S0004215,2025-08-28,C00550,Email,Mobile,0
S0004216,2025-03-30,C00643,Social Media,Mobile,0
S0004217,2025-04-05,C00302,Paid Search,Mobile,0
S0004218,2025-11-11,C00349,Email,Mobile,0
S0004219,2025-10-20,C01053,Paid Search,Mobile,0
S0004220,2025-01-25,C00817,Paid Search,Desktop,0
S0004221,2025-09-29,C00420,Paid Search,Desktop,0
S0004222,2025-06-15,C00656,Organic Search,Desktop,0
S0004223,2025-09-07,C00445,Referral,Desktop,1
S0004224,2025-03-28,C00358,Social Media,Desktop,0
S0004225,2025-05-22,C00307,Email,Mobile,0
S0004226,2025-05-14,C01014,Direct,Mobile,1
S0004227,2025-10-06,C00625,Direct,Mobile,0
S0004228,2025-05-06,C00549,Paid Search,Mobile,0
S0004229,2025-11-12,C00803,Social Media,Desktop,0
S0004230,2025-05-21,C01057,Social Media,Mobile,0
S0004231,2025-12-22,C01076,Organic Search,Desktop,0
S0004232,2025-04-13,C00167,Email,Mobile,0
S0004233,2025-08-14,C01113,Organic Search,Mobile,0
S0004234,2025-03-04,C00556,Organic Search,Mobile,0
S0004235,2025-10-21,C00342,Referral,Tablet,0
S0004236,2025-11-02,C00337,Email,Mobile,0
S0004237,2025-09-11,C00393,Referral,Mobile,0
S0004238,2025-06-29,C01029,Referral,Desktop,1
S0004239,2025-02-09,C00617,Organic Search,Mobile,0
S0004240,2025-09-21,C00810,Referral,Mobile,0
S0004241,2025-07-08,C01196,Email,Mobile,0
S0004242,2025-01-08,C00167,Email,Mobile,0
S0004243,2025-04-14,C00193,Organic Search,Desktop,0
S0004244,2025-08-13,C00820,Organic Search,Mobile,0
S0004245,2025-02-03,C00228,Email,Mobile,0
S0004246,2025-08-24,C00465,Social Media,Mobile,0
S0004247,2025-08-16,C00652,Paid Search,Desktop,0
S0004248,2025-07-07,C00366,Email,Mobile,0
S0004249,2025-11-09,C00533,Email,Mobile,0
S0004250,2025-01-22,C00732,Referral,Desktop,0
S0004251,2025-12-09,C00528,Email,Mobile,0
S0004252,2025-02-09,C00317,Referral,Mobile,0
S0004253,2025-06-22,C00106,Social Media,Desktop,0
S0004254,2025-06-28,C01057,Social Media,Desktop,0
S0004255,2025-03-27,C01009,Referral,Desktop,0
S0004256,2025-05-13,C00521,Paid Search,Mobile,0
S0004257,2025-12-17,C00359,Organic Search,Desktop,0
S0004258,2025-01-13,C00927,Paid Search,Mobile,0
S0004259,2025-01-28,C00448,Organic Search,Mobile,0
S0004260,2025-03-25,C01055,Direct,Desktop,0
S0004261,2025-11-14,C00747,Organic Search,Desktop,0
S0004262,2025-12-15,C01075,Paid Search,Mobile,1
S0004263,2025-12-09,C00897,Paid Search,Desktop,0
S0004264,2025-10-07,C00456,Referral,Mobile,0
S0004265,2025-12-20,C00104,Organic Search,Desktop,0
S0004266,2025-09-20,C00107,Email,Mobile,0
S0004267,2025-06-15,C00010,Direct,Desktop,0
S0004268,2025-10-20,C01128,Email,Mobile,0
S0004269,2025-03-09,C00932,Organic Search,Mobile,0
S0004270,2025-08-14,C00891,Social Media,Desktop,0
S0004271,2025-06-19,C00782,Organic Search,Mobile,0
S0004272,2025-03-27,C00745,Social Media,Tablet,0
S0004273,2025-05-13,C00729,Email,Mobile,0
S0004274,2025-06-27,C00905,Paid Search,Desktop,0
S0004275,2025-12-09,C00192,Organic Search,Desktop,0
S0004276,2025-09-09,C00650,Social Media,Mobile,0
S0004277,2025-01-15,C00480,Social Media,Mobile,1
S0004278,2025-08-11,C00681,Email,Tablet,0
S0004279,2025-07-20,C01028,Direct,Mobile,0
S0004280,2025-04-17,C00077,Paid Search,Mobile,0
S0004281,2025-09-07,C01094,Organic Search,Desktop,0
S0004282,2025-03-30,C00597,Social Media,Desktop,0
S0004283,2025-05-05,C00115,Direct,Mobile,0
S0004284,2025-04-23,C00593,Organic Search,Desktop,0
S0004285,2025-05-17,C00940,Organic Search,Mobile,0
S0004286,2025-09-04,C00215,Social Media,Tablet,0
S0004287,2025-06-15,C00346,Direct,Mobile,0
S0004288,2025-05-30,C01075,Paid Search,Mobile,0
S0004289,2025-12-29,C00090,Organic Search,Mobile,0
S0004290,2025-12-09,C00821,Referral,Mobile,0
S0004291,2025-03-09,C01108,Direct,Mobile,0
S0004292,2025-08-09,C01177,Organic Search,Desktop,0
S0004293,2025-09-28,C00724,Organic Search,Mobile,0
S0004294,2025-11-17,C00537,Social Media,Desktop,0
S0004295,2025-11-06,C00931,Social Media,Mobile,0
S0004296,2025-12-15,C00238,Direct,Desktop,0
S0004297,2025-01-20,C00503,Referral,Desktop,0
S0004298,2025-10-16,C00915,Direct,Mobile,0
S0004299,2025-04-10,C00162,Social Media,Mobile,0
S0004300,2025-09-09,C00047,Paid Search,Mobile,0
S0004301,2025-03-18,C00914,Direct,Mobile,0
S0004302,2025-05-15,C00677,Organic Search,Mobile,0
S0004303,2025-06-22,C00802,Referral,Mobile,0
S0004304,2025-12-29,C00603,Direct,Mobile,0
S0004305,2025-07-20,C00755,Direct,Mobile,0
S0004306,2025-08-05,C00858,Direct,Mobile,0
S0004307,2025-07-27,C00622,Email,Desktop,0
S0004308,2025-03-15,C00534,Email,Desktop,0
S0004309,2025-01-11,C01041,Direct,Mobile,0
S0004310,2025-10-14,C00087,Direct,Desktop,0
S0004311,2025-09-13,C01006,Email,Desktop,0
S0004312,2025-01-12,C00817,Paid Search,Mobile,0
S0004313,2025-03-19,C01007,Organic Search,Mobile,1
S0004314,2025-06-21,C01056,Referral,Mobile,0
S0004315,2025-04-06,C00038,Paid Search,Desktop,0
S0004316,2025-11-02,C00587,Organic Search,Tablet,0
S0004317,2025-09-30,C01179,Paid Search,Desktop,0
S0004318,2025-06-28,C00449,Organic Search,Desktop,0
S0004319,2025-03-05,C00004,Paid Search,Tablet,0
S0004320,2025-05-12,C00020,Paid Search,Mobile,0
S0004321,2025-12-09,C00460,Social Media,Mobile,0
S0004322,2025-09-29,C01093,Email,Mobile,0
S0004323,2025-11-15,C00247,Paid Search,Desktop,0
S0004324,2025-11-28,C00641,Organic Search,Desktop,1
S0004325,2025-12-07,C00038,Paid Search,Tablet,0
S0004326,2025-04-19,C00402,Social Media,Mobile,0
S0004327,2025-09-30,C00398,Direct,Mobile,0
S0004328,2025-06-17,C00471,Social Media,Mobile,0
S0004329,2025-06-29,C00021,Paid Search,Mobile,0
S0004330,2025-02-27,C00757,Paid Search,Mobile,0
S0004331,2025-03-20,C00216,Organic Search,Desktop,0
S0004332,2025-03-02,C00511,Organic Search,Mobile,0
S0004333,2025-05-01,C00451,Social Media,Mobile,0
S0004334,2025-07-26,C01170,Social Media,Mobile,0
S0004335,2025-02-03,C00060,Organic Search,Desktop,1
S0004336,2025-03-11,C00555,Social Media,Mobile,0
S0004337,2025-01-17,C01055,Direct,Desktop,0
S0004338,2025-01-20,C01118,Social Media,Mobile,0
S0004339,2025-11-11,C01109,Organic Search,Mobile,0
S0004340,2025-03-10,C00748,Organic Search,Mobile,0
S0004341,2025-08-03,C01160,Referral,Mobile,0
S0004342,2025-06-10,C00283,Paid Search,Desktop,0
S0004343,2025-04-12,C01195,Email,Mobile,0
S0004344,2025-07-25,C00986,Organic Search,Mobile,0
S0004345,2025-05-25,C00294,Direct,Desktop,0
S0004346,2025-02-26,C00482,Email,Desktop,0
S0004347,2025-03-24,C01178,Organic Search,Desktop,0
S0004348,2025-09-26,C00812,Organic Search,Mobile,1
S0004349,2025-07-06,C01184,Email,Mobile,0
S0004350,2025-01-06,C00080,Organic Search,Mobile,0
S0004351,2025-12-19,C00064,Referral,Mobile,0
S0004352,2025-12-16,C00879,Paid Search,Desktop,0
S0004353,2025-04-20,C01151,Organic Search,Mobile,0
S0004354,2025-05-18,C00403,Paid Search,Desktop,0
S0004355,2025-02-20,C00456,Referral,Mobile,0
S0004356,2025-02-20,C00794,Direct,Mobile,0
S0004357,2025-03-28,C01171,Social Media,Desktop,0
S0004358,2025-03-09,C01117,Referral,Mobile,0
S0004359,2025-03-25,C00081,Social Media,Mobile,0
S0004360,2025-02-11,C00778,Social Media,Desktop,0
S0004361,2025-08-07,C01102,Organic Search,Desktop,0
S0004362,2025-02-26,C00526,Direct,Mobile,0
S0004363,2025-08-14,C00562,Organic Search,Mobile,0
S0004364,2025-07-15,C00246,Referral,Mobile,0
S0004365,2025-09-05,C00168,Paid Search,Mobile,0
S0004366,2025-06-15,C00703,Email,Mobile,0
S0004367,2025-03-03,C00341,Organic Search,Mobile,0
S0004368,2025-09-20,C00359,Organic Search,Mobile,0
S0004369,2025-04-22,C00941,Organic Search,Mobile,0
S0004370,2025-09-10,C00210,Paid Search,Tablet,0
S0004371,2025-07-18,C00096,Direct,Mobile,0
S0004372,2025-06-27,C00278,Direct,Mobile,0
S0004373,2025-01-26,C00618,Referral,Mobile,0
S0004374,2025-09-03,C00460,Social Media,Mobile,0
S0004375,2025-01-19,C00331,Social Media,Desktop,0
S0004376,2025-09-22,C00974,Direct,Desktop,0
S0004377,2025-11-13,C00369,Email,Mobile,0
S0004378,2025-01-20,C00763,Paid Search,Mobile,0
S0004379,2025-04-16,C00705,Social Media,Desktop,0
S0004380,2025-08-25,C00345,Organic Search,Mobile,0
S0004381,2025-11-02,C00302,Paid Search,Mobile,0
S0004382,2025-09-03,C00247,Paid Search,Desktop,0
S0004383,2025-03-22,C00454,Organic Search,Mobile,0
S0004384,2025-05-30,C00791,Organic Search,Mobile,1
S0004385,2025-01-10,C00479,Social Media,Mobile,0
S0004386,2025-11-17,C00856,Paid Search,Mobile,0
S0004387,2025-08-12,C00749,Paid Search,Desktop,0
S0004388,2025-09-21,C00900,Referral,Mobile,0
S0004389,2025-05-29,C00903,Email,Mobile,0
S0004390,2025-10-05,C01172,Organic Search,Mobile,1
S0004391,2025-10-01,C00564,Direct,Mobile,0
S0004392,2025-07-13,C00722,Paid Search,Mobile,0
S0004393,2025-06-21,C00617,Organic Search,Tablet,0
S0004394,2025-09-22,C00679,Paid Search,Desktop,0
S0004395,2025-11-06,C00902,Social Media,Mobile,0
S0004396,2025-01-26,C00125,Paid Search,Mobile,0
S0004397,2025-12-16,C01103,Organic Search,Mobile,0
S0004398,2025-12-22,C01094,Organic Search,Tablet,1
S0004399,2025-01-26,C01033,Paid Search,Mobile,0
S0004400,2025-02-03,C00875,Organic Search,Desktop,0
S0004401,2025-09-21,C00821,Referral,Desktop,0
S0004402,2025-05-18,C00258,Social Media,Mobile,0
S0004403,2025-10-31,C01019,Direct,Mobile,0
S0004404,2025-07-02,C00396,Organic Search,Mobile,0
S0004405,2025-12-29,C00040,Paid Search,Mobile,0
S0004406,2025-08-30,C00005,Organic Search,Desktop,0
S0004407,2025-02-23,C01114,Organic Search,Desktop,0
S0004408,2025-06-17,C00175,Paid Search,Desktop,0
S0004409,2025-04-29,C00048,Direct,Mobile,0
S0004410,2025-05-23,C00965,Direct,Mobile,0
S0004411,2025-03-22,C00240,Social Media,Tablet,0
S0004412,2025-09-02,C01062,Paid Search,Desktop,0
S0004413,2025-12-18,C00321,Organic Search,Desktop,1
S0004414,2025-12-24,C00417,Referral,Mobile,0
S0004415,2025-03-03,C00513,Paid Search,Mobile,0
S0004416,2025-02-15,C01106,Social Media,Mobile,0
S0004417,2025-03-28,C00098,Referral,Mobile,0
S0004418,2025-04-09,C00376,Referral,Mobile,1
S0004419,2025-10-22,C00116,Organic Search,Desktop,0
S0004420,2025-02-22,C00182,Social Media,Desktop,0
S0004421,2025-07-11,C00473,Paid Search,Desktop,0
S0004422,2025-03-21,C00308,Direct,Mobile,0
S0004423,2025-01-16,C00529,Paid Search,Desktop,0
S0004424,2025-12-26,C00757,Paid Search,Mobile,0
S0004425,2025-11-22,C00717,Direct,Desktop,0
S0004426,2025-07-13,C00581,Organic Search,Desktop,0
S0004427,2025-05-21,C00988,Social Media,Desktop,0
S0004428,2025-04-18,C00909,Organic Search,Mobile,0
S0004429,2025-10-30,C01013,Email,Desktop,0
S0004430,2025-09-22,C00358,Social Media,Mobile,0
S0004431,2025-10-17,C00897,Paid Search,Desktop,0
S0004432,2025-07-28,C00942,Email,Desktop,0
S0004433,2025-06-14,C00156,Email,Mobile,0
S0004434,2025-12-08,C00049,Organic Search,Mobile,0
S0004435,2025-11-16,C00803,Social Media,Mobile,0
S0004436,2025-06-01,C00921,Social Media,Mobile,0
S0004437,2025-10-17,C01184,Email,Desktop,0
S0004438,2025-09-25,C00258,Social Media,Desktop,0
S0004439,2025-05-31,C00770,Organic Search,Mobile,0
S0004440,2025-07-26,C00968,Social Media,Mobile,0
S0004441,2025-09-12,C01090,Paid Search,Desktop,0
S0004442,2025-12-19,C00392,Direct,Mobile,0
S0004443,2025-05-21,C00175,Paid Search,Desktop,0
S0004444,2025-12-09,C00269,Social Media,Mobile,0
S0004445,2025-12-24,C00419,Organic Search,Desktop,0
S0004446,2025-04-06,C01116,Email,Mobile,0
S0004447,2025-08-15,C01012,Social Media,Mobile,0
S0004448,2025-07-12,C00144,Social Media,Mobile,0
S0004449,2025-10-30,C00158,Referral,Mobile,0
S0004450,2025-11-10,C00169,Organic Search,Desktop,0
S0004451,2025-04-28,C00832,Paid Search,Mobile,0
S0004452,2025-01-05,C01138,Paid Search,Mobile,0
S0004453,2025-12-18,C00890,Organic Search,Mobile,0
S0004454,2025-08-31,C00069,Organic Search,Mobile,1
S0004455,2025-01-21,C00797,Direct,Mobile,0
S0004456,2025-06-01,C00665,Direct,Desktop,0
S0004457,2025-05-08,C00210,Paid Search,Mobile,0
S0004458,2025-05-04,C00394,Social Media,Mobile,0
S0004459,2025-05-26,C00268,Referral,Desktop,0
S0004460,2025-10-04,C01040,Social Media,Desktop,0
S0004461,2025-11-06,C00596,Email,Mobile,0
S0004462,2025-06-01,C00376,Referral,Desktop,0
S0004463,2025-12-26,C00377,Referral,Desktop,0
S0004464,2025-04-21,C01025,Paid Search,Mobile,0
S0004465,2025-04-26,C00204,Referral,Desktop,0
S0004466,2025-07-07,C00727,Organic Search,Desktop,0
S0004467,2025-02-26,C00272,Paid Search,Mobile,0
S0004468,2025-09-08,C00544,Paid Search,Mobile,0
S0004469,2025-05-30,C00096,Direct,Mobile,0
S0004470,2025-06-11,C00143,Direct,Mobile,0
S0004471,2025-04-30,C01025,Paid Search,Desktop,0
S0004472,2025-03-11,C00242,Organic Search,Mobile,0
S0004473,2025-12-17,C00987,Social Media,Desktop,0
S0004474,2025-04-09,C00814,Organic Search,Desktop,0
S0004475,2025-06-16,C00883,Organic Search,Desktop,0
S0004476,2025-10-25,C00956,Organic Search,Mobile,0
S0004477,2025-05-31,C00054,Direct,Mobile,0
S0004478,2025-11-22,C00200,Direct,Mobile,0
S0004479,2025-01-02,C00546,Social Media,Mobile,0
S0004480,2025-06-01,C00443,Paid Search,Desktop,0
S0004481,2025-12-31,C00974,Direct,Mobile,0
S0004482,2025-03-06,C00437,Organic Search,Mobile,0
S0004483,2025-11-22,C01096,Referral,Desktop,0
S0004484,2025-03-10,C00529,Paid Search,Mobile,0
S0004485,2025-05-01,C00621,Social Media,Desktop,0
S0004486,2025-04-19,C00209,Direct,Desktop,0
S0004487,2025-11-12,C00780,Referral,Mobile,0
S0004488,2025-09-04,C00205,Paid Search,Mobile,0
S0004489,2025-04-03,C00669,Email,Mobile,0
S0004490,2025-09-25,C00315,Email,Mobile,1
S0004491,2025-04-13,C00557,Organic Search,Tablet,0
S0004492,2025-04-22,C00874,Referral,Mobile,0
S0004493,2025-11-17,C01051,Paid Search,Mobile,1
S0004494,2025-10-31,C01168,Paid Search,Mobile,0
S0004495,2025-12-10,C00765,Referral,Desktop,0
S0004496,2025-03-03,C01106,Social Media,Mobile,0
S0004497,2025-10-27,C00711,Direct,Desktop,0
S0004498,2025-05-16,C01192,Email,Desktop,0
S0004499,2025-02-24,C00517,Organic Search,Mobile,0
S0004500,2025-04-18,C00204,Referral,Mobile,0
S0004501,2025-10-30,C00946,Organic Search,Mobile,0
S0004502,2025-09-15,C00358,Social Media,Mobile,0
S0004503,2025-09-10,C00971,Email,Mobile,0
S0004504,2025-08-10,C00696,Referral,Mobile,0
S0004505,2025-06-16,C00658,Organic Search,Mobile,0
S0004506,2025-06-09,C00358,Social Media,Mobile,0
S0004507,2025-06-15,C00509,Organic Search,Desktop,0
S0004508,2025-07-24,C00241,Direct,Desktop,0
S0004509,2025-09-24,C00379,Organic Search,Tablet,0
S0004510,2025-05-18,C00346,Direct,Mobile,0
S0004511,2025-12-12,C00585,Paid Search,Desktop,0
S0004512,2025-09-05,C01168,Paid Search,Desktop,0
S0004513,2025-02-24,C00645,Paid Search,Desktop,0
S0004514,2025-07-28,C00507,Organic Search,Desktop,0
S0004515,2025-01-17,C00928,Social Media,Mobile,0
S0004516,2025-03-09,C01118,Social Media,Mobile,0
S0004517,2025-05-13,C00515,Social Media,Desktop,1
S0004518,2025-07-07,C00962,Social Media,Tablet,0
S0004519,2025-11-04,C00305,Direct,Mobile,0
S0004520,2025-05-18,C00769,Direct,Mobile,0
S0004521,2025-06-23,C00994,Direct,Mobile,1
S0004522,2025-04-07,C01155,Direct,Mobile,0
S0004523,2025-06-20,C00909,Organic Search,Mobile,0
S0004524,2025-06-03,C00165,Paid Search,Mobile,0
S0004525,2025-07-02,C01114,Organic Search,Mobile,0
S0004526,2025-08-30,C00873,Email,Mobile,0
S0004527,2025-10-31,C00989,Organic Search,Desktop,0
S0004528,2025-10-12,C00613,Social Media,Mobile,0
S0004529,2025-01-27,C01185,Email,Desktop,0
S0004530,2025-12-26,C00079,Paid Search,Mobile,0
S0004531,2025-03-01,C00956,Organic Search,Desktop,0
S0004532,2025-07-21,C00348,Paid Search,Mobile,0
S0004533,2025-09-07,C00229,Paid Search,Mobile,0
S0004534,2025-12-28,C00562,Organic Search,Mobile,0
S0004535,2025-03-10,C00446,Organic Search,Mobile,0
S0004536,2025-01-21,C00586,Social Media,Desktop,0
S0004537,2025-06-01,C00729,Email,Mobile,0
S0004538,2025-04-12,C00052,Social Media,Desktop,0
S0004539,2025-04-05,C00374,Direct,Mobile,0
S0004540,2025-12-27,C00742,Referral,Mobile,0
S0004541,2025-08-17,C00040,Paid Search,Desktop,0
S0004542,2025-05-05,C00666,Email,Desktop,0
S0004543,2025-09-15,C00576,Organic Search,Mobile,0
S0004544,2025-11-18,C00146,Organic Search,Tablet,0
S0004545,2025-08-24,C00556,Organic Search,Mobile,0
S0004546,2025-06-11,C00260,Organic Search,Mobile,0
S0004547,2025-02-11,C00672,Direct,Desktop,0
S0004548,2025-10-03,C00070,Paid Search,Desktop,0
S0004549,2025-12-19,C00277,Paid Search,Desktop,0
S0004550,2025-03-09,C00480,Social Media,Tablet,1
S0004551,2025-06-22,C00132,Organic Search,Mobile,0
S0004552,2025-11-27,C00999,Organic Search,Desktop,0
S0004553,2025-05-05,C01047,Paid Search,Desktop,0
S0004554,2025-06-19,C00388,Paid Search,Mobile,0
S0004555,2025-02-16,C00497,Referral,Desktop,0
S0004556,2025-09-18,C00095,Social Media,Mobile,0
S0004557,2025-08-05,C00519,Organic Search,Mobile,0
S0004558,2025-11-01,C00069,Organic Search,Mobile,0
S0004559,2025-05-04,C00539,Paid Search,Mobile,0
S0004560,2025-10-20,C00215,Social Media,Mobile,0
S0004561,2025-06-11,C00393,Referral,Mobile,0
S0004562,2025-07-20,C00329,Paid Search,Mobile,0
S0004563,2025-10-02,C00135,Direct,Desktop,0
S0004564,2025-07-25,C00069,Organic Search,Mobile,0
S0004565,2025-02-09,C00539,Paid Search,Mobile,0
S0004566,2025-09-30,C00412,Direct,Desktop,0
S0004567,2025-07-07,C00157,Referral,Desktop,0
S0004568,2025-12-21,C00514,Organic Search,Mobile,0
S0004569,2025-04-03,C00814,Organic Search,Mobile,0
S0004570,2025-02-11,C00368,Paid Search,Mobile,0
S0004571,2025-04-17,C00103,Organic Search,Mobile,0
S0004572,2025-11-24,C00997,Paid Search,Mobile,0
S0004573,2025-03-06,C00687,Referral,Mobile,0
S0004574,2025-12-31,C00656,Organic Search,Mobile,0
S0004575,2025-11-05,C00969,Organic Search,Mobile,0
S0004576,2025-05-15,C00977,Organic Search,Tablet,0
S0004577,2025-01-24,C01048,Direct,Desktop,0
S0004578,2025-01-28,C00873,Email,Desktop,0
S0004579,2025-03-03,C01055,Direct,Desktop,0
S0004580,2025-09-30,C00829,Organic Search,Mobile,0
S0004581,2025-08-17,C00215,Social Media,Mobile,0
S0004582,2025-01-20,C01040,Social Media,Mobile,0
S0004583,2025-01-03,C00586,Social Media,Desktop,0
S0004584,2025-08-06,C00973,Organic Search,Mobile,0
S0004585,2025-11-03,C00371,Organic Search,Mobile,0
S0004586,2025-05-16,C00927,Paid Search,Tablet,0
S0004587,2025-01-03,C00662,Organic Search,Mobile,0
S0004588,2025-07-12,C00945,Organic Search,Mobile,0
S0004589,2025-03-14,C00977,Organic Search,Desktop,0
S0004590,2025-12-27,C00947,Organic Search,Mobile,0
S0004591,2025-04-28,C00082,Organic Search,Mobile,0
S0004592,2025-06-03,C00701,Social Media,Desktop,0
S0004593,2025-07-28,C01131,Social Media,Desktop,0
S0004594,2025-02-03,C00391,Social Media,Mobile,0
S0004595,2025-05-17,C00765,Referral,Desktop,0
S0004596,2025-11-14,C00581,Organic Search,Desktop,0
S0004597,2025-04-30,C00475,Paid Search,Desktop,0
S0004598,2025-04-25,C00956,Organic Search,Desktop,0
S0004599,2025-01-13,C00632,Paid Search,Mobile,0
S0004600,2025-03-10,C00146,Organic Search,Desktop,0
S0004601,2025-11-29,C00659,Email,Mobile,0
S0004602,2025-09-14,C00308,Direct,Mobile,0
S0004603,2025-03-30,C00105,Email,Desktop,0
S0004604,2025-02-16,C00706,Social Media,Desktop,0
S0004605,2025-09-17,C00785,Direct,Mobile,0
S0004606,2025-08-16,C00822,Social Media,Desktop,0
S0004607,2025-06-29,C01157,Paid Search,Mobile,0
S0004608,2025-01-10,C01106,Social Media,Mobile,0
S0004609,2025-10-11,C00753,Direct,Mobile,0
S0004610,2025-05-06,C00307,Email,Mobile,1
S0004611,2025-05-14,C01144,Social Media,Mobile,0
S0004612,2025-06-04,C00816,Organic Search,Mobile,0
S0004613,2025-09-05,C00209,Direct,Mobile,1
S0004614,2025-05-20,C00569,Social Media,Desktop,0
S0004615,2025-11-14,C00838,Organic Search,Mobile,0
S0004616,2025-06-25,C00823,Organic Search,Desktop,0
S0004617,2025-11-19,C01156,Paid Search,Desktop,0
S0004618,2025-06-23,C00330,Paid Search,Mobile,0
S0004619,2025-03-15,C00686,Paid Search,Mobile,0
S0004620,2025-12-17,C01104,Organic Search,Mobile,0
S0004621,2025-05-23,C01067,Organic Search,Mobile,0
S0004622,2025-10-19,C00461,Organic Search,Mobile,0
S0004623,2025-04-22,C00183,Email,Mobile,0
S0004624,2025-07-25,C00510,Referral,Desktop,0
S0004625,2025-05-11,C00733,Social Media,Desktop,0
S0004626,2025-04-20,C01047,Paid Search,Mobile,0
S0004627,2025-03-08,C01184,Email,Desktop,0
S0004628,2025-03-27,C01028,Direct,Desktop,0
S0004629,2025-10-02,C00357,Email,Desktop,0
S0004630,2025-08-15,C00807,Social Media,Mobile,0
S0004631,2025-11-21,C00660,Social Media,Mobile,0
S0004632,2025-01-10,C01024,Organic Search,Mobile,0
S0004633,2025-12-21,C00180,Referral,Mobile,0
S0004634,2025-10-15,C00044,Social Media,Mobile,0
S0004635,2025-04-22,C01100,Referral,Desktop,0
S0004636,2025-01-24,C00001,Email,Mobile,0
S0004637,2025-10-18,C00421,Social Media,Desktop,0
S0004638,2025-12-05,C00857,Social Media,Mobile,0
S0004639,2025-11-22,C00185,Paid Search,Mobile,0
S0004640,2025-06-17,C00027,Paid Search,Mobile,0
S0004641,2025-04-19,C01048,Direct,Desktop,0
S0004642,2025-07-09,C00526,Direct,Mobile,0
S0004643,2025-12-21,C01189,Organic Search,Desktop,0
S0004644,2025-07-15,C00802,Referral,Tablet,1
S0004645,2025-02-02,C00295,Paid Search,Tablet,0
S0004646,2025-07-24,C00996,Paid Search,Desktop,0
S0004647,2025-11-08,C00708,Paid Search,Mobile,0
S0004648,2025-07-01,C00605,Organic Search,Desktop,0
S0004649,2025-05-27,C00332,Direct,Mobile,0
S0004650,2025-09-25,C00175,Paid Search,Mobile,0
S0004651,2025-01-11,C01176,Email,Mobile,0
S0004652,2025-03-11,C00413,Organic Search,Mobile,0
S0004653,2025-09-13,C00935,Paid Search,Mobile,1
S0004654,2025-08-07,C01200,Email,Tablet,0
S0004655,2025-10-24,C00321,Organic Search,Tablet,1
S0004656,2025-12-28,C00150,Referral,Tablet,0
S0004657,2025-09-16,C00951,Email,Desktop,0
S0004658,2025-01-03,C00808,Direct,Desktop,0
S0004659,2025-03-25,C00770,Organic Search,Mobile,0
S0004660,2025-06-05,C00280,Organic Search,Mobile,0
S0004661,2025-05-31,C00389,Social Media,Mobile,0
S0004662,2025-06-25,C00051,Referral,Mobile,0
S0004663,2025-07-14,C00100,Referral,Desktop,0
S0004664,2025-04-17,C00972,Social Media,Desktop,0
S0004665,2025-05-14,C00092,Email,Mobile,0
S0004666,2025-10-03,C00945,Organic Search,Desktop,0
S0004667,2025-12-18,C00602,Direct,Mobile,0
S0004668,2025-06-04,C00041,Organic Search,Mobile,0
S0004669,2025-10-04,C00607,Organic Search,Tablet,0
S0004670,2025-08-24,C00769,Direct,Mobile,0
S0004671,2025-08-28,C00240,Social Media,Mobile,0
S0004672,2025-01-13,C00663,Paid Search,Mobile,0
S0004673,2025-12-08,C01122,Paid Search,Desktop,0
S0004674,2025-02-04,C00415,Paid Search,Mobile,0
S0004675,2025-02-16,C00271,Referral,Tablet,0
S0004676,2025-08-02,C00456,Referral,Mobile,0
S0004677,2025-05-26,C00654,Organic Search,Desktop,0
S0004678,2025-06-08,C00464,Social Media,Mobile,0
S0004679,2025-05-05,C01022,Social Media,Mobile,0
S0004680,2025-04-20,C00212,Paid Search,Desktop,0
S0004681,2025-02-06,C00588,Direct,Mobile,0
S0004682,2025-10-04,C00062,Organic Search,Desktop,0
S0004683,2025-01-14,C00454,Organic Search,Mobile,1
S0004684,2025-12-13,C00215,Social Media,Mobile,0
S0004685,2025-08-20,C00778,Social Media,Mobile,0
S0004686,2025-11-12,C00837,Paid Search,Desktop,0
S0004687,2025-05-04,C01082,Referral,Desktop,0
S0004688,2025-10-06,C01147,Social Media,Mobile,0
S0004689,2025-04-21,C00389,Social Media,Mobile,0
S0004690,2025-05-04,C00930,Referral,Desktop,0
S0004691,2025-01-30,C00395,Direct,Tablet,0
S0004692,2025-04-25,C00268,Referral,Mobile,0
S0004693,2025-03-31,C00806,Organic Search,Mobile,0
S0004694,2025-07-31,C01077,Email,Mobile,0
S0004695,2025-02-07,C00847,Paid Search,Mobile,0
S0004696,2025-03-24,C00737,Email,Mobile,0
S0004697,2025-01-27,C00729,Email,Desktop,1
S0004698,2025-08-05,C00035,Organic Search,Mobile,0
S0004699,2025-12-26,C00136,Organic Search,Desktop,0
S0004700,2025-08-03,C01161,Social Media,Desktop,0
S0004701,2025-08-09,C00538,Organic Search,Desktop,1
S0004702,2025-01-15,C00713,Referral,Mobile,0
S0004703,2025-09-16,C00392,Direct,Desktop,0
S0004704,2025-09-23,C00690,Email,Mobile,0
S0004705,2025-04-30,C00485,Organic Search,Desktop,0
S0004706,2025-05-08,C00172,Organic Search,Desktop,0
S0004707,2025-07-30,C00794,Direct,Mobile,0
S0004708,2025-01-11,C01166,Direct,Desktop,0
S0004709,2025-06-25,C00119,Direct,Mobile,0
S0004710,2025-05-13,C00594,Organic Search,Tablet,0
S0004711,2025-11-21,C00739,Paid Search,Desktop,0
S0004712,2025-11-16,C01163,Referral,Mobile,0
S0004713,2025-01-14,C00642,Organic Search,Mobile,0
S0004714,2025-02-19,C00145,Referral,Mobile,0
S0004715,2025-03-13,C00077,Paid Search,Desktop,0
S0004716,2025-03-10,C00420,Paid Search,Mobile,0
S0004717,2025-01-16,C00976,Email,Mobile,0
S0004718,2025-11-30,C00926,Direct,Mobile,0
S0004719,2025-12-23,C00880,Organic Search,Mobile,0
S0004720,2025-02-25,C00590,Social Media,Desktop,0
S0004721,2025-04-15,C00137,Social Media,Mobile,0
S0004722,2025-05-12,C00204,Referral,Desktop,0
S0004723,2025-02-17,C00013,Email,Mobile,1
S0004724,2025-09-05,C00835,Paid Search,Mobile,0
S0004725,2025-09-30,C00966,Social Media,Mobile,0
S0004726,2025-04-21,C00166,Organic Search,Mobile,0
S0004727,2025-11-22,C00124,Organic Search,Mobile,0
S0004728,2025-12-02,C01129,Direct,Mobile,0
S0004729,2025-12-15,C00614,Social Media,Mobile,0
S0004730,2025-02-07,C00679,Paid Search,Desktop,0
S0004731,2025-12-23,C01060,Social Media,Mobile,0
S0004732,2025-08-28,C00292,Organic Search,Mobile,0
S0004733,2025-11-14,C00113,Social Media,Tablet,0
S0004734,2025-05-01,C00660,Social Media,Desktop,0
S0004735,2025-02-17,C00581,Organic Search,Desktop,0
S0004736,2025-01-10,C00943,Email,Mobile,1
S0004737,2025-08-21,C00712,Organic Search,Tablet,0
S0004738,2025-02-05,C00784,Referral,Mobile,0
S0004739,2025-01-04,C00295,Paid Search,Desktop,0
S0004740,2025-02-13,C00843,Email,Desktop,0
S0004741,2025-02-25,C00068,Paid Search,Mobile,0
S0004742,2025-02-11,C00019,Paid Search,Desktop,0
S0004743,2025-09-12,C00515,Social Media,Desktop,0
S0004744,2025-08-16,C01009,Referral,Mobile,0
S0004745,2025-04-24,C00493,Paid Search,Mobile,0
S0004746,2025-08-25,C01075,Paid Search,Tablet,0
S0004747,2025-06-23,C00385,Paid Search,Desktop,0
S0004748,2025-09-12,C01180,Paid Search,Desktop,0
S0004749,2025-10-04,C00684,Email,Mobile,0
S0004750,2025-12-01,C00747,Organic Search,Desktop,0
S0004751,2025-03-10,C00112,Social Media,Mobile,0
S0004752,2025-11-22,C00990,Email,Mobile,0
S0004753,2025-08-18,C00628,Email,Mobile,0
S0004754,2025-03-08,C00015,Social Media,Desktop,0
S0004755,2025-10-31,C00915,Direct,Mobile,0
S0004756,2025-02-05,C00947,Organic Search,Desktop,0
S0004757,2025-06-08,C00349,Email,Mobile,0
S0004758,2025-05-29,C00437,Organic Search,Mobile,0
S0004759,2025-01-27,C00943,Email,Desktop,0
S0004760,2025-03-13,C00629,Social Media,Mobile,0
S0004761,2025-09-05,C00480,Social Media,Mobile,0
S0004762,2025-04-11,C00809,Email,Desktop,0
S0004763,2025-07-09,C00331,Social Media,Desktop,0
S0004764,2025-04-06,C00691,Organic Search,Mobile,0
S0004765,2025-10-09,C00427,Organic Search,Mobile,0
S0004766,2025-11-18,C00432,Email,Mobile,1
S0004767,2025-10-05,C00281,Referral,Desktop,0
S0004768,2025-01-17,C00475,Paid Search,Desktop,0
S0004769,2025-09-20,C00147,Paid Search,Mobile,0
S0004770,2025-04-17,C00842,Referral,Mobile,0
S0004771,2025-03-09,C00989,Organic Search,Mobile,0
S0004772,2025-05-08,C00062,Organic Search,Mobile,0
S0004773,2025-10-20,C00116,Organic Search,Desktop,0
S0004774,2025-10-21,C00670,Email,Desktop,0
S0004775,2025-04-06,C00175,Paid Search,Mobile,0
S0004776,2025-01-01,C00339,Email,Mobile,0
S0004777,2025-10-25,C01198,Referral,Mobile,0
S0004778,2025-06-29,C00090,Organic Search,Desktop,0
S0004779,2025-06-30,C00248,Direct,Desktop,0
S0004780,2025-08-23,C00041,Organic Search,Mobile,0
S0004781,2025-11-15,C00554,Email,Mobile,0
S0004782,2025-12-03,C00074,Direct,Mobile,1
S0004783,2025-01-08,C00089,Email,Mobile,1
S0004784,2025-01-27,C00110,Social Media,Desktop,0
S0004785,2025-11-04,C00495,Direct,Desktop,0
S0004786,2025-05-26,C00085,Organic Search,Desktop,0
S0004787,2025-04-01,C00838,Organic Search,Desktop,1
S0004788,2025-12-08,C00113,Social Media,Desktop,0
S0004789,2025-09-29,C00985,Referral,Desktop,0
S0004790,2025-11-18,C00828,Social Media,Mobile,0
S0004791,2025-01-05,C01079,Paid Search,Mobile,0
S0004792,2025-03-23,C00671,Paid Search,Mobile,0
S0004793,2025-08-07,C00621,Social Media,Mobile,1
S0004794,2025-04-28,C00720,Referral,Mobile,1
S0004795,2025-03-22,C00952,Social Media,Mobile,0
S0004796,2025-03-11,C01071,Paid Search,Mobile,1
S0004797,2025-04-25,C00688,Social Media,Mobile,0
S0004798,2025-09-20,C00891,Social Media,Desktop,0
S0004799,2025-11-02,C00601,Organic Search,Mobile,0
S0004800,2025-05-22,C00290,Referral,Mobile,0
S0004801,2025-07-26,C01013,Email,Mobile,0
S0004802,2025-04-21,C00048,Direct,Mobile,0
S0004803,2025-10-30,C00431,Paid Search,Mobile,0
S0004804,2025-04-22,C00737,Email,Mobile,0
S0004805,2025-02-12,C00836,Referral,Desktop,1
S0004806,2025-12-13,C00640,Social Media,Mobile,0
S0004807,2025-10-12,C00282,Organic Search,Desktop,0
S0004808,2025-05-08,C00355,Paid Search,Mobile,0
S0004809,2025-07-04,C00790,Social Media,Mobile,0
S0004810,2025-08-17,C00728,Organic Search,Mobile,0
S0004811,2025-08-09,C01043,Direct,Desktop,0
S0004812,2025-12-18,C00563,Paid Search,Mobile,0
S0004813,2025-04-27,C00922,Social Media,Mobile,0
S0004814,2025-03-11,C00590,Social Media,Mobile,0
S0004815,2025-03-11,C00045,Paid Search,Desktop,0
S0004816,2025-04-20,C00456,Referral,Desktop,0
S0004817,2025-05-12,C00935,Paid Search,Desktop,0
S0004818,2025-02-25,C00921,Social Media,Desktop,0
S0004819,2025-03-30,C00247,Paid Search,Mobile,0
S0004820,2025-05-17,C00104,Organic Search,Mobile,0
S0004821,2025-05-11,C00503,Referral,Mobile,0
S0004822,2025-08-06,C00437,Organic Search,Mobile,0
S0004823,2025-06-25,C00470,Organic Search,Tablet,0
S0004824,2025-06-20,C01005,Paid Search,Mobile,0
S0004825,2025-04-10,C00720,Referral,Mobile,0
S0004826,2025-05-09,C00957,Social Media,Mobile,0
S0004827,2025-02-26,C00610,Referral,Desktop,0
S0004828,2025-06-30,C00959,Social Media,Desktop,0
S0004829,2025-09-03,C00446,Organic Search,Mobile,0
S0004830,2025-05-24,C00890,Organic Search,Mobile,0
S0004831,2025-02-20,C01099,Paid Search,Mobile,0
S0004832,2025-08-06,C00293,Paid Search,Mobile,0
S0004833,2025-04-14,C00883,Organic Search,Tablet,0
S0004834,2025-02-24,C00615,Paid Search,Desktop,0
S0004835,2025-09-14,C00796,Direct,Desktop,0
S0004836,2025-12-12,C00139,Paid Search,Mobile,0
S0004837,2025-06-05,C01136,Direct,Mobile,0
S0004838,2025-02-22,C00449,Organic Search,Desktop,0
S0004839,2025-11-25,C00502,Direct,Desktop,0
S0004840,2025-07-06,C01045,Organic Search,Desktop,0
S0004841,2025-12-30,C01081,Organic Search,Desktop,0
S0004842,2025-05-30,C00550,Email,Desktop,0
S0004843,2025-09-21,C00639,Referral,Desktop,0
S0004844,2025-09-07,C00260,Organic Search,Desktop,0
S0004845,2025-10-25,C01074,Paid Search,Desktop,0
S0004846,2025-07-30,C00409,Social Media,Mobile,0
S0004847,2025-01-25,C00958,Referral,Mobile,1
S0004848,2025-10-21,C00044,Social Media,Mobile,0
S0004849,2025-12-07,C00049,Organic Search,Mobile,0
S0004850,2025-06-01,C00161,Social Media,Mobile,0
S0004851,2025-01-24,C00711,Direct,Desktop,0
S0004852,2025-09-09,C00724,Organic Search,Mobile,1
S0004853,2025-03-01,C00199,Email,Mobile,0
S0004854,2025-03-07,C00613,Social Media,Desktop,0
S0004855,2025-02-22,C01117,Referral,Mobile,0
S0004856,2025-04-16,C01068,Direct,Mobile,0
S0004857,2025-04-06,C00781,Organic Search,Desktop,0
S0004858,2025-06-25,C00177,Organic Search,Mobile,0
S0004859,2025-02-08,C01081,Organic Search,Mobile,1
S0004860,2025-06-17,C00132,Organic Search,Mobile,0
S0004861,2025-02-11,C01030,Organic Search,Mobile,0
S0004862,2025-04-14,C00259,Organic Search,Mobile,0
S0004863,2025-11-29,C00017,Email,Desktop,0
S0004864,2025-07-23,C00382,Social Media,Desktop,0
S0004865,2025-01-08,C01039,Email,Mobile,0
S0004866,2025-10-09,C00240,Social Media,Mobile,0
S0004867,2025-02-12,C00832,Paid Search,Mobile,0
S0004868,2025-04-20,C00535,Paid Search,Mobile,0
S0004869,2025-07-29,C00800,Social Media,Mobile,0
S0004870,2025-08-25,C00142,Organic Search,Desktop,0
S0004871,2025-12-22,C00827,Paid Search,Desktop,0
S0004872,2025-11-15,C00987,Social Media,Mobile,0
S0004873,2025-02-18,C00022,Email,Mobile,0
S0004874,2025-04-25,C00506,Direct,Mobile,0
S0004875,2025-06-04,C00312,Direct,Desktop,0
S0004876,2025-05-17,C01130,Organic Search,Desktop,1
S0004877,2025-06-16,C00138,Paid Search,Mobile,0
S0004878,2025-11-17,C00610,Referral,Desktop,1
S0004879,2025-07-18,C00172,Organic Search,Mobile,0
S0004880,2025-03-12,C00003,Email,Desktop,0
S0004881,2025-01-07,C00507,Organic Search,Mobile,0
S0004882,2025-07-19,C00216,Organic Search,Mobile,0
S0004883,2025-12-02,C00971,Email,Desktop,0
S0004884,2025-03-08,C00259,Organic Search,Mobile,0
S0004885,2025-05-18,C00926,Direct,Mobile,0
S0004886,2025-08-30,C00287,Social Media,Mobile,0
S0004887,2025-08-01,C00371,Organic Search,Mobile,0
S0004888,2025-06-30,C00074,Direct,Desktop,1
S0004889,2025-09-11,C00416,Referral,Desktop,0
S0004890,2025-04-11,C01042,Paid Search,Mobile,0
S0004891,2025-12-17,C00126,Organic Search,Mobile,1
S0004892,2025-03-28,C00515,Social Media,Tablet,0
S0004893,2025-07-04,C00419,Organic Search,Tablet,0
S0004894,2025-04-01,C00168,Paid Search,Mobile,0
S0004895,2025-09-05,C00162,Social Media,Desktop,0
S0004896,2025-08-02,C00574,Social Media,Desktop,0
S0004897,2025-12-25,C00810,Referral,Mobile,0
S0004898,2025-09-06,C00137,Social Media,Desktop,0
S0004899,2025-05-06,C01076,Organic Search,Desktop,0
S0004900,2025-01-04,C00932,Organic Search,Desktop,0
S0004901,2025-03-29,C00137,Social Media,Mobile,0
S0004902,2025-05-31,C01014,Direct,Mobile,0
S0004903,2025-06-25,C00429,Paid Search,Mobile,0
S0004904,2025-07-30,C00655,Referral,Mobile,0
S0004905,2025-09-16,C00605,Organic Search,Mobile,0
S0004906,2025-04-01,C00389,Social Media,Mobile,1
S0004907,2025-09-16,C00219,Organic Search,Mobile,0
S0004908,2025-07-10,C00195,Email,Mobile,0
S0004909,2025-03-22,C00599,Social Media,Desktop,0
S0004910,2025-05-18,C00008,Referral,Tablet,0
S0004911,2025-12-16,C01183,Organic Search,Mobile,0
S0004912,2025-05-06,C00396,Organic Search,Mobile,0
S0004913,2025-12-22,C00212,Paid Search,Mobile,0
S0004914,2025-11-05,C00044,Social Media,Desktop,0
S0004915,2025-12-09,C00570,Referral,Desktop,0
S0004916,2025-08-18,C00921,Social Media,Desktop,0
S0004917,2025-12-11,C00844,Paid Search,Mobile,0
S0004918,2025-11-06,C00989,Organic Search,Mobile,0
S0004919,2025-01-20,C01140,Social Media,Desktop,0
S0004920,2025-02-18,C00788,Direct,Desktop,0
S0004921,2025-05-15,C00553,Direct,Mobile,0
S0004922,2025-01-29,C01123,Referral,Desktop,0
S0004923,2025-02-17,C00389,Social Media,Mobile,0
S0004924,2025-09-26,C00683,Social Media,Desktop,0
S0004925,2025-01-03,C00480,Social Media,Desktop,0
S0004926,2025-09-15,C00577,Referral,Mobile,0
S0004927,2025-01-16,C00018,Direct,Desktop,0
S0004928,2025-04-04,C00274,Paid Search,Desktop,0
S0004929,2025-12-24,C00903,Email,Desktop,0
S0004930,2025-05-14,C00513,Paid Search,Desktop,0
S0004931,2025-10-28,C00711,Direct,Desktop,0
S0004932,2025-11-23,C01061,Organic Search,Mobile,0
S0004933,2025-05-13,C01098,Direct,Mobile,0
S0004934,2025-11-08,C00363,Organic Search,Mobile,0
S0004935,2025-02-01,C00909,Organic Search,Desktop,0
S0004936,2025-11-01,C00776,Social Media,Desktop,1
S0004937,2025-09-26,C00266,Email,Mobile,0
S0004938,2025-01-25,C00112,Social Media,Mobile,0
S0004939,2025-11-12,C00889,Organic Search,Desktop,0
S0004940,2025-02-28,C00260,Organic Search,Mobile,0
S0004941,2025-08-01,C00919,Paid Search,Mobile,0
S0004942,2025-06-05,C00582,Organic Search,Mobile,0
S0004943,2025-11-10,C00556,Organic Search,Mobile,0
S0004944,2025-10-03,C00252,Organic Search,Desktop,0
S0004945,2025-07-29,C00079,Paid Search,Mobile,0
S0004946,2025-02-26,C01002,Organic Search,Mobile,0
S0004947,2025-07-04,C00295,Paid Search,Mobile,0
S0004948,2025-02-23,C00016,Organic Search,Desktop,0
S0004949,2025-07-28,C01141,Social Media,Mobile,0
S0004950,2025-12-08,C00852,Direct,Mobile,0
S0004951,2025-10-20,C00567,Organic Search,Mobile,0
S0004952,2025-12-06,C01004,Referral,Mobile,0
S0004953,2025-10-31,C01063,Organic Search,Mobile,0
S0004954,2025-09-09,C00680,Email,Mobile,0
S0004955,2025-10-31,C00709,Social Media,Tablet,0
S0004956,2025-04-22,C00380,Referral,Desktop,1
S0004957,2025-01-06,C00943,Email,Tablet,0
S0004958,2025-07-10,C00692,Email,Mobile,0
S0004959,2025-11-30,C00529,Paid Search,Mobile,0
S0004960,2025-10-06,C00935,Paid Search,Mobile,0
S0004961,2025-12-06,C00638,Social Media,Tablet,0
S0004962,2025-01-13,C00859,Paid Search,Mobile,0
S0004963,2025-10-30,C01044,Organic Search,Desktop,0
S0004964,2025-02-13,C00397,Social Media,Mobile,1
S0004965,2025-04-15,C00681,Email,Desktop,0
S0004966,2025-06-09,C00453,Organic Search,Mobile,0
S0004967,2025-06-03,C00378,Referral,Tablet,0
S0004968,2025-08-30,C00373,Paid Search,Mobile,0
S0004969,2025-06-30,C00914,Direct,Mobile,0
S0004970,2025-01-14,C00811,Email,Desktop,0
S0004971,2025-06-29,C00016,Organic Search,Mobile,0
S0004972,2025-10-19,C01061,Organic Search,Mobile,0
S0004973,2025-09-21,C00227,Direct,Mobile,0
S0004974,2025-06-17,C00977,Organic Search,Desktop,0
S0004975,2025-08-02,C00696,Referral,Mobile,0
S0004976,2025-05-30,C01012,Social Media,Desktop,0
S0004977,2025-01-16,C01006,Email,Desktop,0
S0004978,2025-04-01,C00288,Referral,Mobile,0
S0004979,2025-04-30,C00169,Organic Search,Desktop,0
S0004980,2025-09-10,C00329,Paid Search,Tablet,0
S0004981,2025-03-01,C00093,Direct,Mobile,0
S0004982,2025-09-23,C00626,Social Media,Mobile,0
S0004983,2025-01-31,C00308,Direct,Mobile,0
S0004984,2025-01-21,C00576,Organic Search,Mobile,0
S0004985,2025-08-07,C00097,Paid Search,Mobile,0
S0004986,2025-03-22,C01117,Referral,Mobile,0
S0004987,2025-10-16,C00432,Email,Mobile,0
S0004988,2025-01-31,C00764,Social Media,Desktop,0
S0004989,2025-08-22,C00431,Paid Search,Mobile,0
S0004990,2025-02-05,C00068,Paid Search,Desktop,0
S0004991,2025-05-12,C00257,Email,Mobile,0
S0004992,2025-11-20,C00843,Email,Mobile,0
S0004993,2025-12-12,C00407,Organic Search,Mobile,0
S0004994,2025-05-12,C00851,Email,Mobile,0
S0004995,2025-01-09,C00387,Organic Search,Mobile,0
S0004996,2025-01-30,C00694,Social Media,Mobile,0
S0004997,2025-04-25,C00623,Direct,Mobile,0
S0004998,2025-10-28,C01182,Paid Search,Mobile,0
S0004999,2025-01-04,C00658,Organic Search,Desktop,0
S0005000,2025-11-21,C00234,Paid Search,Desktop,0
S0005001,2025-08-25,C00635,Social Media,Mobile,0
S0005002,2025-01-23,C00646,Paid Search,Desktop,0
S0005003,2025-01-16,C00508,Paid Search,Desktop,0
S0005004,2025-01-22,C00799,Direct,Mobile,0
S0005005,2025-03-13,C00389,Social Media,Mobile,0
S0005006,2025-10-31,C00646,Paid Search,Mobile,0
S0005007,2025-08-18,C00320,Paid Search,Mobile,0
S0005008,2025-04-17,C00182,Social Media,Mobile,0
S0005009,2025-07-27,C01114,Organic Search,Mobile,0
S0005010,2025-07-27,C00807,Social Media,Mobile,0
S0005011,2025-09-20,C00858,Direct,Mobile,0
S0005012,2025-02-20,C00500,Organic Search,Desktop,0
S0005013,2025-03-06,C00379,Organic Search,Desktop,0
S0005014,2025-09-22,C00072,Paid Search,Mobile,0
S0005015,2025-12-04,C00200,Direct,Mobile,0
S0005016,2025-10-28,C00231,Organic Search,Mobile,0
S0005017,2025-06-24,C00353,Paid Search,Mobile,0
S0005018,2025-06-01,C00952,Social Media,Mobile,0
S0005019,2025-09-23,C00730,Organic Search,Desktop,1
S0005020,2025-11-25,C00531,Organic Search,Desktop,0
S0005021,2025-10-31,C00234,Paid Search,Mobile,0
S0005022,2025-06-12,C00534,Email,Desktop,1
S0005023,2025-12-09,C00878,Direct,Mobile,0
S0005024,2025-08-26,C00554,Email,Tablet,0
S0005025,2025-07-18,C00813,Paid Search,Mobile,0
S0005026,2025-01-16,C00372,Direct,Desktop,0
S0005027,2025-11-05,C00869,Referral,Mobile,0
S0005028,2025-10-23,C00561,Paid Search,Tablet,0
S0005029,2025-12-22,C00036,Paid Search,Mobile,0
S0005030,2025-10-03,C00463,Organic Search,Mobile,0
S0005031,2025-08-27,C00411,Direct,Mobile,0
S0005032,2025-03-10,C00534,Email,Desktop,0
S0005033,2025-10-28,C00847,Paid Search,Mobile,0
S0005034,2025-01-06,C01158,Email,Mobile,0
S0005035,2025-08-08,C00619,Paid Search,Desktop,0
S0005036,2025-09-11,C00667,Email,Mobile,1
S0005037,2025-10-22,C00678,Organic Search,Mobile,0
S0005038,2025-12-24,C01090,Paid Search,Mobile,0
S0005039,2025-04-17,C00438,Organic Search,Desktop,0
S0005040,2025-10-22,C00614,Social Media,Mobile,0
S0005041,2025-04-28,C00075,Paid Search,Mobile,0
S0005042,2025-06-17,C00875,Organic Search,Mobile,0
S0005043,2025-09-08,C00746,Paid Search,Desktop,0
S0005044,2025-03-23,C00887,Email,Mobile,0
S0005045,2025-02-23,C00560,Paid Search,Mobile,0
S0005046,2025-08-28,C01123,Referral,Desktop,0
S0005047,2025-01-12,C00472,Paid Search,Desktop,0
S0005048,2025-07-28,C00612,Organic Search,Mobile,0
S0005049,2025-06-14,C00640,Social Media,Mobile,0
S0005050,2025-10-21,C01188,Email,Desktop,0
S0005051,2025-01-07,C01191,Paid Search,Desktop,0
S0005052,2025-03-19,C00420,Paid Search,Mobile,0
S0005053,2025-03-06,C00307,Email,Mobile,0
S0005054,2025-04-12,C00338,Social Media,Desktop,0
S0005055,2025-12-23,C00207,Referral,Desktop,0
S0005056,2025-10-27,C00459,Social Media,Desktop,0
S0005057,2025-10-14,C00437,Organic Search,Desktop,0
S0005058,2025-06-20,C00327,Organic Search,Mobile,0
S0005059,2025-03-18,C01064,Social Media,Desktop,0
S0005060,2025-02-17,C00173,Direct,Desktop,0
S0005061,2025-09-12,C00165,Paid Search,Desktop,0
S0005062,2025-03-23,C01055,Direct,Mobile,0
S0005063,2025-07-28,C00541,Paid Search,Desktop,0
S0005064,2025-07-28,C00540,Paid Search,Desktop,0
S0005065,2025-03-25,C00918,Organic Search,Mobile,0
S0005066,2025-01-10,C00895,Organic Search,Desktop,0
S0005067,2025-01-29,C00923,Social Media,Mobile,0
S0005068,2025-10-31,C00007,Paid Search,Mobile,1
S0005069,2025-04-26,C01090,Paid Search,Mobile,0
S0005070,2025-09-26,C00199,Email,Mobile,0
S0005071,2025-02-16,C00519,Organic Search,Mobile,0
S0005072,2025-12-25,C00235,Email,Desktop,0
S0005073,2025-04-01,C00294,Direct,Mobile,0
S0005074,2025-02-22,C01021,Email,Desktop,0
S0005075,2025-08-06,C00169,Organic Search,Mobile,0
S0005076,2025-12-14,C00957,Social Media,Desktop,0
S0005077,2025-03-18,C00234,Paid Search,Mobile,0
S0005078,2025-07-23,C01171,Social Media,Mobile,0
S0005079,2025-02-13,C00947,Organic Search,Mobile,0
S0005080,2025-06-05,C00043,Direct,Mobile,0
S0005081,2025-01-02,C00557,Organic Search,Mobile,0
S0005082,2025-12-23,C00133,Email,Mobile,0
S0005083,2025-11-09,C01200,Email,Mobile,0
S0005084,2025-02-26,C01095,Email,Desktop,0
S0005085,2025-10-17,C00249,Social Media,Desktop,0
S0005086,2025-02-27,C00986,Organic Search,Mobile,0
S0005087,2025-09-11,C00800,Social Media,Mobile,1
S0005088,2025-06-29,C00269,Social Media,Mobile,0
S0005089,2025-06-06,C00910,Referral,Mobile,0
S0005090,2025-02-04,C00608,Paid Search,Mobile,0
S0005091,2025-03-16,C00344,Direct,Desktop,0
S0005092,2025-10-16,C01073,Organic Search,Desktop,0
S0005093,2025-03-16,C01027,Social Media,Mobile,0
S0005094,2025-11-25,C00448,Organic Search,Desktop,1
S0005095,2025-03-19,C00062,Organic Search,Mobile,0
S0005096,2025-09-12,C00102,Organic Search,Desktop,0
S0005097,2025-09-22,C00708,Paid Search,Mobile,0
S0005098,2025-10-31,C00566,Organic Search,Mobile,0
S0005099,2025-03-08,C00179,Email,Mobile,0
S0005100,2025-08-09,C00239,Direct,Mobile,0
S0005101,2025-06-13,C00638,Social Media,Desktop,0
S0005102,2025-08-08,C01193,Direct,Desktop,0
S0005103,2025-06-21,C00523,Email,Mobile,0
S0005104,2025-09-11,C00247,Paid Search,Desktop,0
S0005105,2025-07-29,C00309,Referral,Mobile,1
S0005106,2025-07-07,C00735,Social Media,Mobile,0
S0005107,2025-07-10,C01167,Paid Search,Mobile,0
S0005108,2025-08-03,C00938,Paid Search,Desktop,0
S0005109,2025-03-27,C00820,Organic Search,Desktop,0
S0005110,2025-04-16,C00467,Social Media,Mobile,0
S0005111,2025-11-28,C00686,Paid Search,Mobile,0
S0005112,2025-10-23,C00147,Paid Search,Mobile,1
S0005113,2025-01-19,C00891,Social Media,Mobile,0
S0005114,2025-02-16,C00109,Direct,Mobile,1
S0005115,2025-03-06,C00265,Organic Search,Desktop,0
S0005116,2025-05-26,C00736,Paid Search,Desktop,0
S0005117,2025-10-13,C00920,Email,Mobile,0
S0005118,2025-03-07,C00437,Organic Search,Mobile,0
S0005119,2025-01-05,C00095,Social Media,Desktop,0
S0005120,2025-04-03,C00794,Direct,Mobile,0
S0005121,2025-12-19,C01082,Referral,Mobile,0
S0005122,2025-04-04,C00738,Direct,Mobile,0
S0005123,2025-04-16,C01026,Organic Search,Mobile,0
S0005124,2025-05-13,C01092,Email,Mobile,0
S0005125,2025-12-07,C00994,Direct,Mobile,0
S0005126,2025-11-10,C00162,Social Media,Mobile,0
S0005127,2025-03-20,C00858,Direct,Mobile,0
S0005128,2025-07-31,C01062,Paid Search,Desktop,0
S0005129,2025-01-08,C00579,Paid Search,Mobile,0
S0005130,2025-06-08,C00360,Referral,Mobile,0
S0005131,2025-09-25,C00488,Paid Search,Mobile,0
S0005132,2025-05-29,C00778,Social Media,Mobile,0
S0005133,2025-12-16,C00419,Organic Search,Desktop,0
S0005134,2025-04-01,C00087,Direct,Desktop,0
S0005135,2025-08-24,C00300,Social Media,Mobile,0
S0005136,2025-10-16,C00463,Organic Search,Mobile,0
S0005137,2025-12-22,C00802,Referral,Mobile,0
S0005138,2025-06-17,C00430,Paid Search,Mobile,0
S0005139,2025-07-12,C00228,Email,Mobile,0
S0005140,2025-07-06,C01062,Paid Search,Desktop,0
S0005141,2025-09-28,C01094,Organic Search,Mobile,0
S0005142,2025-04-24,C00657,Direct,Mobile,0
S0005143,2025-01-11,C00886,Paid Search,Mobile,0
S0005144,2025-02-24,C01039,Email,Mobile,0
S0005145,2025-09-15,C00766,Email,Desktop,1
S0005146,2025-03-06,C01032,Paid Search,Mobile,0
S0005147,2025-06-21,C00092,Email,Desktop,0
S0005148,2025-09-29,C00108,Organic Search,Mobile,0
S0005149,2025-05-30,C00523,Email,Mobile,0
S0005150,2025-12-28,C00547,Paid Search,Mobile,0
S0005151,2025-05-26,C00573,Email,Mobile,0
S0005152,2025-07-28,C01050,Social Media,Desktop,0
S0005153,2025-10-13,C00722,Paid Search,Mobile,0
S0005154,2025-01-10,C00091,Paid Search,Mobile,0
S0005155,2025-08-15,C00866,Organic Search,Mobile,0
S0005156,2025-07-05,C01135,Paid Search,Desktop,0
S0005157,2025-03-03,C00848,Organic Search,Mobile,0
S0005158,2025-03-26,C00901,Referral,Mobile,0
S0005159,2025-05-14,C00682,Social Media,Mobile,0
S0005160,2025-11-19,C00281,Referral,Mobile,0
S0005161,2025-10-24,C00923,Social Media,Desktop,0
S0005162,2025-06-20,C00442,Social Media,Mobile,0
S0005163,2025-08-01,C00085,Organic Search,Mobile,0
S0005164,2025-01-18,C00801,Direct,Desktop,0
S0005165,2025-11-10,C01169,Organic Search,Mobile,0
S0005166,2025-03-01,C00258,Social Media,Mobile,0
S0005167,2025-03-29,C00045,Paid Search,Mobile,0
S0005168,2025-01-27,C01110,Paid Search,Desktop,0
S0005169,2025-03-09,C00814,Organic Search,Tablet,0
S0005170,2025-10-05,C00761,Organic Search,Desktop,0
S0005171,2025-02-09,C00585,Paid Search,Tablet,0
S0005172,2025-04-19,C00388,Paid Search,Desktop,1
S0005173,2025-03-15,C01096,Referral,Mobile,0
S0005174,2025-03-07,C01075,Paid Search,Mobile,0
S0005175,2025-06-17,C00448,Organic Search,Mobile,0
S0005176,2025-09-19,C00958,Referral,Mobile,0
S0005177,2025-10-01,C00888,Organic Search,Mobile,0
S0005178,2025-12-03,C01116,Email,Mobile,0
S0005179,2025-12-24,C00584,Email,Tablet,0
S0005180,2025-08-25,C00239,Direct,Desktop,1
S0005181,2025-08-03,C00081,Social Media,Mobile,0
S0005182,2025-10-13,C00848,Organic Search,Mobile,0
S0005183,2025-05-29,C00669,Email,Mobile,1
S0005184,2025-11-14,C00890,Organic Search,Mobile,0
S0005185,2025-04-17,C00790,Social Media,Desktop,0
S0005186,2025-05-21,C00430,Paid Search,Mobile,0
S0005187,2025-03-17,C01131,Social Media,Desktop,0
S0005188,2025-01-09,C00233,Referral,Mobile,0
S0005189,2025-07-15,C00293,Paid Search,Desktop,0
S0005190,2025-10-22,C00288,Referral,Desktop,0
S0005191,2025-10-07,C00432,Email,Desktop,0
S0005192,2025-04-28,C00582,Organic Search,Tablet,0
S0005193,2025-10-17,C00375,Email,Mobile,0
S0005194,2025-03-02,C00473,Paid Search,Mobile,0
S0005195,2025-12-01,C01169,Organic Search,Mobile,0
S0005196,2025-11-02,C00381,Direct,Desktop,0
S0005197,2025-02-20,C00619,Paid Search,Desktop,0
S0005198,2025-02-21,C00914,Direct,Mobile,0
S0005199,2025-05-02,C00441,Organic Search,Mobile,0
S0005200,2025-06-16,C00095,Social Media,Desktop,0
S0005201,2025-01-08,C00190,Organic Search,Mobile,0
S0005202,2025-02-14,C00412,Direct,Mobile,0
S0005203,2025-12-10,C00917,Referral,Desktop,0
S0005204,2025-09-02,C01166,Direct,Desktop,0
S0005205,2025-10-11,C00446,Organic Search,Desktop,0
S0005206,2025-04-17,C00965,Direct,Desktop,0
S0005207,2025-01-27,C00711,Direct,Mobile,0
S0005208,2025-07-12,C00166,Organic Search,Mobile,0
S0005209,2025-12-03,C00266,Email,Mobile,0
S0005210,2025-12-23,C00266,Email,Mobile,0
S0005211,2025-03-03,C00050,Email,Mobile,0
S0005212,2025-03-03,C00429,Paid Search,Mobile,0
S0005213,2025-10-09,C00586,Social Media,Mobile,0
S0005214,2025-05-01,C00972,Social Media,Desktop,0
S0005215,2025-10-07,C00015,Social Media,Desktop,0
S0005216,2025-02-08,C00660,Social Media,Mobile,0
S0005217,2025-10-04,C00968,Social Media,Desktop,0
S0005218,2025-04-04,C00161,Social Media,Desktop,0
S0005219,2025-04-25,C00166,Organic Search,Tablet,0
S0005220,2025-06-25,C00319,Organic Search,Mobile,0
S0005221,2025-05-01,C00403,Paid Search,Desktop,0
S0005222,2025-01-13,C00843,Email,Mobile,0
S0005223,2025-06-12,C00640,Social Media,Desktop,0
S0005224,2025-10-02,C01119,Email,Desktop,0
S0005225,2025-06-25,C00887,Email,Mobile,0
S0005226,2025-12-03,C00180,Referral,Mobile,0
S0005227,2025-11-20,C00029,Email,Desktop,0
S0005228,2025-06-22,C00447,Paid Search,Desktop,0
S0005229,2025-10-02,C01152,Direct,Mobile,0
S0005230,2025-03-05,C00482,Email,Desktop,0
S0005231,2025-04-11,C00934,Direct,Desktop,0
S0005232,2025-11-18,C00407,Organic Search,Desktop,0
S0005233,2025-03-07,C00829,Organic Search,Mobile,0
S0005234,2025-11-27,C00128,Paid Search,Mobile,0
S0005235,2025-02-14,C00848,Organic Search,Mobile,0
S0005236,2025-03-28,C00591,Email,Desktop,0
S0005237,2025-03-08,C00862,Social Media,Mobile,0
S0005238,2025-09-16,C00655,Referral,Mobile,0
S0005239,2025-07-24,C01035,Email,Mobile,0
S0005240,2025-06-27,C00154,Paid Search,Mobile,0
S0005241,2025-10-07,C00591,Email,Desktop,0
S0005242,2025-12-10,C00310,Social Media,Desktop,0
S0005243,2025-01-17,C01185,Email,Mobile,0
S0005244,2025-10-23,C00484,Paid Search,Mobile,0
S0005245,2025-07-21,C01005,Paid Search,Desktop,0
S0005246,2025-06-21,C01187,Paid Search,Desktop,0
S0005247,2025-09-19,C00703,Email,Desktop,0
S0005248,2025-07-13,C01071,Paid Search,Tablet,0
S0005249,2025-05-29,C00431,Paid Search,Desktop,0
S0005250,2025-02-04,C00302,Paid Search,Mobile,1
S0005251,2025-01-29,C00080,Organic Search,Tablet,0
S0005252,2025-09-20,C01146,Paid Search,Mobile,0
S0005253,2025-08-09,C01061,Organic Search,Desktop,0
S0005254,2025-02-22,C00015,Social Media,Mobile,0
S0005255,2025-10-06,C00471,Social Media,Mobile,0
S0005256,2025-12-19,C00291,Social Media,Desktop,0
S0005257,2025-03-17,C01020,Paid Search,Mobile,0
S0005258,2025-06-25,C00901,Referral,Mobile,0
S0005259,2025-01-10,C00071,Paid Search,Mobile,1
S0005260,2025-04-27,C00633,Paid Search,Mobile,0
S0005261,2025-10-07,C00013,Email,Mobile,0
S0005262,2025-08-06,C01098,Direct,Mobile,0
S0005263,2025-06-24,C00552,Direct,Mobile,0
S0005264,2025-08-22,C00695,Paid Search,Mobile,0
S0005265,2025-09-09,C00598,Organic Search,Mobile,0
S0005266,2025-10-22,C00615,Paid Search,Mobile,0
S0005267,2025-11-18,C01016,Organic Search,Mobile,1
S0005268,2025-01-06,C01125,Email,Mobile,0
S0005269,2025-01-21,C01023,Direct,Mobile,0
S0005270,2025-03-14,C00441,Organic Search,Mobile,0
S0005271,2025-11-26,C01039,Email,Desktop,0
S0005272,2025-02-05,C00389,Social Media,Mobile,0
S0005273,2025-08-21,C00135,Direct,Mobile,0
S0005274,2025-08-04,C00141,Paid Search,Mobile,0
S0005275,2025-07-25,C00192,Organic Search,Mobile,0
S0005276,2025-02-13,C00492,Email,Desktop,0
S0005277,2025-04-01,C00911,Paid Search,Desktop,0
S0005278,2025-11-12,C00359,Organic Search,Desktop,0
S0005279,2025-04-03,C00492,Email,Tablet,0
S0005280,2025-12-05,C00186,Paid Search,Mobile,0
S0005281,2025-03-24,C00313,Social Media,Tablet,0
S0005282,2025-11-29,C00617,Organic Search,Mobile,0
S0005283,2025-10-09,C00095,Social Media,Mobile,0
S0005284,2025-01-21,C00799,Direct,Mobile,0
S0005285,2025-08-16,C00115,Direct,Desktop,0
S0005286,2025-05-10,C00323,Organic Search,Mobile,1
S0005287,2025-06-24,C01148,Paid Search,Mobile,0
S0005288,2025-04-18,C00136,Organic Search,Desktop,0
S0005289,2025-10-10,C00960,Paid Search,Desktop,0
S0005290,2025-03-12,C00959,Social Media,Desktop,0
S0005291,2025-02-19,C01106,Social Media,Mobile,0
S0005292,2025-04-05,C00180,Referral,Desktop,0
S0005293,2025-10-06,C00876,Paid Search,Desktop,0
S0005294,2025-12-03,C00897,Paid Search,Desktop,0
S0005295,2025-05-12,C01154,Paid Search,Tablet,0
S0005296,2025-10-03,C00257,Email,Desktop,0
S0005297,2025-01-13,C00041,Organic Search,Mobile,0
S0005298,2025-01-03,C01009,Referral,Mobile,0
S0005299,2025-08-12,C01119,Email,Desktop,0
S0005300,2025-06-24,C00119,Direct,Desktop,0
S0005301,2025-03-31,C00633,Paid Search,Mobile,0
S0005302,2025-08-29,C00060,Organic Search,Mobile,0
S0005303,2025-02-04,C00308,Direct,Mobile,0
S0005304,2025-01-14,C00367,Email,Mobile,0
S0005305,2025-07-14,C00793,Direct,Mobile,0
S0005306,2025-11-02,C00238,Direct,Mobile,0
S0005307,2025-11-30,C01142,Paid Search,Mobile,0
S0005308,2025-08-01,C00666,Email,Desktop,0
S0005309,2025-01-03,C00656,Organic Search,Desktop,0
S0005310,2025-06-28,C01035,Email,Mobile,0
S0005311,2025-02-09,C00087,Direct,Mobile,0
S0005312,2025-06-13,C00854,Organic Search,Desktop,0
S0005313,2025-11-03,C00747,Organic Search,Mobile,0
S0005314,2025-08-23,C01155,Direct,Mobile,0
S0005315,2025-09-14,C00089,Email,Mobile,0
S0005316,2025-12-26,C00685,Social Media,Desktop,0
S0005317,2025-04-26,C00179,Email,Mobile,0
S0005318,2025-02-21,C00030,Social Media,Desktop,0
S0005319,2025-05-22,C00258,Social Media,Desktop,0
S0005320,2025-03-27,C00580,Paid Search,Mobile,0
S0005321,2025-02-15,C00045,Paid Search,Desktop,0
S0005322,2025-11-28,C00902,Social Media,Mobile,0
S0005323,2025-08-26,C00904,Direct,Mobile,0
S0005324,2025-01-10,C00260,Organic Search,Mobile,0
S0005325,2025-06-01,C00330,Paid Search,Mobile,0
S0005326,2025-03-02,C01070,Direct,Desktop,0
S0005327,2025-01-18,C00606,Paid Search,Mobile,0
S0005328,2025-03-27,C00473,Paid Search,Desktop,0
S0005329,2025-05-17,C00659,Email,Mobile,1
S0005330,2025-08-18,C00112,Social Media,Desktop,0
S0005331,2025-05-08,C00152,Organic Search,Mobile,0
S0005332,2025-04-14,C00984,Referral,Desktop,0
S0005333,2025-07-05,C00031,Organic Search,Mobile,0
S0005334,2025-06-27,C00489,Paid Search,Desktop,0
S0005335,2025-12-23,C00651,Referral,Mobile,0
S0005336,2025-01-06,C00407,Organic Search,Mobile,0
S0005337,2025-12-07,C00049,Organic Search,Mobile,0
S0005338,2025-11-03,C00960,Paid Search,Mobile,0
S0005339,2025-02-05,C00170,Email,Desktop,0
S0005340,2025-11-23,C00758,Organic Search,Mobile,0
S0005341,2025-12-22,C00110,Social Media,Desktop,0
S0005342,2025-10-08,C01088,Social Media,Mobile,0
S0005343,2025-10-27,C01040,Social Media,Tablet,0
S0005344,2025-01-14,C00074,Direct,Mobile,0
S0005345,2025-08-25,C00780,Referral,Mobile,0
S0005346,2025-10-12,C00461,Organic Search,Mobile,0
S0005347,2025-11-26,C00573,Email,Mobile,1
S0005348,2025-02-19,C00624,Referral,Mobile,0
S0005349,2025-09-18,C00230,Paid Search,Desktop,0
S0005350,2025-04-20,C01031,Organic Search,Mobile,0
S0005351,2025-07-16,C00630,Direct,Desktop,0
S0005352,2025-09-09,C00646,Paid Search,Mobile,0
S0005353,2025-03-29,C00587,Organic Search,Desktop,0
S0005354,2025-11-09,C00605,Organic Search,Desktop,0
S0005355,2025-01-26,C00402,Social Media,Tablet,0
S0005356,2025-09-19,C00116,Organic Search,Mobile,0
S0005357,2025-05-24,C00033,Organic Search,Mobile,0
S0005358,2025-03-01,C00091,Paid Search,Desktop,1
S0005359,2025-12-22,C00695,Paid Search,Mobile,0
S0005360,2025-09-25,C00167,Email,Mobile,1
S0005361,2025-03-16,C00738,Direct,Desktop,0
S0005362,2025-01-03,C00717,Direct,Mobile,0
S0005363,2025-03-04,C00007,Paid Search,Desktop,0
S0005364,2025-08-24,C00881,Social Media,Mobile,0
S0005365,2025-08-17,C00312,Direct,Mobile,0
S0005366,2025-10-02,C01097,Paid Search,Desktop,0
S0005367,2025-01-18,C00566,Organic Search,Mobile,0
S0005368,2025-03-21,C01167,Paid Search,Desktop,0
S0005369,2025-08-03,C00516,Referral,Desktop,1
S0005370,2025-06-20,C00908,Email,Desktop,1
S0005371,2025-11-25,C00488,Paid Search,Mobile,0
S0005372,2025-09-12,C00361,Paid Search,Desktop,0
S0005373,2025-05-06,C00420,Paid Search,Desktop,0
S0005374,2025-09-12,C00781,Organic Search,Desktop,0
S0005375,2025-03-13,C00723,Social Media,Mobile,0
S0005376,2025-02-07,C01130,Organic Search,Mobile,0
S0005377,2025-11-20,C00122,Organic Search,Desktop,0
S0005378,2025-07-23,C00281,Referral,Mobile,0
S0005379,2025-06-21,C01089,Social Media,Mobile,0
S0005380,2025-08-11,C00390,Organic Search,Mobile,0
S0005381,2025-08-05,C00609,Direct,Desktop,0
S0005382,2025-09-02,C01181,Social Media,Desktop,0
S0005383,2025-12-02,C00314,Organic Search,Mobile,0
S0005384,2025-07-10,C00757,Paid Search,Mobile,0
S0005385,2025-10-25,C00378,Referral,Tablet,0
S0005386,2025-11-16,C00574,Social Media,Mobile,0
S0005387,2025-07-01,C00156,Email,Mobile,0
S0005388,2025-11-30,C00758,Organic Search,Desktop,0
S0005389,2025-07-24,C00204,Referral,Mobile,0
S0005390,2025-12-27,C00233,Referral,Desktop,0
S0005391,2025-07-18,C00092,Email,Mobile,0
S0005392,2025-11-28,C00544,Paid Search,Mobile,0
S0005393,2025-06-14,C00929,Direct,Mobile,1
S0005394,2025-08-30,C01038,Organic Search,Desktop,0
S0005395,2025-05-10,C00563,Paid Search,Mobile,0
S0005396,2025-08-15,C00922,Social Media,Desktop,0
S0005397,2025-05-02,C00155,Social Media,Desktop,0
S0005398,2025-02-13,C00863,Organic Search,Desktop,0
S0005399,2025-07-15,C00205,Paid Search,Desktop,0
S0005400,2025-12-24,C01151,Organic Search,Desktop,0
S0005401,2025-07-23,C00452,Email,Desktop,0
S0005402,2025-11-14,C00904,Direct,Desktop,0
S0005403,2025-09-14,C00633,Paid Search,Desktop,0
S0005404,2025-01-17,C01157,Paid Search,Mobile,0
S0005405,2025-09-29,C00359,Organic Search,Mobile,0
S0005406,2025-01-09,C00737,Email,Mobile,1
S0005407,2025-09-06,C00494,Social Media,Desktop,0
S0005408,2025-07-20,C00951,Email,Desktop,0
S0005409,2025-02-28,C00657,Direct,Mobile,0
S0005410,2025-05-20,C01013,Email,Tablet,0
S0005411,2025-04-29,C00269,Social Media,Desktop,0
S0005412,2025-02-10,C01119,Email,Mobile,0
S0005413,2025-11-18,C00379,Organic Search,Desktop,0
S0005414,2025-11-27,C00325,Organic Search,Mobile,0
S0005415,2025-09-24,C00048,Direct,Desktop,0
S0005416,2025-01-08,C00097,Paid Search,Mobile,0
S0005417,2025-07-02,C00641,Organic Search,Mobile,0
S0005418,2025-05-14,C01012,Social Media,Desktop,0
S0005419,2025-06-30,C00685,Social Media,Desktop,0
S0005420,2025-12-21,C00172,Organic Search,Mobile,0
S0005421,2025-03-13,C00704,Direct,Mobile,0
S0005422,2025-04-23,C00093,Direct,Mobile,0
S0005423,2025-04-17,C01149,Social Media,Mobile,0
S0005424,2025-10-17,C00548,Paid Search,Mobile,0
S0005425,2025-11-09,C01087,Paid Search,Mobile,0
S0005426,2025-04-27,C00762,Organic Search,Tablet,0
S0005427,2025-04-30,C01000,Organic Search,Tablet,0
S0005428,2025-05-27,C01059,Paid Search,Desktop,1
S0005429,2025-11-23,C00280,Organic Search,Desktop,0
S0005430,2025-07-29,C00710,Paid Search,Mobile,0
S0005431,2025-10-23,C01150,Paid Search,Desktop,0
S0005432,2025-04-13,C00078,Direct,Desktop,0
S0005433,2025-05-04,C00328,Email,Desktop,0
S0005434,2025-09-02,C00637,Social Media,Mobile,0
S0005435,2025-12-22,C00618,Referral,Mobile,1
S0005436,2025-07-28,C01091,Paid Search,Desktop,0
S0005437,2025-11-10,C00609,Direct,Mobile,0
S0005438,2025-04-19,C00477,Organic Search,Desktop,1
S0005439,2025-12-14,C00571,Paid Search,Desktop,0
S0005440,2025-02-19,C01006,Email,Mobile,0
S0005441,2025-04-15,C00383,Email,Mobile,0
S0005442,2025-01-27,C00853,Direct,Mobile,0
S0005443,2025-10-15,C00408,Paid Search,Mobile,0
S0005444,2025-09-14,C00309,Referral,Mobile,0
S0005445,2025-09-30,C00756,Paid Search,Desktop,0
S0005446,2025-05-17,C00752,Direct,Desktop,0
S0005447,2025-12-06,C00953,Organic Search,Mobile,0
S0005448,2025-10-28,C00515,Social Media,Desktop,0
S0005449,2025-11-18,C00387,Organic Search,Desktop,0
S0005450,2025-02-01,C00474,Social Media,Mobile,0
S0005451,2025-02-14,C00449,Organic Search,Mobile,0
S0005452,2025-09-22,C00558,Paid Search,Mobile,0
S0005453,2025-01-30,C00741,Referral,Desktop,0
S0005454,2025-03-25,C01152,Direct,Desktop,0
S0005455,2025-06-15,C00293,Paid Search,Desktop,0
S0005456,2025-11-12,C01058,Direct,Mobile,0
S0005457,2025-01-01,C00597,Social Media,Mobile,0
S0005458,2025-09-06,C01009,Referral,Desktop,0
S0005459,2025-09-18,C00423,Email,Mobile,0
S0005460,2025-03-04,C00539,Paid Search,Desktop,1
S0005461,2025-06-13,C00024,Email,Mobile,0
S0005462,2025-11-17,C00044,Social Media,Mobile,0
S0005463,2025-11-30,C00042,Direct,Mobile,1
S0005464,2025-07-20,C00218,Paid Search,Desktop,0
S0005465,2025-08-10,C00016,Organic Search,Mobile,0
S0005466,2025-06-01,C00186,Paid Search,Mobile,0
S0005467,2025-05-12,C00614,Social Media,Mobile,0
S0005468,2025-04-24,C00706,Social Media,Mobile,0
S0005469,2025-08-05,C01170,Social Media,Mobile,0
S0005470,2025-07-15,C00895,Organic Search,Mobile,0
S0005471,2025-10-08,C00853,Direct,Desktop,0
S0005472,2025-07-21,C00517,Organic Search,Mobile,0
S0005473,2025-05-15,C00590,Social Media,Mobile,0
S0005474,2025-08-22,C00122,Organic Search,Mobile,0
S0005475,2025-05-21,C00617,Organic Search,Desktop,0
S0005476,2025-07-15,C00981,Organic Search,Tablet,0
S0005477,2025-02-12,C00727,Organic Search,Mobile,0
S0005478,2025-02-26,C01055,Direct,Mobile,0
S0005479,2025-05-22,C00470,Organic Search,Mobile,1
S0005480,2025-07-29,C01082,Referral,Desktop,0
S0005481,2025-03-13,C01144,Social Media,Mobile,0
S0005482,2025-08-12,C00808,Direct,Mobile,0
S0005483,2025-01-27,C00937,Paid Search,Desktop,1
S0005484,2025-05-08,C01191,Paid Search,Desktop,0
S0005485,2025-04-16,C01056,Referral,Mobile,1
S0005486,2025-06-14,C00060,Organic Search,Mobile,0
S0005487,2025-08-03,C00294,Direct,Desktop,0
S0005488,2025-03-12,C00250,Direct,Mobile,0
S0005489,2025-07-23,C00458,Paid Search,Mobile,0
S0005490,2025-06-02,C00603,Direct,Mobile,0
S0005491,2025-03-08,C00626,Social Media,Mobile,0
S0005492,2025-03-31,C01065,Social Media,Desktop,0
S0005493,2025-09-17,C00440,Paid Search,Desktop,0
S0005494,2025-12-28,C01113,Organic Search,Mobile,0
S0005495,2025-08-16,C00108,Organic Search,Mobile,0
S0005496,2025-03-20,C00342,Referral,Mobile,0
S0005497,2025-04-06,C00457,Direct,Desktop,0
S0005498,2025-12-15,C00260,Organic Search,Mobile,0
S0005499,2025-11-26,C00640,Social Media,Mobile,0
S0005500,2025-09-03,C00490,Referral,Desktop,0
S0005501,2025-09-29,C00288,Referral,Mobile,1
S0005502,2025-06-06,C00600,Paid Search,Mobile,0
S0005503,2025-04-26,C00778,Social Media,Mobile,0
S0005504,2025-01-18,C01126,Organic Search,Mobile,0
S0005505,2025-06-21,C00370,Paid Search,Mobile,0
S0005506,2025-01-16,C01147,Social Media,Desktop,0
S0005507,2025-08-28,C00339,Email,Mobile,0
S0005508,2025-02-25,C00508,Paid Search,Mobile,1
S0005509,2025-03-20,C01040,Social Media,Mobile,0
S0005510,2025-04-13,C00726,Referral,Desktop,0
S0005511,2025-10-11,C01099,Paid Search,Desktop,0
S0005512,2025-07-12,C00668,Paid Search,Desktop,0
S0005513,2025-01-05,C00191,Organic Search,Mobile,0
S0005514,2025-04-16,C01058,Direct,Mobile,0
S0005515,2025-10-05,C00361,Paid Search,Mobile,0
S0005516,2025-04-10,C01000,Organic Search,Desktop,0
S0005517,2025-08-26,C00546,Social Media,Desktop,0
S0005518,2025-09-26,C00095,Social Media,Mobile,0
S0005519,2025-11-17,C00531,Organic Search,Desktop,0
S0005520,2025-03-27,C01019,Direct,Tablet,0
S0005521,2025-11-16,C01094,Organic Search,Desktop,0
S0005522,2025-02-01,C00136,Organic Search,Desktop,0
S0005523,2025-12-02,C00296,Social Media,Mobile,0
S0005524,2025-02-20,C00079,Paid Search,Mobile,0
S0005525,2025-03-20,C00147,Paid Search,Desktop,0
S0005526,2025-07-05,C00838,Organic Search,Mobile,0
S0005527,2025-06-23,C00444,Organic Search,Mobile,0
S0005528,2025-04-16,C00897,Paid Search,Mobile,1
S0005529,2025-03-04,C00507,Organic Search,Mobile,0
S0005530,2025-03-17,C00346,Direct,Desktop,0
S0005531,2025-11-12,C00659,Email,Mobile,0
S0005532,2025-11-17,C00801,Direct,Mobile,0
S0005533,2025-03-22,C01126,Organic Search,Mobile,0
S0005534,2025-12-27,C00544,Paid Search,Mobile,1
S0005535,2025-05-08,C00724,Organic Search,Mobile,0
S0005536,2025-07-02,C00931,Social Media,Desktop,0
S0005537,2025-08-31,C01144,Social Media,Mobile,0
S0005538,2025-07-04,C00922,Social Media,Desktop,0
S0005539,2025-08-08,C01157,Paid Search,Mobile,0
S0005540,2025-03-12,C00387,Organic Search,Mobile,0
S0005541,2025-12-08,C00879,Paid Search,Mobile,0
S0005542,2025-06-03,C00280,Organic Search,Mobile,0
S0005543,2025-09-02,C00749,Paid Search,Desktop,0
S0005544,2025-05-20,C00531,Organic Search,Mobile,0
S0005545,2025-03-12,C00001,Email,Mobile,0
S0005546,2025-02-15,C00370,Paid Search,Desktop,0
S0005547,2025-02-16,C00918,Organic Search,Mobile,0
S0005548,2025-03-20,C00927,Paid Search,Mobile,0
S0005549,2025-05-29,C00843,Email,Mobile,0
S0005550,2025-05-10,C01191,Paid Search,Desktop,0
S0005551,2025-05-07,C00308,Direct,Tablet,0
S0005552,2025-12-31,C00037,Paid Search,Mobile,0
S0005553,2025-04-29,C00390,Organic Search,Tablet,1
S0005554,2025-12-23,C00973,Organic Search,Desktop,0
S0005555,2025-09-19,C00473,Paid Search,Mobile,0
S0005556,2025-09-01,C00413,Organic Search,Mobile,0
S0005557,2025-04-13,C00473,Paid Search,Mobile,0
S0005558,2025-02-06,C00371,Organic Search,Mobile,0
S0005559,2025-05-22,C00808,Direct,Mobile,0
S0005560,2025-02-06,C01023,Direct,Mobile,0
S0005561,2025-01-08,C00119,Direct,Mobile,0
S0005562,2025-08-19,C00674,Organic Search,Mobile,0
S0005563,2025-11-29,C00043,Direct,Mobile,0
S0005564,2025-10-23,C01105,Direct,Desktop,0
S0005565,2025-04-17,C00804,Organic Search,Mobile,0
S0005566,2025-12-14,C00491,Organic Search,Mobile,0
S0005567,2025-01-18,C00363,Organic Search,Mobile,0
S0005568,2025-11-09,C00655,Referral,Desktop,0
S0005569,2025-03-24,C01019,Direct,Mobile,0
S0005570,2025-10-15,C00542,Direct,Desktop,0
S0005571,2025-07-13,C00410,Organic Search,Mobile,0
S0005572,2025-08-03,C01005,Paid Search,Mobile,0
S0005573,2025-10-08,C00295,Paid Search,Mobile,1
S0005574,2025-08-08,C00033,Organic Search,Mobile,0
S0005575,2025-10-16,C00611,Social Media,Mobile,0
S0005576,2025-12-10,C01040,Social Media,Mobile,0
S0005577,2025-07-13,C00573,Email,Desktop,0
S0005578,2025-06-07,C00434,Paid Search,Desktop,0
S0005579,2025-04-14,C01199,Organic Search,Mobile,0
S0005580,2025-02-03,C00802,Referral,Mobile,0
S0005581,2025-04-12,C00403,Paid Search,Mobile,0
S0005582,2025-05-07,C00689,Email,Desktop,0
S0005583,2025-08-02,C00336,Organic Search,Desktop,0
S0005584,2025-11-21,C00665,Direct,Mobile,0
S0005585,2025-10-23,C00854,Organic Search,Mobile,0
S0005586,2025-06-28,C00848,Organic Search,Mobile,0
S0005587,2025-03-21,C00167,Email,Tablet,0
S0005588,2025-05-21,C01104,Organic Search,Mobile,0
S0005589,2025-01-31,C00324,Email,Desktop,1
S0005590,2025-03-04,C00979,Email,Mobile,0
S0005591,2025-02-17,C00428,Organic Search,Mobile,0
S0005592,2025-03-28,C01195,Email,Mobile,0
S0005593,2025-10-31,C00794,Direct,Mobile,0
S0005594,2025-03-02,C00382,Social Media,Desktop,0
S0005595,2025-11-30,C00247,Paid Search,Desktop,0
S0005596,2025-10-01,C00938,Paid Search,Desktop,0
S0005597,2025-10-11,C00918,Organic Search,Tablet,0
S0005598,2025-03-21,C00568,Organic Search,Desktop,0
S0005599,2025-06-29,C00612,Organic Search,Mobile,0
S0005600,2025-09-29,C00982,Social Media,Desktop,0
S0005601,2025-03-18,C00050,Email,Desktop,0
S0005602,2025-08-09,C00700,Referral,Mobile,0
S0005603,2025-10-09,C00459,Social Media,Tablet,0
S0005604,2025-01-28,C00907,Organic Search,Desktop,0
S0005605,2025-12-27,C00794,Direct,Mobile,0
S0005606,2025-03-18,C00935,Paid Search,Mobile,0
S0005607,2025-06-13,C00892,Direct,Mobile,0
S0005608,2025-01-09,C00817,Paid Search,Mobile,0
S0005609,2025-06-24,C00560,Paid Search,Mobile,0
S0005610,2025-11-03,C00839,Direct,Desktop,0
S0005611,2025-03-17,C00103,Organic Search,Desktop,0
S0005612,2025-09-02,C00453,Organic Search,Mobile,1
S0005613,2025-05-02,C00954,Referral,Mobile,0
S0005614,2025-07-04,C00355,Paid Search,Mobile,0
S0005615,2025-02-01,C00443,Paid Search,Desktop,0
S0005616,2025-09-07,C01138,Paid Search,Mobile,0
S0005617,2025-02-26,C00157,Referral,Mobile,0
S0005618,2025-11-06,C01005,Paid Search,Desktop,0
S0005619,2025-05-24,C00748,Organic Search,Desktop,0
S0005620,2025-11-14,C00453,Organic Search,Desktop,0
S0005621,2025-03-25,C00153,Social Media,Mobile,0
S0005622,2025-02-25,C00930,Referral,Mobile,0
S0005623,2025-10-06,C00212,Paid Search,Desktop,0
S0005624,2025-09-30,C00291,Social Media,Mobile,0
S0005625,2025-06-15,C01175,Email,Mobile,0
S0005626,2025-06-07,C00897,Paid Search,Mobile,0
S0005627,2025-09-06,C00240,Social Media,Desktop,0
S0005628,2025-07-05,C00724,Organic Search,Desktop,0
S0005629,2025-03-19,C00947,Organic Search,Mobile,0
S0005630,2025-01-22,C00615,Paid Search,Desktop,0
S0005631,2025-04-18,C00844,Paid Search,Mobile,0
S0005632,2025-09-30,C00005,Organic Search,Mobile,0
S0005633,2025-09-09,C00603,Direct,Mobile,0
S0005634,2025-01-15,C00535,Paid Search,Mobile,0
S0005635,2025-10-31,C00336,Organic Search,Mobile,0
S0005636,2025-06-09,C00817,Paid Search,Desktop,0
S0005637,2025-07-24,C00204,Referral,Mobile,0
S0005638,2025-04-23,C00843,Email,Desktop,0
S0005639,2025-06-17,C00084,Direct,Mobile,0
S0005640,2025-12-19,C01175,Email,Desktop,0
S0005641,2025-09-10,C00272,Paid Search,Mobile,0
S0005642,2025-07-05,C01106,Social Media,Tablet,0
S0005643,2025-12-13,C00785,Direct,Mobile,0
S0005644,2025-08-15,C00875,Organic Search,Desktop,0
S0005645,2025-01-16,C01004,Referral,Mobile,0
S0005646,2025-06-05,C00876,Paid Search,Mobile,0
S0005647,2025-12-20,C00769,Direct,Mobile,0
S0005648,2025-04-21,C00763,Paid Search,Mobile,0
S0005649,2025-01-01,C00489,Paid Search,Mobile,0
S0005650,2025-02-10,C00038,Paid Search,Desktop,0
S0005651,2025-02-17,C00928,Social Media,Mobile,0
S0005652,2025-04-18,C00023,Social Media,Mobile,0
S0005653,2025-06-10,C01145,Direct,Mobile,0
S0005654,2025-06-10,C00401,Email,Tablet,0
S0005655,2025-12-25,C00474,Social Media,Desktop,1
S0005656,2025-05-08,C01175,Email,Mobile,0
S0005657,2025-07-29,C00136,Organic Search,Mobile,0
S0005658,2025-05-31,C00306,Social Media,Desktop,0
S0005659,2025-09-12,C00269,Social Media,Mobile,0
S0005660,2025-08-06,C00961,Social Media,Mobile,0
S0005661,2025-01-30,C01019,Direct,Mobile,0
S0005662,2025-02-14,C01190,Referral,Desktop,0
S0005663,2025-03-21,C01100,Referral,Desktop,0
S0005664,2025-02-08,C00254,Paid Search,Desktop,0
S0005665,2025-08-28,C00357,Email,Mobile,0
S0005666,2025-02-14,C00141,Paid Search,Mobile,0
S0005667,2025-03-19,C00535,Paid Search,Mobile,0
S0005668,2025-12-03,C00351,Referral,Mobile,0
S0005669,2025-12-15,C00008,Referral,Mobile,0
S0005670,2025-10-15,C01149,Social Media,Mobile,0
S0005671,2025-10-07,C00350,Social Media,Desktop,0
S0005672,2025-04-26,C00368,Paid Search,Desktop,0
S0005673,2025-09-26,C00603,Direct,Desktop,0
S0005674,2025-12-01,C00888,Organic Search,Mobile,0
S0005675,2025-11-08,C00847,Paid Search,Mobile,0
S0005676,2025-02-22,C00969,Organic Search,Desktop,0
S0005677,2025-03-09,C00737,Email,Mobile,0
S0005678,2025-07-01,C00816,Organic Search,Mobile,0
S0005679,2025-02-03,C00376,Referral,Desktop,0
S0005680,2025-10-11,C00727,Organic Search,Tablet,0
S0005681,2025-11-02,C00108,Organic Search,Mobile,0
S0005682,2025-09-06,C00448,Organic Search,Mobile,0
S0005683,2025-04-21,C01086,Organic Search,Mobile,1
S0005684,2025-04-04,C01170,Social Media,Mobile,0
S0005685,2025-06-28,C01070,Direct,Mobile,0
S0005686,2025-02-16,C01184,Email,Desktop,0
S0005687,2025-10-09,C00384,Organic Search,Desktop,0
S0005688,2025-12-06,C00160,Organic Search,Mobile,0
S0005689,2025-12-28,C00522,Paid Search,Mobile,0
S0005690,2025-04-02,C00749,Paid Search,Mobile,0
S0005691,2025-07-31,C00608,Paid Search,Mobile,0
S0005692,2025-03-16,C00430,Paid Search,Desktop,0
S0005693,2025-07-21,C01164,Organic Search,Mobile,0
S0005694,2025-10-24,C00537,Social Media,Tablet,0
S0005695,2025-11-04,C00936,Email,Mobile,0
S0005696,2025-07-30,C00660,Social Media,Mobile,0
S0005697,2025-12-04,C00317,Referral,Mobile,1
S0005698,2025-05-14,C00274,Paid Search,Mobile,0
S0005699,2025-11-26,C00796,Direct,Desktop,0
S0005700,2025-03-07,C00291,Social Media,Mobile,0
S0005701,2025-10-07,C00846,Organic Search,Mobile,0
S0005702,2025-01-28,C00515,Social Media,Desktop,0
S0005703,2025-04-27,C00227,Direct,Mobile,0
S0005704,2025-11-13,C00160,Organic Search,Desktop,0
S0005705,2025-11-21,C00840,Referral,Mobile,0
S0005706,2025-04-24,C01004,Referral,Mobile,1
S0005707,2025-03-16,C00235,Email,Desktop,0
S0005708,2025-07-21,C00095,Social Media,Mobile,0
S0005709,2025-02-28,C00163,Paid Search,Desktop,1
S0005710,2025-01-15,C01166,Direct,Mobile,0
S0005711,2025-08-19,C00823,Organic Search,Mobile,0
S0005712,2025-04-15,C00096,Direct,Mobile,0
S0005713,2025-06-14,C00328,Email,Mobile,0
S0005714,2025-07-18,C00512,Email,Desktop,0
S0005715,2025-12-20,C00881,Social Media,Mobile,0
S0005716,2025-02-04,C00268,Referral,Mobile,0
S0005717,2025-06-11,C00342,Referral,Mobile,0
S0005718,2025-09-02,C00704,Direct,Mobile,0
S0005719,2025-10-14,C00289,Social Media,Mobile,0
S0005720,2025-01-19,C00637,Social Media,Mobile,0
S0005721,2025-10-07,C00533,Email,Tablet,0
S0005722,2025-12-06,C00823,Organic Search,Mobile,0
S0005723,2025-12-14,C00223,Referral,Mobile,0
S0005724,2025-07-01,C00048,Direct,Mobile,0
S0005725,2025-05-27,C00529,Paid Search,Tablet,0
S0005726,2025-06-25,C00054,Direct,Mobile,0
S0005727,2025-06-12,C00217,Social Media,Mobile,0
S0005728,2025-06-24,C00388,Paid Search,Mobile,0
S0005729,2025-02-16,C00825,Paid Search,Mobile,1
S0005730,2025-09-13,C00713,Referral,Mobile,0
S0005731,2025-06-23,C00642,Organic Search,Mobile,0
S0005732,2025-04-13,C00798,Direct,Mobile,0
S0005733,2025-05-01,C01148,Paid Search,Mobile,0
S0005734,2025-12-16,C00621,Social Media,Desktop,0
S0005735,2025-05-25,C00663,Paid Search,Mobile,0
S0005736,2025-02-11,C00362,Direct,Mobile,0
S0005737,2025-01-29,C01048,Direct,Desktop,0
S0005738,2025-09-30,C00988,Social Media,Mobile,0
S0005739,2025-01-14,C01006,Email,Mobile,0
S0005740,2025-11-02,C00393,Referral,Desktop,0
S0005741,2025-11-09,C00204,Referral,Mobile,0
S0005742,2025-07-08,C00403,Paid Search,Desktop,0
S0005743,2025-12-26,C00831,Paid Search,Mobile,0
S0005744,2025-10-22,C00485,Organic Search,Desktop,0
S0005745,2025-07-02,C01045,Organic Search,Mobile,0
S0005746,2025-12-18,C00750,Organic Search,Desktop,0
S0005747,2025-02-05,C01183,Organic Search,Desktop,0
S0005748,2025-02-06,C00928,Social Media,Mobile,0
S0005749,2025-01-14,C01194,Email,Desktop,0
S0005750,2025-05-03,C00044,Social Media,Mobile,0
S0005751,2025-03-24,C01179,Paid Search,Desktop,0
S0005752,2025-06-08,C01121,Organic Search,Mobile,0
S0005753,2025-11-25,C01160,Referral,Mobile,1
S0005754,2025-04-12,C00968,Social Media,Mobile,0
S0005755,2025-12-03,C00529,Paid Search,Mobile,0
S0005756,2025-03-24,C00121,Referral,Mobile,0
S0005757,2025-02-13,C00215,Social Media,Mobile,0
S0005758,2025-03-09,C00865,Organic Search,Mobile,0
S0005759,2025-02-17,C01107,Paid Search,Tablet,0
S0005760,2025-02-26,C00111,Organic Search,Desktop,0
S0005761,2025-03-16,C00789,Paid Search,Desktop,0
S0005762,2025-01-22,C01081,Organic Search,Mobile,0
S0005763,2025-05-12,C00644,Email,Mobile,0
S0005764,2025-10-29,C00053,Social Media,Mobile,0
S0005765,2025-09-24,C00206,Social Media,Mobile,0
S0005766,2025-10-14,C00944,Email,Desktop,0
S0005767,2025-04-30,C00992,Direct,Mobile,0
S0005768,2025-09-03,C00077,Paid Search,Mobile,0
S0005769,2025-02-25,C01109,Organic Search,Desktop,0
S0005770,2025-02-07,C00682,Social Media,Mobile,0
S0005771,2025-09-02,C01039,Email,Desktop,0
S0005772,2025-01-21,C00699,Direct,Mobile,0
S0005773,2025-04-20,C00516,Referral,Tablet,0
S0005774,2025-04-04,C01183,Organic Search,Mobile,0
S0005775,2025-05-16,C00111,Organic Search,Mobile,0
S0005776,2025-08-19,C00948,Direct,Desktop,0
S0005777,2025-01-08,C01011,Organic Search,Mobile,1
S0005778,2025-11-24,C01053,Paid Search,Mobile,0
S0005779,2025-10-17,C00063,Social Media,Mobile,0
S0005780,2025-09-08,C00186,Paid Search,Mobile,0
S0005781,2025-12-27,C00397,Social Media,Mobile,0
S0005782,2025-03-28,C00856,Paid Search,Desktop,0
S0005783,2025-07-23,C00640,Social Media,Desktop,0
S0005784,2025-08-07,C00253,Social Media,Desktop,0
S0005785,2025-08-29,C00541,Paid Search,Desktop,0
S0005786,2025-11-16,C00421,Social Media,Desktop,0
S0005787,2025-09-15,C00029,Email,Mobile,0
S0005788,2025-04-19,C01130,Organic Search,Tablet,0
S0005789,2025-09-13,C00747,Organic Search,Mobile,0
S0005790,2025-10-09,C00357,Email,Desktop,0
S0005791,2025-08-08,C00390,Organic Search,Desktop,1
S0005792,2025-03-24,C00532,Organic Search,Mobile,1
S0005793,2025-04-17,C01073,Organic Search,Mobile,0
S0005794,2025-03-10,C00470,Organic Search,Mobile,1
S0005795,2025-04-07,C00343,Paid Search,Desktop,0
S0005796,2025-07-31,C00131,Social Media,Desktop,0
S0005797,2025-10-13,C00897,Paid Search,Desktop,0
S0005798,2025-08-25,C00813,Paid Search,Mobile,1
S0005799,2025-01-08,C00997,Paid Search,Mobile,0
S0005800,2025-10-21,C00649,Social Media,Mobile,0
S0005801,2025-07-08,C00513,Paid Search,Mobile,0
S0005802,2025-03-22,C00860,Referral,Mobile,0
S0005803,2025-04-18,C00389,Social Media,Desktop,0
S0005804,2025-11-17,C00364,Organic Search,Mobile,1
S0005805,2025-03-08,C00307,Email,Mobile,0
S0005806,2025-06-23,C01191,Paid Search,Mobile,0
S0005807,2025-12-12,C00316,Email,Mobile,0
S0005808,2025-12-17,C00971,Email,Desktop,0
S0005809,2025-11-24,C00817,Paid Search,Tablet,0
S0005810,2025-02-12,C00948,Direct,Mobile,0
S0005811,2025-07-06,C00468,Social Media,Mobile,0
S0005812,2025-10-29,C00419,Organic Search,Desktop,0
S0005813,2025-07-19,C00081,Social Media,Desktop,0
S0005814,2025-02-08,C00786,Organic Search,Mobile,0
S0005815,2025-08-08,C00555,Social Media,Mobile,0
S0005816,2025-11-03,C00920,Email,Mobile,0
S0005817,2025-01-04,C00431,Paid Search,Mobile,0
S0005818,2025-05-01,C00801,Direct,Mobile,0
S0005819,2025-12-02,C01005,Paid Search,Desktop,0
S0005820,2025-03-18,C00539,Paid Search,Mobile,0
S0005821,2025-06-28,C00373,Paid Search,Mobile,1
S0005822,2025-05-13,C00012,Referral,Desktop,0
S0005823,2025-11-07,C00211,Referral,Desktop,0
S0005824,2025-08-17,C00656,Organic Search,Desktop,0
S0005825,2025-10-03,C01130,Organic Search,Desktop,0
S0005826,2025-06-01,C01186,Paid Search,Mobile,0
S0005827,2025-06-13,C01033,Paid Search,Mobile,0
S0005828,2025-10-17,C00311,Organic Search,Mobile,0
S0005829,2025-04-19,C00460,Social Media,Mobile,0
S0005830,2025-05-06,C00952,Social Media,Mobile,0
S0005831,2025-08-28,C00660,Social Media,Desktop,0
S0005832,2025-11-06,C00086,Direct,Mobile,0
S0005833,2025-12-11,C01054,Email,Mobile,0
S0005834,2025-05-26,C00033,Organic Search,Mobile,0
S0005835,2025-09-09,C00612,Organic Search,Mobile,0
S0005836,2025-07-02,C00841,Direct,Mobile,0
S0005837,2025-11-05,C00937,Paid Search,Mobile,0
S0005838,2025-11-02,C00562,Organic Search,Mobile,0
S0005839,2025-03-13,C00284,Organic Search,Mobile,0
S0005840,2025-08-07,C00240,Social Media,Mobile,0
S0005841,2025-07-26,C00299,Direct,Mobile,0
S0005842,2025-06-22,C00688,Social Media,Mobile,0
S0005843,2025-05-21,C00786,Organic Search,Mobile,0
S0005844,2025-09-29,C00496,Email,Mobile,0
S0005845,2025-08-02,C00082,Organic Search,Desktop,0
S0005846,2025-09-26,C00317,Referral,Mobile,0
S0005847,2025-01-20,C00871,Organic Search,Mobile,0
S0005848,2025-03-07,C00607,Organic Search,Mobile,0
S0005849,2025-10-30,C00904,Direct,Desktop,0
S0005850,2025-05-27,C00741,Referral,Desktop,0
S0005851,2025-06-14,C00196,Social Media,Mobile,0
S0005852,2025-11-06,C00114,Organic Search,Tablet,0
S0005853,2025-01-06,C00837,Paid Search,Mobile,0
S0005854,2025-01-14,C00714,Direct,Desktop,0
S0005855,2025-05-12,C00324,Email,Desktop,0
S0005856,2025-12-08,C00216,Organic Search,Mobile,0
S0005857,2025-08-31,C00679,Paid Search,Mobile,0
S0005858,2025-08-19,C00815,Paid Search,Desktop,0
S0005859,2025-08-16,C00685,Social Media,Mobile,0
S0005860,2025-06-11,C00801,Direct,Mobile,0
S0005861,2025-10-10,C01134,Referral,Desktop,0
S0005862,2025-09-20,C00909,Organic Search,Desktop,0
S0005863,2025-05-11,C00433,Email,Mobile,0
S0005864,2025-08-13,C00233,Referral,Tablet,1
S0005865,2025-09-15,C00268,Referral,Mobile,0
S0005866,2025-08-22,C01099,Paid Search,Desktop,0
S0005867,2025-12-02,C01065,Social Media,Mobile,1
S0005868,2025-11-12,C00554,Email,Mobile,0
S0005869,2025-01-24,C00436,Referral,Mobile,0
S0005870,2025-09-28,C00665,Direct,Desktop,0
S0005871,2025-04-05,C00520,Social Media,Mobile,0
S0005872,2025-05-22,C00820,Organic Search,Mobile,0
S0005873,2025-07-01,C00733,Social Media,Mobile,0
S0005874,2025-07-25,C00728,Organic Search,Mobile,0
S0005875,2025-03-22,C01027,Social Media,Mobile,0
S0005876,2025-10-01,C00535,Paid Search,Mobile,0
S0005877,2025-10-03,C00688,Social Media,Mobile,0
S0005878,2025-07-27,C00090,Organic Search,Mobile,0
S0005879,2025-10-23,C00104,Organic Search,Mobile,0
S0005880,2025-02-08,C01187,Paid Search,Desktop,0
S0005881,2025-10-15,C00973,Organic Search,Mobile,1
S0005882,2025-05-04,C01106,Social Media,Tablet,0
S0005883,2025-12-30,C01185,Email,Mobile,0
S0005884,2025-10-10,C01116,Email,Desktop,1
S0005885,2025-06-29,C00624,Referral,Desktop,0
S0005886,2025-04-07,C00003,Email,Mobile,0
S0005887,2025-07-10,C00300,Social Media,Desktop,0
S0005888,2025-03-15,C01188,Email,Desktop,0
S0005889,2025-09-30,C00072,Paid Search,Mobile,0
S0005890,2025-02-18,C00750,Organic Search,Mobile,0
S0005891,2025-12-03,C00100,Referral,Mobile,0
S0005892,2025-07-29,C00272,Paid Search,Mobile,0
S0005893,2025-04-26,C01159,Organic Search,Mobile,1
S0005894,2025-01-23,C00038,Paid Search,Mobile,0
S0005895,2025-04-08,C00002,Organic Search,Desktop,0
S0005896,2025-11-24,C01018,Social Media,Mobile,0
S0005897,2025-11-09,C00398,Direct,Mobile,0
S0005898,2025-07-09,C01031,Organic Search,Desktop,0
S0005899,2025-07-01,C00676,Direct,Mobile,0
S0005900,2025-05-28,C00334,Paid Search,Tablet,0
S0005901,2025-12-08,C00452,Email,Mobile,0
S0005902,2025-01-23,C00794,Direct,Desktop,0
S0005903,2025-04-15,C00953,Organic Search,Mobile,0
S0005904,2025-06-12,C00708,Paid Search,Mobile,0
S0005905,2025-03-08,C01011,Organic Search,Mobile,0
S0005906,2025-10-17,C00724,Organic Search,Mobile,0
S0005907,2025-10-16,C00630,Direct,Mobile,0
S0005908,2025-02-15,C00296,Social Media,Desktop,0
S0005909,2025-03-22,C00920,Email,Mobile,0
S0005910,2025-05-27,C00213,Direct,Desktop,0
S0005911,2025-08-10,C00294,Direct,Mobile,0
S0005912,2025-12-09,C00510,Referral,Mobile,0
S0005913,2025-01-15,C00733,Social Media,Mobile,0
S0005914,2025-05-01,C01149,Social Media,Mobile,0
S0005915,2025-03-19,C00533,Email,Desktop,0
S0005916,2025-11-18,C00036,Paid Search,Mobile,0
S0005917,2025-10-22,C00162,Social Media,Mobile,1
S0005918,2025-08-29,C00996,Paid Search,Mobile,1
S0005919,2025-01-18,C00281,Referral,Mobile,0
S0005920,2025-09-13,C00230,Paid Search,Mobile,0
S0005921,2025-10-04,C00668,Paid Search,Mobile,0
S0005922,2025-01-27,C00557,Organic Search,Mobile,0
S0005923,2025-01-02,C01054,Email,Desktop,0
S0005924,2025-12-19,C00032,Paid Search,Mobile,0
S0005925,2025-10-22,C00612,Organic Search,Desktop,0
S0005926,2025-11-08,C00150,Referral,Mobile,0
S0005927,2025-12-29,C00145,Referral,Mobile,0
S0005928,2025-08-27,C01094,Organic Search,Mobile,0
S0005929,2025-01-13,C00008,Referral,Mobile,0
S0005930,2025-07-03,C00506,Direct,Desktop,0
S0005931,2025-07-13,C00993,Organic Search,Desktop,0
S0005932,2025-02-25,C01003,Paid Search,Mobile,0
S0005933,2025-08-18,C00686,Paid Search,Desktop,0
S0005934,2025-01-28,C00622,Email,Desktop,0
S0005935,2025-11-16,C00807,Social Media,Mobile,0
S0005936,2025-03-12,C00390,Organic Search,Desktop,0
S0005937,2025-07-29,C00353,Paid Search,Mobile,0
S0005938,2025-07-03,C00082,Organic Search,Mobile,0
S0005939,2025-12-22,C00365,Email,Desktop,0
S0005940,2025-02-10,C00612,Organic Search,Mobile,0
S0005941,2025-09-17,C00622,Email,Desktop,0
S0005942,2025-12-10,C00211,Referral,Mobile,0
S0005943,2025-03-25,C00912,Direct,Mobile,0
S0005944,2025-02-15,C00870,Email,Tablet,0
S0005945,2025-06-08,C00421,Social Media,Desktop,0
S0005946,2025-12-10,C00636,Social Media,Mobile,0
S0005947,2025-01-07,C00143,Direct,Mobile,0
S0005948,2025-11-29,C00747,Organic Search,Desktop,0
S0005949,2025-05-16,C00174,Paid Search,Mobile,0
S0005950,2025-07-02,C00033,Organic Search,Mobile,0
S0005951,2025-07-16,C00170,Email,Desktop,0
S0005952,2025-06-21,C01084,Email,Tablet,0
S0005953,2025-12-15,C01099,Paid Search,Desktop,1
S0005954,2025-10-03,C00877,Paid Search,Mobile,0
S0005955,2025-03-19,C00708,Paid Search,Mobile,0
S0005956,2025-06-27,C00818,Organic Search,Desktop,0
S0005957,2025-01-27,C01028,Direct,Desktop,0
S0005958,2025-04-30,C00413,Organic Search,Mobile,0
S0005959,2025-10-08,C00423,Email,Desktop,0
S0005960,2025-11-04,C00309,Referral,Mobile,1
S0005961,2025-07-15,C00579,Paid Search,Mobile,0
S0005962,2025-10-04,C00194,Email,Mobile,0
S0005963,2025-01-18,C00727,Organic Search,Mobile,0
S0005964,2025-10-22,C01193,Direct,Desktop,0
S0005965,2025-09-28,C00004,Paid Search,Desktop,0
S0005966,2025-02-22,C00967,Direct,Desktop,0
S0005967,2025-10-21,C00069,Organic Search,Mobile,0
S0005968,2025-02-21,C00624,Referral,Mobile,0
S0005969,2025-08-04,C01056,Referral,Mobile,0
S0005970,2025-03-13,C00117,Referral,Desktop,0
S0005971,2025-01-28,C00336,Organic Search,Mobile,0
S0005972,2025-09-09,C00468,Social Media,Desktop,0
S0005973,2025-02-04,C00266,Email,Mobile,0
S0005974,2025-07-20,C00799,Direct,Mobile,0
S0005975,2025-09-06,C00474,Social Media,Mobile,1
S0005976,2025-04-09,C00795,Organic Search,Mobile,1
S0005977,2025-11-04,C00684,Email,Desktop,0
S0005978,2025-05-20,C01041,Direct,Desktop,0
S0005979,2025-03-24,C00360,Referral,Mobile,0
S0005980,2025-02-17,C00543,Direct,Desktop,0
S0005981,2025-10-05,C00842,Referral,Desktop,1
S0005982,2025-09-05,C00885,Paid Search,Desktop,0
S0005983,2025-06-26,C00625,Direct,Tablet,0
S0005984,2025-02-21,C00918,Organic Search,Desktop,0
S0005985,2025-03-20,C01005,Paid Search,Mobile,0
S0005986,2025-11-18,C00305,Direct,Mobile,0
S0005987,2025-03-05,C00322,Email,Mobile,0
S0005988,2025-01-08,C00338,Social Media,Mobile,0
S0005989,2025-08-02,C00178,Organic Search,Mobile,0
S0005990,2025-01-25,C00284,Organic Search,Mobile,0
S0005991,2025-09-13,C00011,Organic Search,Desktop,0
S0005992,2025-08-31,C00148,Social Media,Mobile,0
S0005993,2025-07-17,C00592,Email,Mobile,0
S0005994,2025-04-04,C00733,Social Media,Mobile,0
S0005995,2025-07-26,C00307,Email,Desktop,0
S0005996,2025-01-15,C00517,Organic Search,Desktop,1
S0005997,2025-06-27,C00056,Direct,Desktop,0
S0005998,2025-03-16,C00833,Paid Search,Mobile,0
S0005999,2025-04-14,C01073,Organic Search,Mobile,0
S0006000,2025-10-21,C00171,Paid Search,Desktop,0
S0006001,2025-06-17,C00880,Organic Search,Desktop,0
S0006002,2025-04-25,C00195,Email,Mobile,0
S0006003,2025-02-08,C00456,Referral,Desktop,0
S0006004,2025-12-30,C01070,Direct,Desktop,0
S0006005,2025-09-30,C00145,Referral,Mobile,1
S0006006,2025-05-15,C00695,Paid Search,Mobile,0
S0006007,2025-08-20,C00097,Paid Search,Mobile,1
S0006008,2025-02-08,C00803,Social Media,Mobile,0
S0006009,2025-10-18,C00907,Organic Search,Mobile,0
S0006010,2025-11-03,C00893,Email,Mobile,0
S0006011,2025-02-16,C00609,Direct,Mobile,0
S0006012,2025-02-05,C00302,Paid Search,Mobile,0
S0006013,2025-11-16,C00592,Email,Mobile,1
S0006014,2025-04-05,C00853,Direct,Mobile,0
S0006015,2025-12-27,C00318,Organic Search,Mobile,0
S0006016,2025-01-13,C00810,Referral,Mobile,0
S0006017,2025-05-26,C00828,Social Media,Mobile,0
S0006018,2025-03-06,C00055,Paid Search,Desktop,0
S0006019,2025-08-16,C00056,Direct,Mobile,0
S0006020,2025-08-30,C00626,Social Media,Mobile,0
S0006021,2025-01-08,C00806,Organic Search,Desktop,0
S0006022,2025-10-31,C00021,Paid Search,Tablet,0
S0006023,2025-12-07,C00732,Referral,Desktop,0
S0006024,2025-02-12,C00447,Paid Search,Mobile,0
S0006025,2025-09-01,C00447,Paid Search,Mobile,0
S0006026,2025-06-30,C00985,Referral,Desktop,0
S0006027,2025-03-26,C00430,Paid Search,Mobile,0
S0006028,2025-06-04,C00979,Email,Mobile,0
S0006029,2025-10-02,C00460,Social Media,Mobile,0
S0006030,2025-01-23,C00987,Social Media,Desktop,0
S0006031,2025-04-25,C00380,Referral,Mobile,0
S0006032,2025-11-02,C00361,Paid Search,Desktop,0
S0006033,2025-10-26,C00346,Direct,Mobile,0
S0006034,2025-04-09,C00639,Referral,Desktop,0
S0006035,2025-04-14,C00148,Social Media,Mobile,0
S0006036,2025-02-20,C01104,Organic Search,Desktop,0
S0006037,2025-12-28,C00845,Organic Search,Desktop,0
S0006038,2025-04-22,C00218,Paid Search,Mobile,0
S0006039,2025-09-01,C01034,Direct,Mobile,0
S0006040,2025-06-18,C00217,Social Media,Mobile,0
S0006041,2025-03-13,C01195,Email,Mobile,0
S0006042,2025-05-19,C01134,Referral,Mobile,0
S0006043,2025-12-02,C01162,Paid Search,Mobile,1
S0006044,2025-08-19,C00587,Organic Search,Desktop,0
S0006045,2025-08-27,C01035,Email,Mobile,0
S0006046,2025-09-10,C00639,Referral,Desktop,1
S0006047,2025-02-18,C00077,Paid Search,Mobile,0
S0006048,2025-10-30,C01130,Organic Search,Mobile,0
S0006049,2025-03-13,C00939,Paid Search,Mobile,0
S0006050,2025-09-20,C00185,Paid Search,Desktop,0
S0006051,2025-11-18,C00603,Direct,Desktop,1
S0006052,2025-08-10,C01145,Direct,Mobile,0
S0006053,2025-03-18,C00385,Paid Search,Mobile,0
S0006054,2025-03-03,C01068,Direct,Desktop,0
S0006055,2025-06-06,C01031,Organic Search,Tablet,1
S0006056,2025-10-21,C01067,Organic Search,Mobile,0
S0006057,2025-05-05,C00776,Social Media,Desktop,0
S0006058,2025-08-17,C00566,Organic Search,Mobile,0
S0006059,2025-12-06,C00793,Direct,Mobile,0
S0006060,2025-06-10,C00803,Social Media,Mobile,0
S0006061,2025-01-29,C01097,Paid Search,Desktop,0
S0006062,2025-04-24,C00650,Social Media,Mobile,0
S0006063,2025-03-20,C00374,Direct,Mobile,0
S0006064,2025-01-23,C00539,Paid Search,Mobile,0
S0006065,2025-04-16,C00264,Direct,Mobile,0
S0006066,2025-05-11,C00991,Email,Mobile,1
S0006067,2025-12-23,C00614,Social Media,Mobile,0
S0006068,2025-06-22,C00991,Email,Mobile,0
S0006069,2025-09-21,C00861,Paid Search,Desktop,0
S0006070,2025-12-08,C00769,Direct,Tablet,0
S0006071,2025-10-12,C00034,Social Media,Desktop,0
S0006072,2025-01-02,C00310,Social Media,Desktop,0
S0006073,2025-08-21,C00396,Organic Search,Mobile,0
S0006074,2025-09-08,C01007,Organic Search,Tablet,0
S0006075,2025-11-17,C00820,Organic Search,Mobile,0
S0006076,2025-04-18,C00500,Organic Search,Desktop,0
S0006077,2025-10-03,C00148,Social Media,Mobile,0
S0006078,2025-06-29,C00968,Social Media,Mobile,0
S0006079,2025-08-01,C00678,Organic Search,Desktop,0
S0006080,2025-10-20,C00282,Organic Search,Desktop,0
S0006081,2025-03-13,C00672,Direct,Mobile,0
S0006082,2025-10-10,C00463,Organic Search,Mobile,0
S0006083,2025-06-24,C00139,Paid Search,Mobile,0
S0006084,2025-05-03,C00040,Paid Search,Mobile,0
S0006085,2025-08-15,C01117,Referral,Desktop,0
S0006086,2025-10-28,C00852,Direct,Mobile,0
S0006087,2025-03-24,C01130,Organic Search,Mobile,0
S0006088,2025-09-10,C00746,Paid Search,Mobile,0
S0006089,2025-05-26,C00099,Direct,Mobile,0
S0006090,2025-04-30,C00081,Social Media,Mobile,0
S0006091,2025-03-06,C00648,Paid Search,Desktop,0
S0006092,2025-10-08,C00045,Paid Search,Desktop,0
S0006093,2025-10-10,C00781,Organic Search,Desktop,0
S0006094,2025-04-16,C00026,Referral,Mobile,0
S0006095,2025-10-27,C01052,Social Media,Mobile,0
S0006096,2025-04-17,C00647,Direct,Mobile,1
S0006097,2025-02-05,C00535,Paid Search,Mobile,0
S0006098,2025-05-27,C01032,Paid Search,Mobile,0
S0006099,2025-09-19,C01079,Paid Search,Desktop,0
S0006100,2025-06-08,C00505,Organic Search,Mobile,0
S0006101,2025-09-22,C00768,Organic Search,Desktop,0
S0006102,2025-07-21,C00115,Direct,Mobile,0
S0006103,2025-06-04,C00220,Organic Search,Mobile,0
S0006104,2025-01-13,C00800,Social Media,Mobile,0
S0006105,2025-10-24,C00089,Email,Mobile,0
S0006106,2025-11-18,C01104,Organic Search,Mobile,0
S0006107,2025-03-26,C00373,Paid Search,Mobile,0
S0006108,2025-10-07,C00192,Organic Search,Mobile,0
S0006109,2025-09-02,C01037,Organic Search,Mobile,0
S0006110,2025-10-27,C00717,Direct,Desktop,0
S0006111,2025-12-28,C00194,Email,Desktop,0
S0006112,2025-12-20,C00988,Social Media,Mobile,0
S0006113,2025-11-12,C00750,Organic Search,Tablet,0
S0006114,2025-01-09,C01132,Direct,Desktop,0
S0006115,2025-09-04,C00787,Email,Desktop,0
S0006116,2025-11-08,C00142,Organic Search,Mobile,0
S0006117,2025-10-05,C01143,Social Media,Mobile,0
S0006118,2025-08-26,C00774,Social Media,Mobile,0
S0006119,2025-07-22,C00626,Social Media,Mobile,0
S0006120,2025-09-04,C00403,Paid Search,Mobile,0
S0006121,2025-08-23,C00578,Direct,Mobile,0
S0006122,2025-03-22,C00477,Organic Search,Mobile,0
S0006123,2025-12-22,C00291,Social Media,Mobile,0
S0006124,2025-01-13,C00954,Referral,Mobile,0
S0006125,2025-11-23,C00550,Email,Desktop,0
S0006126,2025-01-16,C00811,Email,Mobile,0
S0006127,2025-02-14,C00133,Email,Mobile,0
S0006128,2025-11-17,C00674,Organic Search,Desktop,0
S0006129,2025-05-19,C00818,Organic Search,Mobile,0
S0006130,2025-11-22,C00158,Referral,Desktop,0
S0006131,2025-05-28,C00007,Paid Search,Mobile,0
S0006132,2025-12-21,C00785,Direct,Mobile,0
S0006133,2025-08-24,C00118,Email,Mobile,0
S0006134,2025-07-10,C01048,Direct,Mobile,0
S0006135,2025-04-11,C00877,Paid Search,Mobile,0
S0006136,2025-04-15,C00156,Email,Mobile,0
S0006137,2025-09-07,C01116,Email,Mobile,0
S0006138,2025-04-04,C00781,Organic Search,Desktop,0
S0006139,2025-08-08,C00583,Social Media,Desktop,0
S0006140,2025-10-25,C00965,Direct,Mobile,0
S0006141,2025-12-05,C00927,Paid Search,Mobile,1
S0006142,2025-05-13,C01109,Organic Search,Desktop,0
S0006143,2025-12-27,C00307,Email,Mobile,0
S0006144,2025-06-04,C01020,Paid Search,Desktop,0
S0006145,2025-01-28,C00275,Email,Desktop,1
S0006146,2025-10-09,C01017,Referral,Mobile,0
S0006147,2025-04-26,C00230,Paid Search,Desktop,0
S0006148,2025-11-01,C00876,Paid Search,Desktop,0
S0006149,2025-08-22,C01198,Referral,Mobile,0
S0006150,2025-01-01,C00764,Social Media,Desktop,0
S0006151,2025-12-14,C00313,Social Media,Mobile,1
S0006152,2025-08-28,C00599,Social Media,Desktop,0
S0006153,2025-02-27,C00802,Referral,Mobile,0
S0006154,2025-12-01,C01192,Email,Desktop,0
S0006155,2025-07-02,C01119,Email,Mobile,0
S0006156,2025-12-03,C00401,Email,Desktop,0
S0006157,2025-01-26,C00868,Social Media,Mobile,1
S0006158,2025-03-18,C00622,Email,Desktop,0
S0006159,2025-08-05,C01142,Paid Search,Mobile,0
S0006160,2025-11-24,C00803,Social Media,Desktop,0
S0006161,2025-11-21,C00561,Paid Search,Mobile,0
S0006162,2025-09-19,C00622,Email,Mobile,0
S0006163,2025-01-23,C01179,Paid Search,Mobile,0
S0006164,2025-09-01,C00712,Organic Search,Desktop,0
S0006165,2025-06-07,C00931,Social Media,Mobile,0
S0006166,2025-07-25,C00135,Direct,Mobile,0
S0006167,2025-11-06,C00869,Referral,Desktop,0
S0006168,2025-03-28,C01184,Email,Desktop,0
S0006169,2025-09-24,C00961,Social Media,Desktop,0
S0006170,2025-05-14,C01085,Paid Search,Mobile,0
S0006171,2025-09-24,C00870,Email,Mobile,0
S0006172,2025-11-29,C00044,Social Media,Mobile,1
S0006173,2025-09-25,C00465,Social Media,Desktop,0
S0006174,2025-02-22,C00986,Organic Search,Desktop,0
S0006175,2025-04-09,C00825,Paid Search,Mobile,0
S0006176,2025-09-04,C00185,Paid Search,Mobile,0
S0006177,2025-02-05,C00582,Organic Search,Desktop,0
S0006178,2025-01-28,C01023,Direct,Mobile,0
S0006179,2025-08-08,C01184,Email,Mobile,0
S0006180,2025-04-12,C01072,Organic Search,Mobile,0
S0006181,2025-09-20,C00786,Organic Search,Mobile,0
S0006182,2025-09-28,C00837,Paid Search,Mobile,0
S0006183,2025-08-12,C01024,Organic Search,Mobile,0
S0006184,2025-05-19,C00165,Paid Search,Desktop,0
S0006185,2025-10-07,C00988,Social Media,Mobile,0
S0006186,2025-10-13,C00465,Social Media,Mobile,0
S0006187,2025-09-07,C01190,Referral,Mobile,0
S0006188,2025-11-18,C01177,Organic Search,Desktop,0
S0006189,2025-11-13,C00904,Direct,Desktop,0
S0006190,2025-03-19,C00705,Social Media,Mobile,0
S0006191,2025-10-24,C00995,Social Media,Mobile,0
S0006192,2025-12-04,C00447,Paid Search,Desktop,0
S0006193,2025-11-03,C00580,Paid Search,Desktop,0
S0006194,2025-12-17,C00120,Organic Search,Mobile,0
S0006195,2025-01-13,C00313,Social Media,Mobile,0
S0006196,2025-12-12,C00208,Paid Search,Desktop,0
S0006197,2025-03-23,C00374,Direct,Mobile,1
S0006198,2025-01-09,C00851,Email,Desktop,0
S0006199,2025-08-01,C00860,Referral,Desktop,0
S0006200,2025-02-17,C00333,Organic Search,Desktop,1
S0006201,2025-02-18,C00932,Organic Search,Desktop,0
S0006202,2025-11-05,C01033,Paid Search,Desktop,0
S0006203,2025-02-09,C00490,Referral,Mobile,0
S0006204,2025-12-29,C00365,Email,Mobile,0
S0006205,2025-10-07,C00426,Social Media,Tablet,0
S0006206,2025-08-14,C00409,Social Media,Mobile,0
S0006207,2025-04-18,C00846,Organic Search,Desktop,0
S0006208,2025-09-02,C00358,Social Media,Mobile,0
S0006209,2025-09-12,C00862,Social Media,Mobile,0
S0006210,2025-02-02,C00147,Paid Search,Desktop,0
S0006211,2025-01-23,C00095,Social Media,Mobile,0
S0006212,2025-11-29,C00969,Organic Search,Mobile,0
S0006213,2025-02-23,C00920,Email,Mobile,0
S0006214,2025-11-05,C00940,Organic Search,Mobile,0
S0006215,2025-02-18,C00759,Direct,Tablet,0
S0006216,2025-03-19,C01198,Referral,Mobile,0
S0006217,2025-12-02,C00618,Referral,Desktop,0
S0006218,2025-12-24,C00960,Paid Search,Desktop,0
S0006219,2025-05-02,C00031,Organic Search,Mobile,0
S0006220,2025-12-25,C01113,Organic Search,Mobile,0
S0006221,2025-03-31,C00524,Direct,Desktop,0
S0006222,2025-12-12,C00600,Paid Search,Mobile,0
S0006223,2025-07-12,C00783,Social Media,Mobile,0
S0006224,2025-09-01,C00056,Direct,Mobile,0
S0006225,2025-05-29,C00221,Social Media,Mobile,0
S0006226,2025-05-26,C00003,Email,Mobile,0
S0006227,2025-11-12,C00806,Organic Search,Mobile,0
S0006228,2025-05-21,C00340,Referral,Mobile,0
S0006229,2025-10-13,C00411,Direct,Mobile,0
S0006230,2025-12-05,C00534,Email,Mobile,0
S0006231,2025-04-21,C00962,Social Media,Desktop,0
S0006232,2025-04-18,C01043,Direct,Desktop,0
S0006233,2025-10-08,C01094,Organic Search,Desktop,0
S0006234,2025-02-19,C00688,Social Media,Mobile,0
S0006235,2025-01-14,C00308,Direct,Mobile,0
S0006236,2025-05-14,C00259,Organic Search,Desktop,1
S0006237,2025-03-17,C00108,Organic Search,Mobile,0
S0006238,2025-03-25,C00789,Paid Search,Desktop,0
S0006239,2025-12-09,C00710,Paid Search,Desktop,0
S0006240,2025-06-07,C00980,Organic Search,Desktop,0
S0006241,2025-10-13,C00627,Organic Search,Desktop,0
S0006242,2025-11-10,C00609,Direct,Mobile,0
S0006243,2025-04-04,C00116,Organic Search,Mobile,0
S0006244,2025-10-24,C00006,Organic Search,Mobile,0
S0006245,2025-04-04,C00585,Paid Search,Desktop,0
S0006246,2025-02-26,C00003,Email,Desktop,0
S0006247,2025-06-13,C01126,Organic Search,Mobile,0
S0006248,2025-11-16,C00355,Paid Search,Mobile,0
S0006249,2025-04-08,C01024,Organic Search,Mobile,0
S0006250,2025-01-16,C00879,Paid Search,Mobile,0
S0006251,2025-12-10,C00968,Social Media,Desktop,0
S0006252,2025-03-19,C00057,Organic Search,Tablet,0
S0006253,2025-12-12,C01143,Social Media,Mobile,0
S0006254,2025-03-13,C01002,Organic Search,Mobile,0
S0006255,2025-09-27,C00291,Social Media,Mobile,0
S0006256,2025-10-14,C00889,Organic Search,Mobile,1
S0006257,2025-03-07,C00301,Organic Search,Mobile,0
S0006258,2025-03-09,C00544,Paid Search,Mobile,0
S0006259,2025-07-12,C00703,Email,Mobile,0
S0006260,2025-02-24,C00814,Organic Search,Desktop,0
S0006261,2025-06-17,C01105,Direct,Mobile,0
S0006262,2025-01-25,C00197,Direct,Mobile,0
S0006263,2025-05-11,C00851,Email,Mobile,0
S0006264,2025-11-21,C00209,Direct,Desktop,0
S0006265,2025-04-12,C00865,Organic Search,Desktop,0
S0006266,2025-10-09,C00336,Organic Search,Mobile,0
S0006267,2025-10-23,C00314,Organic Search,Tablet,0
S0006268,2025-10-21,C00079,Paid Search,Mobile,0
S0006269,2025-09-20,C00129,Direct,Desktop,0
S0006270,2025-04-30,C00286,Paid Search,Mobile,1
S0006271,2025-08-19,C00043,Direct,Desktop,0
S0006272,2025-10-18,C00745,Social Media,Mobile,0
S0006273,2025-06-10,C01170,Social Media,Desktop,1
S0006274,2025-06-10,C00484,Paid Search,Mobile,1
S0006275,2025-03-19,C00533,Email,Mobile,0
S0006276,2025-02-07,C00398,Direct,Desktop,0
S0006277,2025-01-28,C01085,Paid Search,Mobile,0
S0006278,2025-04-10,C00545,Email,Mobile,0
S0006279,2025-10-21,C01144,Social Media,Mobile,0
S0006280,2025-05-04,C00910,Referral,Mobile,0
S0006281,2025-04-02,C00960,Paid Search,Mobile,0
S0006282,2025-09-12,C00620,Social Media,Desktop,0
S0006283,2025-04-07,C00637,Social Media,Mobile,0
S0006284,2025-01-06,C00232,Email,Desktop,0
S0006285,2025-06-18,C00957,Social Media,Desktop,0
S0006286,2025-09-28,C00772,Organic Search,Mobile,0
S0006287,2025-04-18,C00790,Social Media,Mobile,0
S0006288,2025-10-26,C00816,Organic Search,Mobile,0
S0006289,2025-02-16,C00456,Referral,Mobile,0
S0006290,2025-04-09,C00483,Paid Search,Mobile,0
S0006291,2025-01-14,C00370,Paid Search,Desktop,0
S0006292,2025-07-13,C00021,Paid Search,Mobile,0
S0006293,2025-06-06,C00990,Email,Desktop,0
S0006294,2025-06-03,C00169,Organic Search,Mobile,0
S0006295,2025-04-25,C00398,Direct,Mobile,0
S0006296,2025-09-15,C00210,Paid Search,Mobile,0
S0006297,2025-05-25,C01029,Referral,Desktop,0
S0006298,2025-10-18,C01140,Social Media,Mobile,0
S0006299,2025-01-10,C00776,Social Media,Desktop,0
S0006300,2025-08-02,C00070,Paid Search,Desktop,1
S0006301,2025-08-21,C00680,Email,Desktop,0
S0006302,2025-06-20,C00235,Email,Mobile,0
S0006303,2025-01-21,C01074,Paid Search,Mobile,0
S0006304,2025-01-15,C00127,Paid Search,Mobile,0
S0006305,2025-05-06,C00555,Social Media,Mobile,1
S0006306,2025-12-07,C01046,Social Media,Mobile,0
S0006307,2025-12-07,C00963,Direct,Desktop,0
S0006308,2025-08-01,C00169,Organic Search,Mobile,0
S0006309,2025-07-07,C00498,Social Media,Mobile,0
S0006310,2025-06-21,C00265,Organic Search,Desktop,0
S0006311,2025-09-04,C00068,Paid Search,Mobile,0
S0006312,2025-01-05,C01150,Paid Search,Mobile,0
S0006313,2025-08-19,C00126,Organic Search,Desktop,1
S0006314,2025-07-20,C00328,Email,Mobile,0
S0006315,2025-05-29,C00228,Email,Mobile,0
S0006316,2025-03-13,C01127,Referral,Mobile,0
S0006317,2025-08-14,C00807,Social Media,Mobile,0
S0006318,2025-03-15,C00842,Referral,Mobile,0
S0006319,2025-11-03,C00381,Direct,Mobile,0
S0006320,2025-06-18,C00221,Social Media,Mobile,0
S0006321,2025-09-06,C00798,Direct,Desktop,0
S0006322,2025-10-07,C00049,Organic Search,Desktop,0
S0006323,2025-06-01,C01058,Direct,Mobile,0
S0006324,2025-08-12,C00112,Social Media,Mobile,0
S0006325,2025-08-13,C01162,Paid Search,Mobile,1
S0006326,2025-02-07,C01190,Referral,Tablet,0
S0006327,2025-02-13,C00383,Email,Mobile,0
S0006328,2025-07-04,C00542,Direct,Mobile,0
S0006329,2025-08-29,C00556,Organic Search,Mobile,0
S0006330,2025-11-27,C00540,Paid Search,Mobile,0
S0006331,2025-12-17,C00820,Organic Search,Mobile,0
S0006332,2025-07-29,C00176,Social Media,Desktop,0
S0006333,2025-01-23,C01175,Email,Desktop,0
S0006334,2025-05-04,C00263,Organic Search,Mobile,0
S0006335,2025-03-27,C01005,Paid Search,Desktop,0
S0006336,2025-02-12,C00569,Social Media,Desktop,0
S0006337,2025-02-09,C00792,Referral,Mobile,0
S0006338,2025-10-30,C00386,Organic Search,Desktop,0
S0006339,2025-06-18,C01149,Social Media,Mobile,0
S0006340,2025-06-24,C00692,Email,Desktop,0
S0006341,2025-01-20,C00244,Organic Search,Mobile,0
S0006342,2025-04-19,C00362,Direct,Desktop,0
S0006343,2025-07-12,C00235,Email,Desktop,0
S0006344,2025-09-01,C00350,Social Media,Mobile,0
S0006345,2025-11-20,C00774,Social Media,Desktop,0
S0006346,2025-10-07,C00705,Social Media,Mobile,0
S0006347,2025-08-16,C00359,Organic Search,Mobile,0
S0006348,2025-02-05,C00079,Paid Search,Mobile,0
S0006349,2025-02-14,C00234,Paid Search,Desktop,0
S0006350,2025-01-28,C00926,Direct,Desktop,1
S0006351,2025-06-03,C00005,Organic Search,Mobile,0
S0006352,2025-01-23,C00228,Email,Mobile,0
S0006353,2025-07-26,C00459,Social Media,Tablet,0
S0006354,2025-04-01,C00629,Social Media,Mobile,0
S0006355,2025-12-25,C00402,Social Media,Mobile,0
S0006356,2025-02-07,C00544,Paid Search,Mobile,0
S0006357,2025-08-16,C00122,Organic Search,Desktop,0
S0006358,2025-07-21,C00734,Paid Search,Mobile,0
S0006359,2025-12-16,C00458,Paid Search,Mobile,0
S0006360,2025-11-05,C01165,Organic Search,Desktop,0
S0006361,2025-09-11,C01189,Organic Search,Mobile,0
S0006362,2025-02-07,C00980,Organic Search,Mobile,0
S0006363,2025-08-09,C00383,Email,Desktop,0
S0006364,2025-07-06,C00982,Social Media,Desktop,0
S0006365,2025-02-12,C01179,Paid Search,Mobile,0
S0006366,2025-12-25,C00004,Paid Search,Desktop,0
S0006367,2025-04-24,C00882,Social Media,Desktop,0
S0006368,2025-09-17,C01102,Organic Search,Desktop,0
S0006369,2025-01-05,C00148,Social Media,Desktop,0
S0006370,2025-03-09,C00143,Direct,Desktop,0
S0006371,2025-08-16,C00294,Direct,Desktop,0
S0006372,2025-05-03,C00467,Social Media,Mobile,1
S0006373,2025-06-22,C00371,Organic Search,Desktop,0
S0006374,2025-12-02,C00147,Paid Search,Mobile,0
S0006375,2025-06-02,C00190,Organic Search,Mobile,0
S0006376,2025-09-24,C00973,Organic Search,Mobile,1
S0006377,2025-06-06,C01019,Direct,Mobile,0
S0006378,2025-06-11,C00297,Paid Search,Desktop,0
S0006379,2025-08-02,C00163,Paid Search,Mobile,0
S0006380,2025-01-26,C00340,Referral,Mobile,0
S0006381,2025-10-19,C00200,Direct,Mobile,0
S0006382,2025-07-08,C00423,Email,Mobile,0
S0006383,2025-05-02,C00423,Email,Desktop,0
S0006384,2025-08-18,C00039,Email,Desktop,0
S0006385,2025-02-28,C01186,Paid Search,Mobile,0
S0006386,2025-04-06,C00464,Social Media,Desktop,0
S0006387,2025-09-19,C01183,Organic Search,Mobile,0
S0006388,2025-12-20,C00523,Email,Desktop,0
S0006389,2025-11-08,C00675,Paid Search,Desktop,0
S0006390,2025-05-16,C00508,Paid Search,Tablet,0
S0006391,2025-12-16,C00141,Paid Search,Desktop,0
S0006392,2025-10-10,C01058,Direct,Mobile,0
S0006393,2025-04-30,C00471,Social Media,Mobile,0
S0006394,2025-01-25,C00474,Social Media,Mobile,0
S0006395,2025-12-08,C00948,Direct,Mobile,0
S0006396,2025-05-26,C01108,Direct,Mobile,0
S0006397,2025-01-12,C00368,Paid Search,Mobile,1
S0006398,2025-03-28,C00945,Organic Search,Mobile,0
S0006399,2025-04-19,C00084,Direct,Mobile,1
S0006400,2025-12-11,C00476,Paid Search,Mobile,0
S0006401,2025-09-23,C00818,Organic Search,Mobile,0
S0006402,2025-08-10,C00047,Paid Search,Desktop,0
S0006403,2025-03-15,C00015,Social Media,Mobile,0
S0006404,2025-11-29,C00992,Direct,Desktop,0
S0006405,2025-11-06,C00940,Organic Search,Mobile,0
S0006406,2025-04-12,C00577,Referral,Mobile,0
S0006407,2025-05-17,C00944,Email,Desktop,0
S0006408,2025-07-10,C00071,Paid Search,Mobile,0
S0006409,2025-05-22,C00948,Direct,Mobile,0
S0006410,2025-12-23,C00755,Direct,Mobile,0
S0006411,2025-03-14,C00504,Direct,Desktop,0
S0006412,2025-11-24,C00135,Direct,Mobile,0
S0006413,2025-06-16,C01073,Organic Search,Mobile,0
S0006414,2025-06-17,C00632,Paid Search,Desktop,0
S0006415,2025-02-23,C00463,Organic Search,Mobile,0
S0006416,2025-09-16,C00944,Email,Desktop,0
S0006417,2025-04-21,C00535,Paid Search,Mobile,0
S0006418,2025-08-20,C00687,Referral,Desktop,0
S0006419,2025-06-10,C00249,Social Media,Desktop,0
S0006420,2025-12-18,C00735,Social Media,Mobile,0
S0006421,2025-11-23,C00350,Social Media,Desktop,0
S0006422,2025-01-19,C00421,Social Media,Mobile,0
S0006423,2025-10-17,C00085,Organic Search,Mobile,0
S0006424,2025-02-19,C01140,Social Media,Desktop,0
S0006425,2025-06-24,C00743,Referral,Desktop,0
S0006426,2025-10-29,C00131,Social Media,Mobile,0
S0006427,2025-07-03,C01076,Organic Search,Mobile,1
S0006428,2025-07-04,C00212,Paid Search,Mobile,0
S0006429,2025-12-05,C00003,Email,Desktop,0
S0006430,2025-11-03,C00928,Social Media,Mobile,0
S0006431,2025-11-06,C00666,Email,Mobile,1
S0006432,2025-12-12,C00696,Referral,Mobile,0
S0006433,2025-03-22,C00888,Organic Search,Mobile,0
S0006434,2025-06-05,C00813,Paid Search,Desktop,0
S0006435,2025-10-02,C01146,Paid Search,Desktop,1
S0006436,2025-10-10,C00276,Organic Search,Desktop,0
S0006437,2025-09-06,C00694,Social Media,Mobile,0
S0006438,2025-05-27,C01016,Organic Search,Tablet,0
S0006439,2025-01-07,C00678,Organic Search,Mobile,1
S0006440,2025-06-06,C01048,Direct,Desktop,1
S0006441,2025-06-20,C01121,Organic Search,Mobile,0
S0006442,2025-03-10,C00922,Social Media,Desktop,0
S0006443,2025-04-04,C01100,Referral,Mobile,0
S0006444,2025-12-29,C00389,Social Media,Mobile,0
S0006445,2025-07-05,C00966,Social Media,Mobile,0
S0006446,2025-06-19,C00230,Paid Search,Mobile,0
S0006447,2025-07-23,C00243,Social Media,Desktop,0
S0006448,2025-02-11,C00310,Social Media,Mobile,0
S0006449,2025-01-13,C01066,Direct,Mobile,0
S0006450,2025-06-03,C00984,Referral,Mobile,0
S0006451,2025-10-01,C00584,Email,Mobile,0
S0006452,2025-10-25,C00413,Organic Search,Mobile,0
S0006453,2025-02-20,C01147,Social Media,Desktop,0
S0006454,2025-07-31,C00707,Referral,Desktop,0
S0006455,2025-05-24,C00151,Paid Search,Mobile,0
S0006456,2025-12-23,C00236,Organic Search,Desktop,0
S0006457,2025-01-03,C00039,Email,Mobile,0
S0006458,2025-09-11,C00555,Social Media,Desktop,0
S0006459,2025-12-01,C00699,Direct,Mobile,0
S0006460,2025-09-13,C00772,Organic Search,Mobile,0
S0006461,2025-04-08,C01180,Paid Search,Desktop,0
S0006462,2025-06-22,C00489,Paid Search,Desktop,0
S0006463,2025-05-30,C00780,Referral,Desktop,0
S0006464,2025-10-06,C00872,Social Media,Mobile,0
S0006465,2025-02-28,C00029,Email,Mobile,0
S0006466,2025-04-23,C00557,Organic Search,Desktop,0
S0006467,2025-11-20,C00601,Organic Search,Mobile,0
S0006468,2025-08-31,C00656,Organic Search,Mobile,0
S0006469,2025-11-06,C00838,Organic Search,Desktop,1
S0006470,2025-02-26,C00951,Email,Mobile,1
S0006471,2025-03-01,C00447,Paid Search,Mobile,0
S0006472,2025-11-25,C00608,Paid Search,Desktop,1
S0006473,2025-08-04,C00999,Organic Search,Desktop,0
S0006474,2025-08-21,C01188,Email,Mobile,0
S0006475,2025-02-24,C01084,Email,Mobile,0
S0006476,2025-07-27,C00395,Direct,Mobile,0
S0006477,2025-03-04,C01156,Paid Search,Mobile,0
S0006478,2025-07-03,C00332,Direct,Desktop,0
S0006479,2025-11-07,C00427,Organic Search,Mobile,0
S0006480,2025-10-08,C00740,Organic Search,Desktop,0
S0006481,2025-01-26,C00233,Referral,Mobile,1
S0006482,2025-06-26,C00464,Social Media,Mobile,0
S0006483,2025-03-04,C00837,Paid Search,Desktop,0
S0006484,2025-03-14,C00764,Social Media,Desktop,0
S0006485,2025-12-01,C00403,Paid Search,Mobile,0
S0006486,2025-06-16,C00376,Referral,Mobile,1
S0006487,2025-08-13,C01162,Paid Search,Mobile,0
S0006488,2025-03-06,C00730,Organic Search,Mobile,0
S0006489,2025-03-10,C01017,Referral,Mobile,0
S0006490,2025-01-09,C00400,Referral,Desktop,0
S0006491,2025-08-24,C01018,Social Media,Desktop,0
S0006492,2025-07-17,C00970,Social Media,Mobile,0
S0006493,2025-06-22,C00324,Email,Desktop,0
S0006494,2025-10-09,C00631,Paid Search,Mobile,0
S0006495,2025-01-28,C01153,Referral,Tablet,0
S0006496,2025-10-23,C00248,Direct,Mobile,0
S0006497,2025-05-14,C01124,Referral,Desktop,0
S0006498,2025-01-27,C00291,Social Media,Mobile,0
S0006499,2025-02-07,C00228,Email,Desktop,0
S0006500,2025-07-15,C00872,Social Media,Mobile,0
S0006501,2025-07-22,C00578,Direct,Desktop,0
S0006502,2025-03-26,C00737,Email,Desktop,0
S0006503,2025-11-16,C00333,Organic Search,Mobile,0
S0006504,2025-01-30,C00038,Paid Search,Desktop,0
S0006505,2025-04-09,C00546,Social Media,Mobile,0
S0006506,2025-07-09,C00823,Organic Search,Mobile,0
S0006507,2025-01-12,C00760,Paid Search,Desktop,0
S0006508,2025-04-01,C00628,Email,Mobile,0
S0006509,2025-01-30,C00805,Paid Search,Mobile,0
S0006510,2025-08-01,C00615,Paid Search,Mobile,0
S0006511,2025-02-07,C00444,Organic Search,Mobile,0
S0006512,2025-12-07,C00387,Organic Search,Mobile,0
S0006513,2025-03-01,C00476,Paid Search,Mobile,0
S0006514,2025-10-21,C01134,Referral,Mobile,0
S0006515,2025-12-26,C00201,Social Media,Desktop,0
S0006516,2025-05-23,C01108,Direct,Mobile,0
S0006517,2025-06-29,C00233,Referral,Desktop,0
S0006518,2025-10-12,C01163,Referral,Mobile,0
S0006519,2025-04-22,C00388,Paid Search,Desktop,0
S0006520,2025-08-18,C00337,Email,Mobile,0
S0006521,2025-01-21,C00060,Organic Search,Desktop,0
S0006522,2025-05-25,C00877,Paid Search,Desktop,0
S0006523,2025-05-26,C00700,Referral,Mobile,0
S0006524,2025-11-12,C00337,Email,Desktop,0
S0006525,2025-06-15,C01100,Referral,Mobile,0
S0006526,2025-05-20,C00253,Social Media,Mobile,0
S0006527,2025-07-22,C00098,Referral,Mobile,0
S0006528,2025-09-01,C00880,Organic Search,Mobile,0
S0006529,2025-04-23,C00222,Email,Desktop,1
S0006530,2025-07-20,C00500,Organic Search,Desktop,0
S0006531,2025-11-10,C00884,Organic Search,Desktop,0
S0006532,2025-09-16,C00122,Organic Search,Desktop,1
S0006533,2025-09-12,C00682,Social Media,Desktop,0
S0006534,2025-01-23,C00066,Paid Search,Desktop,0
S0006535,2025-09-03,C00740,Organic Search,Desktop,1
S0006536,2025-12-05,C00155,Social Media,Mobile,0
S0006537,2025-11-07,C00636,Social Media,Mobile,0
S0006538,2025-11-14,C01012,Social Media,Desktop,0
S0006539,2025-03-28,C00495,Direct,Mobile,0
S0006540,2025-08-07,C00483,Paid Search,Desktop,1
S0006541,2025-12-22,C01050,Social Media,Desktop,0
S0006542,2025-01-27,C00619,Paid Search,Mobile,1
S0006543,2025-10-17,C00601,Organic Search,Mobile,0
S0006544,2025-10-16,C00459,Social Media,Mobile,0
S0006545,2025-12-14,C01079,Paid Search,Mobile,0
S0006546,2025-08-11,C00833,Paid Search,Desktop,0
S0006547,2025-12-18,C00458,Paid Search,Desktop,0
S0006548,2025-06-27,C00472,Paid Search,Mobile,0
S0006549,2025-05-28,C00011,Organic Search,Tablet,0
S0006550,2025-08-15,C00377,Referral,Mobile,0
S0006551,2025-12-17,C00301,Organic Search,Desktop,0
S0006552,2025-07-05,C00190,Organic Search,Mobile,0
S0006553,2025-10-21,C01176,Email,Desktop,0
S0006554,2025-02-10,C00217,Social Media,Mobile,0
S0006555,2025-07-10,C01144,Social Media,Mobile,0
S0006556,2025-03-20,C01095,Email,Mobile,0
S0006557,2025-07-24,C00508,Paid Search,Mobile,0
S0006558,2025-10-05,C00661,Organic Search,Mobile,0
S0006559,2025-09-29,C00318,Organic Search,Mobile,0
S0006560,2025-02-01,C00037,Paid Search,Mobile,0
S0006561,2025-05-22,C01067,Organic Search,Mobile,0
S0006562,2025-09-08,C00942,Email,Tablet,0
S0006563,2025-10-21,C01178,Organic Search,Mobile,0
S0006564,2025-04-08,C00106,Social Media,Desktop,0
S0006565,2025-05-16,C00773,Email,Mobile,0
S0006566,2025-10-04,C00445,Referral,Mobile,0
S0006567,2025-11-08,C00524,Direct,Mobile,0
S0006568,2025-10-29,C00923,Social Media,Mobile,0
S0006569,2025-02-12,C01056,Referral,Mobile,0
S0006570,2025-04-30,C00545,Email,Mobile,1
S0006571,2025-08-08,C00790,Social Media,Desktop,0
S0006572,2025-02-15,C00561,Paid Search,Mobile,0
S0006573,2025-08-24,C00319,Organic Search,Mobile,0
S0006574,2025-02-17,C00530,Email,Mobile,0
S0006575,2025-07-17,C00422,Organic Search,Tablet,1
S0006576,2025-03-25,C00977,Organic Search,Mobile,0
S0006577,2025-01-31,C00450,Social Media,Desktop,0
S0006578,2025-06-10,C00086,Direct,Mobile,0
S0006579,2025-03-12,C00015,Social Media,Mobile,0
S0006580,2025-01-08,C00203,Social Media,Mobile,0
S0006581,2025-02-21,C00830,Direct,Desktop,0
S0006582,2025-02-14,C00311,Organic Search,Mobile,0
S0006583,2025-10-20,C00362,Direct,Mobile,0
S0006584,2025-10-27,C00096,Direct,Tablet,0
S0006585,2025-02-07,C00258,Social Media,Desktop,0
S0006586,2025-12-21,C00183,Email,Mobile,0
S0006587,2025-08-19,C00025,Referral,Desktop,0
S0006588,2025-09-19,C00223,Referral,Mobile,0
S0006589,2025-03-09,C00705,Social Media,Mobile,0
S0006590,2025-06-28,C01000,Organic Search,Desktop,0
S0006591,2025-12-23,C01030,Organic Search,Mobile,0
S0006592,2025-07-05,C01014,Direct,Desktop,0
S0006593,2025-07-20,C00599,Social Media,Mobile,0
S0006594,2025-01-13,C00792,Referral,Mobile,0
S0006595,2025-08-02,C00856,Paid Search,Desktop,1
S0006596,2025-08-08,C00923,Social Media,Mobile,0
S0006597,2025-10-13,C00077,Paid Search,Desktop,0
S0006598,2025-09-01,C00483,Paid Search,Desktop,1
S0006599,2025-12-22,C00973,Organic Search,Mobile,0
S0006600,2025-09-15,C00934,Direct,Desktop,0
S0006601,2025-02-27,C00167,Email,Mobile,0
S0006602,2025-02-05,C00766,Email,Tablet,0
S0006603,2025-11-24,C00658,Organic Search,Mobile,0
S0006604,2025-07-12,C00539,Paid Search,Mobile,0
S0006605,2025-11-29,C00339,Email,Mobile,0
S0006606,2025-02-19,C01097,Paid Search,Desktop,0
S0006607,2025-02-01,C00616,Social Media,Mobile,0
S0006608,2025-04-08,C00829,Organic Search,Mobile,0
S0006609,2025-02-12,C00116,Organic Search,Mobile,0
S0006610,2025-12-17,C00629,Social Media,Desktop,0
S0006611,2025-11-30,C01183,Organic Search,Mobile,0
S0006612,2025-11-06,C00187,Referral,Desktop,0
S0006613,2025-02-16,C00780,Referral,Mobile,0
S0006614,2025-09-27,C00464,Social Media,Mobile,0
S0006615,2025-11-07,C00202,Email,Mobile,0
S0006616,2025-03-04,C00610,Referral,Mobile,0
S0006617,2025-01-19,C00760,Paid Search,Desktop,0
S0006618,2025-12-13,C00609,Direct,Mobile,0
S0006619,2025-04-11,C00637,Social Media,Tablet,0
S0006620,2025-02-06,C00823,Organic Search,Mobile,0
S0006621,2025-04-17,C00016,Organic Search,Mobile,0
S0006622,2025-04-02,C00792,Referral,Mobile,1
S0006623,2025-11-04,C00555,Social Media,Desktop,0
S0006624,2025-07-04,C00643,Social Media,Desktop,0
S0006625,2025-08-04,C01160,Referral,Desktop,0
S0006626,2025-01-28,C00947,Organic Search,Mobile,0
S0006627,2025-02-05,C00878,Direct,Desktop,0
S0006628,2025-11-16,C00137,Social Media,Mobile,0
S0006629,2025-01-18,C00598,Organic Search,Mobile,0
S0006630,2025-12-11,C00168,Paid Search,Desktop,0
S0006631,2025-07-15,C00672,Direct,Mobile,1
S0006632,2025-03-19,C00054,Direct,Desktop,0
S0006633,2025-06-16,C00052,Social Media,Desktop,0
S0006634,2025-03-31,C00732,Referral,Mobile,0
S0006635,2025-09-21,C00882,Social Media,Mobile,0
S0006636,2025-07-27,C00554,Email,Mobile,0
S0006637,2025-07-31,C00202,Email,Mobile,1
S0006638,2025-09-28,C00224,Organic Search,Mobile,0
S0006639,2025-09-20,C00380,Referral,Mobile,0
S0006640,2025-09-30,C00616,Social Media,Mobile,0
S0006641,2025-12-08,C00357,Email,Mobile,1
S0006642,2025-08-02,C01061,Organic Search,Desktop,0
S0006643,2025-03-05,C00609,Direct,Tablet,0
S0006644,2025-01-12,C00174,Paid Search,Desktop,0
S0006645,2025-07-29,C01122,Paid Search,Desktop,0
S0006646,2025-11-08,C00949,Social Media,Mobile,0
S0006647,2025-06-23,C01049,Paid Search,Mobile,0
S0006648,2025-09-13,C00592,Email,Mobile,0
S0006649,2025-04-11,C00491,Organic Search,Tablet,0
S0006650,2025-01-16,C00306,Social Media,Mobile,0
S0006651,2025-07-16,C00936,Email,Mobile,0
S0006652,2025-09-15,C01010,Organic Search,Mobile,0
S0006653,2025-09-01,C00435,Organic Search,Mobile,0
S0006654,2025-12-14,C00141,Paid Search,Mobile,0
S0006655,2025-09-06,C00956,Organic Search,Mobile,0
S0006656,2025-04-15,C01019,Direct,Mobile,0
S0006657,2025-07-01,C00737,Email,Mobile,0
S0006658,2025-06-04,C00745,Social Media,Desktop,0
S0006659,2025-10-14,C00334,Paid Search,Mobile,0
S0006660,2025-06-18,C00653,Direct,Desktop,0
S0006661,2025-02-16,C00653,Direct,Mobile,0
S0006662,2025-02-12,C01169,Organic Search,Mobile,0
S0006663,2025-11-17,C00645,Paid Search,Mobile,0
S0006664,2025-11-02,C00598,Organic Search,Mobile,0
S0006665,2025-08-09,C00111,Organic Search,Mobile,0
S0006666,2025-01-01,C01122,Paid Search,Mobile,0
S0006667,2025-07-19,C00588,Direct,Mobile,0
S0006668,2025-05-24,C01108,Direct,Mobile,0
S0006669,2025-01-28,C01144,Social Media,Desktop,0
S0006670,2025-12-08,C00067,Email,Mobile,1
S0006671,2025-12-04,C00539,Paid Search,Desktop,0
S0006672,2025-10-05,C00612,Organic Search,Mobile,0
S0006673,2025-02-10,C00316,Email,Mobile,0
S0006674,2025-11-28,C00103,Organic Search,Mobile,0
S0006675,2025-05-27,C00782,Organic Search,Mobile,0
S0006676,2025-12-11,C00509,Organic Search,Desktop,0
S0006677,2025-06-27,C00680,Email,Desktop,0
S0006678,2025-11-11,C01176,Email,Desktop,0
S0006679,2025-11-21,C00207,Referral,Mobile,0
S0006680,2025-06-16,C00729,Email,Tablet,0
S0006681,2025-05-03,C01084,Email,Mobile,0
S0006682,2025-03-15,C00877,Paid Search,Mobile,0
S0006683,2025-08-27,C00696,Referral,Mobile,0
S0006684,2025-09-06,C00681,Email,Mobile,1
S0006685,2025-09-20,C00014,Organic Search,Desktop,0
S0006686,2025-09-09,C00371,Organic Search,Tablet,0
S0006687,2025-12-23,C00797,Direct,Mobile,0
S0006688,2025-04-21,C00989,Organic Search,Mobile,0
S0006689,2025-06-29,C00521,Paid Search,Mobile,0
S0006690,2025-07-07,C01029,Referral,Desktop,0
S0006691,2025-11-04,C01133,Direct,Mobile,1
S0006692,2025-07-26,C00812,Organic Search,Mobile,0
S0006693,2025-08-22,C00641,Organic Search,Mobile,0
S0006694,2025-01-24,C00201,Social Media,Desktop,0
S0006695,2025-01-26,C00486,Organic Search,Mobile,0
S0006696,2025-08-06,C00062,Organic Search,Mobile,0
S0006697,2025-12-12,C00743,Referral,Mobile,0
S0006698,2025-01-10,C01005,Paid Search,Desktop,0
S0006699,2025-01-17,C00255,Organic Search,Desktop,0
S0006700,2025-09-02,C00364,Organic Search,Desktop,0
S0006701,2025-07-25,C00696,Referral,Mobile,0
S0006702,2025-09-15,C00413,Organic Search,Mobile,0
S0006703,2025-04-22,C00502,Direct,Mobile,0
S0006704,2025-07-24,C00461,Organic Search,Mobile,0
S0006705,2025-01-27,C00317,Referral,Desktop,0
S0006706,2025-03-12,C00253,Social Media,Mobile,0
S0006707,2025-06-25,C00709,Social Media,Mobile,0
S0006708,2025-07-21,C01169,Organic Search,Mobile,0
S0006709,2025-09-05,C00590,Social Media,Mobile,0
S0006710,2025-04-28,C00809,Email,Mobile,1
S0006711,2025-01-09,C00628,Email,Desktop,0
S0006712,2025-03-27,C00437,Organic Search,Mobile,0
S0006713,2025-01-23,C00867,Social Media,Mobile,0
S0006714,2025-08-28,C00896,Organic Search,Desktop,0
S0006715,2025-03-14,C00405,Paid Search,Mobile,0
S0006716,2025-01-27,C00255,Organic Search,Mobile,1
S0006717,2025-12-15,C00111,Organic Search,Mobile,0
S0006718,2025-03-22,C00662,Organic Search,Mobile,0
S0006719,2025-03-25,C00390,Organic Search,Desktop,0
S0006720,2025-07-18,C01178,Organic Search,Mobile,0
S0006721,2025-02-12,C00735,Social Media,Mobile,0
S0006722,2025-09-20,C00606,Paid Search,Mobile,0
S0006723,2025-04-02,C00382,Social Media,Desktop,0
S0006724,2025-12-05,C00396,Organic Search,Mobile,0
S0006725,2025-03-25,C00434,Paid Search,Mobile,0
S0006726,2025-10-27,C00319,Organic Search,Desktop,0
S0006727,2025-10-23,C00096,Direct,Mobile,0
S0006728,2025-05-15,C00241,Direct,Desktop,0
S0006729,2025-10-08,C00084,Direct,Mobile,0
S0006730,2025-02-28,C01002,Organic Search,Mobile,0
S0006731,2025-12-25,C01123,Referral,Mobile,0
S0006732,2025-12-08,C00069,Organic Search,Desktop,0
S0006733,2025-08-29,C01023,Direct,Desktop,0
S0006734,2025-12-08,C01145,Direct,Mobile,0
S0006735,2025-04-08,C01058,Direct,Mobile,0
S0006736,2025-03-03,C01171,Social Media,Desktop,0
S0006737,2025-09-21,C01131,Social Media,Desktop,0
S0006738,2025-04-23,C00928,Social Media,Desktop,0
S0006739,2025-05-26,C00853,Direct,Desktop,0
S0006740,2025-08-04,C00881,Social Media,Mobile,0
S0006741,2025-09-13,C01039,Email,Mobile,0
S0006742,2025-11-12,C00410,Organic Search,Desktop,0
S0006743,2025-11-12,C00182,Social Media,Mobile,0
S0006744,2025-12-28,C00067,Email,Mobile,1
S0006745,2025-09-15,C00438,Organic Search,Mobile,0
S0006746,2025-07-13,C01091,Paid Search,Mobile,0
S0006747,2025-12-13,C00369,Email,Mobile,0
S0006748,2025-01-14,C00601,Organic Search,Mobile,0
S0006749,2025-10-31,C00092,Email,Mobile,0
S0006750,2025-04-13,C00552,Direct,Mobile,0
S0006751,2025-09-02,C00625,Direct,Mobile,0
S0006752,2025-09-02,C00472,Paid Search,Mobile,1
S0006753,2025-11-08,C01059,Paid Search,Mobile,0
S0006754,2025-09-25,C00544,Paid Search,Mobile,1
S0006755,2025-08-12,C00503,Referral,Mobile,0
S0006756,2025-08-08,C00578,Direct,Mobile,1
S0006757,2025-11-07,C00649,Social Media,Desktop,0
S0006758,2025-08-05,C00998,Paid Search,Mobile,0
S0006759,2025-01-04,C00753,Direct,Desktop,0
S0006760,2025-02-05,C00026,Referral,Mobile,0
S0006761,2025-06-27,C00689,Email,Desktop,0
S0006762,2025-09-14,C00756,Paid Search,Mobile,0
S0006763,2025-01-17,C01170,Social Media,Mobile,0
S0006764,2025-07-18,C00037,Paid Search,Mobile,0
S0006765,2025-11-14,C00374,Direct,Desktop,0
S0006766,2025-02-17,C00073,Email,Mobile,0
S0006767,2025-03-03,C00229,Paid Search,Desktop,0
S0006768,2025-03-10,C00278,Direct,Mobile,0
S0006769,2025-05-27,C01098,Direct,Tablet,0
S0006770,2025-12-25,C00817,Paid Search,Mobile,0
S0006771,2025-06-11,C00227,Direct,Mobile,0
S0006772,2025-08-15,C01040,Social Media,Mobile,0
S0006773,2025-12-13,C00746,Paid Search,Mobile,0
S0006774,2025-08-18,C00102,Organic Search,Mobile,0
S0006775,2025-06-27,C01114,Organic Search,Mobile,0
S0006776,2025-12-11,C00956,Organic Search,Desktop,0
S0006777,2025-02-25,C00772,Organic Search,Desktop,0
S0006778,2025-03-19,C00188,Referral,Mobile,0
S0006779,2025-09-27,C00791,Organic Search,Desktop,0
S0006780,2025-07-25,C00284,Organic Search,Mobile,0
S0006781,2025-10-08,C00465,Social Media,Mobile,0
S0006782,2025-08-16,C00978,Social Media,Desktop,0
S0006783,2025-08-27,C00007,Paid Search,Desktop,0
S0006784,2025-10-15,C00184,Organic Search,Mobile,0
S0006785,2025-03-23,C01027,Social Media,Mobile,0
S0006786,2025-11-30,C00366,Email,Desktop,0
S0006787,2025-09-07,C00805,Paid Search,Desktop,0
S0006788,2025-07-12,C00212,Paid Search,Mobile,0
S0006789,2025-04-16,C00659,Email,Desktop,0
S0006790,2025-07-08,C00977,Organic Search,Mobile,0
S0006791,2025-10-03,C01078,Referral,Mobile,0
S0006792,2025-03-15,C00829,Organic Search,Mobile,0
S0006793,2025-01-10,C00762,Organic Search,Mobile,0
S0006794,2025-05-03,C00694,Social Media,Desktop,0
S0006795,2025-08-04,C00185,Paid Search,Mobile,0
S0006796,2025-10-17,C01197,Paid Search,Desktop,0
S0006797,2025-02-09,C00014,Organic Search,Mobile,0
S0006798,2025-07-12,C00473,Paid Search,Mobile,0
S0006799,2025-05-07,C00734,Paid Search,Mobile,0
S0006800,2025-10-16,C00789,Paid Search,Mobile,1
S0006801,2025-03-12,C00427,Organic Search,Mobile,0
S0006802,2025-05-17,C00528,Email,Mobile,0
S0006803,2025-05-24,C00630,Direct,Mobile,0
S0006804,2025-12-20,C00152,Organic Search,Mobile,0
S0006805,2025-10-26,C00052,Social Media,Desktop,0
S0006806,2025-12-11,C00064,Referral,Desktop,1
S0006807,2025-09-26,C00346,Direct,Mobile,0
S0006808,2025-05-19,C00046,Direct,Desktop,0
S0006809,2025-02-21,C00148,Social Media,Desktop,0
S0006810,2025-01-17,C00921,Social Media,Mobile,0
S0006811,2025-06-14,C00058,Organic Search,Mobile,0
S0006812,2025-01-13,C00815,Paid Search,Tablet,0
S0006813,2025-07-09,C00273,Email,Mobile,0
S0006814,2025-12-06,C01193,Direct,Mobile,0
S0006815,2025-12-19,C00965,Direct,Mobile,0
S0006816,2025-12-28,C00606,Paid Search,Mobile,0
S0006817,2025-12-18,C00199,Email,Mobile,0
S0006818,2025-09-21,C01031,Organic Search,Mobile,0
S0006819,2025-11-08,C00588,Direct,Mobile,0
S0006820,2025-08-09,C00992,Direct,Tablet,0
S0006821,2025-04-14,C00360,Referral,Tablet,0
S0006822,2025-12-05,C00996,Paid Search,Mobile,0
S0006823,2025-07-17,C00305,Direct,Mobile,0
S0006824,2025-10-27,C00525,Social Media,Mobile,0
S0006825,2025-12-25,C00589,Paid Search,Tablet,0
S0006826,2025-06-18,C00969,Organic Search,Mobile,0
S0006827,2025-05-29,C01154,Paid Search,Desktop,0
S0006828,2025-09-06,C00177,Organic Search,Mobile,1
S0006829,2025-09-13,C00983,Paid Search,Mobile,0
S0006830,2025-02-11,C00144,Social Media,Desktop,0
S0006831,2025-07-21,C01076,Organic Search,Tablet,0
S0006832,2025-09-01,C01032,Paid Search,Desktop,0
S0006833,2025-06-06,C01161,Social Media,Mobile,0
S0006834,2025-10-13,C00155,Social Media,Desktop,0
S0006835,2025-10-09,C00787,Email,Desktop,0
S0006836,2025-08-26,C01088,Social Media,Desktop,1
S0006837,2025-01-19,C00260,Organic Search,Mobile,0
S0006838,2025-02-22,C00632,Paid Search,Mobile,0
S0006839,2025-03-26,C00718,Direct,Desktop,0
S0006840,2025-09-30,C00705,Social Media,Mobile,0
S0006841,2025-12-26,C00954,Referral,Mobile,0
S0006842,2025-08-01,C00433,Email,Mobile,0
S0006843,2025-12-27,C00095,Social Media,Mobile,0
S0006844,2025-04-14,C01068,Direct,Mobile,0
S0006845,2025-07-11,C00455,Organic Search,Desktop,0
S0006846,2025-06-26,C01053,Paid Search,Mobile,0
S0006847,2025-05-27,C00562,Organic Search,Desktop,0
S0006848,2025-03-22,C01120,Paid Search,Mobile,0
S0006849,2025-07-12,C00320,Paid Search,Mobile,1
S0006850,2025-02-06,C00599,Social Media,Mobile,0
S0006851,2025-11-22,C00474,Social Media,Mobile,0
S0006852,2025-06-03,C00627,Organic Search,Desktop,1
S0006853,2025-05-10,C00799,Direct,Desktop,1
S0006854,2025-02-28,C00604,Social Media,Mobile,0
S0006855,2025-08-12,C00985,Referral,Mobile,0
S0006856,2025-09-06,C00888,Organic Search,Desktop,0
S0006857,2025-08-28,C01163,Referral,Mobile,1
S0006858,2025-10-20,C00202,Email,Mobile,0
S0006859,2025-10-14,C00145,Referral,Desktop,0
S0006860,2025-07-23,C00763,Paid Search,Mobile,0
S0006861,2025-04-09,C00339,Email,Desktop,0
S0006862,2025-12-16,C01088,Social Media,Mobile,0
S0006863,2025-06-25,C01198,Referral,Mobile,0
S0006864,2025-09-19,C01108,Direct,Mobile,0
S0006865,2025-09-28,C00336,Organic Search,Mobile,0
S0006866,2025-05-23,C01149,Social Media,Mobile,0
S0006867,2025-07-08,C00787,Email,Mobile,0
S0006868,2025-09-29,C01132,Direct,Tablet,0
S0006869,2025-01-20,C00476,Paid Search,Mobile,0
S0006870,2025-11-29,C00761,Organic Search,Mobile,0
S0006871,2025-10-27,C00505,Organic Search,Desktop,0
S0006872,2025-02-15,C00674,Organic Search,Desktop,0
S0006873,2025-04-05,C00354,Paid Search,Mobile,0
S0006874,2025-03-05,C00542,Direct,Mobile,1
S0006875,2025-05-11,C00587,Organic Search,Mobile,0
S0006876,2025-01-09,C00040,Paid Search,Mobile,0
S0006877,2025-07-22,C00962,Social Media,Mobile,0
S0006878,2025-10-25,C00211,Referral,Mobile,0
S0006879,2025-06-23,C00178,Organic Search,Tablet,0
S0006880,2025-03-14,C00440,Paid Search,Desktop,0
S0006881,2025-03-25,C00570,Referral,Mobile,1
S0006882,2025-02-28,C00985,Referral,Mobile,0
S0006883,2025-01-21,C01047,Paid Search,Mobile,0
S0006884,2025-06-06,C00162,Social Media,Mobile,0
S0006885,2025-11-15,C00457,Direct,Mobile,0
S0006886,2025-11-25,C00898,Email,Desktop,0
S0006887,2025-03-02,C00704,Direct,Desktop,0
S0006888,2025-03-05,C00767,Email,Desktop,0
S0006889,2025-11-21,C00251,Social Media,Tablet,0
S0006890,2025-06-17,C00905,Paid Search,Desktop,0
S0006891,2025-07-22,C00475,Paid Search,Desktop,0
S0006892,2025-05-09,C00397,Social Media,Mobile,0
S0006893,2025-09-02,C00833,Paid Search,Mobile,0
S0006894,2025-04-16,C00538,Organic Search,Desktop,0
S0006895,2025-11-17,C00933,Social Media,Mobile,0
S0006896,2025-05-02,C00919,Paid Search,Mobile,0
S0006897,2025-11-14,C00761,Organic Search,Desktop,0
S0006898,2025-07-01,C00151,Paid Search,Mobile,0
S0006899,2025-04-13,C00724,Organic Search,Mobile,0
S0006900,2025-11-12,C00191,Organic Search,Desktop,0
S0006901,2025-10-29,C00298,Paid Search,Desktop,0
S0006902,2025-09-18,C00793,Direct,Mobile,0
S0006903,2025-04-23,C00157,Referral,Desktop,0
S0006904,2025-03-11,C00890,Organic Search,Mobile,0
S0006905,2025-06-09,C00233,Referral,Mobile,1
S0006906,2025-08-28,C00191,Organic Search,Mobile,0
S0006907,2025-01-11,C00991,Email,Desktop,1
S0006908,2025-05-18,C00328,Email,Desktop,1
S0006909,2025-06-16,C00356,Paid Search,Desktop,0
S0006910,2025-09-04,C00258,Social Media,Mobile,0
S0006911,2025-12-20,C00582,Organic Search,Mobile,0
S0006912,2025-01-31,C00203,Social Media,Mobile,0
S0006913,2025-01-12,C00650,Social Media,Mobile,0
S0006914,2025-08-31,C00578,Direct,Desktop,0
S0006915,2025-04-18,C00202,Email,Mobile,0
S0006916,2025-12-02,C00032,Paid Search,Desktop,0
S0006917,2025-11-19,C00550,Email,Desktop,0
S0006918,2025-07-13,C00058,Organic Search,Mobile,0
S0006919,2025-11-04,C00461,Organic Search,Mobile,0
S0006920,2025-05-13,C00028,Direct,Desktop,1
S0006921,2025-10-08,C00560,Paid Search,Desktop,0
S0006922,2025-10-18,C00039,Email,Desktop,0
S0006923,2025-06-12,C00955,Direct,Desktop,0
S0006924,2025-10-05,C00815,Paid Search,Desktop,0
S0006925,2025-07-22,C00077,Paid Search,Desktop,0
S0006926,2025-04-06,C00949,Social Media,Mobile,0
S0006927,2025-08-11,C00873,Email,Mobile,0
S0006928,2025-08-25,C01180,Paid Search,Desktop,0
S0006929,2025-04-27,C00464,Social Media,Mobile,0
S0006930,2025-07-11,C01139,Paid Search,Desktop,0
S0006931,2025-10-03,C00046,Direct,Tablet,0
S0006932,2025-04-16,C01072,Organic Search,Mobile,0
S0006933,2025-01-04,C00157,Referral,Mobile,1
S0006934,2025-01-18,C00535,Paid Search,Desktop,1
S0006935,2025-11-03,C00247,Paid Search,Mobile,0
S0006936,2025-01-20,C00996,Paid Search,Mobile,0
S0006937,2025-05-02,C00657,Direct,Mobile,0
S0006938,2025-05-17,C00101,Organic Search,Desktop,0
S0006939,2025-03-21,C01078,Referral,Desktop,0
S0006940,2025-06-03,C00882,Social Media,Mobile,0
S0006941,2025-12-24,C01120,Paid Search,Mobile,0
S0006942,2025-01-25,C00243,Social Media,Desktop,0
S0006943,2025-06-18,C01128,Email,Mobile,0
S0006944,2025-02-28,C00413,Organic Search,Tablet,0
S0006945,2025-10-28,C00753,Direct,Mobile,0
S0006946,2025-02-10,C01057,Social Media,Mobile,0
S0006947,2025-02-07,C00613,Social Media,Desktop,0
S0006948,2025-04-27,C00136,Organic Search,Desktop,0
S0006949,2025-10-02,C00691,Organic Search,Desktop,0
S0006950,2025-09-27,C00591,Email,Desktop,0
S0006951,2025-05-07,C00171,Paid Search,Desktop,1
S0006952,2025-01-03,C00038,Paid Search,Mobile,0
S0006953,2025-10-20,C01199,Organic Search,Mobile,0
S0006954,2025-01-16,C00184,Organic Search,Mobile,0
S0006955,2025-09-22,C01133,Direct,Desktop,0
S0006956,2025-08-27,C00165,Paid Search,Mobile,0
S0006957,2025-09-20,C01004,Referral,Tablet,0
S0006958,2025-05-14,C01096,Referral,Mobile,0
S0006959,2025-08-01,C00557,Organic Search,Mobile,0
S0006960,2025-01-15,C00114,Organic Search,Mobile,0
S0006961,2025-11-24,C00657,Direct,Mobile,0
S0006962,2025-12-26,C00517,Organic Search,Mobile,0
S0006963,2025-05-09,C00827,Paid Search,Desktop,0
S0006964,2025-12-18,C00928,Social Media,Mobile,0
S0006965,2025-05-02,C00206,Social Media,Desktop,0
S0006966,2025-08-29,C00780,Referral,Mobile,0
S0006967,2025-04-25,C00595,Organic Search,Mobile,0
S0006968,2025-07-16,C00394,Social Media,Mobile,0
S0006969,2025-08-10,C00412,Direct,Desktop,0
S0006970,2025-08-02,C00589,Paid Search,Tablet,0
S0006971,2025-03-21,C00789,Paid Search,Mobile,0
S0006972,2025-09-20,C00784,Referral,Mobile,0
S0006973,2025-05-15,C00705,Social Media,Mobile,0
S0006974,2025-11-02,C00451,Social Media,Desktop,0
S0006975,2025-08-30,C00724,Organic Search,Mobile,0
S0006976,2025-10-30,C00094,Social Media,Mobile,0
S0006977,2025-09-27,C01121,Organic Search,Tablet,0
S0006978,2025-10-14,C00712,Organic Search,Mobile,0
S0006979,2025-02-19,C00299,Direct,Mobile,0
S0006980,2025-07-08,C00555,Social Media,Desktop,0
S0006981,2025-10-24,C00128,Paid Search,Mobile,0
S0006982,2025-01-14,C01064,Social Media,Desktop,0
S0006983,2025-08-20,C01098,Direct,Mobile,0
S0006984,2025-09-18,C00388,Paid Search,Mobile,0
S0006985,2025-07-11,C01101,Social Media,Mobile,0
S0006986,2025-07-22,C00606,Paid Search,Desktop,0
S0006987,2025-09-18,C00804,Organic Search,Desktop,1
S0006988,2025-04-23,C00106,Social Media,Mobile,0
S0006989,2025-12-18,C01176,Email,Mobile,0
S0006990,2025-02-05,C00377,Referral,Desktop,0
S0006991,2025-03-20,C00866,Organic Search,Mobile,0
S0006992,2025-10-02,C01154,Paid Search,Tablet,0
S0006993,2025-10-05,C00309,Referral,Mobile,0
S0006994,2025-06-11,C01163,Referral,Desktop,0
S0006995,2025-11-08,C00732,Referral,Mobile,0
S0006996,2025-01-17,C00873,Email,Mobile,0
S0006997,2025-07-23,C00012,Referral,Desktop,0
S0006998,2025-01-17,C01126,Organic Search,Desktop,0
S0006999,2025-07-21,C00409,Social Media,Mobile,0
S0007000,2025-07-29,C00912,Direct,Mobile,1
S0007001,2025-03-19,C00279,Direct,Desktop,0
S0007002,2025-02-25,C00083,Direct,Mobile,0
S0007003,2025-03-21,C00949,Social Media,Mobile,0
S0007004,2025-11-02,C00562,Organic Search,Desktop,0
S0007005,2025-02-27,C00031,Organic Search,Mobile,0
S0007006,2025-01-18,C01183,Organic Search,Mobile,0
S0007007,2025-07-27,C00034,Social Media,Mobile,0
S0007008,2025-05-15,C00663,Paid Search,Desktop,0
S0007009,2025-11-28,C00968,Social Media,Desktop,0
S0007010,2025-01-10,C00767,Email,Tablet,0
S0007011,2025-03-10,C00125,Paid Search,Desktop,0
S0007012,2025-12-07,C01058,Direct,Mobile,0
S0007013,2025-03-24,C00821,Referral,Mobile,0
S0007014,2025-04-19,C00285,Paid Search,Mobile,0
S0007015,2025-02-13,C01058,Direct,Mobile,0
S0007016,2025-05-12,C00906,Direct,Desktop,0
S0007017,2025-01-18,C00106,Social Media,Mobile,0
S0007018,2025-04-03,C01186,Paid Search,Desktop,0
S0007019,2025-10-21,C01000,Organic Search,Mobile,0
S0007020,2025-05-28,C00612,Organic Search,Mobile,0
S0007021,2025-06-21,C00173,Direct,Desktop,0
S0007022,2025-02-20,C00144,Social Media,Mobile,0
S0007023,2025-01-19,C00435,Organic Search,Mobile,0
S0007024,2025-04-30,C01072,Organic Search,Desktop,0
S0007025,2025-11-20,C00060,Organic Search,Mobile,1
S0007026,2025-08-13,C00917,Referral,Mobile,0
S0007027,2025-03-07,C00342,Referral,Desktop,0
S0007028,2025-05-21,C01087,Paid Search,Desktop,0
S0007029,2025-07-08,C01141,Social Media,Desktop,0
S0007030,2025-06-07,C00438,Organic Search,Mobile,0
S0007031,2025-04-08,C01153,Referral,Desktop,0
S0007032,2025-06-07,C01000,Organic Search,Mobile,0
S0007033,2025-09-03,C01150,Paid Search,Desktop,0
S0007034,2025-12-10,C00902,Social Media,Mobile,0
S0007035,2025-08-24,C00142,Organic Search,Mobile,0
S0007036,2025-02-02,C00345,Organic Search,Desktop,0
S0007037,2025-12-27,C00615,Paid Search,Desktop,0
S0007038,2025-08-29,C00548,Paid Search,Mobile,0
S0007039,2025-11-26,C00179,Email,Mobile,1
S0007040,2025-12-04,C00259,Organic Search,Desktop,0
S0007041,2025-10-02,C00445,Referral,Desktop,0
S0007042,2025-03-12,C00194,Email,Mobile,1
S0007043,2025-11-09,C00440,Paid Search,Tablet,0
S0007044,2025-08-04,C00967,Direct,Desktop,0
S0007045,2025-03-20,C00541,Paid Search,Desktop,0
S0007046,2025-06-18,C00073,Email,Mobile,0
S0007047,2025-10-25,C00698,Paid Search,Desktop,0
S0007048,2025-06-29,C00540,Paid Search,Mobile,0
S0007049,2025-04-26,C00050,Email,Desktop,0
S0007050,2025-09-17,C01055,Direct,Mobile,0
S0007051,2025-09-17,C01053,Paid Search,Desktop,0
S0007052,2025-01-05,C01117,Referral,Mobile,0
S0007053,2025-10-24,C00571,Paid Search,Mobile,0
S0007054,2025-04-18,C00936,Email,Mobile,0
S0007055,2025-12-09,C01109,Organic Search,Desktop,0
S0007056,2025-12-26,C00445,Referral,Desktop,0
S0007057,2025-04-27,C00677,Organic Search,Desktop,0
S0007058,2025-12-23,C00630,Direct,Mobile,0
S0007059,2025-11-27,C01126,Organic Search,Mobile,0
S0007060,2025-11-27,C01012,Social Media,Desktop,0
S0007061,2025-01-13,C01116,Email,Desktop,0
S0007062,2025-05-22,C00813,Paid Search,Mobile,0
S0007063,2025-07-07,C01136,Direct,Mobile,0
S0007064,2025-10-08,C01011,Organic Search,Mobile,1
S0007065,2025-04-25,C01130,Organic Search,Desktop,0
S0007066,2025-08-24,C00613,Social Media,Mobile,0
S0007067,2025-12-04,C00900,Referral,Mobile,0
S0007068,2025-01-10,C00320,Paid Search,Mobile,0
S0007069,2025-07-18,C00351,Referral,Desktop,0
S0007070,2025-09-09,C00817,Paid Search,Tablet,0
S0007071,2025-02-19,C00521,Paid Search,Mobile,0
S0007072,2025-05-22,C00686,Paid Search,Mobile,0
S0007073,2025-09-28,C00835,Paid Search,Mobile,0
S0007074,2025-01-16,C00946,Organic Search,Mobile,0
S0007075,2025-01-02,C00995,Social Media,Mobile,0
S0007076,2025-06-07,C00793,Direct,Mobile,0
S0007077,2025-01-30,C01115,Organic Search,Mobile,0
S0007078,2025-03-23,C00612,Organic Search,Desktop,0
S0007079,2025-01-31,C00835,Paid Search,Mobile,0
S0007080,2025-08-24,C00174,Paid Search,Desktop,0
S0007081,2025-11-29,C00553,Direct,Mobile,0
S0007082,2025-05-28,C00171,Paid Search,Mobile,0
S0007083,2025-06-26,C00078,Direct,Desktop,0
S0007084,2025-02-04,C00322,Email,Desktop,1
S0007085,2025-01-23,C00554,Email,Desktop,0
S0007086,2025-04-16,C00235,Email,Desktop,0
S0007087,2025-04-07,C00216,Organic Search,Mobile,0
S0007088,2025-08-18,C00839,Direct,Mobile,0
S0007089,2025-08-15,C00814,Organic Search,Mobile,0
S0007090,2025-04-10,C00208,Paid Search,Mobile,0
S0007091,2025-02-24,C00819,Organic Search,Mobile,0
S0007092,2025-07-14,C00334,Paid Search,Mobile,0
S0007093,2025-01-08,C00371,Organic Search,Mobile,0
S0007094,2025-11-11,C01149,Social Media,Mobile,0
S0007095,2025-05-08,C00370,Paid Search,Desktop,0
S0007096,2025-02-01,C00321,Organic Search,Mobile,0
S0007097,2025-04-03,C00400,Referral,Mobile,1
S0007098,2025-01-07,C00639,Referral,Mobile,0
S0007099,2025-09-15,C00072,Paid Search,Desktop,0
S0007100,2025-12-07,C00268,Referral,Mobile,0
S0007101,2025-08-08,C00440,Paid Search,Mobile,0
S0007102,2025-08-28,C00732,Referral,Desktop,0
S0007103,2025-04-16,C00609,Direct,Mobile,1
S0007104,2025-02-05,C00705,Social Media,Desktop,0
S0007105,2025-02-14,C01088,Social Media,Desktop,0
S0007106,2025-10-25,C00585,Paid Search,Mobile,0
S0007107,2025-11-05,C01174,Organic Search,Desktop,0
S0007108,2025-01-09,C00253,Social Media,Desktop,0
S0007109,2025-03-28,C01007,Organic Search,Mobile,0
S0007110,2025-11-27,C00568,Organic Search,Desktop,0
S0007111,2025-06-26,C00938,Paid Search,Desktop,0
S0007112,2025-05-10,C00282,Organic Search,Desktop,0
S0007113,2025-07-14,C00428,Organic Search,Mobile,0
S0007114,2025-01-11,C01138,Paid Search,Mobile,1
S0007115,2025-11-02,C00076,Direct,Mobile,0
S0007116,2025-05-02,C00098,Referral,Mobile,0
S0007117,2025-08-23,C00798,Direct,Mobile,0
S0007118,2025-11-27,C00432,Email,Mobile,0
S0007119,2025-01-31,C00590,Social Media,Desktop,0
S0007120,2025-12-14,C00974,Direct,Mobile,0
S0007121,2025-08-12,C00157,Referral,Desktop,0
S0007122,2025-06-02,C00977,Organic Search,Mobile,0
S0007123,2025-07-31,C00304,Direct,Desktop,0
S0007124,2025-04-02,C00152,Organic Search,Mobile,0
S0007125,2025-11-27,C00188,Referral,Mobile,0
S0007126,2025-12-14,C00051,Referral,Mobile,0
S0007127,2025-05-09,C01144,Social Media,Desktop,1
S0007128,2025-07-16,C00474,Social Media,Tablet,0
S0007129,2025-02-11,C00780,Referral,Desktop,0
S0007130,2025-08-16,C00271,Referral,Desktop,0
S0007131,2025-07-13,C00021,Paid Search,Mobile,0
S0007132,2025-01-18,C00393,Referral,Mobile,0
S0007133,2025-11-29,C00455,Organic Search,Desktop,0
S0007134,2025-08-31,C00598,Organic Search,Mobile,0
S0007135,2025-10-03,C00235,Email,Desktop,0
S0007136,2025-05-07,C00451,Social Media,Desktop,0
S0007137,2025-03-16,C00293,Paid Search,Mobile,0
S0007138,2025-03-03,C00117,Referral,Mobile,0
S0007139,2025-10-15,C00609,Direct,Desktop,0
S0007140,2025-07-05,C01166,Direct,Mobile,0
S0007141,2025-06-27,C00262,Social Media,Mobile,0
S0007142,2025-06-15,C00912,Direct,Desktop,0
S0007143,2025-07-02,C00200,Direct,Mobile,0
S0007144,2025-01-28,C00596,Email,Mobile,0
S0007145,2025-11-26,C00058,Organic Search,Mobile,0
S0007146,2025-09-04,C01027,Social Media,Desktop,0
S0007147,2025-12-03,C01171,Social Media,Mobile,0
S0007148,2025-01-22,C00334,Paid Search,Mobile,0
S0007149,2025-04-06,C00545,Email,Mobile,0
S0007150,2025-05-02,C00576,Organic Search,Desktop,0
S0007151,2025-09-07,C00745,Social Media,Mobile,0
S0007152,2025-11-04,C00837,Paid Search,Desktop,0
S0007153,2025-11-30,C00447,Paid Search,Mobile,0
S0007154,2025-11-22,C00163,Paid Search,Desktop,0
S0007155,2025-05-17,C00087,Direct,Desktop,0
S0007156,2025-10-04,C00286,Paid Search,Desktop,0
S0007157,2025-11-16,C00092,Email,Mobile,0
S0007158,2025-11-28,C00494,Social Media,Mobile,0
S0007159,2025-03-02,C01012,Social Media,Mobile,0
S0007160,2025-09-07,C01185,Email,Mobile,0
S0007161,2025-04-05,C00978,Social Media,Mobile,0
S0007162,2025-10-23,C00958,Referral,Mobile,0
S0007163,2025-07-03,C00829,Organic Search,Mobile,0
S0007164,2025-09-17,C00858,Direct,Mobile,0
S0007165,2025-10-14,C00865,Organic Search,Mobile,0
S0007166,2025-06-04,C00813,Paid Search,Desktop,0
S0007167,2025-07-05,C00524,Direct,Tablet,0
S0007168,2025-03-10,C00191,Organic Search,Mobile,1
S0007169,2025-11-22,C01046,Social Media,Mobile,0
S0007170,2025-09-18,C01197,Paid Search,Desktop,0
S0007171,2025-04-25,C00571,Paid Search,Desktop,0
S0007172,2025-12-13,C00436,Referral,Mobile,0
S0007173,2025-01-08,C00291,Social Media,Mobile,0
S0007174,2025-09-22,C00867,Social Media,Tablet,0
S0007175,2025-09-28,C00524,Direct,Desktop,0
S0007176,2025-09-06,C00409,Social Media,Desktop,0
S0007177,2025-04-15,C00582,Organic Search,Desktop,0
S0007178,2025-09-20,C00588,Direct,Desktop,0
S0007179,2025-08-12,C00273,Email,Mobile,0
S0007180,2025-11-24,C00818,Organic Search,Mobile,0
S0007181,2025-09-28,C00034,Social Media,Mobile,0
S0007182,2025-06-14,C01053,Paid Search,Mobile,0
S0007183,2025-03-24,C00088,Social Media,Desktop,0
S0007184,2025-10-22,C00685,Social Media,Desktop,0
S0007185,2025-05-14,C00206,Social Media,Desktop,0
S0007186,2025-07-30,C01149,Social Media,Mobile,0
S0007187,2025-11-09,C00750,Organic Search,Mobile,0
S0007188,2025-04-02,C00600,Paid Search,Mobile,0
S0007189,2025-12-03,C00118,Email,Mobile,0
S0007190,2025-05-07,C00176,Social Media,Mobile,0
S0007191,2025-07-10,C00465,Social Media,Mobile,0
S0007192,2025-06-08,C00724,Organic Search,Mobile,0
S0007193,2025-11-27,C00937,Paid Search,Mobile,0
S0007194,2025-12-01,C00068,Paid Search,Mobile,0
S0007195,2025-01-10,C00940,Organic Search,Tablet,0
S0007196,2025-04-17,C00444,Organic Search,Desktop,0
S0007197,2025-03-28,C00187,Referral,Mobile,0
S0007198,2025-03-08,C00102,Organic Search,Mobile,0
S0007199,2025-03-03,C00074,Direct,Tablet,0
S0007200,2025-05-26,C00680,Email,Mobile,0
S0007201,2025-06-02,C00434,Paid Search,Tablet,1
S0007202,2025-04-17,C00558,Paid Search,Desktop,0
S0007203,2025-05-28,C00763,Paid Search,Mobile,0
S0007204,2025-07-05,C00881,Social Media,Tablet,0
S0007205,2025-12-15,C00077,Paid Search,Mobile,0
S0007206,2025-12-08,C00611,Social Media,Mobile,0
S0007207,2025-06-27,C00306,Social Media,Desktop,0
S0007208,2025-12-01,C00090,Organic Search,Desktop,1
S0007209,2025-09-23,C01149,Social Media,Mobile,0
S0007210,2025-05-29,C00659,Email,Mobile,1
S0007211,2025-09-04,C00392,Direct,Tablet,0
S0007212,2025-09-11,C00205,Paid Search,Mobile,0
S0007213,2025-01-29,C00199,Email,Mobile,0
S0007214,2025-12-18,C01175,Email,Mobile,0
S0007215,2025-09-23,C00755,Direct,Mobile,0
S0007216,2025-01-13,C00355,Paid Search,Desktop,0
S0007217,2025-02-16,C00144,Social Media,Mobile,0
S0007218,2025-05-31,C00900,Referral,Mobile,0
S0007219,2025-02-19,C00802,Referral,Mobile,0
S0007220,2025-08-03,C00444,Organic Search,Mobile,0
S0007221,2025-05-12,C00095,Social Media,Mobile,0
S0007222,2025-04-23,C00177,Organic Search,Mobile,0
S0007223,2025-09-09,C00964,Direct,Desktop,0
S0007224,2025-12-07,C00420,Paid Search,Mobile,0
S0007225,2025-02-22,C00091,Paid Search,Desktop,0
S0007226,2025-05-10,C00310,Social Media,Desktop,0
S0007227,2025-11-20,C00412,Direct,Mobile,0
S0007228,2025-07-12,C00813,Paid Search,Mobile,0
S0007229,2025-03-20,C00588,Direct,Mobile,0
S0007230,2025-02-26,C00249,Social Media,Mobile,0
S0007231,2025-04-07,C00320,Paid Search,Desktop,0
S0007232,2025-07-17,C00857,Social Media,Mobile,0
S0007233,2025-05-15,C00639,Referral,Desktop,0
S0007234,2025-05-27,C01118,Social Media,Mobile,0
S0007235,2025-06-21,C00130,Organic Search,Mobile,0
S0007236,2025-03-04,C00603,Direct,Desktop,0
S0007237,2025-03-06,C00837,Paid Search,Mobile,0
S0007238,2025-10-22,C00365,Email,Mobile,0
S0007239,2025-07-30,C00243,Social Media,Mobile,0
S0007240,2025-04-19,C00980,Organic Search,Mobile,0
S0007241,2025-10-09,C00251,Social Media,Mobile,0
S0007242,2025-06-21,C01117,Referral,Desktop,0
S0007243,2025-01-12,C00528,Email,Mobile,0
S0007244,2025-11-29,C00419,Organic Search,Mobile,0
S0007245,2025-08-08,C01197,Paid Search,Mobile,0
S0007246,2025-12-08,C00945,Organic Search,Mobile,0
S0007247,2025-10-13,C00408,Paid Search,Desktop,0
S0007248,2025-06-21,C00311,Organic Search,Mobile,0
S0007249,2025-08-24,C00153,Social Media,Tablet,1
S0007250,2025-06-15,C00379,Organic Search,Mobile,0
S0007251,2025-07-06,C00523,Email,Desktop,0
S0007252,2025-06-19,C00781,Organic Search,Mobile,0
S0007253,2025-02-21,C00796,Direct,Mobile,0
S0007254,2025-11-15,C00228,Email,Tablet,0
S0007255,2025-07-08,C00773,Email,Tablet,0
S0007256,2025-04-30,C00161,Social Media,Mobile,0
S0007257,2025-04-15,C00566,Organic Search,Tablet,0
S0007258,2025-06-11,C00529,Paid Search,Mobile,0
S0007259,2025-10-22,C00787,Email,Mobile,0
S0007260,2025-02-10,C00597,Social Media,Mobile,0
S0007261,2025-12-30,C00232,Email,Desktop,1
S0007262,2025-06-14,C00020,Paid Search,Mobile,0
S0007263,2025-11-17,C01133,Direct,Mobile,0
S0007264,2025-12-01,C01143,Social Media,Mobile,0
S0007265,2025-06-09,C00926,Direct,Mobile,0
S0007266,2025-09-21,C00410,Organic Search,Mobile,0
S0007267,2025-12-19,C00127,Paid Search,Mobile,0
S0007268,2025-01-18,C00607,Organic Search,Mobile,0
S0007269,2025-06-22,C00414,Email,Desktop,1
S0007270,2025-12-18,C00387,Organic Search,Mobile,0
S0007271,2025-02-02,C00433,Email,Tablet,0
S0007272,2025-09-18,C00501,Social Media,Tablet,0
S0007273,2025-07-29,C00564,Direct,Mobile,1
S0007274,2025-11-26,C00908,Email,Mobile,0
S0007275,2025-06-13,C01027,Social Media,Mobile,0
S0007276,2025-01-05,C00007,Paid Search,Mobile,0
S0007277,2025-02-03,C00717,Direct,Mobile,0
S0007278,2025-10-07,C01097,Paid Search,Mobile,0
S0007279,2025-05-25,C00672,Direct,Mobile,0
S0007280,2025-12-17,C00489,Paid Search,Mobile,0
S0007281,2025-03-12,C01144,Social Media,Desktop,0
S0007282,2025-12-14,C00770,Organic Search,Mobile,0
S0007283,2025-08-18,C00407,Organic Search,Desktop,0
S0007284,2025-05-05,C00698,Paid Search,Desktop,0
S0007285,2025-10-05,C00997,Paid Search,Mobile,0
S0007286,2025-09-28,C00693,Social Media,Mobile,0
S0007287,2025-12-23,C00422,Organic Search,Mobile,1
S0007288,2025-01-15,C00127,Paid Search,Mobile,0
S0007289,2025-08-30,C00261,Organic Search,Mobile,0
S0007290,2025-06-02,C01084,Email,Mobile,0
S0007291,2025-02-22,C00509,Organic Search,Mobile,0
S0007292,2025-05-29,C00828,Social Media,Mobile,0
S0007293,2025-12-24,C00201,Social Media,Desktop,0
S0007294,2025-08-07,C00438,Organic Search,Desktop,0
S0007295,2025-04-23,C00829,Organic Search,Desktop,0
S0007296,2025-10-15,C01064,Social Media,Mobile,0
S0007297,2025-10-04,C00419,Organic Search,Mobile,0
S0007298,2025-03-24,C00940,Organic Search,Mobile,0
S0007299,2025-08-06,C01003,Paid Search,Mobile,0
S0007300,2025-08-14,C00163,Paid Search,Mobile,0
S0007301,2025-09-27,C00589,Paid Search,Mobile,0
S0007302,2025-01-15,C00735,Social Media,Mobile,0
S0007303,2025-10-17,C00391,Social Media,Desktop,0
S0007304,2025-12-05,C00466,Direct,Mobile,0
S0007305,2025-09-22,C00331,Social Media,Desktop,0
S0007306,2025-07-18,C00349,Email,Mobile,0
S0007307,2025-06-07,C00306,Social Media,Desktop,0
S0007308,2025-11-29,C01091,Paid Search,Desktop,0
S0007309,2025-07-26,C00247,Paid Search,Desktop,0
S0007310,2025-06-23,C00854,Organic Search,Mobile,0
S0007311,2025-07-03,C00783,Social Media,Mobile,0
S0007312,2025-09-22,C00111,Organic Search,Mobile,0
S0007313,2025-09-03,C00952,Social Media,Mobile,0
S0007314,2025-02-05,C00943,Email,Mobile,0
S0007315,2025-09-16,C00039,Email,Mobile,0
S0007316,2025-01-19,C01112,Organic Search,Mobile,0
S0007317,2025-01-23,C00491,Organic Search,Mobile,0
S0007318,2025-04-14,C01071,Paid Search,Tablet,0
S0007319,2025-08-29,C00325,Organic Search,Mobile,0
S0007320,2025-12-27,C00318,Organic Search,Mobile,1
S0007321,2025-07-23,C00582,Organic Search,Desktop,0
S0007322,2025-09-10,C00475,Paid Search,Desktop,0
S0007323,2025-05-22,C00091,Paid Search,Mobile,0
S0007324,2025-10-29,C01059,Paid Search,Mobile,1
S0007325,2025-05-23,C00508,Paid Search,Mobile,0
S0007326,2025-09-28,C00457,Direct,Desktop,0
S0007327,2025-11-03,C00798,Direct,Mobile,0
S0007328,2025-04-20,C00297,Paid Search,Desktop,0
S0007329,2025-01-08,C00403,Paid Search,Mobile,1
S0007330,2025-03-10,C00303,Direct,Mobile,0
S0007331,2025-07-09,C00225,Email,Mobile,0
S0007332,2025-06-28,C01199,Organic Search,Mobile,0
S0007333,2025-03-04,C01029,Referral,Desktop,0
S0007334,2025-03-09,C00965,Direct,Mobile,0
S0007335,2025-07-25,C00526,Direct,Desktop,0
S0007336,2025-01-06,C00860,Referral,Desktop,0
S0007337,2025-04-29,C00031,Organic Search,Desktop,0
S0007338,2025-11-09,C00250,Direct,Desktop,0
S0007339,2025-01-31,C01112,Organic Search,Mobile,0
S0007340,2025-01-06,C00790,Social Media,Mobile,0
S0007341,2025-07-26,C00375,Email,Mobile,0
S0007342,2025-06-06,C00637,Social Media,Desktop,0
S0007343,2025-03-08,C00234,Paid Search,Desktop,0
S0007344,2025-11-26,C00362,Direct,Mobile,0
S0007345,2025-12-19,C00845,Organic Search,Mobile,0
S0007346,2025-12-02,C00583,Social Media,Mobile,0
S0007347,2025-10-16,C00267,Organic Search,Mobile,0
S0007348,2025-05-20,C00256,Email,Mobile,0
S0007349,2025-10-27,C00712,Organic Search,Mobile,0
S0007350,2025-01-13,C00250,Direct,Desktop,0
S0007351,2025-06-01,C00540,Paid Search,Mobile,0
S0007352,2025-11-09,C00466,Direct,Mobile,0
S0007353,2025-12-18,C00636,Social Media,Desktop,0
S0007354,2025-04-19,C00965,Direct,Mobile,0
S0007355,2025-12-22,C00198,Organic Search,Mobile,0
S0007356,2025-05-29,C01030,Organic Search,Tablet,0
S0007357,2025-07-23,C00636,Social Media,Mobile,0
S0007358,2025-11-03,C00239,Direct,Desktop,0
S0007359,2025-01-21,C00916,Organic Search,Desktop,0
S0007360,2025-03-01,C00004,Paid Search,Mobile,0
S0007361,2025-01-21,C00408,Paid Search,Mobile,0
S0007362,2025-12-29,C00773,Email,Mobile,0
S0007363,2025-09-02,C00294,Direct,Mobile,0
S0007364,2025-03-14,C01119,Email,Mobile,0
S0007365,2025-03-17,C01058,Direct,Mobile,0
S0007366,2025-07-05,C00538,Organic Search,Desktop,0
S0007367,2025-03-19,C00350,Social Media,Tablet,0
S0007368,2025-03-06,C00241,Direct,Desktop,0
S0007369,2025-12-08,C01039,Email,Desktop,0
S0007370,2025-10-17,C00542,Direct,Mobile,0
S0007371,2025-02-25,C00188,Referral,Tablet,0
S0007372,2025-11-27,C01112,Organic Search,Desktop,0
S0007373,2025-09-16,C01158,Email,Mobile,0
S0007374,2025-07-09,C00331,Social Media,Mobile,0
S0007375,2025-01-06,C00978,Social Media,Desktop,0
S0007376,2025-01-06,C00632,Paid Search,Desktop,0
S0007377,2025-07-10,C00767,Email,Tablet,0
S0007378,2025-05-28,C00470,Organic Search,Mobile,0
S0007379,2025-09-15,C00255,Organic Search,Desktop,0
S0007380,2025-08-06,C00446,Organic Search,Desktop,0
S0007381,2025-03-31,C00962,Social Media,Mobile,0
S0007382,2025-11-08,C00940,Organic Search,Mobile,0
S0007383,2025-12-18,C00336,Organic Search,Mobile,0
S0007384,2025-01-10,C00929,Direct,Desktop,0
S0007385,2025-03-28,C00334,Paid Search,Mobile,0
S0007386,2025-09-07,C00772,Organic Search,Desktop,0
S0007387,2025-11-22,C00380,Referral,Mobile,0
S0007388,2025-05-31,C00282,Organic Search,Mobile,0
S0007389,2025-04-23,C00449,Organic Search,Tablet,0
S0007390,2025-01-30,C00754,Direct,Mobile,1
S0007391,2025-05-08,C00493,Paid Search,Tablet,0
S0007392,2025-03-19,C00911,Paid Search,Tablet,0
S0007393,2025-02-24,C00678,Organic Search,Mobile,0
S0007394,2025-11-01,C00886,Paid Search,Desktop,0
S0007395,2025-02-03,C00541,Paid Search,Mobile,0
S0007396,2025-04-15,C00542,Direct,Mobile,0
S0007397,2025-06-21,C00742,Referral,Mobile,0
S0007398,2025-01-22,C00955,Direct,Mobile,0
S0007399,2025-10-14,C00744,Paid Search,Mobile,0
S0007400,2025-04-15,C01164,Organic Search,Tablet,0
S0007401,2025-05-29,C01051,Paid Search,Desktop,0
S0007402,2025-09-29,C00644,Email,Desktop,0
S0007403,2025-10-03,C00734,Paid Search,Mobile,0
S0007404,2025-10-26,C00348,Paid Search,Mobile,0
S0007405,2025-06-21,C00899,Social Media,Mobile,0
S0007406,2025-02-16,C00069,Organic Search,Mobile,0
S0007407,2025-04-24,C01199,Organic Search,Desktop,0
S0007408,2025-10-02,C00581,Organic Search,Mobile,0
S0007409,2025-10-31,C00655,Referral,Desktop,0
S0007410,2025-07-26,C00584,Email,Mobile,0
S0007411,2025-08-30,C00078,Direct,Mobile,0
S0007412,2025-10-28,C01029,Referral,Desktop,0
S0007413,2025-07-15,C00927,Paid Search,Desktop,0
S0007414,2025-06-13,C01184,Email,Mobile,0
S0007415,2025-06-25,C01033,Paid Search,Desktop,0
S0007416,2025-12-09,C01154,Paid Search,Mobile,0
S0007417,2025-09-28,C00489,Paid Search,Mobile,0
S0007418,2025-04-20,C00750,Organic Search,Desktop,0
S0007419,2025-06-21,C00483,Paid Search,Mobile,0
S0007420,2025-12-18,C00878,Direct,Desktop,0
S0007421,2025-07-21,C00300,Social Media,Mobile,0
S0007422,2025-06-17,C00008,Referral,Desktop,0
S0007423,2025-04-12,C00903,Email,Mobile,0
S0007424,2025-03-27,C00725,Referral,Tablet,0
S0007425,2025-05-22,C00730,Organic Search,Desktop,0
S0007426,2025-12-03,C00977,Organic Search,Desktop,1
S0007427,2025-08-01,C00387,Organic Search,Mobile,0
S0007428,2025-02-20,C00767,Email,Desktop,0
S0007429,2025-04-22,C00245,Direct,Mobile,0
S0007430,2025-09-28,C00848,Organic Search,Mobile,0
S0007431,2025-03-06,C00713,Referral,Desktop,0
S0007432,2025-12-10,C00969,Organic Search,Mobile,1
S0007433,2025-07-02,C01142,Paid Search,Desktop,0
S0007434,2025-11-28,C00421,Social Media,Mobile,1
S0007435,2025-01-10,C01007,Organic Search,Mobile,1
S0007436,2025-08-22,C00034,Social Media,Mobile,0
S0007437,2025-10-25,C00806,Organic Search,Mobile,0
S0007438,2025-09-01,C01058,Direct,Mobile,0
S0007439,2025-12-17,C00111,Organic Search,Mobile,0
S0007440,2025-09-24,C01048,Direct,Mobile,0
S0007441,2025-04-28,C00239,Direct,Desktop,0
S0007442,2025-05-24,C00684,Email,Desktop,0
S0007443,2025-07-20,C00529,Paid Search,Desktop,0
S0007444,2025-08-27,C00041,Organic Search,Mobile,0
S0007445,2025-11-30,C00137,Social Media,Mobile,0
S0007446,2025-09-03,C01130,Organic Search,Mobile,0
S0007447,2025-12-12,C01119,Email,Mobile,0
S0007448,2025-01-08,C00382,Social Media,Mobile,1
S0007449,2025-06-01,C00961,Social Media,Mobile,0
S0007450,2025-07-30,C00253,Social Media,Mobile,0
S0007451,2025-06-07,C00947,Organic Search,Mobile,0
S0007452,2025-02-27,C00855,Social Media,Mobile,0
S0007453,2025-03-27,C00504,Direct,Desktop,0
S0007454,2025-02-24,C00185,Paid Search,Mobile,0
S0007455,2025-07-20,C00766,Email,Desktop,0
S0007456,2025-05-02,C01141,Social Media,Mobile,0
S0007457,2025-04-18,C01082,Referral,Mobile,0
S0007458,2025-10-31,C00483,Paid Search,Mobile,0
S0007459,2025-05-12,C00977,Organic Search,Mobile,0
S0007460,2025-07-17,C00552,Direct,Desktop,0
S0007461,2025-02-16,C01159,Organic Search,Mobile,0
S0007462,2025-08-16,C00694,Social Media,Mobile,0
S0007463,2025-09-02,C00042,Direct,Mobile,0
S0007464,2025-07-22,C00102,Organic Search,Mobile,0
S0007465,2025-09-18,C00529,Paid Search,Mobile,0
S0007466,2025-06-27,C00969,Organic Search,Desktop,0
S0007467,2025-01-24,C00148,Social Media,Desktop,0
S0007468,2025-06-24,C00657,Direct,Mobile,0
S0007469,2025-10-01,C00590,Social Media,Tablet,0
S0007470,2025-12-06,C00218,Paid Search,Mobile,0
S0007471,2025-09-18,C00673,Organic Search,Desktop,0
S0007472,2025-10-13,C00374,Direct,Desktop,0
S0007473,2025-01-01,C00533,Email,Desktop,0
S0007474,2025-03-27,C00282,Organic Search,Desktop,0
S0007475,2025-12-04,C01148,Paid Search,Desktop,0
S0007476,2025-03-10,C00378,Referral,Mobile,1
S0007477,2025-01-31,C00742,Referral,Mobile,0
S0007478,2025-07-17,C00235,Email,Mobile,0
S0007479,2025-04-01,C00062,Organic Search,Desktop,0
S0007480,2025-12-15,C00468,Social Media,Mobile,0
S0007481,2025-01-16,C00391,Social Media,Mobile,0
S0007482,2025-11-06,C00889,Organic Search,Desktop,1
S0007483,2025-10-03,C00663,Paid Search,Desktop,0
S0007484,2025-12-04,C00253,Social Media,Mobile,0
S0007485,2025-06-11,C00261,Organic Search,Mobile,0
S0007486,2025-07-11,C00421,Social Media,Mobile,0
S0007487,2025-05-31,C00113,Social Media,Desktop,0
S0007488,2025-12-31,C01128,Email,Mobile,0
S0007489,2025-04-23,C00060,Organic Search,Desktop,0
S0007490,2025-09-30,C00984,Referral,Desktop,0
S0007491,2025-06-25,C00445,Referral,Mobile,0
S0007492,2025-05-29,C00786,Organic Search,Mobile,0
S0007493,2025-06-27,C00958,Referral,Mobile,0
S0007494,2025-08-11,C01149,Social Media,Desktop,0
S0007495,2025-09-16,C00787,Email,Desktop,0
S0007496,2025-09-30,C00877,Paid Search,Mobile,0
S0007497,2025-07-08,C00704,Direct,Desktop,0
S0007498,2025-11-02,C00123,Direct,Desktop,0
S0007499,2025-03-31,C00594,Organic Search,Mobile,0
S0007500,2025-12-09,C00196,Social Media,Mobile,0
S0007501,2025-09-19,C00470,Organic Search,Mobile,0
S0007502,2025-06-05,C00565,Social Media,Mobile,0
S0007503,2025-07-19,C00200,Direct,Desktop,1
S0007504,2025-02-24,C00575,Referral,Mobile,0
S0007505,2025-09-11,C00042,Direct,Mobile,0
S0007506,2025-06-22,C01058,Direct,Tablet,0
S0007507,2025-07-19,C00393,Referral,Mobile,1
S0007508,2025-04-12,C00208,Paid Search,Mobile,1
S0007509,2025-10-12,C00300,Social Media,Desktop,0
S0007510,2025-05-31,C00888,Organic Search,Mobile,0
S0007511,2025-04-21,C00734,Paid Search,Mobile,0
S0007512,2025-09-23,C00595,Organic Search,Desktop,1
S0007513,2025-04-01,C00165,Paid Search,Mobile,0
S0007514,2025-06-26,C00534,Email,Mobile,0
S0007515,2025-08-19,C01131,Social Media,Desktop,0
S0007516,2025-01-29,C00213,Direct,Mobile,0
S0007517,2025-10-28,C01125,Email,Mobile,0
S0007518,2025-07-14,C00788,Direct,Mobile,0
S0007519,2025-11-03,C00449,Organic Search,Mobile,0
S0007520,2025-08-27,C00358,Social Media,Mobile,0
S0007521,2025-12-23,C01100,Referral,Mobile,0
S0007522,2025-09-24,C00840,Referral,Desktop,0
S0007523,2025-08-02,C01119,Email,Mobile,0
S0007524,2025-03-23,C00056,Direct,Desktop,0
S0007525,2025-05-08,C00839,Direct,Tablet,0
S0007526,2025-09-19,C00550,Email,Mobile,0
S0007527,2025-03-08,C00831,Paid Search,Mobile,0
S0007528,2025-03-03,C00561,Paid Search,Mobile,0
S0007529,2025-05-13,C00441,Organic Search,Desktop,0
S0007530,2025-05-17,C00768,Organic Search,Mobile,0
S0007531,2025-01-28,C00879,Paid Search,Mobile,0
S0007532,2025-07-30,C00213,Direct,Mobile,1
S0007533,2025-07-24,C00500,Organic Search,Mobile,0
S0007534,2025-09-10,C00518,Email,Desktop,0
S0007535,2025-02-07,C00523,Email,Mobile,0
S0007536,2025-02-12,C00011,Organic Search,Mobile,0
S0007537,2025-04-27,C01133,Direct,Mobile,0
S0007538,2025-07-09,C00931,Social Media,Desktop,0
S0007539,2025-02-15,C01029,Referral,Mobile,0
S0007540,2025-06-15,C00127,Paid Search,Desktop,0
S0007541,2025-11-01,C00346,Direct,Desktop,1
S0007542,2025-07-22,C00479,Social Media,Mobile,0
S0007543,2025-08-21,C00972,Social Media,Mobile,0
S0007544,2025-09-02,C00635,Social Media,Desktop,0
S0007545,2025-07-28,C00676,Direct,Desktop,0
S0007546,2025-09-05,C00065,Organic Search,Desktop,0
S0007547,2025-10-22,C00307,Email,Mobile,0
S0007548,2025-11-23,C00027,Paid Search,Desktop,0
S0007549,2025-06-07,C00157,Referral,Mobile,0
S0007550,2025-01-01,C00911,Paid Search,Mobile,0
S0007551,2025-08-05,C00138,Paid Search,Mobile,0
S0007552,2025-09-06,C00149,Organic Search,Desktop,0
S0007553,2025-03-10,C01120,Paid Search,Desktop,1
S0007554,2025-01-30,C01106,Social Media,Mobile,0
S0007555,2025-04-25,C00449,Organic Search,Mobile,0
S0007556,2025-01-08,C00113,Social Media,Mobile,0
S0007557,2025-10-02,C00091,Paid Search,Mobile,0
S0007558,2025-11-11,C00007,Paid Search,Mobile,0
S0007559,2025-12-01,C00549,Paid Search,Mobile,0
S0007560,2025-02-05,C00519,Organic Search,Mobile,0
S0007561,2025-11-07,C00472,Paid Search,Desktop,0
S0007562,2025-02-13,C00275,Email,Mobile,0
S0007563,2025-06-04,C00963,Direct,Mobile,0
S0007564,2025-03-18,C00132,Organic Search,Mobile,0
S0007565,2025-03-19,C00680,Email,Mobile,1
S0007566,2025-04-11,C00178,Organic Search,Mobile,0
S0007567,2025-01-30,C00559,Organic Search,Mobile,0
S0007568,2025-02-08,C00271,Referral,Mobile,0
S0007569,2025-08-27,C01076,Organic Search,Desktop,0
S0007570,2025-01-13,C00272,Paid Search,Mobile,0
S0007571,2025-05-02,C00700,Referral,Mobile,0
S0007572,2025-05-24,C00615,Paid Search,Desktop,0
S0007573,2025-06-21,C00354,Paid Search,Desktop,0
S0007574,2025-09-04,C00023,Social Media,Desktop,0
S0007575,2025-09-04,C00015,Social Media,Mobile,0
S0007576,2025-02-14,C01050,Social Media,Mobile,0
S0007577,2025-09-10,C01068,Direct,Desktop,0
S0007578,2025-10-18,C00966,Social Media,Desktop,0
S0007579,2025-07-26,C00612,Organic Search,Desktop,0
S0007580,2025-01-07,C00219,Organic Search,Mobile,0
S0007581,2025-08-30,C00938,Paid Search,Desktop,0
S0007582,2025-04-20,C00340,Referral,Mobile,0
S0007583,2025-04-24,C01039,Email,Mobile,1
S0007584,2025-11-03,C00880,Organic Search,Desktop,0
S0007585,2025-10-29,C00389,Social Media,Mobile,0
S0007586,2025-10-03,C00572,Social Media,Mobile,0
S0007587,2025-04-06,C00728,Organic Search,Mobile,0
S0007588,2025-10-21,C01144,Social Media,Mobile,0
S0007589,2025-07-08,C00092,Email,Desktop,0
S0007590,2025-12-26,C01009,Referral,Mobile,0
S0007591,2025-10-15,C00950,Email,Mobile,0
S0007592,2025-06-03,C00148,Social Media,Mobile,0
S0007593,2025-02-27,C00084,Direct,Mobile,0
S0007594,2025-12-04,C00966,Social Media,Mobile,0
S0007595,2025-02-19,C00182,Social Media,Mobile,0
S0007596,2025-07-26,C00349,Email,Desktop,1
S0007597,2025-02-21,C00654,Organic Search,Desktop,0
S0007598,2025-12-08,C00396,Organic Search,Desktop,0
S0007599,2025-05-30,C00653,Direct,Desktop,0
S0007600,2025-02-22,C01189,Organic Search,Mobile,0
S0007601,2025-08-01,C00677,Organic Search,Desktop,0
S0007602,2025-03-07,C00643,Social Media,Mobile,0
S0007603,2025-08-20,C00711,Direct,Desktop,0
S0007604,2025-10-26,C00606,Paid Search,Mobile,0
S0007605,2025-12-04,C00081,Social Media,Desktop,0
S0007606,2025-05-31,C01014,Direct,Mobile,0
S0007607,2025-07-24,C00884,Organic Search,Desktop,0
S0007608,2025-11-16,C00969,Organic Search,Mobile,0
S0007609,2025-09-12,C00939,Paid Search,Desktop,1
S0007610,2025-05-17,C01069,Direct,Mobile,0
S0007611,2025-05-15,C00167,Email,Mobile,0
S0007612,2025-02-23,C01034,Direct,Mobile,0
S0007613,2025-03-06,C00097,Paid Search,Mobile,0
S0007614,2025-01-02,C00066,Paid Search,Mobile,0
S0007615,2025-05-12,C01184,Email,Desktop,0
S0007616,2025-11-30,C00652,Paid Search,Mobile,0
S0007617,2025-02-01,C00949,Social Media,Tablet,0
S0007618,2025-12-22,C00093,Direct,Mobile,0
S0007619,2025-12-26,C00755,Direct,Mobile,0
S0007620,2025-08-31,C00898,Email,Desktop,0
S0007621,2025-07-11,C00833,Paid Search,Mobile,0
S0007622,2025-05-22,C00833,Paid Search,Mobile,0
S0007623,2025-05-28,C00512,Email,Mobile,0
S0007624,2025-03-30,C00765,Referral,Desktop,0
S0007625,2025-02-18,C00804,Organic Search,Mobile,0
S0007626,2025-05-16,C00996,Paid Search,Desktop,0
S0007627,2025-07-10,C00361,Paid Search,Mobile,0
S0007628,2025-05-29,C00962,Social Media,Mobile,0
S0007629,2025-03-28,C01015,Social Media,Desktop,0
S0007630,2025-01-08,C00429,Paid Search,Mobile,0
S0007631,2025-08-11,C00739,Paid Search,Mobile,0
S0007632,2025-12-23,C00320,Paid Search,Mobile,0
S0007633,2025-01-16,C00893,Email,Mobile,0
S0007634,2025-10-23,C00788,Direct,Desktop,0
S0007635,2025-04-16,C00791,Organic Search,Mobile,0
S0007636,2025-10-10,C00372,Direct,Mobile,0
S0007637,2025-04-14,C00543,Direct,Mobile,0
S0007638,2025-12-27,C01155,Direct,Desktop,0
S0007639,2025-05-26,C00544,Paid Search,Mobile,1
S0007640,2025-02-04,C01111,Paid Search,Mobile,0
S0007641,2025-04-23,C00597,Social Media,Mobile,0
S0007642,2025-11-04,C00007,Paid Search,Desktop,0
S0007643,2025-02-22,C00826,Social Media,Tablet,0
S0007644,2025-12-13,C01080,Organic Search,Mobile,0
S0007645,2025-03-22,C01038,Organic Search,Tablet,0
S0007646,2025-04-14,C00490,Referral,Tablet,0
S0007647,2025-11-18,C00145,Referral,Desktop,0
S0007648,2025-08-30,C00470,Organic Search,Mobile,0
S0007649,2025-01-31,C00065,Organic Search,Desktop,0
S0007650,2025-11-13,C00609,Direct,Mobile,0
S0007651,2025-07-11,C00980,Organic Search,Mobile,0
S0007652,2025-12-23,C00431,Paid Search,Mobile,0
S0007653,2025-12-27,C01090,Paid Search,Desktop,0
S0007654,2025-08-21,C00853,Direct,Mobile,0
S0007655,2025-04-08,C00717,Direct,Desktop,1
S0007656,2025-02-03,C00581,Organic Search,Mobile,0
S0007657,2025-08-31,C00345,Organic Search,Mobile,0
S0007658,2025-02-28,C00634,Paid Search,Desktop,0
S0007659,2025-09-16,C00597,Social Media,Tablet,0
S0007660,2025-01-17,C00198,Organic Search,Mobile,0
S0007661,2025-03-19,C00442,Social Media,Mobile,0
S0007662,2025-07-25,C00792,Referral,Desktop,1
S0007663,2025-10-29,C00590,Social Media,Desktop,0
S0007664,2025-06-15,C00998,Paid Search,Mobile,0
S0007665,2025-10-18,C00128,Paid Search,Mobile,0
S0007666,2025-04-22,C00903,Email,Mobile,0
S0007667,2025-11-13,C00527,Paid Search,Tablet,0
S0007668,2025-12-19,C00903,Email,Mobile,1
S0007669,2025-05-25,C00257,Email,Mobile,0
S0007670,2025-06-05,C00081,Social Media,Mobile,0
S0007671,2025-06-27,C00809,Email,Mobile,0
S0007672,2025-12-12,C01026,Organic Search,Mobile,0
S0007673,2025-05-16,C01097,Paid Search,Desktop,0
S0007674,2025-11-11,C00858,Direct,Mobile,1
S0007675,2025-01-18,C00014,Organic Search,Desktop,0
S0007676,2025-12-17,C01146,Paid Search,Desktop,1
S0007677,2025-06-04,C00199,Email,Desktop,0
S0007678,2025-09-29,C00107,Email,Mobile,0
S0007679,2025-09-23,C01039,Email,Mobile,0
S0007680,2025-12-26,C00899,Social Media,Desktop,0
S0007681,2025-11-28,C00565,Social Media,Mobile,0
S0007682,2025-01-16,C00128,Paid Search,Mobile,0
S0007683,2025-01-12,C00482,Email,Mobile,0
S0007684,2025-03-16,C01150,Paid Search,Desktop,0
S0007685,2025-07-31,C00911,Paid Search,Desktop,0
S0007686,2025-06-28,C00299,Direct,Mobile,0
S0007687,2025-05-09,C00868,Social Media,Desktop,0
S0007688,2025-10-10,C00802,Referral,Desktop,0
S0007689,2025-07-14,C00463,Organic Search,Mobile,0
S0007690,2025-09-25,C00646,Paid Search,Desktop,0
S0007691,2025-01-30,C01070,Direct,Desktop,0
S0007692,2025-01-09,C00894,Social Media,Tablet,0
S0007693,2025-11-05,C00183,Email,Desktop,0
S0007694,2025-11-06,C00074,Direct,Mobile,0
S0007695,2025-06-14,C00762,Organic Search,Desktop,0
S0007696,2025-07-12,C00661,Organic Search,Desktop,1
S0007697,2025-11-01,C01179,Paid Search,Mobile,0
S0007698,2025-09-17,C00597,Social Media,Desktop,0
S0007699,2025-07-11,C00718,Direct,Mobile,0
S0007700,2025-03-20,C01017,Referral,Desktop,0
S0007701,2025-06-28,C01198,Referral,Mobile,0
S0007702,2025-04-01,C00227,Direct,Mobile,0
S0007703,2025-08-03,C00134,Social Media,Desktop,0
S0007704,2025-03-20,C00656,Organic Search,Mobile,0
S0007705,2025-04-13,C00190,Organic Search,Mobile,0
S0007706,2025-04-21,C01052,Social Media,Mobile,0
S0007707,2025-11-10,C00124,Organic Search,Desktop,0
S0007708,2025-09-04,C00882,Social Media,Mobile,0
S0007709,2025-08-22,C00972,Social Media,Mobile,0
S0007710,2025-03-23,C00056,Direct,Tablet,0
S0007711,2025-05-12,C00896,Organic Search,Mobile,0
S0007712,2025-08-23,C00646,Paid Search,Desktop,0
S0007713,2025-10-05,C00948,Direct,Mobile,0
S0007714,2025-12-01,C00449,Organic Search,Mobile,0
S0007715,2025-04-09,C00668,Paid Search,Mobile,0
S0007716,2025-02-07,C01199,Organic Search,Desktop,0
S0007717,2025-06-10,C00428,Organic Search,Mobile,0
S0007718,2025-04-27,C00185,Paid Search,Mobile,0
S0007719,2025-08-29,C00073,Email,Mobile,0
S0007720,2025-01-26,C00496,Email,Desktop,0
S0007721,2025-05-16,C00295,Paid Search,Tablet,0
S0007722,2025-02-19,C00801,Direct,Mobile,0
S0007723,2025-10-21,C00683,Social Media,Mobile,0
S0007724,2025-10-25,C00491,Organic Search,Mobile,0
S0007725,2025-10-20,C01140,Social Media,Desktop,0
S0007726,2025-06-03,C00165,Paid Search,Desktop,0
S0007727,2025-08-08,C01024,Organic Search,Desktop,0
S0007728,2025-05-20,C00339,Email,Desktop,1
S0007729,2025-02-18,C00007,Paid Search,Mobile,0
S0007730,2025-05-22,C00878,Direct,Mobile,0
S0007731,2025-02-15,C00057,Organic Search,Desktop,1
S0007732,2025-06-12,C00072,Paid Search,Mobile,0
S0007733,2025-10-12,C00134,Social Media,Mobile,0
S0007734,2025-09-25,C01040,Social Media,Desktop,0
S0007735,2025-04-26,C00770,Organic Search,Mobile,0
S0007736,2025-03-23,C00416,Referral,Desktop,0
S0007737,2025-02-13,C01176,Email,Desktop,0
S0007738,2025-07-13,C00883,Organic Search,Mobile,0
S0007739,2025-09-15,C00877,Paid Search,Tablet,0
S0007740,2025-09-30,C00232,Email,Mobile,0
S0007741,2025-10-01,C00036,Paid Search,Desktop,0
S0007742,2025-10-05,C01134,Referral,Mobile,0
S0007743,2025-03-24,C00983,Paid Search,Mobile,0
S0007744,2025-02-27,C00117,Referral,Tablet,0
S0007745,2025-02-22,C00951,Email,Mobile,0
S0007746,2025-01-01,C00416,Referral,Mobile,0
S0007747,2025-08-04,C00154,Paid Search,Mobile,0
S0007748,2025-11-13,C00135,Direct,Mobile,0
S0007749,2025-08-16,C00793,Direct,Desktop,0
S0007750,2025-09-11,C01077,Email,Tablet,0
S0007751,2025-06-08,C00163,Paid Search,Mobile,0
S0007752,2025-10-14,C00130,Organic Search,Mobile,0
S0007753,2025-03-07,C00328,Email,Mobile,0
S0007754,2025-11-05,C00166,Organic Search,Desktop,0
S0007755,2025-04-05,C00492,Email,Desktop,0
S0007756,2025-09-10,C00435,Organic Search,Mobile,0
S0007757,2025-05-30,C00424,Paid Search,Mobile,0
S0007758,2025-01-23,C00792,Referral,Mobile,0
S0007759,2025-09-01,C00482,Email,Desktop,1
S0007760,2025-08-03,C01036,Social Media,Mobile,0
S0007761,2025-05-11,C00735,Social Media,Desktop,0
S0007762,2025-12-09,C00466,Direct,Mobile,0
S0007763,2025-05-28,C00946,Organic Search,Mobile,0
S0007764,2025-04-19,C00608,Paid Search,Desktop,0
S0007765,2025-02-09,C00045,Paid Search,Mobile,0
S0007766,2025-05-01,C00631,Paid Search,Mobile,0
S0007767,2025-10-22,C00065,Organic Search,Mobile,0
S0007768,2025-04-30,C00692,Email,Mobile,0
S0007769,2025-01-18,C00559,Organic Search,Desktop,0
S0007770,2025-06-18,C00396,Organic Search,Mobile,0
S0007771,2025-07-17,C00537,Social Media,Mobile,0
S0007772,2025-05-23,C00164,Social Media,Mobile,0
S0007773,2025-02-06,C00485,Organic Search,Desktop,0
S0007774,2025-07-05,C01050,Social Media,Desktop,0
S0007775,2025-09-18,C00522,Paid Search,Desktop,1
S0007776,2025-08-19,C00740,Organic Search,Mobile,0
S0007777,2025-09-11,C00277,Paid Search,Desktop,0
S0007778,2025-11-25,C00664,Email,Mobile,0
S0007779,2025-10-24,C00524,Direct,Desktop,0
S0007780,2025-01-10,C00347,Social Media,Mobile,0
S0007781,2025-11-20,C00146,Organic Search,Mobile,0
S0007782,2025-08-18,C00482,Email,Desktop,0
S0007783,2025-01-24,C00416,Referral,Mobile,1
S0007784,2025-03-19,C00646,Paid Search,Mobile,0
S0007785,2025-07-12,C00884,Organic Search,Desktop,0
S0007786,2025-04-19,C00482,Email,Mobile,0
S0007787,2025-10-07,C00389,Social Media,Desktop,0
S0007788,2025-09-20,C00438,Organic Search,Mobile,0
S0007789,2025-11-25,C00876,Paid Search,Mobile,0
S0007790,2025-12-29,C00466,Direct,Mobile,0
S0007791,2025-12-21,C00254,Paid Search,Desktop,0
S0007792,2025-09-25,C00500,Organic Search,Mobile,0
S0007793,2025-12-07,C00424,Paid Search,Desktop,0
S0007794,2025-09-16,C00862,Social Media,Mobile,0
S0007795,2025-12-01,C00111,Organic Search,Mobile,0
S0007796,2025-03-26,C00256,Email,Desktop,1
S0007797,2025-01-10,C00759,Direct,Desktop,0
S0007798,2025-10-16,C00361,Paid Search,Desktop,0
S0007799,2025-10-29,C00311,Organic Search,Mobile,0
S0007800,2025-02-28,C00241,Direct,Mobile,0
S0007801,2025-11-04,C01058,Direct,Mobile,0
S0007802,2025-09-19,C01173,Paid Search,Mobile,0
S0007803,2025-10-12,C00101,Organic Search,Mobile,0
S0007804,2025-04-29,C01198,Referral,Mobile,0
S0007805,2025-06-17,C00449,Organic Search,Mobile,1
S0007806,2025-12-19,C00130,Organic Search,Mobile,0
S0007807,2025-07-08,C00169,Organic Search,Desktop,0
S0007808,2025-09-08,C01152,Direct,Desktop,0
S0007809,2025-11-20,C00866,Organic Search,Desktop,0
S0007810,2025-08-17,C00044,Social Media,Mobile,0
S0007811,2025-07-09,C01045,Organic Search,Mobile,0
S0007812,2025-11-12,C01155,Direct,Mobile,0
S0007813,2025-05-04,C01038,Organic Search,Desktop,0
S0007814,2025-03-25,C01118,Social Media,Mobile,0
S0007815,2025-10-24,C00484,Paid Search,Mobile,0
S0007816,2025-08-03,C00651,Referral,Desktop,0
S0007817,2025-08-25,C01064,Social Media,Mobile,0
S0007818,2025-04-23,C01111,Paid Search,Mobile,0
S0007819,2025-08-05,C00757,Paid Search,Mobile,0
S0007820,2025-11-17,C01150,Paid Search,Mobile,0
S0007821,2025-09-03,C01112,Organic Search,Mobile,0
S0007822,2025-12-01,C00926,Direct,Mobile,0
S0007823,2025-11-15,C00893,Email,Mobile,0
S0007824,2025-02-06,C00937,Paid Search,Mobile,0
S0007825,2025-03-05,C01014,Direct,Mobile,0
S0007826,2025-08-07,C00366,Email,Mobile,0
S0007827,2025-12-08,C00858,Direct,Mobile,0
S0007828,2025-02-03,C00325,Organic Search,Desktop,0
S0007829,2025-02-08,C00706,Social Media,Desktop,0
S0007830,2025-03-08,C01085,Paid Search,Desktop,0
S0007831,2025-07-28,C00782,Organic Search,Mobile,0
S0007832,2025-11-14,C00560,Paid Search,Mobile,0
S0007833,2025-12-10,C01196,Email,Mobile,0
S0007834,2025-06-01,C00967,Direct,Mobile,0
S0007835,2025-12-31,C00298,Paid Search,Mobile,0
S0007836,2025-07-18,C00993,Organic Search,Desktop,0
S0007837,2025-03-30,C00524,Direct,Tablet,1
S0007838,2025-09-05,C00314,Organic Search,Desktop,0
S0007839,2025-11-19,C00540,Paid Search,Mobile,1
S0007840,2025-03-20,C01132,Direct,Mobile,0
S0007841,2025-10-12,C00617,Organic Search,Mobile,0
S0007842,2025-11-26,C01108,Direct,Mobile,0
S0007843,2025-02-01,C00425,Paid Search,Desktop,0
S0007844,2025-03-28,C00390,Organic Search,Desktop,0
S0007845,2025-02-08,C00221,Social Media,Mobile,0
S0007846,2025-04-11,C00803,Social Media,Mobile,0
S0007847,2025-09-01,C01044,Organic Search,Mobile,0
S0007848,2025-08-20,C01075,Paid Search,Desktop,0
S0007849,2025-03-09,C00219,Organic Search,Mobile,0
S0007850,2025-07-11,C00505,Organic Search,Desktop,0
S0007851,2025-01-28,C01104,Organic Search,Desktop,0
S0007852,2025-09-27,C00698,Paid Search,Tablet,0
S0007853,2025-08-14,C00665,Direct,Mobile,0
S0007854,2025-03-18,C00932,Organic Search,Mobile,0
S0007855,2025-08-11,C00386,Organic Search,Desktop,0
S0007856,2025-06-16,C00353,Paid Search,Desktop,0
S0007857,2025-10-11,C00390,Organic Search,Mobile,0
S0007858,2025-07-11,C00706,Social Media,Desktop,0
S0007859,2025-03-30,C00120,Organic Search,Mobile,1
S0007860,2025-02-01,C00145,Referral,Mobile,0
S0007861,2025-05-17,C00971,Email,Mobile,0
S0007862,2025-06-05,C00774,Social Media,Mobile,0
S0007863,2025-09-07,C00178,Organic Search,Tablet,0
S0007864,2025-04-05,C00597,Social Media,Mobile,0
S0007865,2025-01-17,C00869,Referral,Mobile,0
S0007866,2025-04-27,C01064,Social Media,Desktop,0
S0007867,2025-11-29,C01199,Organic Search,Mobile,0
S0007868,2025-11-07,C00718,Direct,Mobile,0
S0007869,2025-01-10,C00101,Organic Search,Mobile,0
S0007870,2025-03-21,C00787,Email,Mobile,0
S0007871,2025-05-14,C00526,Direct,Desktop,0
S0007872,2025-07-22,C00361,Paid Search,Mobile,0
S0007873,2025-04-26,C00439,Email,Desktop,0
S0007874,2025-08-08,C00696,Referral,Desktop,0
S0007875,2025-09-10,C00856,Paid Search,Mobile,0
S0007876,2025-06-18,C00719,Organic Search,Mobile,0
S0007877,2025-12-01,C00721,Email,Mobile,0
S0007878,2025-11-12,C00742,Referral,Mobile,0
S0007879,2025-07-24,C00617,Organic Search,Mobile,0
S0007880,2025-10-25,C00891,Social Media,Mobile,0
S0007881,2025-09-05,C00556,Organic Search,Mobile,0
S0007882,2025-12-31,C00590,Social Media,Mobile,0
S0007883,2025-03-12,C00809,Email,Desktop,0
S0007884,2025-06-05,C00136,Organic Search,Mobile,0
S0007885,2025-04-12,C01016,Organic Search,Mobile,0
S0007886,2025-01-13,C00901,Referral,Desktop,0
S0007887,2025-09-28,C00904,Direct,Mobile,1
S0007888,2025-10-19,C00267,Organic Search,Mobile,0
S0007889,2025-08-08,C00438,Organic Search,Desktop,0
S0007890,2025-01-15,C00025,Referral,Desktop,0
S0007891,2025-08-26,C01039,Email,Mobile,0
S0007892,2025-04-27,C00976,Email,Desktop,0
S0007893,2025-11-27,C00480,Social Media,Desktop,0
S0007894,2025-02-25,C00097,Paid Search,Mobile,0
S0007895,2025-12-17,C00728,Organic Search,Tablet,0
S0007896,2025-05-12,C00072,Paid Search,Mobile,0
S0007897,2025-08-14,C00564,Direct,Mobile,0
S0007898,2025-11-04,C00514,Organic Search,Mobile,0
S0007899,2025-08-10,C00610,Referral,Desktop,0
S0007900,2025-06-22,C01161,Social Media,Desktop,0
S0007901,2025-12-06,C00935,Paid Search,Mobile,0
S0007902,2025-10-12,C00693,Social Media,Mobile,0
S0007903,2025-11-05,C00061,Direct,Mobile,0
S0007904,2025-06-06,C00409,Social Media,Mobile,0
S0007905,2025-05-31,C00596,Email,Desktop,0
S0007906,2025-07-04,C00466,Direct,Desktop,0
S0007907,2025-06-27,C00963,Direct,Desktop,0
S0007908,2025-01-21,C00998,Paid Search,Desktop,0
S0007909,2025-04-22,C00866,Organic Search,Desktop,0
S0007910,2025-06-20,C00198,Organic Search,Mobile,0
S0007911,2025-05-18,C01038,Organic Search,Mobile,0
S0007912,2025-08-21,C00528,Email,Mobile,0
S0007913,2025-11-28,C00298,Paid Search,Mobile,0
S0007914,2025-01-30,C00255,Organic Search,Desktop,0
S0007915,2025-11-03,C00100,Referral,Mobile,0
S0007916,2025-06-10,C01067,Organic Search,Desktop,0
S0007917,2025-03-19,C00312,Direct,Mobile,0
S0007918,2025-10-05,C00347,Social Media,Mobile,0
S0007919,2025-11-16,C00172,Organic Search,Mobile,0
S0007920,2025-01-21,C01066,Direct,Desktop,0
S0007921,2025-12-29,C00690,Email,Mobile,0
S0007922,2025-05-23,C01054,Email,Desktop,0
S0007923,2025-02-05,C00577,Referral,Mobile,0
S0007924,2025-10-30,C00066,Paid Search,Mobile,0
S0007925,2025-08-02,C00595,Organic Search,Mobile,0
S0007926,2025-02-01,C00180,Referral,Mobile,0
S0007927,2025-07-05,C00860,Referral,Mobile,0
S0007928,2025-06-23,C01046,Social Media,Mobile,0
S0007929,2025-02-23,C00338,Social Media,Mobile,0
S0007930,2025-06-10,C00622,Email,Mobile,0
S0007931,2025-09-07,C01044,Organic Search,Mobile,1
S0007932,2025-09-08,C00580,Paid Search,Mobile,0
S0007933,2025-10-06,C00901,Referral,Desktop,0
S0007934,2025-06-20,C00222,Email,Mobile,0
S0007935,2025-07-02,C00153,Social Media,Desktop,0
S0007936,2025-01-02,C00259,Organic Search,Mobile,1
S0007937,2025-07-13,C00729,Email,Tablet,0
S0007938,2025-06-15,C00212,Paid Search,Desktop,0
S0007939,2025-09-04,C00226,Social Media,Mobile,0
S0007940,2025-09-01,C01077,Email,Mobile,0
S0007941,2025-04-20,C01103,Organic Search,Mobile,0
S0007942,2025-11-19,C00288,Referral,Mobile,0
S0007943,2025-03-12,C00449,Organic Search,Mobile,0
S0007944,2025-06-13,C00539,Paid Search,Mobile,0
S0007945,2025-10-12,C00761,Organic Search,Mobile,0
S0007946,2025-04-23,C00214,Direct,Mobile,1
S0007947,2025-08-16,C01083,Paid Search,Mobile,0
S0007948,2025-10-28,C01101,Social Media,Desktop,0
S0007949,2025-01-16,C00650,Social Media,Tablet,1
S0007950,2025-01-31,C00968,Social Media,Tablet,0
S0007951,2025-06-11,C00956,Organic Search,Mobile,0
S0007952,2025-11-02,C00944,Email,Mobile,0
S0007953,2025-07-12,C00916,Organic Search,Mobile,0
S0007954,2025-07-29,C00541,Paid Search,Desktop,0
S0007955,2025-08-20,C00933,Social Media,Mobile,0
S0007956,2025-07-03,C00414,Email,Mobile,1
S0007957,2025-01-15,C01106,Social Media,Mobile,0
S0007958,2025-11-01,C00152,Organic Search,Mobile,0
S0007959,2025-07-28,C00390,Organic Search,Mobile,0
S0007960,2025-06-21,C01051,Paid Search,Mobile,0
S0007961,2025-09-23,C00297,Paid Search,Desktop,0
S0007962,2025-01-20,C00680,Email,Mobile,0
S0007963,2025-03-11,C00328,Email,Desktop,0
S0007964,2025-01-08,C00899,Social Media,Mobile,0
S0007965,2025-02-03,C00926,Direct,Mobile,0
S0007966,2025-08-12,C00042,Direct,Mobile,0
S0007967,2025-06-28,C00211,Referral,Mobile,0
S0007968,2025-09-03,C00689,Email,Desktop,0
S0007969,2025-09-17,C01107,Paid Search,Mobile,0
S0007970,2025-04-18,C00848,Organic Search,Mobile,0
S0007971,2025-08-30,C00809,Email,Mobile,0
S0007972,2025-01-24,C00309,Referral,Mobile,0
S0007973,2025-08-04,C01155,Direct,Desktop,0
S0007974,2025-02-24,C00067,Email,Mobile,0
S0007975,2025-01-26,C00262,Social Media,Desktop,0
S0007976,2025-10-08,C00938,Paid Search,Mobile,0
S0007977,2025-10-19,C00695,Paid Search,Desktop,0
S0007978,2025-11-23,C01027,Social Media,Mobile,1
S0007979,2025-07-05,C00032,Paid Search,Mobile,1
S0007980,2025-01-12,C00139,Paid Search,Desktop,0
S0007981,2025-05-09,C01182,Paid Search,Mobile,0
S0007982,2025-07-27,C01065,Social Media,Mobile,0
S0007983,2025-05-13,C00941,Organic Search,Mobile,0
S0007984,2025-12-05,C00010,Direct,Mobile,1
S0007985,2025-07-15,C01171,Social Media,Mobile,0
S0007986,2025-09-19,C00856,Paid Search,Desktop,0
S0007987,2025-10-09,C00800,Social Media,Desktop,0
S0007988,2025-04-13,C01173,Paid Search,Mobile,0
S0007989,2025-04-30,C01191,Paid Search,Mobile,0
S0007990,2025-07-02,C00384,Organic Search,Mobile,0
S0007991,2025-01-09,C01101,Social Media,Desktop,0
S0007992,2025-02-14,C00399,Social Media,Mobile,0
S0007993,2025-09-01,C00066,Paid Search,Desktop,0
S0007994,2025-09-27,C01012,Social Media,Mobile,0
S0007995,2025-04-22,C00086,Direct,Desktop,0
S0007996,2025-02-24,C01162,Paid Search,Mobile,1
S0007997,2025-01-15,C01093,Email,Desktop,0
S0007998,2025-02-06,C00375,Email,Desktop,0
S0007999,2025-06-27,C01024,Organic Search,Desktop,0
S0008000,2025-05-07,C01181,Social Media,Mobile,0
S0008001,2025-04-27,C00481,Email,Desktop,0
S0008002,2025-12-06,C00499,Referral,Mobile,0
S0008003,2025-03-13,C00027,Paid Search,Mobile,0
S0008004,2025-12-18,C00388,Paid Search,Mobile,0
S0008005,2025-04-21,C00267,Organic Search,Mobile,0
S0008006,2025-05-29,C01039,Email,Desktop,0
S0008007,2025-07-04,C00168,Paid Search,Mobile,0
S0008008,2025-04-15,C00307,Email,Desktop,0
S0008009,2025-05-27,C00776,Social Media,Mobile,0
S0008010,2025-08-09,C00810,Referral,Mobile,0
S0008011,2025-11-10,C00517,Organic Search,Desktop,0
S0008012,2025-12-17,C00843,Email,Desktop,0
S0008013,2025-01-06,C00396,Organic Search,Desktop,0
S0008014,2025-09-17,C00365,Email,Mobile,0
S0008015,2025-10-26,C00674,Organic Search,Mobile,0
S0008016,2025-12-15,C00625,Direct,Desktop,0
S0008017,2025-02-11,C00955,Direct,Desktop,0
S0008018,2025-09-16,C01067,Organic Search,Desktop,0
S0008019,2025-09-28,C00590,Social Media,Mobile,0
S0008020,2025-02-16,C01139,Paid Search,Desktop,1
S0008021,2025-03-26,C00024,Email,Desktop,0
S0008022,2025-06-23,C00767,Email,Mobile,0
S0008023,2025-02-27,C00537,Social Media,Mobile,0
S0008024,2025-07-18,C00371,Organic Search,Mobile,0
S0008025,2025-07-28,C00262,Social Media,Mobile,0
S0008026,2025-09-05,C01168,Paid Search,Desktop,0
S0008027,2025-07-30,C00460,Social Media,Mobile,0
S0008028,2025-02-08,C00453,Organic Search,Desktop,0
S0008029,2025-09-09,C00193,Organic Search,Tablet,0
S0008030,2025-05-11,C00360,Referral,Desktop,0
S0008031,2025-10-18,C00583,Social Media,Mobile,0
S0008032,2025-09-07,C01031,Organic Search,Desktop,0
S0008033,2025-02-21,C00124,Organic Search,Desktop,0
S0008034,2025-01-14,C00504,Direct,Desktop,0
S0008035,2025-06-05,C00945,Organic Search,Desktop,0
S0008036,2025-01-30,C00365,Email,Desktop,0
S0008037,2025-03-31,C00322,Email,Mobile,1
S0008038,2025-06-16,C00607,Organic Search,Desktop,0
S0008039,2025-12-17,C01171,Social Media,Mobile,0
S0008040,2025-03-10,C00859,Paid Search,Mobile,0
S0008041,2025-06-12,C00457,Direct,Mobile,0
S0008042,2025-08-30,C00690,Email,Mobile,0
S0008043,2025-02-21,C00954,Referral,Mobile,1
S0008044,2025-05-22,C00224,Organic Search,Mobile,0
S0008045,2025-03-04,C00310,Social Media,Mobile,0
S0008046,2025-10-19,C00281,Referral,Mobile,0
S0008047,2025-04-01,C00651,Referral,Desktop,0
S0008048,2025-06-01,C01114,Organic Search,Desktop,0
S0008049,2025-06-06,C00098,Referral,Mobile,1
S0008050,2025-11-05,C00012,Referral,Mobile,0
S0008051,2025-12-31,C00377,Referral,Mobile,0
S0008052,2025-05-30,C01016,Organic Search,Desktop,0
S0008053,2025-11-24,C00473,Paid Search,Mobile,0
S0008054,2025-09-28,C00173,Direct,Mobile,1
S0008055,2025-03-10,C00391,Social Media,Mobile,1
S0008056,2025-04-26,C00035,Organic Search,Mobile,0
S0008057,2025-07-11,C01101,Social Media,Mobile,0
S0008058,2025-01-04,C00838,Organic Search,Mobile,0
S0008059,2025-03-16,C00304,Direct,Mobile,0
S0008060,2025-10-25,C00473,Paid Search,Mobile,0
S0008061,2025-08-29,C00742,Referral,Mobile,0
S0008062,2025-01-30,C00081,Social Media,Mobile,0
S0008063,2025-05-23,C00387,Organic Search,Mobile,1
S0008064,2025-11-22,C00016,Organic Search,Mobile,0
S0008065,2025-07-02,C01086,Organic Search,Mobile,0
S0008066,2025-01-16,C00263,Organic Search,Desktop,0
S0008067,2025-04-21,C00614,Social Media,Mobile,0
S0008068,2025-12-26,C00249,Social Media,Mobile,0
S0008069,2025-07-20,C00786,Organic Search,Desktop,0
S0008070,2025-04-17,C00001,Email,Mobile,1
S0008071,2025-06-11,C00651,Referral,Desktop,0
S0008072,2025-10-10,C00996,Paid Search,Mobile,0
S0008073,2025-09-26,C00249,Social Media,Mobile,0
S0008074,2025-06-04,C00835,Paid Search,Mobile,0
S0008075,2025-03-14,C00783,Social Media,Mobile,0
S0008076,2025-07-16,C00202,Email,Mobile,0
S0008077,2025-08-31,C00224,Organic Search,Tablet,0
S0008078,2025-03-27,C00254,Paid Search,Mobile,0
S0008079,2025-10-14,C00373,Paid Search,Mobile,0
S0008080,2025-09-16,C00231,Organic Search,Mobile,0
S0008081,2025-10-13,C00339,Email,Desktop,0
S0008082,2025-05-29,C01182,Paid Search,Mobile,0
S0008083,2025-12-21,C00160,Organic Search,Mobile,0
S0008084,2025-07-09,C00502,Direct,Mobile,0
S0008085,2025-08-05,C00324,Email,Desktop,0
S0008086,2025-12-21,C00248,Direct,Mobile,0
S0008087,2025-03-27,C01184,Email,Desktop,0
S0008088,2025-08-04,C00279,Direct,Desktop,0
S0008089,2025-11-16,C01107,Paid Search,Mobile,0
S0008090,2025-04-28,C01039,Email,Desktop,0
S0008091,2025-03-28,C00580,Paid Search,Tablet,0
S0008092,2025-02-09,C01014,Direct,Mobile,0
S0008093,2025-06-10,C00075,Paid Search,Mobile,0
S0008094,2025-07-10,C00205,Paid Search,Desktop,0
S0008095,2025-01-25,C00174,Paid Search,Mobile,0
S0008096,2025-06-01,C00191,Organic Search,Mobile,1
S0008097,2025-04-05,C00173,Direct,Mobile,0
S0008098,2025-02-15,C01190,Referral,Mobile,0
S0008099,2025-05-18,C00291,Social Media,Tablet,0
S0008100,2025-10-15,C00001,Email,Mobile,0
S0008101,2025-12-19,C00982,Social Media,Mobile,1
S0008102,2025-06-13,C00609,Direct,Tablet,0
S0008103,2025-01-16,C00367,Email,Desktop,1
S0008104,2025-01-18,C01107,Paid Search,Mobile,0
S0008105,2025-05-16,C00601,Organic Search,Desktop,0
S0008106,2025-09-04,C00506,Direct,Desktop,0
S0008107,2025-09-05,C00247,Paid Search,Desktop,0
S0008108,2025-11-27,C00624,Referral,Desktop,0
S0008109,2025-07-17,C00251,Social Media,Desktop,0
S0008110,2025-01-01,C01170,Social Media,Mobile,0
S0008111,2025-07-09,C01101,Social Media,Desktop,0
S0008112,2025-10-21,C00995,Social Media,Mobile,0
S0008113,2025-02-14,C00045,Paid Search,Desktop,0
S0008114,2025-12-03,C00211,Referral,Mobile,0
S0008115,2025-02-01,C00566,Organic Search,Desktop,0
S0008116,2025-04-28,C00429,Paid Search,Desktop,0
S0008117,2025-10-23,C00891,Social Media,Desktop,1
S0008118,2025-07-03,C00107,Email,Mobile,0
S0008119,2025-07-10,C00599,Social Media,Mobile,0
S0008120,2025-08-23,C00003,Email,Desktop,0
S0008121,2025-08-26,C00618,Referral,Desktop,0
S0008122,2025-08-04,C01147,Social Media,Mobile,0
S0008123,2025-03-15,C00057,Organic Search,Mobile,1
S0008124,2025-04-21,C00713,Referral,Mobile,1
S0008125,2025-04-13,C00299,Direct,Desktop,0
S0008126,2025-12-25,C00061,Direct,Desktop,0
S0008127,2025-03-15,C01121,Organic Search,Mobile,0
S0008128,2025-09-09,C00362,Direct,Desktop,0
S0008129,2025-04-24,C00391,Social Media,Mobile,0
S0008130,2025-11-09,C00754,Direct,Mobile,1
S0008131,2025-11-26,C01154,Paid Search,Tablet,0
S0008132,2025-12-05,C00934,Direct,Mobile,0
S0008133,2025-08-26,C00259,Organic Search,Mobile,0
S0008134,2025-06-22,C00646,Paid Search,Mobile,0
S0008135,2025-03-20,C00844,Paid Search,Desktop,0
S0008136,2025-04-03,C00951,Email,Mobile,0
S0008137,2025-02-19,C00194,Email,Desktop,0
S0008138,2025-10-12,C00872,Social Media,Mobile,0
S0008139,2025-08-11,C00147,Paid Search,Desktop,0
S0008140,2025-03-22,C00292,Organic Search,Mobile,0
S0008141,2025-09-23,C00637,Social Media,Desktop,0
S0008142,2025-06-04,C00039,Email,Mobile,0
S0008143,2025-08-21,C00045,Paid Search,Mobile,0
S0008144,2025-11-12,C01181,Social Media,Mobile,0
S0008145,2025-08-24,C00658,Organic Search,Desktop,0
S0008146,2025-06-08,C00509,Organic Search,Desktop,0
S0008147,2025-11-12,C00339,Email,Mobile,0
S0008148,2025-09-08,C01195,Email,Mobile,0
S0008149,2025-11-10,C00090,Organic Search,Mobile,0
S0008150,2025-10-28,C00405,Paid Search,Mobile,0
S0008151,2025-10-09,C01139,Paid Search,Mobile,0
S0008152,2025-04-12,C01123,Referral,Mobile,0
S0008153,2025-02-20,C01129,Direct,Desktop,0
S0008154,2025-02-21,C00238,Direct,Mobile,0
S0008155,2025-07-28,C00125,Paid Search,Desktop,0
S0008156,2025-11-03,C00280,Organic Search,Desktop,0
S0008157,2025-05-11,C00289,Social Media,Mobile,0
S0008158,2025-09-27,C00706,Social Media,Mobile,0
S0008159,2025-07-24,C00550,Email,Mobile,0
S0008160,2025-08-07,C00827,Paid Search,Desktop,0
S0008161,2025-09-14,C00878,Direct,Desktop,0
S0008162,2025-07-04,C01065,Social Media,Desktop,0
S0008163,2025-05-25,C00655,Referral,Desktop,0
S0008164,2025-06-27,C00206,Social Media,Mobile,0
S0008165,2025-01-14,C00885,Paid Search,Desktop,0
S0008166,2025-09-03,C00267,Organic Search,Mobile,0
S0008167,2025-07-06,C01108,Direct,Mobile,1
S0008168,2025-12-03,C00236,Organic Search,Desktop,0
S0008169,2025-09-16,C00037,Paid Search,Mobile,0
S0008170,2025-12-20,C00595,Organic Search,Mobile,0
S0008171,2025-02-09,C01113,Organic Search,Mobile,0
S0008172,2025-03-30,C00899,Social Media,Mobile,0
S0008173,2025-05-05,C00580,Paid Search,Desktop,0
S0008174,2025-12-17,C00073,Email,Mobile,0
S0008175,2025-01-09,C00890,Organic Search,Mobile,0
S0008176,2025-12-16,C00945,Organic Search,Desktop,0
S0008177,2025-03-25,C00991,Email,Mobile,0
S0008178,2025-01-21,C00254,Paid Search,Mobile,0
S0008179,2025-10-08,C01154,Paid Search,Mobile,0
S0008180,2025-12-24,C00643,Social Media,Desktop,0
S0008181,2025-06-21,C00457,Direct,Mobile,0
S0008182,2025-01-25,C00736,Paid Search,Mobile,0
S0008183,2025-04-13,C01115,Organic Search,Mobile,0
S0008184,2025-07-09,C00427,Organic Search,Mobile,0
S0008185,2025-08-24,C00284,Organic Search,Mobile,0
S0008186,2025-11-09,C00930,Referral,Mobile,0
S0008187,2025-02-06,C00404,Paid Search,Mobile,0
S0008188,2025-09-29,C00104,Organic Search,Tablet,0
S0008189,2025-10-20,C00362,Direct,Desktop,0
S0008190,2025-11-28,C00103,Organic Search,Mobile,0
S0008191,2025-06-01,C00313,Social Media,Mobile,0
S0008192,2025-10-09,C00744,Paid Search,Mobile,0
S0008193,2025-01-20,C00693,Social Media,Mobile,0
S0008194,2025-05-17,C00020,Paid Search,Tablet,0
S0008195,2025-12-25,C00529,Paid Search,Mobile,0
S0008196,2025-01-29,C00698,Paid Search,Mobile,0
S0008197,2025-01-31,C00734,Paid Search,Mobile,0
S0008198,2025-01-19,C00747,Organic Search,Mobile,0
S0008199,2025-05-28,C00965,Direct,Desktop,0
S0008200,2025-10-10,C00500,Organic Search,Desktop,0
S0008201,2025-12-16,C00708,Paid Search,Desktop,0
S0008202,2025-12-07,C00515,Social Media,Tablet,0
S0008203,2025-10-27,C00608,Paid Search,Desktop,0
S0008204,2025-06-12,C00617,Organic Search,Desktop,0
S0008205,2025-04-23,C01154,Paid Search,Desktop,0
S0008206,2025-05-30,C00287,Social Media,Desktop,0
S0008207,2025-11-26,C00036,Paid Search,Mobile,0
S0008208,2025-09-12,C00574,Social Media,Mobile,0
S0008209,2025-03-28,C00554,Email,Desktop,1
S0008210,2025-12-16,C00178,Organic Search,Mobile,0
S0008211,2025-04-08,C01078,Referral,Mobile,0
S0008212,2025-05-12,C00201,Social Media,Desktop,0
S0008213,2025-11-08,C01169,Organic Search,Desktop,0
S0008214,2025-04-07,C01196,Email,Mobile,0
S0008215,2025-04-08,C00553,Direct,Desktop,0
S0008216,2025-10-17,C00377,Referral,Desktop,0
S0008217,2025-12-22,C00485,Organic Search,Mobile,0
S0008218,2025-08-15,C01175,Email,Mobile,1
S0008219,2025-05-25,C01026,Organic Search,Desktop,0
S0008220,2025-06-05,C00607,Organic Search,Mobile,0
S0008221,2025-09-27,C00841,Direct,Desktop,0
S0008222,2025-06-11,C00008,Referral,Desktop,0
S0008223,2025-04-22,C00657,Direct,Desktop,0
S0008224,2025-11-27,C00699,Direct,Mobile,0
S0008225,2025-07-04,C00623,Direct,Tablet,0
S0008226,2025-07-24,C01089,Social Media,Desktop,0
S0008227,2025-04-07,C00778,Social Media,Desktop,0
S0008228,2025-02-24,C00138,Paid Search,Desktop,0
S0008229,2025-04-27,C00404,Paid Search,Mobile,0
S0008230,2025-04-03,C00346,Direct,Mobile,0
S0008231,2025-10-20,C00131,Social Media,Mobile,0
S0008232,2025-07-23,C00689,Email,Desktop,0
S0008233,2025-10-09,C01155,Direct,Desktop,0
S0008234,2025-07-08,C00713,Referral,Mobile,1
S0008235,2025-11-19,C00215,Social Media,Mobile,0
S0008236,2025-03-25,C01033,Paid Search,Mobile,0
S0008237,2025-06-29,C00579,Paid Search,Mobile,0
S0008238,2025-10-01,C00502,Direct,Tablet,0
S0008239,2025-06-30,C00172,Organic Search,Mobile,1
S0008240,2025-06-30,C00771,Organic Search,Mobile,0
S0008241,2025-10-10,C00756,Paid Search,Mobile,1
S0008242,2025-10-14,C00873,Email,Desktop,0
S0008243,2025-04-16,C00001,Email,Mobile,1
S0008244,2025-05-09,C00605,Organic Search,Desktop,0
S0008245,2025-09-19,C00396,Organic Search,Mobile,0
S0008246,2025-01-11,C01190,Referral,Desktop,0
S0008247,2025-06-11,C00084,Direct,Mobile,0
S0008248,2025-06-30,C00812,Organic Search,Desktop,0
S0008249,2025-08-01,C00027,Paid Search,Mobile,1
S0008250,2025-10-01,C00748,Organic Search,Desktop,0
S0008251,2025-01-21,C00675,Paid Search,Desktop,0
S0008252,2025-10-02,C01162,Paid Search,Mobile,0
S0008253,2025-09-17,C00188,Referral,Mobile,0
S0008254,2025-11-29,C00799,Direct,Tablet,0
S0008255,2025-04-26,C00908,Email,Tablet,0
S0008256,2025-01-25,C00697,Email,Mobile,0
S0008257,2025-11-29,C00299,Direct,Desktop,0
S0008258,2025-09-11,C00400,Referral,Desktop,0
S0008259,2025-07-30,C00785,Direct,Desktop,0
S0008260,2025-11-01,C00755,Direct,Desktop,0
S0008261,2025-11-17,C00937,Paid Search,Mobile,0
S0008262,2025-12-05,C00208,Paid Search,Desktop,0
S0008263,2025-09-14,C00251,Social Media,Desktop,0
S0008264,2025-06-17,C00868,Social Media,Desktop,0
S0008265,2025-12-03,C00746,Paid Search,Mobile,0
S0008266,2025-01-21,C00806,Organic Search,Desktop,0
S0008267,2025-03-27,C00949,Social Media,Mobile,0
S0008268,2025-01-15,C00028,Direct,Mobile,0
S0008269,2025-02-19,C00499,Referral,Mobile,1
S0008270,2025-10-31,C00697,Email,Mobile,0
S0008271,2025-11-01,C00235,Email,Mobile,1
S0008272,2025-07-15,C00173,Direct,Mobile,0
S0008273,2025-12-30,C01169,Organic Search,Desktop,0
S0008274,2025-10-28,C00942,Email,Mobile,0
S0008275,2025-10-15,C00462,Organic Search,Mobile,1
S0008276,2025-09-02,C00377,Referral,Mobile,0
S0008277,2025-12-19,C01198,Referral,Desktop,0
S0008278,2025-07-20,C00317,Referral,Mobile,0
S0008279,2025-07-12,C00581,Organic Search,Mobile,0
S0008280,2025-12-02,C00353,Paid Search,Mobile,0
S0008281,2025-05-26,C00647,Direct,Mobile,0
S0008282,2025-11-06,C00852,Direct,Mobile,0
S0008283,2025-05-07,C01079,Paid Search,Mobile,0
S0008284,2025-06-24,C01018,Social Media,Mobile,0
S0008285,2025-05-14,C00583,Social Media,Mobile,0
S0008286,2025-03-07,C00594,Organic Search,Mobile,0
S0008287,2025-12-31,C00442,Social Media,Mobile,0
S0008288,2025-10-06,C00507,Organic Search,Mobile,0
S0008289,2025-09-03,C00115,Direct,Mobile,1
S0008290,2025-12-29,C00963,Direct,Desktop,0
S0008291,2025-08-25,C00871,Organic Search,Mobile,0
S0008292,2025-06-20,C00093,Direct,Mobile,0
S0008293,2025-02-20,C00580,Paid Search,Desktop,0
S0008294,2025-11-24,C00686,Paid Search,Mobile,0
S0008295,2025-12-25,C00673,Organic Search,Desktop,0
S0008296,2025-06-02,C00205,Paid Search,Mobile,0
S0008297,2025-03-21,C00743,Referral,Desktop,0
S0008298,2025-05-25,C01107,Paid Search,Desktop,0
S0008299,2025-10-01,C00114,Organic Search,Desktop,0
S0008300,2025-06-04,C00805,Paid Search,Mobile,1
S0008301,2025-12-03,C00639,Referral,Mobile,0
S0008302,2025-12-29,C01136,Direct,Desktop,0
S0008303,2025-11-21,C01012,Social Media,Mobile,0
S0008304,2025-12-02,C01072,Organic Search,Desktop,0
S0008305,2025-05-23,C00760,Paid Search,Desktop,0
S0008306,2025-10-25,C00802,Referral,Mobile,0
S0008307,2025-02-03,C00053,Social Media,Mobile,0
S0008308,2025-10-31,C00770,Organic Search,Desktop,0
S0008309,2025-08-27,C00416,Referral,Desktop,1
S0008310,2025-05-18,C00580,Paid Search,Mobile,0
S0008311,2025-09-11,C00883,Organic Search,Mobile,0
S0008312,2025-01-05,C00295,Paid Search,Mobile,0
S0008313,2025-06-25,C00291,Social Media,Mobile,0
S0008314,2025-08-02,C00459,Social Media,Mobile,0
S0008315,2025-12-30,C00690,Email,Tablet,0
S0008316,2025-01-23,C00858,Direct,Mobile,0
S0008317,2025-11-14,C00115,Direct,Mobile,0
S0008318,2025-01-13,C00091,Paid Search,Desktop,0
S0008319,2025-08-29,C00326,Paid Search,Mobile,0
S0008320,2025-10-03,C01014,Direct,Desktop,1
S0008321,2025-04-02,C00400,Referral,Mobile,1
S0008322,2025-04-18,C00914,Direct,Mobile,0
S0008323,2025-08-17,C00531,Organic Search,Mobile,0
S0008324,2025-06-01,C00886,Paid Search,Mobile,0
S0008325,2025-04-18,C00962,Social Media,Desktop,0
S0008326,2025-10-16,C00854,Organic Search,Mobile,0
S0008327,2025-06-25,C00321,Organic Search,Mobile,0
S0008328,2025-11-16,C00226,Social Media,Desktop,0
S0008329,2025-10-13,C00261,Organic Search,Desktop,0
S0008330,2025-12-30,C00524,Direct,Desktop,0
S0008331,2025-11-25,C01193,Direct,Desktop,0
S0008332,2025-12-31,C00695,Paid Search,Desktop,0
S0008333,2025-08-29,C00357,Email,Mobile,0
S0008334,2025-05-25,C00538,Organic Search,Mobile,0
S0008335,2025-12-22,C00179,Email,Mobile,0
S0008336,2025-01-14,C00555,Social Media,Mobile,0
S0008337,2025-10-02,C00377,Referral,Mobile,0
S0008338,2025-03-12,C00617,Organic Search,Desktop,0
S0008339,2025-11-11,C00150,Referral,Mobile,0
S0008340,2025-07-14,C00697,Email,Desktop,0
S0008341,2025-12-19,C00980,Organic Search,Mobile,0
S0008342,2025-10-27,C00146,Organic Search,Tablet,0
S0008343,2025-01-11,C00501,Social Media,Mobile,0
S0008344,2025-04-16,C00035,Organic Search,Mobile,0
S0008345,2025-09-15,C00026,Referral,Mobile,0
S0008346,2025-07-15,C00490,Referral,Desktop,0
S0008347,2025-05-25,C00719,Organic Search,Mobile,0
S0008348,2025-08-08,C00856,Paid Search,Tablet,0
S0008349,2025-12-16,C00020,Paid Search,Mobile,0
S0008350,2025-06-23,C00509,Organic Search,Desktop,0
S0008351,2025-08-04,C00083,Direct,Mobile,0
S0008352,2025-04-03,C00673,Organic Search,Mobile,0
S0008353,2025-09-17,C01097,Paid Search,Mobile,0
S0008354,2025-03-04,C00790,Social Media,Mobile,0
S0008355,2025-01-29,C01165,Organic Search,Mobile,0
S0008356,2025-10-02,C00375,Email,Mobile,0
S0008357,2025-12-13,C01122,Paid Search,Tablet,1
S0008358,2025-10-12,C00746,Paid Search,Mobile,0
S0008359,2025-03-11,C01172,Organic Search,Mobile,1
S0008360,2025-10-06,C00088,Social Media,Desktop,0
S0008361,2025-08-19,C00028,Direct,Desktop,0
S0008362,2025-10-29,C00903,Email,Desktop,0
S0008363,2025-09-12,C01082,Referral,Mobile,0
S0008364,2025-06-21,C01138,Paid Search,Desktop,0
S0008365,2025-06-29,C00058,Organic Search,Desktop,0
S0008366,2025-09-21,C00113,Social Media,Desktop,0
S0008367,2025-07-02,C00549,Paid Search,Mobile,0
S0008368,2025-11-18,C00797,Direct,Mobile,0
S0008369,2025-07-24,C00832,Paid Search,Desktop,0
S0008370,2025-09-06,C00201,Social Media,Mobile,0
S0008371,2025-08-01,C00008,Referral,Mobile,0
S0008372,2025-06-08,C00672,Direct,Mobile,0
S0008373,2025-04-10,C00716,Organic Search,Mobile,1
S0008374,2025-11-13,C00859,Paid Search,Mobile,1
S0008375,2025-04-22,C00027,Paid Search,Mobile,0
S0008376,2025-11-04,C01055,Direct,Desktop,1
S0008377,2025-06-15,C01055,Direct,Mobile,0
S0008378,2025-02-05,C00013,Email,Mobile,0
S0008379,2025-04-22,C00980,Organic Search,Desktop,0
S0008380,2025-03-28,C01194,Email,Mobile,0
S0008381,2025-07-02,C00993,Organic Search,Mobile,0
S0008382,2025-03-26,C00519,Organic Search,Desktop,0
S0008383,2025-09-26,C00110,Social Media,Mobile,0
S0008384,2025-06-14,C00500,Organic Search,Mobile,0
S0008385,2025-10-30,C00137,Social Media,Desktop,0
S0008386,2025-03-31,C01103,Organic Search,Mobile,0
S0008387,2025-08-26,C00292,Organic Search,Mobile,0
S0008388,2025-01-22,C00471,Social Media,Mobile,0
S0008389,2025-06-16,C00577,Referral,Desktop,0
S0008390,2025-08-03,C00539,Paid Search,Desktop,0
S0008391,2025-02-27,C00690,Email,Desktop,0
S0008392,2025-01-30,C01109,Organic Search,Desktop,0
S0008393,2025-04-16,C00048,Direct,Mobile,0
S0008394,2025-11-26,C00897,Paid Search,Desktop,0
S0008395,2025-06-16,C00415,Paid Search,Desktop,0
S0008396,2025-12-16,C00256,Email,Mobile,0
S0008397,2025-06-03,C00661,Organic Search,Mobile,0
S0008398,2025-11-23,C00154,Paid Search,Desktop,0
S0008399,2025-01-07,C00723,Social Media,Desktop,0
S0008400,2025-07-16,C00912,Direct,Desktop,0
S0008401,2025-11-17,C00350,Social Media,Desktop,0
S0008402,2025-02-15,C00754,Direct,Desktop,0
S0008403,2025-01-18,C00823,Organic Search,Mobile,0
S0008404,2025-06-02,C00890,Organic Search,Mobile,0
S0008405,2025-09-21,C00735,Social Media,Mobile,0
S0008406,2025-03-15,C01059,Paid Search,Desktop,1
S0008407,2025-05-25,C00843,Email,Mobile,0
S0008408,2025-04-12,C00897,Paid Search,Mobile,1
S0008409,2025-12-01,C00892,Direct,Mobile,0
S0008410,2025-12-01,C00183,Email,Tablet,1
S0008411,2025-05-01,C00497,Referral,Mobile,0
S0008412,2025-06-25,C00407,Organic Search,Tablet,0
S0008413,2025-03-04,C01147,Social Media,Desktop,1
S0008414,2025-10-23,C00811,Email,Mobile,0
S0008415,2025-03-25,C00512,Email,Mobile,0
S0008416,2025-01-15,C00683,Social Media,Mobile,0
S0008417,2025-12-21,C00123,Direct,Desktop,1
S0008418,2025-05-14,C00675,Paid Search,Desktop,0
S0008419,2025-05-01,C00497,Referral,Mobile,0
S0008420,2025-11-15,C00245,Direct,Tablet,0
S0008421,2025-05-08,C00878,Direct,Mobile,0
S0008422,2025-10-15,C00363,Organic Search,Mobile,0
S0008423,2025-10-28,C00659,Email,Mobile,0
S0008424,2025-06-29,C00254,Paid Search,Desktop,0
S0008425,2025-03-23,C00537,Social Media,Desktop,0
S0008426,2025-01-13,C00491,Organic Search,Mobile,0
S0008427,2025-01-24,C00916,Organic Search,Mobile,1
S0008428,2025-06-17,C00355,Paid Search,Mobile,0
S0008429,2025-09-27,C00661,Organic Search,Mobile,0
S0008430,2025-03-11,C00264,Direct,Desktop,0
S0008431,2025-11-14,C00449,Organic Search,Desktop,0
S0008432,2025-03-30,C00871,Organic Search,Mobile,0
S0008433,2025-07-08,C01033,Paid Search,Mobile,0
S0008434,2025-09-14,C00924,Email,Desktop,0
S0008435,2025-08-05,C01047,Paid Search,Mobile,0
S0008436,2025-02-01,C00291,Social Media,Tablet,0
S0008437,2025-05-21,C00758,Organic Search,Mobile,0
S0008438,2025-06-10,C00671,Paid Search,Desktop,0
S0008439,2025-02-01,C00478,Paid Search,Desktop,0
S0008440,2025-11-08,C00103,Organic Search,Mobile,0
S0008441,2025-06-01,C01198,Referral,Desktop,0
S0008442,2025-12-13,C00979,Email,Mobile,0
S0008443,2025-09-17,C01183,Organic Search,Mobile,0
S0008444,2025-08-04,C01125,Email,Mobile,0
S0008445,2025-10-06,C00953,Organic Search,Mobile,0
S0008446,2025-10-12,C00467,Social Media,Desktop,0
S0008447,2025-04-08,C00662,Organic Search,Tablet,0
S0008448,2025-01-30,C00463,Organic Search,Mobile,0
S0008449,2025-03-31,C01010,Organic Search,Desktop,0
S0008450,2025-05-28,C00833,Paid Search,Desktop,1
S0008451,2025-05-24,C00232,Email,Desktop,0
S0008452,2025-03-08,C00743,Referral,Desktop,0
S0008453,2025-12-23,C00872,Social Media,Mobile,0
S0008454,2025-02-27,C00798,Direct,Mobile,0
S0008455,2025-10-08,C00167,Email,Mobile,0
S0008456,2025-10-06,C00162,Social Media,Desktop,0
S0008457,2025-08-24,C00336,Organic Search,Mobile,1
S0008458,2025-12-19,C00369,Email,Mobile,0
S0008459,2025-05-08,C00467,Social Media,Desktop,0
S0008460,2025-12-03,C01018,Social Media,Mobile,0
S0008461,2025-07-28,C01032,Paid Search,Mobile,0
S0008462,2025-07-05,C00469,Social Media,Tablet,0
S0008463,2025-06-18,C00081,Social Media,Mobile,0
S0008464,2025-06-21,C00842,Referral,Mobile,0
S0008465,2025-09-17,C00087,Direct,Mobile,0
S0008466,2025-07-24,C00059,Organic Search,Mobile,0
S0008467,2025-05-15,C00557,Organic Search,Tablet,0
S0008468,2025-02-15,C00090,Organic Search,Mobile,0
S0008469,2025-01-09,C01040,Social Media,Desktop,0
S0008470,2025-06-10,C00704,Direct,Desktop,0
S0008471,2025-10-16,C00019,Paid Search,Mobile,0
S0008472,2025-12-06,C00598,Organic Search,Desktop,1
S0008473,2025-11-17,C01136,Direct,Mobile,0
S0008474,2025-04-16,C00205,Paid Search,Desktop,0
S0008475,2025-10-17,C00883,Organic Search,Mobile,0
S0008476,2025-12-07,C01144,Social Media,Desktop,0
S0008477,2025-03-29,C01198,Referral,Mobile,1
S0008478,2025-07-11,C00134,Social Media,Desktop,0
S0008479,2025-06-02,C00505,Organic Search,Desktop,1
S0008480,2025-11-07,C01015,Social Media,Mobile,0
S0008481,2025-05-17,C01082,Referral,Mobile,1
S0008482,2025-09-30,C00398,Direct,Tablet,0
S0008483,2025-05-29,C00542,Direct,Mobile,0
S0008484,2025-07-07,C00989,Organic Search,Mobile,0
S0008485,2025-05-21,C00818,Organic Search,Mobile,0
S0008486,2025-05-11,C00426,Social Media,Mobile,0
S0008487,2025-01-04,C00054,Direct,Desktop,0
S0008488,2025-09-20,C00428,Organic Search,Mobile,0
S0008489,2025-01-26,C00492,Email,Desktop,0
S0008490,2025-01-24,C00928,Social Media,Desktop,0
S0008491,2025-09-23,C00596,Email,Desktop,0
S0008492,2025-08-17,C00551,Organic Search,Mobile,0
S0008493,2025-09-26,C00700,Referral,Mobile,0
S0008494,2025-05-05,C01062,Paid Search,Desktop,0
S0008495,2025-06-21,C00762,Organic Search,Desktop,0
S0008496,2025-08-22,C00063,Social Media,Mobile,0
S0008497,2025-10-22,C00691,Organic Search,Desktop,0
S0008498,2025-10-02,C00520,Social Media,Mobile,0
S0008499,2025-03-17,C00504,Direct,Mobile,0
S0008500,2025-11-04,C01049,Paid Search,Mobile,0
S0008501,2025-08-02,C00982,Social Media,Desktop,0
S0008502,2025-06-07,C00353,Paid Search,Mobile,0
S0008503,2025-10-29,C01191,Paid Search,Mobile,1
S0008504,2025-07-23,C01114,Organic Search,Mobile,0
S0008505,2025-05-29,C00577,Referral,Desktop,0
S0008506,2025-03-16,C00933,Social Media,Desktop,0
S0008507,2025-08-17,C00541,Paid Search,Desktop,0
S0008508,2025-10-31,C01047,Paid Search,Mobile,0
S0008509,2025-03-03,C00246,Referral,Mobile,0
S0008510,2025-02-27,C00872,Social Media,Desktop,0
S0008511,2025-10-01,C01098,Direct,Mobile,0
S0008512,2025-04-18,C00960,Paid Search,Mobile,0
S0008513,2025-07-06,C00451,Social Media,Tablet,0
S0008514,2025-08-17,C00470,Organic Search,Desktop,0
S0008515,2025-02-17,C01132,Direct,Desktop,0
S0008516,2025-11-15,C00770,Organic Search,Mobile,0
S0008517,2025-09-25,C00868,Social Media,Desktop,0
S0008518,2025-08-03,C00060,Organic Search,Desktop,0
S0008519,2025-10-17,C00517,Organic Search,Mobile,0
S0008520,2025-09-11,C00082,Organic Search,Mobile,0
S0008521,2025-12-24,C00491,Organic Search,Mobile,0
S0008522,2025-03-28,C00843,Email,Desktop,0
S0008523,2025-06-30,C00688,Social Media,Mobile,0
S0008524,2025-01-25,C01077,Email,Desktop,0
S0008525,2025-08-10,C01198,Referral,Desktop,0
S0008526,2025-02-18,C00615,Paid Search,Desktop,1
S0008527,2025-11-30,C00443,Paid Search,Desktop,0
S0008528,2025-06-24,C01053,Paid Search,Desktop,0
S0008529,2025-11-07,C00017,Email,Desktop,0
S0008530,2025-10-01,C00752,Direct,Mobile,0
S0008531,2025-02-04,C00842,Referral,Mobile,0
S0008532,2025-08-05,C00909,Organic Search,Desktop,0
S0008533,2025-07-28,C00163,Paid Search,Desktop,0
S0008534,2025-06-09,C00794,Direct,Mobile,0
S0008535,2025-01-07,C00084,Direct,Mobile,0
S0008536,2025-09-26,C00910,Referral,Desktop,0
S0008537,2025-05-06,C01135,Paid Search,Mobile,0
S0008538,2025-11-21,C00635,Social Media,Mobile,0
S0008539,2025-12-22,C00269,Social Media,Mobile,0
S0008540,2025-03-31,C00760,Paid Search,Mobile,0
S0008541,2025-02-11,C00537,Social Media,Mobile,0
S0008542,2025-12-31,C00588,Direct,Mobile,0
S0008543,2025-06-08,C01144,Social Media,Mobile,0
S0008544,2025-07-21,C00669,Email,Mobile,0
S0008545,2025-10-09,C00199,Email,Desktop,0
S0008546,2025-11-28,C01174,Organic Search,Mobile,0
S0008547,2025-10-15,C00082,Organic Search,Mobile,0
S0008548,2025-04-01,C00985,Referral,Mobile,0
S0008549,2025-05-05,C01067,Organic Search,Mobile,0
S0008550,2025-05-06,C00527,Paid Search,Desktop,0
S0008551,2025-02-21,C00135,Direct,Mobile,0
S0008552,2025-04-13,C00573,Email,Desktop,0
S0008553,2025-12-27,C00787,Email,Mobile,0
S0008554,2025-07-06,C01021,Email,Mobile,0
S0008555,2025-07-24,C00213,Direct,Desktop,0
S0008556,2025-01-14,C01130,Organic Search,Desktop,0
S0008557,2025-04-14,C00640,Social Media,Tablet,0
S0008558,2025-04-27,C00243,Social Media,Mobile,0
S0008559,2025-10-31,C00822,Social Media,Mobile,0
S0008560,2025-04-03,C00266,Email,Mobile,0
S0008561,2025-05-24,C00366,Email,Desktop,0
S0008562,2025-04-20,C00867,Social Media,Mobile,0
S0008563,2025-06-12,C00066,Paid Search,Mobile,0
S0008564,2025-02-22,C00697,Email,Desktop,0
S0008565,2025-01-03,C01010,Organic Search,Mobile,0
S0008566,2025-03-09,C00849,Social Media,Mobile,0
S0008567,2025-09-03,C00477,Organic Search,Mobile,0
S0008568,2025-05-18,C01130,Organic Search,Mobile,0
S0008569,2025-11-04,C00801,Direct,Mobile,0
S0008570,2025-12-18,C00438,Organic Search,Mobile,0
S0008571,2025-10-14,C00058,Organic Search,Mobile,0
S0008572,2025-03-07,C00298,Paid Search,Desktop,0
S0008573,2025-12-13,C00228,Email,Desktop,0
S0008574,2025-11-21,C00341,Organic Search,Mobile,0
S0008575,2025-06-04,C01151,Organic Search,Mobile,0
S0008576,2025-03-28,C00734,Paid Search,Desktop,0
S0008577,2025-02-02,C00989,Organic Search,Mobile,1
S0008578,2025-03-09,C01039,Email,Desktop,0
S0008579,2025-07-06,C00612,Organic Search,Desktop,0
S0008580,2025-07-11,C00208,Paid Search,Mobile,0
S0008581,2025-08-01,C00713,Referral,Mobile,0
S0008582,2025-03-29,C00842,Referral,Mobile,0
S0008583,2025-12-17,C00325,Organic Search,Mobile,0
S0008584,2025-04-18,C00859,Paid Search,Desktop,0
S0008585,2025-08-28,C01092,Email,Mobile,0
S0008586,2025-08-04,C00120,Organic Search,Mobile,0
S0008587,2025-06-26,C00450,Social Media,Mobile,0
S0008588,2025-02-22,C00057,Organic Search,Mobile,0
S0008589,2025-11-26,C00858,Direct,Mobile,0
S0008590,2025-02-18,C00337,Email,Mobile,0
S0008591,2025-04-24,C01044,Organic Search,Mobile,0
S0008592,2025-04-05,C00913,Social Media,Desktop,0
S0008593,2025-01-25,C00503,Referral,Mobile,0
S0008594,2025-05-12,C01006,Email,Desktop,0
S0008595,2025-06-28,C00376,Referral,Mobile,0
S0008596,2025-05-25,C00390,Organic Search,Desktop,0
S0008597,2025-12-30,C01003,Paid Search,Desktop,0
S0008598,2025-07-17,C01107,Paid Search,Desktop,0
S0008599,2025-11-21,C00201,Social Media,Mobile,0
S0008600,2025-03-25,C00275,Email,Mobile,0
S0008601,2025-06-06,C00800,Social Media,Desktop,0
S0008602,2025-03-26,C00914,Direct,Desktop,0
S0008603,2025-09-10,C01032,Paid Search,Mobile,0
S0008604,2025-03-13,C00244,Organic Search,Mobile,1
S0008605,2025-08-11,C00905,Paid Search,Mobile,0
S0008606,2025-10-03,C00245,Direct,Mobile,0
S0008607,2025-10-10,C00239,Direct,Desktop,0
S0008608,2025-09-21,C00407,Organic Search,Mobile,1
S0008609,2025-09-03,C00823,Organic Search,Mobile,0
S0008610,2025-12-07,C00952,Social Media,Mobile,0
S0008611,2025-03-02,C00808,Direct,Desktop,0
S0008612,2025-09-16,C00228,Email,Mobile,0
S0008613,2025-01-07,C01176,Email,Mobile,0
S0008614,2025-07-07,C00338,Social Media,Mobile,0
S0008615,2025-01-04,C00575,Referral,Desktop,0
S0008616,2025-08-19,C00550,Email,Mobile,0
S0008617,2025-05-13,C00268,Referral,Mobile,0
S0008618,2025-05-05,C00094,Social Media,Desktop,0
S0008619,2025-01-15,C00461,Organic Search,Mobile,0
S0008620,2025-01-13,C01138,Paid Search,Desktop,0
S0008621,2025-04-28,C01111,Paid Search,Desktop,0
S0008622,2025-08-28,C00952,Social Media,Mobile,0
S0008623,2025-09-20,C00435,Organic Search,Mobile,0
S0008624,2025-12-26,C00626,Social Media,Mobile,0
S0008625,2025-01-06,C01043,Direct,Desktop,0
S0008626,2025-11-16,C01124,Referral,Mobile,0
S0008627,2025-08-19,C00003,Email,Mobile,1
S0008628,2025-01-30,C00743,Referral,Desktop,0
S0008629,2025-01-22,C00367,Email,Mobile,0
S0008630,2025-06-05,C00796,Direct,Desktop,1
S0008631,2025-04-28,C00695,Paid Search,Mobile,0
S0008632,2025-12-06,C00647,Direct,Mobile,0
S0008633,2025-07-12,C01067,Organic Search,Mobile,0
S0008634,2025-12-12,C01148,Paid Search,Mobile,0
S0008635,2025-07-14,C00639,Referral,Tablet,0
S0008636,2025-06-17,C00436,Referral,Desktop,1
S0008637,2025-08-27,C00267,Organic Search,Desktop,1
S0008638,2025-12-28,C00179,Email,Tablet,0
S0008639,2025-09-01,C00410,Organic Search,Desktop,0
S0008640,2025-03-10,C00416,Referral,Mobile,0
S0008641,2025-04-05,C00386,Organic Search,Desktop,0
S0008642,2025-03-18,C00810,Referral,Desktop,0
S0008643,2025-06-20,C00107,Email,Mobile,0
S0008644,2025-01-01,C00613,Social Media,Mobile,0
S0008645,2025-03-03,C01152,Direct,Mobile,0
S0008646,2025-07-26,C00124,Organic Search,Desktop,0
S0008647,2025-06-03,C00299,Direct,Mobile,0
S0008648,2025-10-01,C00608,Paid Search,Mobile,0
S0008649,2025-02-17,C00958,Referral,Mobile,0
S0008650,2025-05-17,C01192,Email,Mobile,1
S0008651,2025-01-01,C00262,Social Media,Mobile,1
S0008652,2025-08-23,C00976,Email,Tablet,0
S0008653,2025-09-13,C01039,Email,Mobile,1
S0008654,2025-04-17,C00527,Paid Search,Desktop,0
S0008655,2025-06-22,C01088,Social Media,Desktop,0
S0008656,2025-05-10,C00335,Direct,Mobile,1
S0008657,2025-10-21,C00888,Organic Search,Mobile,0
S0008658,2025-02-09,C00344,Direct,Mobile,1
S0008659,2025-12-04,C00642,Organic Search,Mobile,0
S0008660,2025-01-16,C01046,Social Media,Mobile,0
S0008661,2025-05-07,C00073,Email,Mobile,0
S0008662,2025-12-15,C00098,Referral,Mobile,0
S0008663,2025-07-22,C00586,Social Media,Mobile,0
S0008664,2025-05-14,C00764,Social Media,Mobile,0
S0008665,2025-09-16,C00135,Direct,Desktop,0
S0008666,2025-01-14,C00259,Organic Search,Desktop,1
S0008667,2025-03-07,C00723,Social Media,Mobile,0
S0008668,2025-12-17,C00517,Organic Search,Mobile,1
S0008669,2025-12-08,C00945,Organic Search,Mobile,0
S0008670,2025-07-14,C00314,Organic Search,Desktop,0
S0008671,2025-04-24,C00320,Paid Search,Desktop,0
S0008672,2025-06-08,C00078,Direct,Mobile,0
S0008673,2025-06-10,C00718,Direct,Mobile,0
S0008674,2025-09-11,C00850,Referral,Desktop,0
S0008675,2025-01-15,C00862,Social Media,Desktop,0
S0008676,2025-02-06,C00111,Organic Search,Desktop,1
S0008677,2025-06-04,C00902,Social Media,Tablet,0
S0008678,2025-01-27,C00901,Referral,Mobile,1
S0008679,2025-01-12,C00105,Email,Mobile,0
S0008680,2025-03-08,C00768,Organic Search,Tablet,0
S0008681,2025-01-30,C00748,Organic Search,Mobile,0
S0008682,2025-04-06,C00724,Organic Search,Mobile,0
S0008683,2025-08-03,C01040,Social Media,Desktop,1
S0008684,2025-07-13,C00265,Organic Search,Tablet,0
S0008685,2025-05-15,C00928,Social Media,Mobile,0
S0008686,2025-10-17,C00422,Organic Search,Mobile,0
S0008687,2025-02-01,C00211,Referral,Mobile,0
S0008688,2025-02-08,C00147,Paid Search,Desktop,0
S0008689,2025-12-18,C01140,Social Media,Mobile,0
S0008690,2025-07-25,C00827,Paid Search,Mobile,0
S0008691,2025-02-12,C00129,Direct,Desktop,0
S0008692,2025-12-03,C00968,Social Media,Desktop,0
S0008693,2025-09-16,C01120,Paid Search,Mobile,0
S0008694,2025-09-06,C01148,Paid Search,Mobile,0
S0008695,2025-03-15,C00674,Organic Search,Desktop,1
S0008696,2025-11-15,C01035,Email,Desktop,0
S0008697,2025-10-23,C00737,Email,Mobile,0
S0008698,2025-10-01,C00245,Direct,Mobile,0
S0008699,2025-11-19,C00880,Organic Search,Mobile,1
S0008700,2025-12-25,C00421,Social Media,Mobile,0
S0008701,2025-07-09,C00548,Paid Search,Mobile,1
S0008702,2025-05-18,C00949,Social Media,Mobile,0
S0008703,2025-10-29,C00746,Paid Search,Mobile,0
S0008704,2025-11-07,C00706,Social Media,Desktop,0
S0008705,2025-11-27,C00363,Organic Search,Desktop,1
S0008706,2025-12-19,C00020,Paid Search,Tablet,0
S0008707,2025-10-09,C00039,Email,Mobile,0
S0008708,2025-06-15,C00998,Paid Search,Desktop,0
S0008709,2025-10-05,C00144,Social Media,Desktop,0
S0008710,2025-01-26,C00597,Social Media,Mobile,1
S0008711,2025-03-14,C00673,Organic Search,Desktop,0
S0008712,2025-04-25,C01057,Social Media,Mobile,0
S0008713,2025-02-20,C00079,Paid Search,Desktop,0
S0008714,2025-06-20,C00397,Social Media,Desktop,0
S0008715,2025-09-25,C00009,Paid Search,Desktop,0
S0008716,2025-01-03,C00854,Organic Search,Tablet,0
S0008717,2025-07-29,C00130,Organic Search,Desktop,0
S0008718,2025-12-04,C00620,Social Media,Mobile,0
S0008719,2025-10-28,C00421,Social Media,Mobile,0
S0008720,2025-12-08,C00111,Organic Search,Mobile,0
S0008721,2025-04-25,C00942,Email,Desktop,0
S0008722,2025-06-16,C00356,Paid Search,Mobile,0
S0008723,2025-09-22,C01037,Organic Search,Mobile,0
S0008724,2025-08-15,C00868,Social Media,Mobile,0
S0008725,2025-05-31,C00486,Organic Search,Mobile,0
S0008726,2025-09-25,C00564,Direct,Mobile,0
S0008727,2025-04-26,C00191,Organic Search,Tablet,0
S0008728,2025-03-29,C00807,Social Media,Desktop,0
S0008729,2025-11-14,C00759,Direct,Desktop,0
S0008730,2025-08-30,C00322,Email,Tablet,0
S0008731,2025-12-26,C00264,Direct,Mobile,0
S0008732,2025-11-25,C00333,Organic Search,Desktop,0
S0008733,2025-11-29,C00795,Organic Search,Mobile,0
S0008734,2025-02-09,C00193,Organic Search,Tablet,0
S0008735,2025-07-01,C00476,Paid Search,Mobile,0
S0008736,2025-07-28,C00209,Direct,Mobile,0
S0008737,2025-09-30,C01044,Organic Search,Desktop,1
S0008738,2025-04-29,C00896,Organic Search,Mobile,0
S0008739,2025-01-24,C00302,Paid Search,Desktop,0
S0008740,2025-09-15,C01026,Organic Search,Mobile,1
S0008741,2025-04-02,C00269,Social Media,Tablet,0
S0008742,2025-06-10,C00225,Email,Mobile,0
S0008743,2025-05-29,C00037,Paid Search,Mobile,0
S0008744,2025-04-27,C00801,Direct,Desktop,0
S0008745,2025-02-22,C01113,Organic Search,Mobile,0
S0008746,2025-10-29,C00747,Organic Search,Mobile,0
S0008747,2025-02-14,C00393,Referral,Desktop,0
S0008748,2025-09-22,C01034,Direct,Mobile,0
S0008749,2025-09-19,C00878,Direct,Mobile,0
S0008750,2025-11-03,C00578,Direct,Mobile,0
S0008751,2025-08-22,C01072,Organic Search,Desktop,0
S0008752,2025-02-04,C01085,Paid Search,Desktop,0
S0008753,2025-12-04,C00609,Direct,Mobile,0
S0008754,2025-07-16,C00256,Email,Mobile,0
S0008755,2025-01-25,C01021,Email,Mobile,0
S0008756,2025-07-21,C00444,Organic Search,Mobile,1
S0008757,2025-09-30,C00247,Paid Search,Desktop,0
S0008758,2025-02-05,C00305,Direct,Mobile,0
S0008759,2025-08-11,C00267,Organic Search,Mobile,0
S0008760,2025-12-18,C00324,Email,Desktop,0
S0008761,2025-10-04,C00461,Organic Search,Mobile,0
S0008762,2025-01-18,C00937,Paid Search,Mobile,0
S0008763,2025-07-07,C00190,Organic Search,Desktop,1
S0008764,2025-09-14,C01086,Organic Search,Mobile,0
S0008765,2025-05-22,C00763,Paid Search,Desktop,0
S0008766,2025-05-16,C00585,Paid Search,Desktop,0
S0008767,2025-11-03,C00056,Direct,Desktop,0
S0008768,2025-03-20,C00688,Social Media,Desktop,0
S0008769,2025-10-19,C00996,Paid Search,Mobile,0
S0008770,2025-03-03,C00394,Social Media,Mobile,0
S0008771,2025-05-09,C00231,Organic Search,Desktop,0
S0008772,2025-12-07,C00863,Organic Search,Tablet,0
S0008773,2025-10-25,C00084,Direct,Desktop,0
S0008774,2025-09-14,C00071,Paid Search,Desktop,0
S0008775,2025-07-31,C00324,Email,Desktop,0
S0008776,2025-02-23,C00614,Social Media,Mobile,0
S0008777,2025-06-24,C00241,Direct,Mobile,0
S0008778,2025-04-10,C00216,Organic Search,Mobile,0
S0008779,2025-02-08,C00963,Direct,Desktop,0
S0008780,2025-09-20,C00967,Direct,Desktop,0
S0008781,2025-05-30,C00941,Organic Search,Mobile,0
S0008782,2025-05-01,C00862,Social Media,Mobile,0
S0008783,2025-06-27,C00730,Organic Search,Desktop,1
S0008784,2025-10-28,C00784,Referral,Desktop,1
S0008785,2025-11-26,C00002,Organic Search,Mobile,0
S0008786,2025-04-30,C00642,Organic Search,Desktop,0
S0008787,2025-03-13,C00623,Direct,Mobile,0
S0008788,2025-08-07,C00578,Direct,Mobile,1
S0008789,2025-10-29,C00758,Organic Search,Mobile,0
S0008790,2025-05-03,C00440,Paid Search,Mobile,0
S0008791,2025-09-01,C00341,Organic Search,Desktop,0
S0008792,2025-03-16,C01179,Paid Search,Desktop,0
S0008793,2025-01-06,C00412,Direct,Mobile,0
S0008794,2025-01-21,C00524,Direct,Mobile,0
S0008795,2025-07-09,C01167,Paid Search,Desktop,0
S0008796,2025-08-13,C00247,Paid Search,Mobile,0
S0008797,2025-04-13,C00326,Paid Search,Mobile,0
S0008798,2025-12-10,C00645,Paid Search,Desktop,0
S0008799,2025-04-09,C00595,Organic Search,Desktop,0
S0008800,2025-11-14,C00496,Email,Mobile,1
S0008801,2025-12-29,C00333,Organic Search,Desktop,0
S0008802,2025-03-24,C00096,Direct,Mobile,1
S0008803,2025-06-30,C00198,Organic Search,Desktop,0
S0008804,2025-06-01,C00709,Social Media,Desktop,0
S0008805,2025-02-25,C01047,Paid Search,Mobile,0
S0008806,2025-07-09,C00639,Referral,Desktop,0
S0008807,2025-01-22,C00105,Email,Mobile,0
S0008808,2025-03-09,C00993,Organic Search,Desktop,0
S0008809,2025-07-04,C01041,Direct,Desktop,0
S0008810,2025-01-10,C00727,Organic Search,Mobile,0
S0008811,2025-03-07,C00967,Direct,Mobile,1
S0008812,2025-09-21,C00892,Direct,Desktop,0
S0008813,2025-08-13,C00072,Paid Search,Mobile,0
S0008814,2025-05-03,C01012,Social Media,Mobile,0
S0008815,2025-02-07,C01178,Organic Search,Mobile,0
S0008816,2025-05-03,C01024,Organic Search,Mobile,0
S0008817,2025-11-14,C00267,Organic Search,Mobile,0
S0008818,2025-06-05,C00456,Referral,Desktop,0
S0008819,2025-10-28,C00779,Direct,Mobile,0
S0008820,2025-11-17,C00539,Paid Search,Mobile,0
S0008821,2025-03-08,C00013,Email,Mobile,0
S0008822,2025-05-13,C01171,Social Media,Desktop,1
S0008823,2025-12-28,C00500,Organic Search,Mobile,0
S0008824,2025-05-20,C00048,Direct,Mobile,0
S0008825,2025-03-23,C00615,Paid Search,Desktop,0
S0008826,2025-02-27,C00584,Email,Tablet,0
S0008827,2025-05-29,C00671,Paid Search,Mobile,0
S0008828,2025-05-11,C00672,Direct,Desktop,0
S0008829,2025-03-10,C00683,Social Media,Mobile,0
S0008830,2025-12-11,C00027,Paid Search,Mobile,0
S0008831,2025-09-07,C00125,Paid Search,Mobile,0
S0008832,2025-11-16,C00677,Organic Search,Mobile,0
S0008833,2025-06-26,C00331,Social Media,Mobile,0
S0008834,2025-03-13,C00022,Email,Desktop,1
S0008835,2025-01-17,C00155,Social Media,Mobile,0
S0008836,2025-11-25,C00742,Referral,Mobile,0
S0008837,2025-06-09,C00203,Social Media,Mobile,1
S0008838,2025-03-11,C00215,Social Media,Tablet,0
S0008839,2025-04-23,C00745,Social Media,Mobile,0
S0008840,2025-08-20,C00306,Social Media,Mobile,0
S0008841,2025-01-21,C00197,Direct,Mobile,1
S0008842,2025-05-15,C00537,Social Media,Mobile,0
S0008843,2025-09-20,C01143,Social Media,Mobile,0
S0008844,2025-04-21,C00970,Social Media,Mobile,0
S0008845,2025-09-03,C00745,Social Media,Desktop,0
S0008846,2025-10-10,C00154,Paid Search,Desktop,0
S0008847,2025-01-08,C00241,Direct,Mobile,0
S0008848,2025-10-11,C00595,Organic Search,Mobile,0
S0008849,2025-07-26,C00132,Organic Search,Mobile,0
S0008850,2025-07-13,C00440,Paid Search,Desktop,0
S0008851,2025-02-16,C01083,Paid Search,Mobile,0
S0008852,2025-12-08,C01095,Email,Mobile,0
S0008853,2025-08-30,C00946,Organic Search,Tablet,0
S0008854,2025-01-10,C00084,Direct,Mobile,0
S0008855,2025-10-16,C00517,Organic Search,Desktop,0
S0008856,2025-05-11,C01131,Social Media,Mobile,0
S0008857,2025-09-27,C01130,Organic Search,Desktop,0
S0008858,2025-10-29,C01131,Social Media,Desktop,0
S0008859,2025-03-02,C01006,Email,Desktop,0
S0008860,2025-06-13,C01003,Paid Search,Desktop,1
S0008861,2025-01-13,C01110,Paid Search,Mobile,0
S0008862,2025-09-29,C00384,Organic Search,Desktop,0
S0008863,2025-07-27,C00397,Social Media,Mobile,0
S0008864,2025-09-03,C00900,Referral,Mobile,0
S0008865,2025-05-13,C00711,Direct,Desktop,0
S0008866,2025-09-01,C01125,Email,Mobile,0
S0008867,2025-10-21,C00193,Organic Search,Mobile,0
S0008868,2025-02-07,C01136,Direct,Mobile,0
S0008869,2025-12-25,C00403,Paid Search,Desktop,0
S0008870,2025-02-25,C00076,Direct,Desktop,0
S0008871,2025-11-15,C00419,Organic Search,Desktop,0
S0008872,2025-02-17,C00337,Email,Mobile,0
S0008873,2025-04-15,C00599,Social Media,Mobile,0
S0008874,2025-02-28,C00045,Paid Search,Mobile,1
S0008875,2025-03-18,C00877,Paid Search,Mobile,0
S0008876,2025-08-06,C01027,Social Media,Mobile,0
S0008877,2025-02-24,C00174,Paid Search,Mobile,0
S0008878,2025-02-24,C00626,Social Media,Desktop,0
S0008879,2025-05-09,C00060,Organic Search,Mobile,0
S0008880,2025-03-26,C01031,Organic Search,Desktop,0
S0008881,2025-08-02,C00364,Organic Search,Mobile,0
S0008882,2025-04-25,C00413,Organic Search,Desktop,0
S0008883,2025-11-10,C01047,Paid Search,Desktop,0
S0008884,2025-10-20,C00362,Direct,Mobile,0
S0008885,2025-02-18,C00315,Email,Desktop,0
S0008886,2025-03-08,C01146,Paid Search,Mobile,0
S0008887,2025-10-02,C00153,Social Media,Mobile,0
S0008888,2025-05-09,C00331,Social Media,Mobile,0
S0008889,2025-01-29,C00883,Organic Search,Mobile,0
S0008890,2025-12-09,C01078,Referral,Mobile,0
S0008891,2025-02-02,C00905,Paid Search,Mobile,0
S0008892,2025-04-29,C01192,Email,Tablet,0
S0008893,2025-06-29,C00378,Referral,Mobile,0
S0008894,2025-05-31,C01088,Social Media,Mobile,0
S0008895,2025-05-13,C00480,Social Media,Tablet,0
S0008896,2025-11-23,C01088,Social Media,Mobile,0
S0008897,2025-07-04,C00456,Referral,Mobile,0
S0008898,2025-05-14,C00451,Social Media,Mobile,0
S0008899,2025-06-26,C00671,Paid Search,Mobile,0
S0008900,2025-01-22,C00100,Referral,Mobile,1
S0008901,2025-08-29,C00182,Social Media,Mobile,0
S0008902,2025-03-18,C00220,Organic Search,Desktop,0
S0008903,2025-07-23,C00501,Social Media,Desktop,0
S0008904,2025-01-04,C00984,Referral,Mobile,0
S0008905,2025-11-24,C01078,Referral,Desktop,0
S0008906,2025-06-14,C01150,Paid Search,Desktop,0
S0008907,2025-05-08,C00157,Referral,Desktop,1
S0008908,2025-02-14,C00341,Organic Search,Mobile,0
S0008909,2025-08-06,C00541,Paid Search,Desktop,0
S0008910,2025-08-23,C00851,Email,Mobile,0
S0008911,2025-05-16,C00262,Social Media,Desktop,0
S0008912,2025-06-17,C00195,Email,Mobile,0
S0008913,2025-08-25,C00065,Organic Search,Mobile,0
S0008914,2025-04-03,C00559,Organic Search,Mobile,0
S0008915,2025-01-05,C00097,Paid Search,Desktop,0
S0008916,2025-06-05,C00105,Email,Mobile,0
S0008917,2025-09-02,C01181,Social Media,Mobile,0
S0008918,2025-12-26,C00946,Organic Search,Mobile,0
S0008919,2025-03-22,C01034,Direct,Mobile,0
S0008920,2025-09-04,C00761,Organic Search,Desktop,0
S0008921,2025-12-09,C00171,Paid Search,Tablet,0
S0008922,2025-05-17,C00130,Organic Search,Desktop,0
S0008923,2025-03-04,C00662,Organic Search,Mobile,0
S0008924,2025-11-03,C00621,Social Media,Mobile,0
S0008925,2025-04-26,C00331,Social Media,Desktop,0
S0008926,2025-04-23,C00704,Direct,Mobile,0
S0008927,2025-01-31,C00156,Email,Mobile,0
S0008928,2025-01-07,C00342,Referral,Desktop,0
S0008929,2025-01-03,C00934,Direct,Desktop,0
S0008930,2025-11-03,C00679,Paid Search,Mobile,1
S0008931,2025-08-31,C01068,Direct,Mobile,0
S0008932,2025-02-25,C00958,Referral,Desktop,0
S0008933,2025-03-14,C00400,Referral,Mobile,0
S0008934,2025-01-10,C00994,Direct,Mobile,0
S0008935,2025-03-02,C00017,Email,Mobile,0
S0008936,2025-02-19,C00194,Email,Mobile,0
S0008937,2025-05-02,C00493,Paid Search,Mobile,0
S0008938,2025-06-24,C00221,Social Media,Mobile,0
S0008939,2025-01-01,C00065,Organic Search,Mobile,0
S0008940,2025-02-07,C00227,Direct,Mobile,1
S0008941,2025-07-09,C00524,Direct,Mobile,0
S0008942,2025-03-20,C01102,Organic Search,Mobile,0
S0008943,2025-12-11,C00248,Direct,Desktop,0
S0008944,2025-12-04,C00652,Paid Search,Desktop,0
S0008945,2025-07-09,C00132,Organic Search,Mobile,0
S0008946,2025-07-03,C00716,Organic Search,Mobile,0
S0008947,2025-03-08,C00606,Paid Search,Mobile,0
S0008948,2025-01-17,C00491,Organic Search,Mobile,0
S0008949,2025-11-12,C00134,Social Media,Desktop,0
S0008950,2025-10-23,C00958,Referral,Mobile,0
S0008951,2025-07-28,C00467,Social Media,Tablet,0
S0008952,2025-12-11,C00379,Organic Search,Mobile,0
S0008953,2025-02-10,C00969,Organic Search,Mobile,0
S0008954,2025-04-25,C00115,Direct,Mobile,0
S0008955,2025-04-10,C00471,Social Media,Desktop,0
S0008956,2025-12-11,C00631,Paid Search,Mobile,0
S0008957,2025-12-15,C00028,Direct,Desktop,0
S0008958,2025-05-19,C01183,Organic Search,Desktop,0
S0008959,2025-11-12,C00992,Direct,Mobile,0
S0008960,2025-11-20,C00730,Organic Search,Desktop,0
S0008961,2025-11-30,C00393,Referral,Desktop,0
S0008962,2025-10-29,C00773,Email,Desktop,0
S0008963,2025-10-21,C00554,Email,Desktop,0
S0008964,2025-01-17,C00756,Paid Search,Mobile,0
S0008965,2025-11-18,C00678,Organic Search,Mobile,0
S0008966,2025-10-19,C00150,Referral,Mobile,0
S0008967,2025-03-15,C00761,Organic Search,Mobile,0
S0008968,2025-09-20,C00974,Direct,Mobile,0
S0008969,2025-01-16,C00048,Direct,Mobile,0
S0008970,2025-01-14,C00925,Referral,Mobile,1
S0008971,2025-12-02,C00873,Email,Tablet,0
S0008972,2025-10-08,C00888,Organic Search,Desktop,0
S0008973,2025-12-27,C00946,Organic Search,Mobile,0
S0008974,2025-01-04,C00799,Direct,Mobile,0
S0008975,2025-05-07,C00070,Paid Search,Mobile,0
S0008976,2025-11-08,C00068,Paid Search,Mobile,0
S0008977,2025-01-06,C00969,Organic Search,Mobile,0
S0008978,2025-05-09,C00715,Direct,Mobile,0
S0008979,2025-08-20,C00800,Social Media,Mobile,1
S0008980,2025-11-09,C01026,Organic Search,Mobile,0
S0008981,2025-07-14,C00957,Social Media,Mobile,0
S0008982,2025-03-06,C00020,Paid Search,Desktop,0
S0008983,2025-11-17,C01150,Paid Search,Mobile,0
S0008984,2025-04-13,C00239,Direct,Desktop,0
S0008985,2025-10-04,C00879,Paid Search,Mobile,0
S0008986,2025-06-07,C00128,Paid Search,Desktop,1
S0008987,2025-08-12,C00651,Referral,Mobile,0
S0008988,2025-10-16,C00956,Organic Search,Mobile,0
S0008989,2025-10-05,C00125,Paid Search,Desktop,0
S0008990,2025-07-01,C00610,Referral,Tablet,0
S0008991,2025-01-04,C00204,Referral,Mobile,0
S0008992,2025-08-03,C00627,Organic Search,Mobile,0
S0008993,2025-08-05,C00537,Social Media,Mobile,0
S0008994,2025-07-28,C00345,Organic Search,Mobile,0
S0008995,2025-03-15,C00358,Social Media,Mobile,0
S0008996,2025-08-15,C00444,Organic Search,Mobile,0
S0008997,2025-04-03,C00705,Social Media,Mobile,1
S0008998,2025-03-06,C01070,Direct,Mobile,0
S0008999,2025-11-17,C00468,Social Media,Mobile,0
S0009000,2025-01-10,C00478,Paid Search,Mobile,0
S0009001,2025-10-30,C00624,Referral,Desktop,0
S0009002,2025-11-18,C00654,Organic Search,Desktop,0
S0009003,2025-11-01,C00370,Paid Search,Mobile,0
S0009004,2025-10-05,C00327,Organic Search,Mobile,0
S0009005,2025-03-27,C00965,Direct,Tablet,1
S0009006,2025-01-26,C00930,Referral,Mobile,0
S0009007,2025-08-06,C00757,Paid Search,Mobile,0
S0009008,2025-04-05,C00843,Email,Mobile,0
S0009009,2025-09-01,C00804,Organic Search,Mobile,0
S0009010,2025-04-17,C00166,Organic Search,Mobile,0
S0009011,2025-09-05,C00239,Direct,Mobile,0
S0009012,2025-01-14,C01009,Referral,Mobile,0
S0009013,2025-06-10,C00139,Paid Search,Desktop,0
S0009014,2025-03-12,C01108,Direct,Mobile,0
S0009015,2025-06-01,C00945,Organic Search,Desktop,0
S0009016,2025-03-16,C01075,Paid Search,Desktop,0
S0009017,2025-08-03,C01186,Paid Search,Mobile,0
S0009018,2025-02-20,C00495,Direct,Mobile,0
S0009019,2025-05-23,C00118,Email,Desktop,0
S0009020,2025-02-05,C00924,Email,Tablet,0
S0009021,2025-06-16,C00289,Social Media,Desktop,0
S0009022,2025-08-24,C01136,Direct,Mobile,1
S0009023,2025-09-17,C00107,Email,Mobile,0
S0009024,2025-07-11,C00011,Organic Search,Desktop,0
S0009025,2025-07-21,C00383,Email,Desktop,0
S0009026,2025-09-19,C00054,Direct,Mobile,0
S0009027,2025-07-04,C00557,Organic Search,Mobile,1
S0009028,2025-06-07,C00787,Email,Desktop,0
S0009029,2025-09-03,C00008,Referral,Mobile,0
S0009030,2025-04-20,C00004,Paid Search,Mobile,0
S0009031,2025-04-09,C01162,Paid Search,Mobile,0
S0009032,2025-08-29,C00374,Direct,Desktop,0
S0009033,2025-07-21,C00758,Organic Search,Desktop,0
S0009034,2025-05-02,C01036,Social Media,Mobile,0
S0009035,2025-04-27,C00933,Social Media,Mobile,0
S0009036,2025-04-06,C01145,Direct,Mobile,0
S0009037,2025-08-22,C00906,Direct,Desktop,0
S0009038,2025-03-08,C00539,Paid Search,Desktop,0
S0009039,2025-08-06,C01191,Paid Search,Mobile,0
S0009040,2025-01-15,C00550,Email,Desktop,0
S0009041,2025-09-30,C00841,Direct,Tablet,0
S0009042,2025-08-07,C00214,Direct,Mobile,0
S0009043,2025-10-01,C00280,Organic Search,Mobile,0
S0009044,2025-05-27,C01021,Email,Mobile,1
S0009045,2025-11-28,C00902,Social Media,Desktop,0
S0009046,2025-12-10,C00066,Paid Search,Mobile,0
S0009047,2025-06-01,C00031,Organic Search,Mobile,0
S0009048,2025-12-13,C00460,Social Media,Desktop,0
S0009049,2025-10-31,C00399,Social Media,Desktop,0
S0009050,2025-01-15,C00238,Direct,Desktop,0
S0009051,2025-12-20,C00329,Paid Search,Mobile,0
S0009052,2025-03-25,C01080,Organic Search,Tablet,0
S0009053,2025-07-11,C00578,Direct,Mobile,0
S0009054,2025-02-10,C00530,Email,Mobile,1
S0009055,2025-12-18,C00651,Referral,Mobile,0
S0009056,2025-11-20,C00419,Organic Search,Mobile,0
S0009057,2025-09-18,C00922,Social Media,Tablet,0
S0009058,2025-11-05,C00602,Direct,Desktop,0
S0009059,2025-05-16,C01001,Referral,Mobile,0
S0009060,2025-10-05,C00706,Social Media,Desktop,0
S0009061,2025-04-16,C00734,Paid Search,Mobile,0
S0009062,2025-01-07,C00970,Social Media,Mobile,0
S0009063,2025-10-29,C00064,Referral,Mobile,0
S0009064,2025-01-30,C00526,Direct,Mobile,0
S0009065,2025-05-06,C00454,Organic Search,Desktop,0
S0009066,2025-12-23,C00306,Social Media,Mobile,0
S0009067,2025-03-20,C00297,Paid Search,Desktop,0
S0009068,2025-03-08,C00168,Paid Search,Mobile,0
S0009069,2025-01-23,C00296,Social Media,Desktop,0
S0009070,2025-07-08,C00221,Social Media,Desktop,0
S0009071,2025-03-15,C00294,Direct,Mobile,0
S0009072,2025-01-05,C00356,Paid Search,Mobile,0
S0009073,2025-03-23,C00872,Social Media,Desktop,0
S0009074,2025-01-25,C01173,Paid Search,Mobile,0
S0009075,2025-09-21,C01009,Referral,Mobile,0
S0009076,2025-01-02,C00948,Direct,Mobile,0
S0009077,2025-10-05,C01036,Social Media,Mobile,0
S0009078,2025-11-24,C00919,Paid Search,Mobile,0
S0009079,2025-12-09,C00033,Organic Search,Desktop,0
S0009080,2025-08-12,C00894,Social Media,Desktop,0
S0009081,2025-03-13,C00955,Direct,Mobile,1
S0009082,2025-03-09,C00702,Direct,Desktop,0
S0009083,2025-11-16,C01055,Direct,Mobile,0
S0009084,2025-04-04,C01194,Email,Mobile,0
S0009085,2025-01-19,C00304,Direct,Desktop,0
S0009086,2025-05-08,C00432,Email,Mobile,0
S0009087,2025-12-09,C00710,Paid Search,Mobile,0
S0009088,2025-03-23,C00017,Email,Desktop,0
S0009089,2025-09-11,C01143,Social Media,Mobile,0
S0009090,2025-08-09,C01011,Organic Search,Mobile,0
S0009091,2025-12-09,C00161,Social Media,Tablet,0
S0009092,2025-04-07,C00676,Direct,Desktop,1
S0009093,2025-02-21,C00146,Organic Search,Desktop,0
S0009094,2025-06-24,C00121,Referral,Mobile,0
S0009095,2025-12-04,C00404,Paid Search,Desktop,0
S0009096,2025-07-01,C00840,Referral,Mobile,0
S0009097,2025-12-19,C00227,Direct,Mobile,0
S0009098,2025-04-25,C00839,Direct,Mobile,0
S0009099,2025-12-14,C01039,Email,Mobile,0
S0009100,2025-01-01,C01045,Organic Search,Desktop,0
S0009101,2025-03-04,C00492,Email,Desktop,1
S0009102,2025-09-05,C00774,Social Media,Tablet,0
S0009103,2025-08-19,C00863,Organic Search,Mobile,0
S0009104,2025-08-14,C00923,Social Media,Mobile,0
S0009105,2025-01-19,C00728,Organic Search,Mobile,0
S0009106,2025-01-31,C00114,Organic Search,Desktop,0
S0009107,2025-11-29,C00705,Social Media,Mobile,0
S0009108,2025-05-01,C01175,Email,Mobile,0
S0009109,2025-01-24,C00239,Direct,Desktop,0
S0009110,2025-11-21,C00981,Organic Search,Tablet,0
S0009111,2025-07-30,C00327,Organic Search,Desktop,1
S0009112,2025-06-10,C00859,Paid Search,Mobile,0
S0009113,2025-09-12,C00120,Organic Search,Desktop,0
S0009114,2025-02-28,C00404,Paid Search,Mobile,0
S0009115,2025-04-24,C00560,Paid Search,Mobile,0
S0009116,2025-06-09,C00563,Paid Search,Mobile,0
S0009117,2025-08-08,C01060,Social Media,Mobile,0
S0009118,2025-12-23,C00641,Organic Search,Mobile,0
S0009119,2025-06-18,C00174,Paid Search,Mobile,0
S0009120,2025-01-12,C00936,Email,Mobile,0
S0009121,2025-08-30,C01001,Referral,Mobile,0
S0009122,2025-05-19,C00895,Organic Search,Mobile,0
S0009123,2025-04-07,C00506,Direct,Mobile,0
S0009124,2025-05-27,C01192,Email,Mobile,1
S0009125,2025-07-01,C00399,Social Media,Desktop,0
S0009126,2025-02-26,C01040,Social Media,Mobile,0
S0009127,2025-02-11,C00869,Referral,Desktop,0
S0009128,2025-12-20,C00414,Email,Mobile,0
S0009129,2025-07-18,C00020,Paid Search,Mobile,0
S0009130,2025-01-31,C00418,Direct,Mobile,0
S0009131,2025-06-29,C00805,Paid Search,Mobile,0
S0009132,2025-01-02,C00594,Organic Search,Mobile,0
S0009133,2025-10-15,C00007,Paid Search,Mobile,0
S0009134,2025-05-18,C00271,Referral,Tablet,0
S0009135,2025-04-15,C01199,Organic Search,Mobile,1
S0009136,2025-08-06,C00941,Organic Search,Desktop,0
S0009137,2025-08-10,C00274,Paid Search,Mobile,0
S0009138,2025-11-27,C00912,Direct,Mobile,0
S0009139,2025-04-15,C00449,Organic Search,Mobile,0
S0009140,2025-05-07,C01096,Referral,Mobile,0
S0009141,2025-09-22,C00782,Organic Search,Mobile,0
S0009142,2025-07-19,C00455,Organic Search,Mobile,0
S0009143,2025-09-09,C01093,Email,Desktop,1
S0009144,2025-01-15,C00270,Organic Search,Mobile,0
S0009145,2025-08-14,C00405,Paid Search,Mobile,0
S0009146,2025-12-19,C00253,Social Media,Desktop,0
S0009147,2025-04-15,C01009,Referral,Mobile,0
S0009148,2025-08-21,C00286,Paid Search,Desktop,0
S0009149,2025-11-15,C00688,Social Media,Mobile,0
S0009150,2025-08-07,C00934,Direct,Mobile,0
S0009151,2025-10-04,C00020,Paid Search,Mobile,0
S0009152,2025-09-18,C00533,Email,Mobile,0
S0009153,2025-12-07,C00894,Social Media,Mobile,1
S0009154,2025-12-02,C00855,Social Media,Mobile,1
S0009155,2025-07-09,C00513,Paid Search,Mobile,0
S0009156,2025-07-17,C00377,Referral,Desktop,0
S0009157,2025-12-19,C01187,Paid Search,Mobile,0
S0009158,2025-10-04,C00128,Paid Search,Mobile,0
S0009159,2025-12-02,C00907,Organic Search,Mobile,0
S0009160,2025-02-08,C00925,Referral,Mobile,0
S0009161,2025-06-11,C00614,Social Media,Mobile,0
S0009162,2025-05-01,C01016,Organic Search,Tablet,0
S0009163,2025-09-19,C00327,Organic Search,Desktop,0
S0009164,2025-08-04,C00332,Direct,Mobile,0
S0009165,2025-11-08,C01132,Direct,Desktop,0
S0009166,2025-02-18,C00913,Social Media,Mobile,0
S0009167,2025-04-02,C00617,Organic Search,Mobile,0
S0009168,2025-05-09,C00721,Email,Mobile,0
S0009169,2025-11-17,C00279,Direct,Mobile,0
S0009170,2025-01-28,C00508,Paid Search,Tablet,0
S0009171,2025-12-22,C00134,Social Media,Desktop,0
S0009172,2025-05-28,C00171,Paid Search,Mobile,0
S0009173,2025-11-24,C00776,Social Media,Mobile,0
S0009174,2025-03-06,C00496,Email,Desktop,0
S0009175,2025-08-06,C00098,Referral,Mobile,0
S0009176,2025-02-20,C01028,Direct,Mobile,0
S0009177,2025-11-01,C00925,Referral,Mobile,0
S0009178,2025-03-15,C00362,Direct,Mobile,0
S0009179,2025-07-18,C00034,Social Media,Mobile,0
S0009180,2025-07-11,C00173,Direct,Desktop,0
S0009181,2025-07-08,C00158,Referral,Mobile,1
S0009182,2025-01-12,C00750,Organic Search,Mobile,0
S0009183,2025-08-27,C00466,Direct,Mobile,1
S0009184,2025-12-26,C00846,Organic Search,Mobile,0
S0009185,2025-03-22,C00589,Paid Search,Desktop,0
S0009186,2025-09-27,C00590,Social Media,Mobile,0
S0009187,2025-10-17,C01013,Email,Mobile,0
S0009188,2025-02-17,C00874,Referral,Mobile,0
S0009189,2025-11-13,C00572,Social Media,Mobile,0
S0009190,2025-07-28,C00385,Paid Search,Mobile,0
S0009191,2025-02-04,C00594,Organic Search,Mobile,0
S0009192,2025-04-29,C00235,Email,Tablet,0
S0009193,2025-03-06,C01173,Paid Search,Desktop,0
S0009194,2025-11-11,C00749,Paid Search,Mobile,1
S0009195,2025-08-30,C00892,Direct,Mobile,1
S0009196,2025-02-05,C00975,Paid Search,Mobile,0
S0009197,2025-09-09,C00936,Email,Desktop,0
S0009198,2025-08-31,C00087,Direct,Mobile,0
S0009199,2025-02-11,C00357,Email,Desktop,0
S0009200,2025-03-10,C00190,Organic Search,Mobile,0
S0009201,2025-04-17,C00227,Direct,Mobile,0
S0009202,2025-02-08,C00789,Paid Search,Tablet,0
S0009203,2025-03-10,C00588,Direct,Mobile,0
S0009204,2025-06-29,C00380,Referral,Desktop,0
S0009205,2025-01-12,C01149,Social Media,Mobile,0
S0009206,2025-12-05,C00776,Social Media,Mobile,0
S0009207,2025-07-23,C00356,Paid Search,Mobile,0
S0009208,2025-02-05,C00083,Direct,Desktop,0
S0009209,2025-05-06,C00636,Social Media,Mobile,0
S0009210,2025-03-04,C00761,Organic Search,Tablet,0
S0009211,2025-11-28,C00556,Organic Search,Tablet,0
S0009212,2025-03-23,C00962,Social Media,Desktop,0
S0009213,2025-11-03,C00339,Email,Mobile,0
S0009214,2025-10-26,C00904,Direct,Mobile,0
S0009215,2025-02-03,C00181,Social Media,Mobile,0
S0009216,2025-08-28,C00088,Social Media,Mobile,0
S0009217,2025-04-07,C00780,Referral,Desktop,0
S0009218,2025-02-18,C00372,Direct,Mobile,0
S0009219,2025-05-26,C00503,Referral,Mobile,0
S0009220,2025-05-05,C00971,Email,Desktop,0
S0009221,2025-07-08,C00803,Social Media,Desktop,0
S0009222,2025-02-26,C00656,Organic Search,Mobile,0
S0009223,2025-12-15,C01163,Referral,Mobile,0
S0009224,2025-04-19,C00455,Organic Search,Mobile,0
S0009225,2025-01-05,C01129,Direct,Mobile,0
S0009226,2025-01-24,C00698,Paid Search,Mobile,0
S0009227,2025-08-09,C00105,Email,Mobile,0
S0009228,2025-11-11,C01085,Paid Search,Mobile,0
S0009229,2025-10-21,C00240,Social Media,Mobile,0
S0009230,2025-01-10,C00635,Social Media,Mobile,0
S0009231,2025-06-14,C00565,Social Media,Mobile,0
S0009232,2025-08-03,C00606,Paid Search,Desktop,0
S0009233,2025-05-06,C00237,Paid Search,Mobile,0
S0009234,2025-09-24,C01084,Email,Mobile,0
S0009235,2025-10-07,C00476,Paid Search,Desktop,1
S0009236,2025-03-29,C00822,Social Media,Mobile,0
S0009237,2025-04-24,C00037,Paid Search,Mobile,0
S0009238,2025-01-21,C00866,Organic Search,Mobile,0
S0009239,2025-05-28,C01106,Social Media,Desktop,0
S0009240,2025-09-02,C01005,Paid Search,Mobile,0
S0009241,2025-09-23,C00150,Referral,Mobile,0
S0009242,2025-08-05,C00812,Organic Search,Mobile,0
S0009243,2025-08-28,C00010,Direct,Desktop,1
S0009244,2025-08-20,C00900,Referral,Mobile,0
S0009245,2025-08-20,C01152,Direct,Mobile,0
S0009246,2025-08-30,C01149,Social Media,Mobile,0
S0009247,2025-07-09,C00806,Organic Search,Mobile,0
S0009248,2025-08-17,C00509,Organic Search,Mobile,0
S0009249,2025-03-07,C00704,Direct,Mobile,0
S0009250,2025-10-06,C00586,Social Media,Mobile,0
S0009251,2025-09-26,C00670,Email,Tablet,0
S0009252,2025-07-28,C00042,Direct,Desktop,0
S0009253,2025-01-16,C00975,Paid Search,Mobile,0
S0009254,2025-10-24,C00350,Social Media,Desktop,0
S0009255,2025-08-08,C00126,Organic Search,Desktop,0
S0009256,2025-09-14,C00017,Email,Mobile,1
S0009257,2025-09-25,C00750,Organic Search,Mobile,0
S0009258,2025-08-17,C00600,Paid Search,Mobile,0
S0009259,2025-04-29,C00488,Paid Search,Mobile,0
S0009260,2025-06-27,C01123,Referral,Mobile,0
S0009261,2025-01-20,C00192,Organic Search,Mobile,0
S0009262,2025-02-05,C00967,Direct,Desktop,1
S0009263,2025-12-01,C00049,Organic Search,Mobile,0
S0009264,2025-04-18,C00739,Paid Search,Mobile,0
S0009265,2025-07-08,C01067,Organic Search,Mobile,0
S0009266,2025-06-27,C00277,Paid Search,Desktop,0
S0009267,2025-04-06,C00489,Paid Search,Desktop,0
S0009268,2025-11-11,C00345,Organic Search,Mobile,0
S0009269,2025-01-20,C00316,Email,Desktop,0
S0009270,2025-06-13,C01029,Referral,Desktop,0
S0009271,2025-04-07,C00165,Paid Search,Desktop,0
S0009272,2025-05-23,C01005,Paid Search,Mobile,1
S0009273,2025-03-03,C00093,Direct,Mobile,0
S0009274,2025-08-30,C01016,Organic Search,Mobile,0
S0009275,2025-08-26,C00294,Direct,Mobile,0
S0009276,2025-05-11,C01099,Paid Search,Desktop,0
S0009277,2025-04-03,C00518,Email,Mobile,0
S0009278,2025-04-01,C00459,Social Media,Desktop,0
S0009279,2025-05-13,C00788,Direct,Mobile,0
S0009280,2025-05-03,C00437,Organic Search,Mobile,0
S0009281,2025-12-08,C00971,Email,Tablet,0
S0009282,2025-04-28,C00572,Social Media,Mobile,0
S0009283,2025-07-17,C00299,Direct,Mobile,0
S0009284,2025-10-09,C00986,Organic Search,Mobile,0
S0009285,2025-01-01,C00284,Organic Search,Mobile,0
S0009286,2025-07-30,C00868,Social Media,Mobile,0
S0009287,2025-09-20,C00981,Organic Search,Mobile,0
S0009288,2025-11-28,C00507,Organic Search,Desktop,0
S0009289,2025-07-31,C00450,Social Media,Mobile,0
S0009290,2025-03-28,C00484,Paid Search,Mobile,0
S0009291,2025-06-02,C00776,Social Media,Mobile,1
S0009292,2025-12-16,C00445,Referral,Mobile,0
S0009293,2025-07-06,C00308,Direct,Desktop,0
S0009294,2025-03-02,C00677,Organic Search,Mobile,0
S0009295,2025-10-12,C01022,Social Media,Desktop,0
S0009296,2025-04-05,C00725,Referral,Mobile,0
S0009297,2025-10-01,C00626,Social Media,Desktop,0
S0009298,2025-02-10,C00147,Paid Search,Desktop,0
S0009299,2025-05-27,C00449,Organic Search,Mobile,0
S0009300,2025-09-03,C01039,Email,Desktop,0
S0009301,2025-05-12,C00172,Organic Search,Desktop,0
S0009302,2025-10-24,C01056,Referral,Desktop,0
S0009303,2025-05-03,C01177,Organic Search,Desktop,0
S0009304,2025-05-23,C00294,Direct,Mobile,0
S0009305,2025-07-01,C00292,Organic Search,Mobile,0
S0009306,2025-07-11,C00350,Social Media,Mobile,0
S0009307,2025-07-26,C00464,Social Media,Mobile,0
S0009308,2025-08-19,C01009,Referral,Mobile,0
S0009309,2025-01-22,C00282,Organic Search,Mobile,0
S0009310,2025-03-21,C01041,Direct,Mobile,0
S0009311,2025-05-10,C00064,Referral,Desktop,0
S0009312,2025-10-19,C00452,Email,Mobile,1
S0009313,2025-10-03,C00537,Social Media,Mobile,0
S0009314,2025-11-19,C00074,Direct,Desktop,0
S0009315,2025-02-24,C00361,Paid Search,Mobile,0
S0009316,2025-03-07,C00835,Paid Search,Mobile,0
S0009317,2025-08-15,C01093,Email,Mobile,0
S0009318,2025-01-26,C00170,Email,Mobile,1
S0009319,2025-09-10,C00716,Organic Search,Mobile,0
S0009320,2025-07-16,C00639,Referral,Mobile,0
S0009321,2025-05-10,C00627,Organic Search,Mobile,0
S0009322,2025-08-31,C00949,Social Media,Desktop,0
S0009323,2025-11-08,C01002,Organic Search,Mobile,0
S0009324,2025-07-31,C01152,Direct,Mobile,0
S0009325,2025-07-09,C00474,Social Media,Mobile,0
S0009326,2025-10-17,C00520,Social Media,Mobile,0
S0009327,2025-08-14,C00416,Referral,Mobile,0
S0009328,2025-09-03,C00723,Social Media,Mobile,0
S0009329,2025-02-25,C00917,Referral,Desktop,0
S0009330,2025-02-24,C00449,Organic Search,Mobile,0
S0009331,2025-10-03,C00697,Email,Mobile,0
S0009332,2025-11-02,C00402,Social Media,Tablet,0
S0009333,2025-12-06,C00157,Referral,Mobile,0
S0009334,2025-06-02,C00798,Direct,Mobile,0
S0009335,2025-02-22,C00234,Paid Search,Mobile,0
S0009336,2025-04-21,C00861,Paid Search,Mobile,0
S0009337,2025-07-23,C00781,Organic Search,Desktop,0
S0009338,2025-04-22,C00775,Social Media,Mobile,0
S0009339,2025-11-21,C00721,Email,Desktop,0
S0009340,2025-09-15,C00072,Paid Search,Mobile,0
S0009341,2025-01-16,C00220,Organic Search,Desktop,0
S0009342,2025-12-16,C00981,Organic Search,Mobile,0
S0009343,2025-06-15,C00178,Organic Search,Desktop,0
S0009344,2025-10-28,C00457,Direct,Desktop,0
S0009345,2025-10-07,C00464,Social Media,Mobile,0
S0009346,2025-06-07,C00810,Referral,Mobile,0
S0009347,2025-09-06,C00762,Organic Search,Mobile,0
S0009348,2025-06-30,C00251,Social Media,Mobile,0
S0009349,2025-07-10,C01129,Direct,Mobile,0
S0009350,2025-05-19,C00113,Social Media,Desktop,0
S0009351,2025-03-19,C00498,Social Media,Desktop,0
S0009352,2025-12-02,C00171,Paid Search,Mobile,0
S0009353,2025-02-19,C00478,Paid Search,Mobile,0
S0009354,2025-03-26,C00285,Paid Search,Mobile,0
S0009355,2025-07-02,C00263,Organic Search,Mobile,0
S0009356,2025-07-02,C00171,Paid Search,Tablet,0
S0009357,2025-01-04,C00933,Social Media,Mobile,0
S0009358,2025-11-13,C01107,Paid Search,Tablet,0
S0009359,2025-04-21,C00259,Organic Search,Desktop,0
S0009360,2025-11-30,C00081,Social Media,Tablet,0
S0009361,2025-12-05,C00813,Paid Search,Mobile,0
S0009362,2025-09-08,C01140,Social Media,Desktop,0
S0009363,2025-05-13,C00848,Organic Search,Mobile,1
S0009364,2025-04-10,C00002,Organic Search,Desktop,0
S0009365,2025-06-21,C00034,Social Media,Desktop,0
S0009366,2025-10-14,C00847,Paid Search,Desktop,0
S0009367,2025-04-29,C01114,Organic Search,Tablet,0
S0009368,2025-12-16,C00835,Paid Search,Desktop,0
S0009369,2025-06-24,C01044,Organic Search,Desktop,0
S0009370,2025-01-30,C00641,Organic Search,Tablet,1
S0009371,2025-02-24,C01149,Social Media,Desktop,0
S0009372,2025-12-27,C01180,Paid Search,Mobile,0
S0009373,2025-07-15,C01166,Direct,Desktop,0
S0009374,2025-02-10,C01176,Email,Desktop,0
S0009375,2025-06-22,C00166,Organic Search,Mobile,1
S0009376,2025-11-26,C00037,Paid Search,Mobile,0
S0009377,2025-08-07,C01077,Email,Mobile,0
S0009378,2025-07-27,C00426,Social Media,Mobile,0
S0009379,2025-06-07,C00390,Organic Search,Mobile,0
S0009380,2025-11-29,C01165,Organic Search,Mobile,0
S0009381,2025-08-16,C00908,Email,Mobile,0
S0009382,2025-03-26,C00264,Direct,Mobile,0
S0009383,2025-06-22,C00796,Direct,Mobile,0
S0009384,2025-09-02,C01026,Organic Search,Desktop,0
S0009385,2025-12-26,C00392,Direct,Desktop,0
S0009386,2025-06-22,C00258,Social Media,Mobile,0
S0009387,2025-12-01,C00168,Paid Search,Desktop,0
S0009388,2025-07-31,C00027,Paid Search,Desktop,1
S0009389,2025-03-25,C00662,Organic Search,Desktop,1
S0009390,2025-06-22,C00413,Organic Search,Mobile,0
S0009391,2025-07-02,C00803,Social Media,Desktop,0
S0009392,2025-05-13,C00145,Referral,Desktop,0
S0009393,2025-10-15,C01143,Social Media,Mobile,0
S0009394,2025-09-19,C00634,Paid Search,Desktop,0
S0009395,2025-12-16,C00228,Email,Tablet,0
S0009396,2025-10-09,C00695,Paid Search,Mobile,0
S0009397,2025-10-20,C00790,Social Media,Mobile,0
S0009398,2025-09-26,C00517,Organic Search,Desktop,0
S0009399,2025-12-15,C00683,Social Media,Mobile,0
S0009400,2025-07-16,C00302,Paid Search,Mobile,0
S0009401,2025-01-25,C00851,Email,Desktop,0
S0009402,2025-05-21,C00968,Social Media,Mobile,0
S0009403,2025-08-11,C00886,Paid Search,Mobile,0
S0009404,2025-01-20,C00107,Email,Mobile,0
S0009405,2025-09-04,C00008,Referral,Mobile,0
S0009406,2025-11-24,C00007,Paid Search,Mobile,0
S0009407,2025-07-20,C00329,Paid Search,Mobile,0
S0009408,2025-04-25,C00027,Paid Search,Desktop,0
S0009409,2025-07-08,C01033,Paid Search,Desktop,0
S0009410,2025-01-26,C01089,Social Media,Mobile,0
S0009411,2025-02-23,C00389,Social Media,Desktop,0
S0009412,2025-06-19,C00166,Organic Search,Mobile,0
S0009413,2025-01-11,C00548,Paid Search,Mobile,0
S0009414,2025-01-27,C00503,Referral,Mobile,0
S0009415,2025-12-16,C00044,Social Media,Tablet,0
S0009416,2025-03-24,C00436,Referral,Mobile,0
S0009417,2025-10-17,C01084,Email,Desktop,0
S0009418,2025-02-07,C00454,Organic Search,Mobile,0
S0009419,2025-03-28,C00330,Paid Search,Desktop,0
S0009420,2025-11-17,C00017,Email,Mobile,0
S0009421,2025-06-05,C00558,Paid Search,Mobile,0
S0009422,2025-11-04,C00297,Paid Search,Mobile,0
S0009423,2025-10-13,C00863,Organic Search,Mobile,0
S0009424,2025-07-05,C00069,Organic Search,Desktop,1
S0009425,2025-07-01,C00043,Direct,Desktop,0
S0009426,2025-05-23,C01008,Organic Search,Mobile,0
S0009427,2025-07-25,C01145,Direct,Desktop,0
S0009428,2025-05-22,C00424,Paid Search,Desktop,0
S0009429,2025-07-04,C00352,Email,Mobile,0
S0009430,2025-08-29,C00194,Email,Mobile,0
S0009431,2025-01-08,C00742,Referral,Desktop,0
S0009432,2025-03-13,C00012,Referral,Desktop,0
S0009433,2025-10-15,C00097,Paid Search,Desktop,0
S0009434,2025-04-05,C01004,Referral,Desktop,0
S0009435,2025-06-06,C00620,Social Media,Mobile,0
S0009436,2025-02-10,C00054,Direct,Mobile,0
S0009437,2025-11-27,C00317,Referral,Desktop,0
S0009438,2025-10-28,C01192,Email,Mobile,0
S0009439,2025-09-26,C00938,Paid Search,Desktop,0
S0009440,2025-06-04,C00831,Paid Search,Desktop,0
S0009441,2025-10-02,C00874,Referral,Desktop,0
S0009442,2025-06-03,C00494,Social Media,Mobile,0
S0009443,2025-02-22,C00068,Paid Search,Mobile,0
S0009444,2025-06-28,C00635,Social Media,Mobile,0
S0009445,2025-08-28,C00158,Referral,Mobile,0
S0009446,2025-05-17,C00571,Paid Search,Mobile,0
S0009447,2025-09-12,C00440,Paid Search,Mobile,0
S0009448,2025-08-12,C00489,Paid Search,Mobile,0
S0009449,2025-06-29,C00163,Paid Search,Mobile,0
S0009450,2025-07-01,C00987,Social Media,Desktop,0
S0009451,2025-09-16,C00366,Email,Desktop,0
S0009452,2025-08-31,C00709,Social Media,Mobile,0
S0009453,2025-04-06,C00775,Social Media,Desktop,0
S0009454,2025-07-16,C00402,Social Media,Mobile,0
S0009455,2025-01-14,C00261,Organic Search,Tablet,0
S0009456,2025-04-30,C00939,Paid Search,Desktop,0
S0009457,2025-09-26,C00763,Paid Search,Mobile,0
S0009458,2025-06-20,C00560,Paid Search,Desktop,0
S0009459,2025-03-13,C00532,Organic Search,Mobile,1
S0009460,2025-06-28,C00171,Paid Search,Mobile,0
S0009461,2025-06-19,C00587,Organic Search,Desktop,0
S0009462,2025-06-08,C00439,Email,Tablet,0
S0009463,2025-06-03,C00019,Paid Search,Desktop,0
S0009464,2025-03-23,C00151,Paid Search,Mobile,0
S0009465,2025-02-26,C00894,Social Media,Desktop,0
S0009466,2025-01-07,C00972,Social Media,Desktop,1
S0009467,2025-04-22,C00786,Organic Search,Mobile,0
S0009468,2025-02-17,C00064,Referral,Desktop,0
S0009469,2025-03-21,C00410,Organic Search,Mobile,0
S0009470,2025-11-12,C00312,Direct,Desktop,0
S0009471,2025-02-02,C00648,Paid Search,Mobile,1
S0009472,2025-04-25,C01117,Referral,Mobile,0
S0009473,2025-01-03,C00494,Social Media,Mobile,0
S0009474,2025-01-04,C00244,Organic Search,Mobile,0
S0009475,2025-12-22,C00067,Email,Mobile,0
S0009476,2025-09-17,C00434,Paid Search,Desktop,0
S0009477,2025-02-11,C01142,Paid Search,Mobile,0
S0009478,2025-01-09,C00013,Email,Mobile,0
S0009479,2025-11-03,C00659,Email,Desktop,0
S0009480,2025-05-25,C01138,Paid Search,Mobile,0
S0009481,2025-04-07,C00355,Paid Search,Tablet,0
S0009482,2025-10-03,C00428,Organic Search,Desktop,0
S0009483,2025-05-22,C00476,Paid Search,Desktop,0
S0009484,2025-10-05,C00690,Email,Mobile,1
S0009485,2025-01-27,C00280,Organic Search,Mobile,0
S0009486,2025-02-12,C00291,Social Media,Desktop,0
S0009487,2025-05-11,C00467,Social Media,Desktop,0
S0009488,2025-08-04,C00269,Social Media,Mobile,0
S0009489,2025-04-04,C00619,Paid Search,Mobile,0
S0009490,2025-01-08,C00250,Direct,Mobile,0
S0009491,2025-03-27,C00563,Paid Search,Tablet,1
S0009492,2025-12-11,C00290,Referral,Mobile,0
S0009493,2025-05-18,C00012,Referral,Mobile,0
S0009494,2025-09-03,C00800,Social Media,Desktop,0
S0009495,2025-01-21,C00897,Paid Search,Mobile,0
S0009496,2025-09-22,C00026,Referral,Desktop,0
S0009497,2025-05-28,C00828,Social Media,Mobile,0
S0009498,2025-07-03,C00310,Social Media,Mobile,0
S0009499,2025-08-15,C00255,Organic Search,Mobile,0
S0009500,2025-10-19,C00488,Paid Search,Mobile,0
S0009501,2025-02-05,C00256,Email,Mobile,0
S0009502,2025-09-03,C00638,Social Media,Mobile,0
S0009503,2025-03-14,C01099,Paid Search,Desktop,0
S0009504,2025-05-30,C01153,Referral,Desktop,1
S0009505,2025-01-01,C01162,Paid Search,Mobile,0
S0009506,2025-03-10,C00206,Social Media,Mobile,0
S0009507,2025-10-20,C00844,Paid Search,Mobile,0
S0009508,2025-08-18,C00885,Paid Search,Desktop,0
S0009509,2025-07-30,C00022,Email,Desktop,0
S0009510,2025-03-13,C00308,Direct,Desktop,0
S0009511,2025-12-29,C00804,Organic Search,Desktop,0
S0009512,2025-04-06,C01137,Paid Search,Mobile,0
S0009513,2025-03-25,C01146,Paid Search,Mobile,0
S0009514,2025-08-16,C00211,Referral,Mobile,0
S0009515,2025-10-26,C00869,Referral,Desktop,0
S0009516,2025-08-24,C00875,Organic Search,Mobile,1
S0009517,2025-10-20,C00575,Referral,Mobile,0
S0009518,2025-08-10,C00770,Organic Search,Desktop,0
S0009519,2025-08-11,C01130,Organic Search,Mobile,0
S0009520,2025-10-08,C01200,Email,Mobile,0
S0009521,2025-08-09,C00872,Social Media,Mobile,0
S0009522,2025-08-04,C00877,Paid Search,Mobile,0
S0009523,2025-08-19,C00887,Email,Mobile,0
S0009524,2025-06-18,C00083,Direct,Mobile,0
S0009525,2025-11-25,C00328,Email,Mobile,0
S0009526,2025-02-11,C00932,Organic Search,Desktop,0
S0009527,2025-09-15,C00841,Direct,Mobile,0
S0009528,2025-07-15,C00569,Social Media,Tablet,0
S0009529,2025-04-06,C01116,Email,Mobile,0
S0009530,2025-11-13,C00596,Email,Desktop,1
S0009531,2025-01-14,C00959,Social Media,Mobile,0
S0009532,2025-04-23,C00604,Social Media,Mobile,0
S0009533,2025-03-18,C00927,Paid Search,Desktop,0
S0009534,2025-10-04,C00351,Referral,Mobile,0
S0009535,2025-11-16,C00224,Organic Search,Mobile,1
S0009536,2025-06-09,C00792,Referral,Mobile,0
S0009537,2025-11-09,C00742,Referral,Desktop,0
S0009538,2025-04-29,C00327,Organic Search,Tablet,0
S0009539,2025-06-10,C01070,Direct,Mobile,0
S0009540,2025-11-04,C00994,Direct,Mobile,0
S0009541,2025-12-17,C00541,Paid Search,Mobile,0
S0009542,2025-05-26,C00095,Social Media,Desktop,0
S0009543,2025-06-12,C00860,Referral,Desktop,0
S0009544,2025-06-28,C00466,Direct,Tablet,0
S0009545,2025-03-30,C00642,Organic Search,Mobile,0
S0009546,2025-08-11,C01009,Referral,Desktop,0
S0009547,2025-09-23,C00692,Email,Desktop,0
S0009548,2025-08-27,C00974,Direct,Mobile,0
S0009549,2025-11-04,C01014,Direct,Mobile,0
S0009550,2025-02-03,C01128,Email,Mobile,0
S0009551,2025-06-16,C00090,Organic Search,Desktop,0
S0009552,2025-05-05,C00098,Referral,Mobile,1
S0009553,2025-08-12,C00101,Organic Search,Mobile,0
S0009554,2025-05-30,C00550,Email,Mobile,0
S0009555,2025-07-08,C00100,Referral,Desktop,0
S0009556,2025-02-12,C00995,Social Media,Mobile,0
S0009557,2025-01-29,C00037,Paid Search,Desktop,0
S0009558,2025-12-28,C00189,Email,Mobile,0
S0009559,2025-04-30,C00183,Email,Desktop,0
S0009560,2025-12-03,C00400,Referral,Mobile,0
S0009561,2025-01-31,C01030,Organic Search,Mobile,0
S0009562,2025-06-30,C00128,Paid Search,Desktop,0
S0009563,2025-06-11,C00694,Social Media,Mobile,0
S0009564,2025-05-08,C00021,Paid Search,Desktop,0
S0009565,2025-09-12,C00880,Organic Search,Desktop,1
S0009566,2025-10-21,C00995,Social Media,Mobile,1
S0009567,2025-12-23,C00253,Social Media,Mobile,0
S0009568,2025-09-11,C00410,Organic Search,Mobile,0
S0009569,2025-05-10,C01095,Email,Mobile,0
S0009570,2025-01-12,C00565,Social Media,Desktop,0
S0009571,2025-02-04,C00111,Organic Search,Mobile,0
S0009572,2025-07-17,C00922,Social Media,Desktop,0
S0009573,2025-09-05,C00782,Organic Search,Mobile,0
S0009574,2025-04-20,C00887,Email,Mobile,1
S0009575,2025-11-24,C00068,Paid Search,Desktop,0
S0009576,2025-09-02,C00864,Organic Search,Mobile,0
S0009577,2025-09-07,C00818,Organic Search,Mobile,0
S0009578,2025-11-13,C00272,Paid Search,Tablet,0
S0009579,2025-06-12,C00654,Organic Search,Desktop,0
S0009580,2025-02-17,C00513,Paid Search,Desktop,0
S0009581,2025-03-12,C00404,Paid Search,Mobile,0
S0009582,2025-05-14,C00559,Organic Search,Mobile,0
S0009583,2025-08-27,C00133,Email,Desktop,0
S0009584,2025-03-09,C00245,Direct,Mobile,0
S0009585,2025-10-05,C00483,Paid Search,Mobile,0
S0009586,2025-02-01,C00899,Social Media,Desktop,0
S0009587,2025-05-03,C01083,Paid Search,Mobile,0
S0009588,2025-01-22,C00122,Organic Search,Desktop,0
S0009589,2025-06-04,C00013,Email,Mobile,0
S0009590,2025-04-20,C00699,Direct,Mobile,0
S0009591,2025-09-28,C00709,Social Media,Mobile,0
S0009592,2025-10-27,C00421,Social Media,Desktop,0
S0009593,2025-04-25,C00973,Organic Search,Mobile,0
S0009594,2025-08-08,C00424,Paid Search,Mobile,0
S0009595,2025-08-18,C00240,Social Media,Mobile,0
S0009596,2025-09-09,C00664,Email,Desktop,0
S0009597,2025-09-06,C00397,Social Media,Tablet,0
S0009598,2025-01-09,C00439,Email,Mobile,0
S0009599,2025-02-03,C00805,Paid Search,Mobile,0
S0009600,2025-08-16,C00424,Paid Search,Mobile,0
S0009601,2025-03-14,C00846,Organic Search,Mobile,0
S0009602,2025-10-28,C00080,Organic Search,Desktop,0
S0009603,2025-07-31,C00066,Paid Search,Mobile,0
S0009604,2025-03-13,C00963,Direct,Mobile,0
S0009605,2025-02-27,C00811,Email,Mobile,1
S0009606,2025-08-08,C01100,Referral,Mobile,0
S0009607,2025-10-02,C00186,Paid Search,Mobile,0
S0009608,2025-09-06,C00906,Direct,Mobile,0
S0009609,2025-01-16,C00920,Email,Desktop,0
S0009610,2025-03-16,C00029,Email,Mobile,0
S0009611,2025-04-16,C00788,Direct,Desktop,0
S0009612,2025-05-16,C00045,Paid Search,Mobile,0
S0009613,2025-03-15,C00687,Referral,Mobile,0
S0009614,2025-09-11,C00485,Organic Search,Desktop,0
S0009615,2025-01-18,C01196,Email,Mobile,0
S0009616,2025-02-12,C01175,Email,Tablet,1
S0009617,2025-02-19,C00561,Paid Search,Mobile,0
S0009618,2025-01-03,C00139,Paid Search,Desktop,0
S0009619,2025-08-20,C00797,Direct,Mobile,0
S0009620,2025-08-07,C00090,Organic Search,Mobile,0
S0009621,2025-02-28,C01146,Paid Search,Mobile,0
S0009622,2025-10-11,C01150,Paid Search,Desktop,0
S0009623,2025-10-29,C00854,Organic Search,Desktop,0
S0009624,2025-03-05,C00286,Paid Search,Desktop,0
S0009625,2025-03-11,C00689,Email,Desktop,0
S0009626,2025-10-30,C00913,Social Media,Desktop,0
S0009627,2025-05-22,C00220,Organic Search,Mobile,0
S0009628,2025-07-21,C00535,Paid Search,Desktop,1
S0009629,2025-07-26,C00090,Organic Search,Mobile,0
S0009630,2025-08-09,C00079,Paid Search,Mobile,0
S0009631,2025-12-28,C00052,Social Media,Mobile,0
S0009632,2025-09-03,C00478,Paid Search,Mobile,0
S0009633,2025-03-22,C01193,Direct,Desktop,1
S0009634,2025-09-08,C00780,Referral,Desktop,0
S0009635,2025-02-20,C00161,Social Media,Desktop,0
S0009636,2025-10-12,C01159,Organic Search,Mobile,0
S0009637,2025-12-12,C00503,Referral,Desktop,0
S0009638,2025-07-23,C00405,Paid Search,Mobile,0
S0009639,2025-01-25,C00412,Direct,Mobile,0
S0009640,2025-02-10,C00354,Paid Search,Mobile,1
S0009641,2025-03-10,C00551,Organic Search,Desktop,0
S0009642,2025-01-04,C00387,Organic Search,Mobile,0
S0009643,2025-08-28,C00792,Referral,Mobile,0
S0009644,2025-12-27,C00547,Paid Search,Desktop,0
S0009645,2025-01-31,C01046,Social Media,Mobile,0
S0009646,2025-04-27,C00619,Paid Search,Mobile,0
S0009647,2025-07-14,C00560,Paid Search,Mobile,1
S0009648,2025-03-31,C00197,Direct,Desktop,0
S0009649,2025-06-27,C00324,Email,Desktop,0
S0009650,2025-05-25,C00840,Referral,Mobile,0
S0009651,2025-07-21,C00672,Direct,Tablet,0
S0009652,2025-11-18,C00224,Organic Search,Mobile,0
S0009653,2025-12-10,C00956,Organic Search,Mobile,0
S0009654,2025-07-22,C00038,Paid Search,Desktop,0
S0009655,2025-01-24,C00517,Organic Search,Mobile,0
S0009656,2025-12-21,C00899,Social Media,Desktop,0
S0009657,2025-04-15,C00060,Organic Search,Mobile,0
S0009658,2025-10-02,C01112,Organic Search,Tablet,0
S0009659,2025-11-18,C00204,Referral,Mobile,0
S0009660,2025-03-01,C00901,Referral,Desktop,0
S0009661,2025-01-15,C00805,Paid Search,Mobile,0
S0009662,2025-03-26,C01088,Social Media,Desktop,0
S0009663,2025-07-16,C00303,Direct,Mobile,0
S0009664,2025-08-23,C01127,Referral,Mobile,0
S0009665,2025-12-10,C00897,Paid Search,Mobile,0
S0009666,2025-09-20,C00975,Paid Search,Mobile,0
S0009667,2025-01-06,C00840,Referral,Mobile,1
S0009668,2025-10-16,C00804,Organic Search,Desktop,0
S0009669,2025-02-27,C00068,Paid Search,Tablet,0
S0009670,2025-05-25,C00038,Paid Search,Desktop,0
S0009671,2025-02-11,C00039,Email,Mobile,0
S0009672,2025-12-16,C00232,Email,Desktop,0
S0009673,2025-07-19,C00924,Email,Desktop,0
S0009674,2025-06-23,C00864,Organic Search,Mobile,0
S0009675,2025-12-01,C00912,Direct,Mobile,0
S0009676,2025-04-05,C00636,Social Media,Desktop,0
S0009677,2025-08-05,C00839,Direct,Desktop,0
S0009678,2025-04-21,C00169,Organic Search,Mobile,0
S0009679,2025-12-19,C00816,Organic Search,Mobile,0
S0009680,2025-06-29,C00636,Social Media,Mobile,0
S0009681,2025-06-12,C00276,Organic Search,Mobile,0
S0009682,2025-04-29,C01192,Email,Mobile,0
S0009683,2025-11-21,C00289,Social Media,Desktop,0
S0009684,2025-08-16,C00137,Social Media,Mobile,0
S0009685,2025-05-25,C00278,Direct,Mobile,0
S0009686,2025-11-04,C00061,Direct,Mobile,0
S0009687,2025-05-22,C00224,Organic Search,Desktop,1
S0009688,2025-05-02,C00563,Paid Search,Mobile,0
S0009689,2025-10-12,C00312,Direct,Desktop,0
S0009690,2025-08-14,C00599,Social Media,Mobile,0
S0009691,2025-12-26,C00788,Direct,Mobile,0
S0009692,2025-09-14,C01068,Direct,Mobile,0
S0009693,2025-10-12,C00251,Social Media,Mobile,0
S0009694,2025-06-14,C01081,Organic Search,Mobile,0
S0009695,2025-08-09,C00562,Organic Search,Desktop,0
S0009696,2025-03-10,C01106,Social Media,Mobile,0
S0009697,2025-11-05,C00564,Direct,Mobile,0
S0009698,2025-08-12,C00771,Organic Search,Mobile,0
S0009699,2025-05-04,C00690,Email,Desktop,0
S0009700,2025-12-10,C00080,Organic Search,Desktop,0
S0009701,2025-12-05,C00275,Email,Desktop,1
S0009702,2025-01-12,C00922,Social Media,Tablet,0
S0009703,2025-02-21,C00281,Referral,Mobile,0
S0009704,2025-05-09,C00915,Direct,Mobile,0
S0009705,2025-05-15,C00255,Organic Search,Mobile,0
S0009706,2025-05-25,C00224,Organic Search,Tablet,0
S0009707,2025-05-07,C00084,Direct,Tablet,0
S0009708,2025-08-14,C00710,Paid Search,Mobile,0
S0009709,2025-03-12,C01031,Organic Search,Mobile,0
S0009710,2025-09-30,C01195,Email,Tablet,1
S0009711,2025-07-06,C00801,Direct,Desktop,0
S0009712,2025-01-03,C00345,Organic Search,Mobile,0
S0009713,2025-10-12,C00431,Paid Search,Mobile,0
S0009714,2025-01-22,C00454,Organic Search,Tablet,0
S0009715,2025-06-15,C00618,Referral,Mobile,0
S0009716,2025-11-06,C00869,Referral,Mobile,0
S0009717,2025-12-29,C01049,Paid Search,Mobile,0
S0009718,2025-09-03,C01047,Paid Search,Mobile,0
S0009719,2025-08-22,C00692,Email,Desktop,0
S0009720,2025-11-21,C00263,Organic Search,Mobile,0
S0009721,2025-06-07,C00484,Paid Search,Mobile,0
S0009722,2025-05-31,C00702,Direct,Mobile,0
S0009723,2025-08-01,C00341,Organic Search,Desktop,0
S0009724,2025-08-06,C00447,Paid Search,Mobile,0
S0009725,2025-09-03,C00135,Direct,Mobile,0
S0009726,2025-10-30,C00380,Referral,Desktop,0
S0009727,2025-10-03,C00163,Paid Search,Mobile,0
S0009728,2025-05-31,C00637,Social Media,Mobile,0
S0009729,2025-07-15,C01192,Email,Desktop,0
S0009730,2025-01-21,C00018,Direct,Mobile,0
S0009731,2025-09-14,C01171,Social Media,Desktop,0
S0009732,2025-01-17,C01045,Organic Search,Desktop,0
S0009733,2025-02-20,C00467,Social Media,Mobile,1
S0009734,2025-09-27,C00357,Email,Mobile,0
S0009735,2025-11-11,C00073,Email,Mobile,0
S0009736,2025-03-24,C00472,Paid Search,Mobile,1
S0009737,2025-11-02,C00635,Social Media,Mobile,0
S0009738,2025-05-04,C00342,Referral,Desktop,0
S0009739,2025-10-17,C00568,Organic Search,Mobile,0
S0009740,2025-09-19,C00157,Referral,Desktop,0
S0009741,2025-12-31,C01155,Direct,Mobile,0
S0009742,2025-02-18,C00939,Paid Search,Desktop,0
S0009743,2025-01-06,C01046,Social Media,Mobile,0
S0009744,2025-04-27,C00158,Referral,Mobile,0
S0009745,2025-04-28,C00600,Paid Search,Mobile,0
S0009746,2025-09-20,C00165,Paid Search,Mobile,0
S0009747,2025-12-19,C01081,Organic Search,Mobile,0
S0009748,2025-05-09,C00576,Organic Search,Mobile,0
S0009749,2025-06-20,C00445,Referral,Mobile,1
S0009750,2025-01-27,C00013,Email,Mobile,0
S0009751,2025-07-18,C00107,Email,Desktop,0
S0009752,2025-11-10,C00208,Paid Search,Mobile,0
S0009753,2025-12-11,C00996,Paid Search,Mobile,0
S0009754,2025-04-07,C00857,Social Media,Desktop,0
S0009755,2025-01-17,C01115,Organic Search,Mobile,0
S0009756,2025-06-22,C01169,Organic Search,Mobile,0
S0009757,2025-04-11,C00557,Organic Search,Mobile,0
S0009758,2025-07-05,C00236,Organic Search,Mobile,0
S0009759,2025-07-03,C01045,Organic Search,Desktop,0
S0009760,2025-08-03,C00180,Referral,Desktop,0
S0009761,2025-09-08,C01108,Direct,Desktop,0
S0009762,2025-08-04,C00951,Email,Mobile,0
S0009763,2025-01-29,C00352,Email,Desktop,0
S0009764,2025-04-12,C00215,Social Media,Desktop,0
S0009765,2025-05-03,C00950,Email,Desktop,0
S0009766,2025-02-23,C00066,Paid Search,Mobile,1
S0009767,2025-10-10,C00308,Direct,Mobile,0
S0009768,2025-04-12,C01140,Social Media,Desktop,0
S0009769,2025-04-27,C00038,Paid Search,Mobile,0
S0009770,2025-04-14,C00718,Direct,Desktop,0
S0009771,2025-02-14,C00685,Social Media,Mobile,0
S0009772,2025-04-24,C00759,Direct,Mobile,0
S0009773,2025-12-09,C00048,Direct,Mobile,0
S0009774,2025-01-31,C00308,Direct,Mobile,1
S0009775,2025-06-13,C01010,Organic Search,Mobile,0
S0009776,2025-07-08,C00141,Paid Search,Mobile,0
S0009777,2025-10-20,C00937,Paid Search,Mobile,0
S0009778,2025-07-14,C00480,Social Media,Desktop,0
S0009779,2025-10-19,C01160,Referral,Desktop,0
S0009780,2025-09-18,C00531,Organic Search,Desktop,0
S0009781,2025-07-26,C00192,Organic Search,Desktop,0
S0009782,2025-02-21,C00877,Paid Search,Mobile,0
S0009783,2025-02-18,C00151,Paid Search,Mobile,0
S0009784,2025-01-06,C01060,Social Media,Mobile,0
S0009785,2025-08-12,C00572,Social Media,Desktop,0
S0009786,2025-01-23,C00353,Paid Search,Desktop,0
S0009787,2025-05-25,C00237,Paid Search,Mobile,0
S0009788,2025-04-20,C01181,Social Media,Mobile,0
S0009789,2025-07-31,C00495,Direct,Mobile,0
S0009790,2025-10-27,C00052,Social Media,Desktop,1
S0009791,2025-02-10,C00563,Paid Search,Mobile,0
S0009792,2025-06-21,C00322,Email,Desktop,0
S0009793,2025-07-05,C00546,Social Media,Mobile,0
S0009794,2025-08-02,C01130,Organic Search,Desktop,1
S0009795,2025-11-02,C00822,Social Media,Desktop,0
S0009796,2025-02-21,C00835,Paid Search,Desktop,0
S0009797,2025-03-11,C00256,Email,Mobile,0
S0009798,2025-07-15,C00763,Paid Search,Mobile,0
S0009799,2025-05-31,C00102,Organic Search,Mobile,0
S0009800,2025-04-19,C00042,Direct,Desktop,0
S0009801,2025-04-28,C00322,Email,Mobile,0
S0009802,2025-12-31,C00974,Direct,Mobile,0
S0009803,2025-04-05,C01130,Organic Search,Desktop,0
S0009804,2025-09-13,C00895,Organic Search,Mobile,0
S0009805,2025-02-13,C00736,Paid Search,Desktop,0
S0009806,2025-03-08,C00970,Social Media,Desktop,0
S0009807,2025-06-05,C00689,Email,Tablet,0
S0009808,2025-11-19,C00679,Paid Search,Mobile,0
S0009809,2025-07-25,C01162,Paid Search,Mobile,0
S0009810,2025-10-01,C00544,Paid Search,Mobile,0
S0009811,2025-06-04,C00471,Social Media,Mobile,0
S0009812,2025-06-28,C00643,Social Media,Mobile,0
S0009813,2025-03-01,C00788,Direct,Tablet,0
S0009814,2025-03-15,C00472,Paid Search,Desktop,0
S0009815,2025-02-18,C00305,Direct,Desktop,0
S0009816,2025-09-28,C00349,Email,Mobile,0
S0009817,2025-03-14,C00059,Organic Search,Mobile,1
S0009818,2025-07-15,C00392,Direct,Mobile,0
S0009819,2025-06-28,C00449,Organic Search,Mobile,0
S0009820,2025-02-17,C00241,Direct,Desktop,0
S0009821,2025-03-13,C00153,Social Media,Desktop,0
S0009822,2025-04-23,C00096,Direct,Mobile,0
S0009823,2025-09-02,C00222,Email,Mobile,0
S0009824,2025-11-05,C01080,Organic Search,Mobile,0
S0009825,2025-06-08,C00560,Paid Search,Mobile,0
S0009826,2025-10-01,C00886,Paid Search,Mobile,0
S0009827,2025-09-25,C00171,Paid Search,Mobile,0
S0009828,2025-10-31,C00390,Organic Search,Desktop,0
S0009829,2025-01-30,C01065,Social Media,Mobile,0
S0009830,2025-04-07,C00953,Organic Search,Desktop,0
S0009831,2025-09-08,C00176,Social Media,Mobile,0
S0009832,2025-01-07,C00189,Email,Mobile,0
S0009833,2025-04-02,C00520,Social Media,Desktop,1
S0009834,2025-04-23,C01189,Organic Search,Mobile,0
S0009835,2025-09-16,C00975,Paid Search,Mobile,0
S0009836,2025-04-17,C00772,Organic Search,Mobile,0
S0009837,2025-03-04,C00620,Social Media,Mobile,0
S0009838,2025-12-24,C00668,Paid Search,Desktop,0
S0009839,2025-09-28,C00801,Direct,Mobile,0
S0009840,2025-07-18,C00233,Referral,Mobile,0
S0009841,2025-12-13,C00787,Email,Mobile,0
S0009842,2025-12-03,C00394,Social Media,Desktop,0
S0009843,2025-05-26,C00097,Paid Search,Mobile,0
S0009844,2025-03-02,C00909,Organic Search,Mobile,0
S0009845,2025-04-30,C00403,Paid Search,Mobile,0
S0009846,2025-03-02,C00705,Social Media,Mobile,0
S0009847,2025-11-05,C00074,Direct,Mobile,0
S0009848,2025-01-26,C00679,Paid Search,Mobile,0
S0009849,2025-04-25,C01103,Organic Search,Desktop,0
S0009850,2025-02-09,C00026,Referral,Desktop,0
S0009851,2025-12-10,C00933,Social Media,Mobile,0
S0009852,2025-04-26,C01108,Direct,Mobile,0
S0009853,2025-05-16,C00875,Organic Search,Mobile,0
S0009854,2025-10-04,C00841,Direct,Mobile,0
S0009855,2025-10-26,C00621,Social Media,Mobile,0
S0009856,2025-01-21,C00728,Organic Search,Tablet,0
S0009857,2025-01-31,C00918,Organic Search,Mobile,0
S0009858,2025-09-04,C00455,Organic Search,Mobile,0
S0009859,2025-01-27,C00090,Organic Search,Desktop,0
S0009860,2025-03-14,C00841,Direct,Desktop,0
S0009861,2025-04-07,C01145,Direct,Mobile,0
S0009862,2025-06-10,C00909,Organic Search,Mobile,0
S0009863,2025-12-12,C00375,Email,Mobile,0
S0009864,2025-10-27,C00911,Paid Search,Desktop,0
S0009865,2025-10-26,C00560,Paid Search,Mobile,0
S0009866,2025-10-14,C00129,Direct,Mobile,0
S0009867,2025-07-31,C00764,Social Media,Mobile,0
S0009868,2025-03-17,C00201,Social Media,Desktop,0
S0009869,2025-05-23,C00707,Referral,Mobile,0
S0009870,2025-02-03,C01015,Social Media,Mobile,0
S0009871,2025-12-02,C00565,Social Media,Mobile,0
S0009872,2025-01-04,C00020,Paid Search,Mobile,0
S0009873,2025-11-24,C00684,Email,Mobile,0
S0009874,2025-04-08,C00846,Organic Search,Desktop,0
S0009875,2025-08-05,C00855,Social Media,Mobile,0
S0009876,2025-01-28,C00579,Paid Search,Desktop,0
S0009877,2025-07-20,C00352,Email,Mobile,0
S0009878,2025-09-30,C00328,Email,Mobile,0
S0009879,2025-11-10,C00678,Organic Search,Desktop,0
S0009880,2025-05-07,C00347,Social Media,Desktop,0
S0009881,2025-07-21,C00388,Paid Search,Desktop,0
S0009882,2025-01-09,C00306,Social Media,Mobile,0
S0009883,2025-10-14,C00284,Organic Search,Mobile,1
S0009884,2025-03-29,C01068,Direct,Desktop,0
S0009885,2025-11-14,C00150,Referral,Mobile,0
S0009886,2025-01-19,C01189,Organic Search,Mobile,0
S0009887,2025-03-22,C00902,Social Media,Mobile,0
S0009888,2025-04-17,C00641,Organic Search,Tablet,0
S0009889,2025-11-07,C00220,Organic Search,Mobile,1
S0009890,2025-08-18,C00506,Direct,Mobile,0
S0009891,2025-04-22,C00238,Direct,Mobile,0
S0009892,2025-08-08,C00268,Referral,Desktop,0
S0009893,2025-05-03,C00115,Direct,Mobile,0
S0009894,2025-09-01,C01165,Organic Search,Mobile,0
S0009895,2025-06-27,C00249,Social Media,Mobile,0
S0009896,2025-03-06,C00989,Organic Search,Desktop,0
S0009897,2025-01-03,C00533,Email,Desktop,0
S0009898,2025-07-26,C00200,Direct,Mobile,0
S0009899,2025-01-21,C01044,Organic Search,Mobile,0
S0009900,2025-10-20,C00606,Paid Search,Mobile,0
S0009901,2025-01-15,C00199,Email,Mobile,0
S0009902,2025-12-09,C00874,Referral,Desktop,0
S0009903,2025-07-25,C00925,Referral,Mobile,0
S0009904,2025-07-21,C00363,Organic Search,Desktop,0
S0009905,2025-04-30,C00131,Social Media,Mobile,0
S0009906,2025-05-17,C00849,Social Media,Mobile,0
S0009907,2025-10-27,C00458,Paid Search,Desktop,0
S0009908,2025-10-22,C00937,Paid Search,Desktop,0
S0009909,2025-01-25,C00928,Social Media,Mobile,0
S0009910,2025-11-08,C00293,Paid Search,Mobile,0
S0009911,2025-08-22,C00967,Direct,Mobile,0
S0009912,2025-05-01,C00798,Direct,Mobile,0
S0009913,2025-03-31,C00428,Organic Search,Desktop,0
S0009914,2025-11-16,C00946,Organic Search,Mobile,0
S0009915,2025-07-19,C00995,Social Media,Desktop,0
S0009916,2025-06-29,C00360,Referral,Mobile,0
S0009917,2025-12-11,C01200,Email,Desktop,0
S0009918,2025-03-17,C00280,Organic Search,Mobile,0
S0009919,2025-05-17,C00058,Organic Search,Desktop,0
S0009920,2025-05-18,C00114,Organic Search,Mobile,0
S0009921,2025-01-10,C01051,Paid Search,Desktop,0
S0009922,2025-07-20,C00806,Organic Search,Mobile,0
S0009923,2025-11-14,C01092,Email,Mobile,0
S0009924,2025-12-12,C00508,Paid Search,Mobile,0
S0009925,2025-08-07,C00906,Direct,Desktop,0
S0009926,2025-03-01,C00391,Social Media,Desktop,0
S0009927,2025-05-27,C00749,Paid Search,Mobile,0
S0009928,2025-04-17,C00941,Organic Search,Mobile,0
S0009929,2025-02-07,C00179,Email,Mobile,0
S0009930,2025-05-14,C00441,Organic Search,Mobile,0
S0009931,2025-08-09,C00370,Paid Search,Mobile,0
S0009932,2025-10-30,C00784,Referral,Mobile,0
S0009933,2025-05-13,C00655,Referral,Mobile,0
S0009934,2025-11-30,C00596,Email,Mobile,1
S0009935,2025-02-22,C00460,Social Media,Mobile,0
S0009936,2025-03-03,C00336,Organic Search,Desktop,0
S0009937,2025-01-23,C00227,Direct,Desktop,0
S0009938,2025-02-13,C00766,Email,Desktop,0
S0009939,2025-11-04,C00160,Organic Search,Mobile,0
S0009940,2025-02-15,C01025,Paid Search,Mobile,0
S0009941,2025-05-27,C00483,Paid Search,Tablet,0
S0009942,2025-08-04,C00298,Paid Search,Desktop,0
S0009943,2025-12-06,C00071,Paid Search,Desktop,0
S0009944,2025-02-16,C00882,Social Media,Mobile,0
S0009945,2025-12-13,C01060,Social Media,Tablet,0
S0009946,2025-11-04,C00791,Organic Search,Desktop,0
S0009947,2025-01-24,C00906,Direct,Tablet,0
S0009948,2025-05-25,C00069,Organic Search,Mobile,0
S0009949,2025-03-30,C00590,Social Media,Desktop,0
S0009950,2025-06-23,C01083,Paid Search,Desktop,0
S0009951,2025-03-05,C00094,Social Media,Desktop,0
S0009952,2025-04-29,C00223,Referral,Mobile,0
S0009953,2025-08-11,C00990,Email,Mobile,1
S0009954,2025-06-05,C01000,Organic Search,Desktop,0
S0009955,2025-06-27,C00046,Direct,Mobile,0
S0009956,2025-11-16,C00521,Paid Search,Mobile,0
S0009957,2025-12-08,C00653,Direct,Desktop,0
S0009958,2025-02-25,C00328,Email,Mobile,0
S0009959,2025-02-28,C00218,Paid Search,Mobile,0
S0009960,2025-08-08,C00333,Organic Search,Mobile,1
S0009961,2025-07-04,C00029,Email,Mobile,0
S0009962,2025-02-16,C00419,Organic Search,Tablet,0
S0009963,2025-04-12,C00872,Social Media,Mobile,0
S0009964,2025-02-13,C00490,Referral,Mobile,0
S0009965,2025-01-15,C00623,Direct,Mobile,0
S0009966,2025-08-24,C00815,Paid Search,Desktop,0
S0009967,2025-12-27,C00334,Paid Search,Desktop,0
S0009968,2025-02-20,C00398,Direct,Mobile,0
S0009969,2025-11-05,C01038,Organic Search,Tablet,0
S0009970,2025-02-03,C01191,Paid Search,Desktop,1
S0009971,2025-05-04,C00935,Paid Search,Mobile,0
S0009972,2025-03-18,C00163,Paid Search,Desktop,0
S0009973,2025-05-03,C00169,Organic Search,Mobile,0
S0009974,2025-07-24,C00973,Organic Search,Mobile,0
S0009975,2025-08-16,C00862,Social Media,Mobile,0
S0009976,2025-03-11,C00830,Direct,Mobile,0
S0009977,2025-08-18,C00225,Email,Mobile,0
S0009978,2025-01-21,C00884,Organic Search,Desktop,0
S0009979,2025-04-18,C00898,Email,Mobile,0
S0009980,2025-12-30,C00780,Referral,Mobile,0
S0009981,2025-08-29,C00778,Social Media,Mobile,0
S0009982,2025-09-08,C00555,Social Media,Mobile,0
S0009983,2025-05-15,C01118,Social Media,Mobile,0
S0009984,2025-03-31,C00745,Social Media,Mobile,0
S0009985,2025-03-20,C00085,Organic Search,Mobile,1
S0009986,2025-06-26,C00441,Organic Search,Desktop,1
S0009987,2025-10-25,C00228,Email,Tablet,0
S0009988,2025-11-04,C00283,Paid Search,Mobile,0
S0009989,2025-04-12,C00288,Referral,Mobile,0
S0009990,2025-12-27,C00726,Referral,Mobile,0
S0009991,2025-12-01,C00910,Referral,Desktop,0
S0009992,2025-04-22,C00039,Email,Mobile,0
S0009993,2025-06-30,C00826,Social Media,Desktop,0
S0009994,2025-04-14,C00940,Organic Search,Mobile,0
S0009995,2025-01-16,C00879,Paid Search,Mobile,0
S0009996,2025-04-06,C00518,Email,Tablet,0
S0009997,2025-10-20,C00307,Email,Mobile,0
S0009998,2025-05-26,C00531,Organic Search,Mobile,0
S0009999,2025-10-29,C01000,Organic Search,Mobile,0
S0010000,2025-01-02,C00189,Email,Desktop,0
S0010001,2025-04-29,C01025,Paid Search,Desktop,0
S0010002,2025-12-09,C00020,Paid Search,Mobile,0
S0010003,2025-04-04,C01110,Paid Search,Mobile,0
S0010004,2025-07-10,C00232,Email,Mobile,0
S0010005,2025-01-03,C00836,Referral,Mobile,0
S0010006,2025-04-21,C00774,Social Media,Mobile,1
S0010007,2025-06-26,C00976,Email,Desktop,0
S0010008,2025-09-14,C00963,Direct,Mobile,0
S0010009,2025-12-27,C00554,Email,Mobile,0
S0010010,2025-01-22,C01029,Referral,Mobile,0
S0010011,2025-08-08,C00208,Paid Search,Desktop,0
S0010012,2025-06-22,C00752,Direct,Mobile,0
S0010013,2025-08-12,C00258,Social Media,Desktop,0
S0010014,2025-03-06,C01009,Referral,Mobile,0
S0010015,2025-10-04,C00201,Social Media,Tablet,0
S0010016,2025-09-06,C00298,Paid Search,Desktop,0
S0010017,2025-09-17,C01037,Organic Search,Mobile,0
S0010018,2025-05-11,C01154,Paid Search,Desktop,0
S0010019,2025-04-23,C00158,Referral,Mobile,0
S0010020,2025-10-13,C01185,Email,Mobile,0
S0010021,2025-10-14,C01028,Direct,Mobile,0
S0010022,2025-07-30,C00545,Email,Mobile,1
S0010023,2025-01-20,C00648,Paid Search,Mobile,0
S0010024,2025-08-03,C00274,Paid Search,Desktop,0
S0010025,2025-11-06,C00801,Direct,Mobile,0
S0010026,2025-09-08,C00015,Social Media,Mobile,0
S0010027,2025-09-28,C00136,Organic Search,Desktop,0
S0010028,2025-06-29,C01081,Organic Search,Desktop,0
S0010029,2025-07-13,C00982,Social Media,Mobile,0
S0010030,2025-11-09,C00774,Social Media,Desktop,0
S0010031,2025-03-20,C00720,Referral,Mobile,0
S0010032,2025-06-29,C01161,Social Media,Desktop,0
S0010033,2025-06-12,C00436,Referral,Tablet,0
S0010034,2025-07-21,C00877,Paid Search,Desktop,0
S0010035,2025-01-14,C00957,Social Media,Mobile,1
S0010036,2025-12-13,C00322,Email,Mobile,0
S0010037,2025-09-03,C00629,Social Media,Tablet,0
S0010038,2025-01-14,C00332,Direct,Mobile,0
S0010039,2025-04-09,C00851,Email,Desktop,0
S0010040,2025-02-02,C00907,Organic Search,Mobile,0
S0010041,2025-09-14,C00179,Email,Mobile,1
S0010042,2025-02-03,C00273,Email,Desktop,0
S0010043,2025-01-19,C00697,Email,Desktop,0
S0010044,2025-06-01,C00995,Social Media,Desktop,0
S0010045,2025-09-17,C00549,Paid Search,Mobile,0
S0010046,2025-06-13,C00077,Paid Search,Tablet,0
S0010047,2025-03-18,C00938,Paid Search,Mobile,0
S0010048,2025-11-10,C00832,Paid Search,Mobile,0
S0010049,2025-05-17,C00994,Direct,Mobile,0
S0010050,2025-12-25,C00532,Organic Search,Mobile,0
S0010051,2025-07-27,C00630,Direct,Mobile,0
S0010052,2025-08-30,C00058,Organic Search,Desktop,0
S0010053,2025-03-08,C00787,Email,Mobile,0
S0010054,2025-04-26,C00242,Organic Search,Mobile,0
S0010055,2025-07-21,C00048,Direct,Mobile,0
S0010056,2025-09-07,C00806,Organic Search,Desktop,0
S0010057,2025-10-05,C00091,Paid Search,Desktop,0
S0010058,2025-04-22,C01016,Organic Search,Mobile,0
S0010059,2025-11-27,C00622,Email,Mobile,1
S0010060,2025-08-22,C00415,Paid Search,Tablet,0
S0010061,2025-06-25,C00727,Organic Search,Desktop,0
S0010062,2025-05-23,C00014,Organic Search,Mobile,0
S0010063,2025-02-01,C00107,Email,Mobile,0
S0010064,2025-06-30,C00534,Email,Desktop,0
S0010065,2025-03-08,C00030,Social Media,Mobile,0
S0010066,2025-01-04,C00147,Paid Search,Mobile,0
S0010067,2025-10-13,C00879,Paid Search,Desktop,0
S0010068,2025-09-26,C00747,Organic Search,Desktop,0
S0010069,2025-08-24,C00418,Direct,Desktop,0
S0010070,2025-10-04,C00446,Organic Search,Desktop,0
S0010071,2025-02-10,C00302,Paid Search,Mobile,0
S0010072,2025-05-01,C00465,Social Media,Mobile,0
S0010073,2025-10-02,C00045,Paid Search,Mobile,0
S0010074,2025-08-19,C00602,Direct,Mobile,0
S0010075,2025-10-31,C00379,Organic Search,Desktop,1
S0010076,2025-03-27,C00021,Paid Search,Tablet,0
S0010077,2025-03-04,C00987,Social Media,Mobile,0
S0010078,2025-07-11,C00797,Direct,Desktop,0
S0010079,2025-10-20,C00374,Direct,Mobile,0
S0010080,2025-01-31,C00114,Organic Search,Mobile,0
S0010081,2025-11-26,C01059,Paid Search,Mobile,0
S0010082,2025-05-26,C00926,Direct,Desktop,0
S0010083,2025-04-17,C00531,Organic Search,Desktop,0
S0010084,2025-12-25,C01076,Organic Search,Mobile,0
S0010085,2025-04-20,C00112,Social Media,Desktop,0
S0010086,2025-10-03,C00438,Organic Search,Desktop,0
S0010087,2025-07-29,C00965,Direct,Desktop,0
S0010088,2025-05-19,C00134,Social Media,Mobile,0
S0010089,2025-03-27,C00673,Organic Search,Mobile,0
S0010090,2025-02-13,C00085,Organic Search,Desktop,0
S0010091,2025-03-23,C00846,Organic Search,Mobile,0
S0010092,2025-03-05,C00626,Social Media,Mobile,0
S0010093,2025-12-09,C01075,Paid Search,Mobile,0
S0010094,2025-11-17,C00652,Paid Search,Desktop,0
S0010095,2025-02-24,C00588,Direct,Desktop,0
S0010096,2025-03-15,C01100,Referral,Mobile,1
S0010097,2025-05-09,C00560,Paid Search,Desktop,0
S0010098,2025-09-13,C00648,Paid Search,Desktop,0
S0010099,2025-08-19,C00758,Organic Search,Tablet,0
S0010100,2025-05-17,C00035,Organic Search,Mobile,0
S0010101,2025-12-17,C01008,Organic Search,Tablet,0
S0010102,2025-12-21,C00530,Email,Mobile,0
S0010103,2025-04-22,C00771,Organic Search,Desktop,1
S0010104,2025-11-04,C01173,Paid Search,Mobile,0
S0010105,2025-05-26,C00623,Direct,Mobile,0
S0010106,2025-02-02,C00246,Referral,Mobile,0
S0010107,2025-09-17,C00637,Social Media,Mobile,0
S0010108,2025-03-28,C00565,Social Media,Desktop,0
S0010109,2025-11-27,C00127,Paid Search,Desktop,0
S0010110,2025-09-22,C00401,Email,Mobile,0
S0010111,2025-11-16,C00596,Email,Desktop,0
S0010112,2025-01-30,C00163,Paid Search,Mobile,0
S0010113,2025-08-20,C00153,Social Media,Desktop,0
S0010114,2025-03-17,C00873,Email,Mobile,0
S0010115,2025-05-09,C00363,Organic Search,Desktop,0
S0010116,2025-09-28,C00311,Organic Search,Mobile,0
S0010117,2025-03-30,C00678,Organic Search,Desktop,0
S0010118,2025-06-19,C00865,Organic Search,Mobile,0
S0010119,2025-05-08,C00322,Email,Mobile,0
S0010120,2025-06-23,C00276,Organic Search,Mobile,0
S0010121,2025-01-26,C00570,Referral,Desktop,1
S0010122,2025-03-02,C00200,Direct,Desktop,0
S0010123,2025-03-08,C01113,Organic Search,Tablet,0
S0010124,2025-01-26,C00134,Social Media,Desktop,0
S0010125,2025-03-24,C01071,Paid Search,Desktop,0
S0010126,2025-12-30,C00087,Direct,Mobile,0
S0010127,2025-03-01,C00798,Direct,Mobile,1
S0010128,2025-02-08,C01144,Social Media,Mobile,0
S0010129,2025-05-03,C00612,Organic Search,Mobile,1
S0010130,2025-10-19,C00312,Direct,Desktop,0
S0010131,2025-10-04,C00239,Direct,Desktop,0
S0010132,2025-10-31,C01194,Email,Mobile,0
S0010133,2025-10-09,C00782,Organic Search,Mobile,0
S0010134,2025-07-10,C00743,Referral,Mobile,0
S0010135,2025-10-19,C00185,Paid Search,Mobile,0
S0010136,2025-06-01,C00356,Paid Search,Desktop,0
S0010137,2025-08-21,C00970,Social Media,Mobile,0
S0010138,2025-05-26,C00025,Referral,Desktop,0
S0010139,2025-09-28,C00547,Paid Search,Mobile,0
S0010140,2025-12-01,C00972,Social Media,Desktop,0
S0010141,2025-05-14,C01104,Organic Search,Mobile,0
S0010142,2025-06-20,C00608,Paid Search,Desktop,0
S0010143,2025-01-28,C00466,Direct,Desktop,0
S0010144,2025-05-16,C00107,Email,Mobile,1
S0010145,2025-08-29,C01106,Social Media,Mobile,0
S0010146,2025-12-10,C00836,Referral,Mobile,0
S0010147,2025-08-16,C01067,Organic Search,Desktop,0
S0010148,2025-10-14,C00475,Paid Search,Mobile,0
S0010149,2025-10-30,C00671,Paid Search,Desktop,0
S0010150,2025-02-03,C00207,Referral,Mobile,0
S0010151,2025-01-02,C00957,Social Media,Mobile,0
S0010152,2025-12-28,C00447,Paid Search,Desktop,0
S0010153,2025-07-14,C00171,Paid Search,Desktop,0
S0010154,2025-04-04,C00131,Social Media,Mobile,0
S0010155,2025-11-24,C01194,Email,Desktop,0
S0010156,2025-11-04,C00470,Organic Search,Desktop,0
S0010157,2025-05-15,C00440,Paid Search,Desktop,1
S0010158,2025-07-23,C00591,Email,Mobile,0
S0010159,2025-09-07,C00869,Referral,Mobile,0
S0010160,2025-05-27,C00365,Email,Tablet,0
S0010161,2025-12-12,C00093,Direct,Mobile,0
S0010162,2025-12-14,C00669,Email,Mobile,0
S0010163,2025-09-11,C00089,Email,Desktop,0
S0010164,2025-11-30,C00008,Referral,Desktop,0
S0010165,2025-06-25,C01055,Direct,Mobile,0
S0010166,2025-05-05,C00623,Direct,Mobile,0
S0010167,2025-09-08,C00158,Referral,Desktop,0
S0010168,2025-05-11,C00270,Organic Search,Mobile,0
S0010169,2025-02-19,C00735,Social Media,Mobile,0
S0010170,2025-04-03,C00770,Organic Search,Desktop,0
S0010171,2025-11-06,C00687,Referral,Mobile,1
S0010172,2025-08-08,C00521,Paid Search,Desktop,0
S0010173,2025-11-30,C00950,Email,Tablet,0
S0010174,2025-11-30,C00914,Direct,Desktop,0
S0010175,2025-01-20,C00187,Referral,Desktop,0
S0010176,2025-07-24,C00133,Email,Desktop,0
S0010177,2025-04-01,C00639,Referral,Desktop,0
S0010178,2025-12-21,C00280,Organic Search,Desktop,0
S0010179,2025-06-22,C01098,Direct,Mobile,0
S0010180,2025-07-08,C00595,Organic Search,Desktop,0
S0010181,2025-11-08,C01039,Email,Desktop,0
S0010182,2025-01-02,C00044,Social Media,Desktop,0
S0010183,2025-12-27,C00052,Social Media,Desktop,0
S0010184,2025-06-17,C00517,Organic Search,Desktop,0
S0010185,2025-01-24,C00657,Direct,Mobile,0
S0010186,2025-12-31,C00057,Organic Search,Mobile,0
S0010187,2025-03-09,C00224,Organic Search,Tablet,0
S0010188,2025-07-13,C01028,Direct,Tablet,0
S0010189,2025-03-25,C00601,Organic Search,Desktop,0
S0010190,2025-07-26,C00788,Direct,Mobile,0
S0010191,2025-02-18,C00193,Organic Search,Desktop,0
S0010192,2025-02-01,C00996,Paid Search,Mobile,0
S0010193,2025-11-13,C01146,Paid Search,Mobile,0
S0010194,2025-06-19,C00262,Social Media,Mobile,0
S0010195,2025-05-09,C00160,Organic Search,Mobile,1
S0010196,2025-04-12,C01144,Social Media,Mobile,0
S0010197,2025-02-04,C00469,Social Media,Mobile,0
S0010198,2025-11-03,C01033,Paid Search,Mobile,0
S0010199,2025-07-18,C00651,Referral,Mobile,0
S0010200,2025-10-28,C01116,Email,Mobile,0
S0010201,2025-03-18,C01155,Direct,Desktop,0
S0010202,2025-11-17,C00916,Organic Search,Mobile,0
S0010203,2025-01-14,C00378,Referral,Desktop,0
S0010204,2025-12-15,C00710,Paid Search,Desktop,0
S0010205,2025-05-11,C01002,Organic Search,Mobile,0
S0010206,2025-08-26,C00117,Referral,Mobile,0
S0010207,2025-10-07,C00286,Paid Search,Mobile,0
S0010208,2025-03-06,C00594,Organic Search,Mobile,0
S0010209,2025-05-18,C00395,Direct,Desktop,0
S0010210,2025-09-26,C00300,Social Media,Desktop,0
S0010211,2025-08-16,C00067,Email,Desktop,0
S0010212,2025-07-20,C01109,Organic Search,Mobile,0
S0010213,2025-05-22,C00191,Organic Search,Mobile,0
S0010214,2025-04-10,C00842,Referral,Mobile,0
S0010215,2025-05-18,C00505,Organic Search,Mobile,0
S0010216,2025-06-17,C00669,Email,Desktop,0
S0010217,2025-04-09,C00889,Organic Search,Mobile,0
S0010218,2025-11-07,C00783,Social Media,Mobile,0
S0010219,2025-11-15,C00210,Paid Search,Mobile,0
S0010220,2025-11-23,C00015,Social Media,Mobile,0
S0010221,2025-12-21,C00529,Paid Search,Desktop,0
S0010222,2025-03-07,C01172,Organic Search,Desktop,0
S0010223,2025-12-01,C00255,Organic Search,Desktop,0
S0010224,2025-11-25,C00019,Paid Search,Mobile,1
S0010225,2025-02-16,C01050,Social Media,Desktop,0
S0010226,2025-12-03,C00075,Paid Search,Mobile,0
S0010227,2025-08-19,C01017,Referral,Mobile,0
S0010228,2025-11-04,C00672,Direct,Mobile,0
S0010229,2025-05-26,C00191,Organic Search,Mobile,0
S0010230,2025-07-26,C00677,Organic Search,Mobile,0
S0010231,2025-05-26,C00386,Organic Search,Mobile,0
S0010232,2025-06-01,C00582,Organic Search,Mobile,0
S0010233,2025-10-06,C00633,Paid Search,Desktop,0
S0010234,2025-05-20,C00129,Direct,Desktop,0
S0010235,2025-05-31,C00691,Organic Search,Mobile,0
S0010236,2025-01-21,C00767,Email,Mobile,0
S0010237,2025-09-11,C00015,Social Media,Mobile,0
S0010238,2025-03-05,C00246,Referral,Mobile,1
S0010239,2025-08-06,C01128,Email,Desktop,0
S0010240,2025-03-13,C00060,Organic Search,Mobile,0
S0010241,2025-06-11,C00126,Organic Search,Mobile,0
S0010242,2025-05-10,C00037,Paid Search,Desktop,0
S0010243,2025-03-10,C00263,Organic Search,Mobile,0
S0010244,2025-08-13,C00832,Paid Search,Desktop,0
S0010245,2025-09-03,C00275,Email,Desktop,0
S0010246,2025-03-09,C00697,Email,Desktop,0
S0010247,2025-04-17,C00113,Social Media,Mobile,0
S0010248,2025-04-19,C00746,Paid Search,Desktop,0
S0010249,2025-11-24,C00052,Social Media,Mobile,0
S0010250,2025-04-13,C00069,Organic Search,Mobile,0
S0010251,2025-05-21,C00002,Organic Search,Desktop,0
S0010252,2025-03-06,C00333,Organic Search,Mobile,0
S0010253,2025-05-14,C00992,Direct,Desktop,0
S0010254,2025-07-18,C00858,Direct,Desktop,0
S0010255,2025-06-04,C00861,Paid Search,Mobile,0
S0010256,2025-03-20,C01137,Paid Search,Desktop,0
S0010257,2025-09-07,C00913,Social Media,Desktop,0
S0010258,2025-03-28,C00871,Organic Search,Desktop,0
S0010259,2025-10-31,C00184,Organic Search,Mobile,0
S0010260,2025-08-29,C00110,Social Media,Tablet,0
S0010261,2025-03-29,C00136,Organic Search,Mobile,1
S0010262,2025-11-20,C00320,Paid Search,Desktop,0
S0010263,2025-06-21,C00889,Organic Search,Mobile,0
S0010264,2025-12-23,C00361,Paid Search,Mobile,0
S0010265,2025-01-17,C01080,Organic Search,Mobile,1
S0010266,2025-08-11,C00237,Paid Search,Mobile,0
S0010267,2025-10-21,C00918,Organic Search,Mobile,0
S0010268,2025-11-06,C00416,Referral,Mobile,0
S0010269,2025-08-07,C00580,Paid Search,Desktop,0
S0010270,2025-08-22,C00190,Organic Search,Mobile,0
S0010271,2025-09-05,C00158,Referral,Desktop,0
S0010272,2025-02-21,C00109,Direct,Mobile,0
S0010273,2025-01-15,C00702,Direct,Desktop,0
S0010274,2025-11-20,C00084,Direct,Mobile,0
S0010275,2025-04-22,C01094,Organic Search,Mobile,0
S0010276,2025-07-03,C00450,Social Media,Tablet,0
S0010277,2025-12-26,C00631,Paid Search,Desktop,0
S0010278,2025-01-07,C00576,Organic Search,Mobile,0
S0010279,2025-02-20,C00999,Organic Search,Mobile,0
S0010280,2025-11-10,C00768,Organic Search,Mobile,0
S0010281,2025-08-29,C00427,Organic Search,Mobile,0
S0010282,2025-09-02,C01144,Social Media,Tablet,0
S0010283,2025-12-31,C00428,Organic Search,Mobile,0
S0010284,2025-07-05,C00377,Referral,Mobile,0
S0010285,2025-10-14,C00420,Paid Search,Mobile,0
S0010286,2025-04-02,C01193,Direct,Desktop,0
S0010287,2025-04-16,C00477,Organic Search,Mobile,0
S0010288,2025-01-13,C00164,Social Media,Tablet,0
S0010289,2025-05-26,C00746,Paid Search,Mobile,0
S0010290,2025-04-29,C00858,Direct,Mobile,0
S0010291,2025-07-22,C00208,Paid Search,Desktop,0
S0010292,2025-05-21,C00725,Referral,Desktop,0
S0010293,2025-04-25,C00884,Organic Search,Desktop,0
S0010294,2025-06-01,C00608,Paid Search,Mobile,0
S0010295,2025-02-26,C00466,Direct,Desktop,0
S0010296,2025-06-06,C00053,Social Media,Mobile,0
S0010297,2025-11-06,C00125,Paid Search,Desktop,0
S0010298,2025-05-13,C00828,Social Media,Mobile,0
S0010299,2025-06-12,C00758,Organic Search,Mobile,0
S0010300,2025-10-02,C01048,Direct,Mobile,0
S0010301,2025-07-02,C01143,Social Media,Mobile,0
S0010302,2025-03-18,C00290,Referral,Mobile,0
S0010303,2025-11-21,C00505,Organic Search,Desktop,0
S0010304,2025-02-13,C00508,Paid Search,Mobile,0
S0010305,2025-07-25,C01191,Paid Search,Desktop,0
S0010306,2025-02-07,C00303,Direct,Desktop,0
S0010307,2025-11-14,C00318,Organic Search,Mobile,0
S0010308,2025-01-22,C00149,Organic Search,Mobile,0
S0010309,2025-03-14,C00971,Email,Mobile,0
S0010310,2025-08-29,C00721,Email,Desktop,0
S0010311,2025-06-03,C00879,Paid Search,Desktop,1
S0010312,2025-08-25,C00496,Email,Mobile,0
S0010313,2025-01-05,C00991,Email,Desktop,0
S0010314,2025-08-09,C00322,Email,Desktop,0
S0010315,2025-11-06,C00214,Direct,Mobile,0
S0010316,2025-03-27,C00210,Paid Search,Desktop,0
S0010317,2025-06-26,C01189,Organic Search,Desktop,0
S0010318,2025-09-16,C00326,Paid Search,Desktop,0
S0010319,2025-08-08,C00487,Referral,Mobile,0
S0010320,2025-02-07,C01184,Email,Mobile,0
S0010321,2025-05-22,C00081,Social Media,Mobile,0
S0010322,2025-08-23,C00760,Paid Search,Mobile,0
S0010323,2025-07-22,C00477,Organic Search,Mobile,0
S0010324,2025-11-25,C00493,Paid Search,Desktop,0
S0010325,2025-10-21,C01165,Organic Search,Mobile,0
S0010326,2025-06-21,C01109,Organic Search,Mobile,1
S0010327,2025-05-05,C00880,Organic Search,Mobile,0
S0010328,2025-11-22,C00605,Organic Search,Mobile,0
S0010329,2025-03-06,C00462,Organic Search,Mobile,0
S0010330,2025-10-08,C00968,Social Media,Desktop,0
S0010331,2025-09-29,C00776,Social Media,Desktop,0
S0010332,2025-09-01,C00618,Referral,Mobile,0
S0010333,2025-01-15,C00954,Referral,Desktop,0
S0010334,2025-08-14,C01003,Paid Search,Mobile,0
S0010335,2025-05-11,C00810,Referral,Mobile,0
S0010336,2025-07-14,C00319,Organic Search,Mobile,0
S0010337,2025-10-20,C00848,Organic Search,Mobile,1
S0010338,2025-07-28,C00746,Paid Search,Mobile,0
S0010339,2025-04-23,C00059,Organic Search,Tablet,0
S0010340,2025-09-01,C00225,Email,Mobile,0
S0010341,2025-06-15,C00167,Email,Mobile,0
S0010342,2025-07-10,C00272,Paid Search,Desktop,0
S0010343,2025-09-14,C01109,Organic Search,Desktop,0
S0010344,2025-11-23,C00639,Referral,Mobile,1
S0010345,2025-08-06,C00565,Social Media,Mobile,0
S0010346,2025-12-25,C00283,Paid Search,Mobile,0
S0010347,2025-10-02,C00557,Organic Search,Mobile,0
S0010348,2025-02-21,C00522,Paid Search,Mobile,0
S0010349,2025-06-07,C00375,Email,Mobile,0
S0010350,2025-12-29,C00758,Organic Search,Mobile,0
S0010351,2025-02-24,C00280,Organic Search,Mobile,0
S0010352,2025-01-14,C00376,Referral,Tablet,0
S0010353,2025-09-26,C00020,Paid Search,Mobile,0
S0010354,2025-12-06,C00563,Paid Search,Mobile,0
S0010355,2025-03-31,C00217,Social Media,Mobile,0
S0010356,2025-01-27,C01061,Organic Search,Mobile,0
S0010357,2025-03-30,C00998,Paid Search,Mobile,0
S0010358,2025-02-10,C00388,Paid Search,Tablet,0
S0010359,2025-10-31,C01033,Paid Search,Desktop,1
S0010360,2025-09-25,C00662,Organic Search,Mobile,0
S0010361,2025-05-18,C00237,Paid Search,Desktop,0
S0010362,2025-01-06,C01172,Organic Search,Desktop,0
S0010363,2025-08-30,C00889,Organic Search,Mobile,0
S0010364,2025-06-11,C00118,Email,Desktop,0
S0010365,2025-06-29,C00025,Referral,Desktop,0
S0010366,2025-10-24,C00057,Organic Search,Desktop,0
S0010367,2025-01-06,C01142,Paid Search,Mobile,0
S0010368,2025-09-28,C00462,Organic Search,Desktop,0
S0010369,2025-09-29,C01111,Paid Search,Desktop,0
S0010370,2025-06-05,C00086,Direct,Mobile,0
S0010371,2025-03-26,C00297,Paid Search,Mobile,0
S0010372,2025-07-19,C00753,Direct,Desktop,0
S0010373,2025-01-10,C01092,Email,Desktop,0
S0010374,2025-05-18,C00955,Direct,Tablet,0
S0010375,2025-08-30,C00580,Paid Search,Mobile,0
S0010376,2025-07-20,C00086,Direct,Mobile,0
S0010377,2025-06-05,C00651,Referral,Mobile,0
S0010378,2025-10-02,C00512,Email,Desktop,0
S0010379,2025-08-13,C00332,Direct,Mobile,0
S0010380,2025-03-09,C00855,Social Media,Mobile,0
S0010381,2025-07-03,C00381,Direct,Mobile,1
S0010382,2025-07-14,C00906,Direct,Mobile,0
S0010383,2025-02-11,C00632,Paid Search,Desktop,0
S0010384,2025-05-31,C00736,Paid Search,Desktop,0
S0010385,2025-03-25,C00455,Organic Search,Mobile,0
S0010386,2025-05-14,C00428,Organic Search,Mobile,0
S0010387,2025-11-05,C00870,Email,Desktop,0
S0010388,2025-12-20,C01198,Referral,Mobile,0
S0010389,2025-10-25,C00385,Paid Search,Mobile,0
S0010390,2025-01-30,C00654,Organic Search,Mobile,0
S0010391,2025-01-09,C00969,Organic Search,Mobile,0
S0010392,2025-06-19,C00607,Organic Search,Desktop,0
S0010393,2025-10-17,C00323,Organic Search,Desktop,0
S0010394,2025-06-17,C00906,Direct,Mobile,0
S0010395,2025-12-10,C00590,Social Media,Mobile,0
S0010396,2025-05-25,C00495,Direct,Desktop,0
S0010397,2025-08-16,C00250,Direct,Mobile,0
S0010398,2025-11-02,C00587,Organic Search,Desktop,0
S0010399,2025-03-17,C00829,Organic Search,Mobile,0
S0010400,2025-08-11,C00082,Organic Search,Mobile,1
S0010401,2025-06-26,C00469,Social Media,Mobile,0
S0010402,2025-07-08,C00744,Paid Search,Desktop,0
S0010403,2025-10-29,C00717,Direct,Mobile,0
S0010404,2025-02-15,C00693,Social Media,Tablet,0
S0010405,2025-01-17,C00202,Email,Desktop,0
S0010406,2025-03-07,C01085,Paid Search,Mobile,0
S0010407,2025-12-26,C00128,Paid Search,Mobile,0
S0010408,2025-09-18,C00549,Paid Search,Mobile,0
S0010409,2025-05-03,C00517,Organic Search,Mobile,1
S0010410,2025-08-19,C01183,Organic Search,Mobile,0
S0010411,2025-05-05,C01137,Paid Search,Mobile,0
S0010412,2025-04-22,C00215,Social Media,Mobile,0
S0010413,2025-09-29,C00144,Social Media,Mobile,0
S0010414,2025-03-22,C00112,Social Media,Desktop,1
S0010415,2025-09-03,C00426,Social Media,Mobile,0
S0010416,2025-12-13,C00168,Paid Search,Desktop,0
S0010417,2025-11-24,C00215,Social Media,Desktop,0
S0010418,2025-08-03,C00875,Organic Search,Mobile,0
S0010419,2025-12-18,C00927,Paid Search,Mobile,0
S0010420,2025-08-23,C00731,Organic Search,Desktop,0
S0010421,2025-03-23,C01177,Organic Search,Mobile,0
S0010422,2025-10-21,C00205,Paid Search,Desktop,0
S0010423,2025-11-06,C00304,Direct,Desktop,0
S0010424,2025-03-17,C01060,Social Media,Desktop,0
S0010425,2025-01-15,C00509,Organic Search,Mobile,0
S0010426,2025-08-08,C00193,Organic Search,Mobile,0
S0010427,2025-08-18,C00668,Paid Search,Desktop,0
S0010428,2025-09-22,C00290,Referral,Desktop,0
S0010429,2025-09-21,C00196,Social Media,Mobile,0
S0010430,2025-04-20,C00114,Organic Search,Desktop,0
S0010431,2025-11-03,C00581,Organic Search,Desktop,0
S0010432,2025-07-19,C01120,Paid Search,Mobile,0
S0010433,2025-08-14,C01103,Organic Search,Mobile,0
S0010434,2025-07-04,C00020,Paid Search,Mobile,0
S0010435,2025-01-31,C01071,Paid Search,Mobile,1
S0010436,2025-04-12,C00562,Organic Search,Desktop,0
S0010437,2025-09-16,C01139,Paid Search,Desktop,0
S0010438,2025-04-09,C00118,Email,Mobile,1
S0010439,2025-12-05,C00780,Referral,Mobile,0
S0010440,2025-10-26,C00678,Organic Search,Mobile,0
S0010441,2025-10-12,C00159,Social Media,Mobile,0
S0010442,2025-09-23,C00428,Organic Search,Desktop,0
S0010443,2025-05-20,C00775,Social Media,Mobile,0
S0010444,2025-10-29,C00495,Direct,Desktop,0
S0010445,2025-10-13,C00432,Email,Mobile,0
S0010446,2025-12-16,C00880,Organic Search,Mobile,0
S0010447,2025-08-04,C00548,Paid Search,Mobile,0
S0010448,2025-02-01,C00637,Social Media,Mobile,0
S0010449,2025-10-30,C00737,Email,Desktop,0
S0010450,2025-03-29,C01154,Paid Search,Desktop,0
S0010451,2025-03-04,C00294,Direct,Mobile,0
S0010452,2025-10-06,C00616,Social Media,Mobile,0
S0010453,2025-03-15,C01074,Paid Search,Mobile,0
S0010454,2025-11-02,C00958,Referral,Desktop,0
S0010455,2025-05-04,C00308,Direct,Mobile,0
S0010456,2025-09-26,C00180,Referral,Mobile,0
S0010457,2025-10-12,C00117,Referral,Desktop,0
S0010458,2025-05-01,C00977,Organic Search,Mobile,0
S0010459,2025-12-12,C00264,Direct,Mobile,0
S0010460,2025-07-31,C00431,Paid Search,Desktop,0
S0010461,2025-05-28,C00082,Organic Search,Mobile,0
S0010462,2025-03-19,C00830,Direct,Mobile,0
S0010463,2025-12-31,C00926,Direct,Tablet,0
S0010464,2025-01-14,C00274,Paid Search,Mobile,0
S0010465,2025-05-16,C00069,Organic Search,Mobile,0
S0010466,2025-10-31,C00143,Direct,Mobile,0
S0010467,2025-10-07,C00077,Paid Search,Mobile,0
S0010468,2025-03-20,C01127,Referral,Mobile,0
S0010469,2025-08-31,C00975,Paid Search,Mobile,0
S0010470,2025-07-12,C01063,Organic Search,Mobile,0
S0010471,2025-08-30,C00267,Organic Search,Mobile,0
S0010472,2025-02-20,C00261,Organic Search,Desktop,0
S0010473,2025-08-20,C01050,Social Media,Mobile,0
S0010474,2025-09-16,C00459,Social Media,Desktop,0
S0010475,2025-08-06,C01014,Direct,Mobile,1
S0010476,2025-07-25,C00685,Social Media,Mobile,0
S0010477,2025-11-10,C01035,Email,Desktop,0
S0010478,2025-11-07,C00991,Email,Mobile,0
S0010479,2025-04-30,C00109,Direct,Tablet,0
S0010480,2025-03-21,C00477,Organic Search,Mobile,0
S0010481,2025-02-11,C00982,Social Media,Tablet,0
S0010482,2025-01-21,C00828,Social Media,Mobile,0
S0010483,2025-01-10,C00025,Referral,Desktop,1
S0010484,2025-11-09,C00985,Referral,Desktop,0
S0010485,2025-06-02,C00389,Social Media,Mobile,0
S0010486,2025-11-08,C00830,Direct,Desktop,0
S0010487,2025-10-21,C00290,Referral,Mobile,0
S0010488,2025-03-27,C00081,Social Media,Mobile,0
S0010489,2025-04-23,C00908,Email,Desktop,0
S0010490,2025-07-08,C01178,Organic Search,Desktop,0
S0010491,2025-04-22,C01181,Social Media,Mobile,0
S0010492,2025-06-24,C00828,Social Media,Desktop,0
S0010493,2025-11-06,C00068,Paid Search,Mobile,0
S0010494,2025-10-29,C00396,Organic Search,Tablet,0
S0010495,2025-01-04,C00990,Email,Mobile,0
S0010496,2025-08-10,C00358,Social Media,Mobile,0
S0010497,2025-08-09,C00557,Organic Search,Tablet,0
S0010498,2025-06-20,C00945,Organic Search,Desktop,0
S0010499,2025-11-14,C01111,Paid Search,Mobile,1
S0010500,2025-08-01,C00100,Referral,Mobile,0
S0010501,2025-09-10,C00771,Organic Search,Mobile,0
S0010502,2025-05-04,C00755,Direct,Desktop,0
S0010503,2025-05-08,C00812,Organic Search,Mobile,0
S0010504,2025-08-01,C00150,Referral,Mobile,0
S0010505,2025-04-22,C00971,Email,Desktop,0
S0010506,2025-03-26,C00902,Social Media,Desktop,0
S0010507,2025-01-04,C00601,Organic Search,Mobile,0
S0010508,2025-03-06,C01160,Referral,Mobile,0
S0010509,2025-11-14,C01027,Social Media,Mobile,0
S0010510,2025-12-12,C00777,Social Media,Mobile,0
S0010511,2025-04-30,C00011,Organic Search,Mobile,0
S0010512,2025-08-31,C01077,Email,Desktop,0
S0010513,2025-05-17,C01074,Paid Search,Desktop,0
S0010514,2025-09-04,C00127,Paid Search,Mobile,0
S0010515,2025-02-14,C00396,Organic Search,Mobile,0
S0010516,2025-05-26,C00899,Social Media,Mobile,0
S0010517,2025-06-25,C00584,Email,Mobile,0
S0010518,2025-02-11,C01079,Paid Search,Desktop,0
S0010519,2025-10-24,C00134,Social Media,Mobile,0
S0010520,2025-03-30,C00728,Organic Search,Tablet,0
S0010521,2025-08-06,C00727,Organic Search,Tablet,0
S0010522,2025-08-16,C00688,Social Media,Desktop,0
S0010523,2025-10-25,C00472,Paid Search,Mobile,0
S0010524,2025-10-18,C00136,Organic Search,Desktop,0
S0010525,2025-03-08,C00720,Referral,Mobile,0
S0010526,2025-09-08,C00658,Organic Search,Mobile,0
S0010527,2025-02-10,C00057,Organic Search,Desktop,0
S0010528,2025-04-09,C00395,Direct,Mobile,0
S0010529,2025-11-02,C01180,Paid Search,Desktop,0
S0010530,2025-12-26,C00955,Direct,Desktop,0
S0010531,2025-12-08,C00975,Paid Search,Desktop,0
S0010532,2025-03-20,C00104,Organic Search,Desktop,0
S0010533,2025-10-28,C00964,Direct,Tablet,0
S0010534,2025-07-18,C00971,Email,Mobile,0
S0010535,2025-05-27,C00408,Paid Search,Tablet,0
S0010536,2025-04-16,C00512,Email,Mobile,0
S0010537,2025-07-12,C00233,Referral,Desktop,0
S0010538,2025-05-02,C00694,Social Media,Desktop,0
S0010539,2025-03-18,C01026,Organic Search,Desktop,0
S0010540,2025-11-08,C00828,Social Media,Mobile,0
S0010541,2025-04-22,C00404,Paid Search,Desktop,1
S0010542,2025-12-15,C00258,Social Media,Mobile,0
S0010543,2025-10-24,C00707,Referral,Mobile,0
S0010544,2025-06-19,C00879,Paid Search,Mobile,0
S0010545,2025-01-06,C00556,Organic Search,Mobile,0
S0010546,2025-07-16,C00788,Direct,Mobile,0
S0010547,2025-04-08,C01032,Paid Search,Desktop,1
S0010548,2025-11-25,C01088,Social Media,Mobile,0
S0010549,2025-08-18,C00495,Direct,Mobile,0
S0010550,2025-06-17,C01124,Referral,Desktop,0
S0010551,2025-10-24,C00234,Paid Search,Desktop,0
S0010552,2025-09-22,C00899,Social Media,Desktop,0
S0010553,2025-01-08,C00649,Social Media,Mobile,0
S0010554,2025-06-21,C00082,Organic Search,Desktop,0
S0010555,2025-12-26,C00602,Direct,Desktop,0
S0010556,2025-07-14,C00952,Social Media,Tablet,0
S0010557,2025-09-26,C00134,Social Media,Mobile,0
S0010558,2025-01-19,C01047,Paid Search,Mobile,0
S0010559,2025-12-20,C00799,Direct,Desktop,0
S0010560,2025-12-18,C00708,Paid Search,Mobile,0
S0010561,2025-02-18,C00477,Organic Search,Mobile,0
S0010562,2025-12-22,C00250,Direct,Desktop,0
S0010563,2025-12-04,C00565,Social Media,Mobile,0
S0010564,2025-06-07,C00833,Paid Search,Mobile,0
S0010565,2025-03-07,C00411,Direct,Desktop,0
S0010566,2025-12-13,C00915,Direct,Mobile,0
S0010567,2025-02-28,C01123,Referral,Desktop,0
S0010568,2025-11-05,C00419,Organic Search,Mobile,0
S0010569,2025-11-04,C00774,Social Media,Mobile,0
S0010570,2025-12-03,C00157,Referral,Mobile,0
S0010571,2025-06-08,C00934,Direct,Mobile,0
S0010572,2025-09-28,C00203,Social Media,Mobile,0
S0010573,2025-05-01,C00936,Email,Desktop,0
S0010574,2025-09-11,C00527,Paid Search,Mobile,0
S0010575,2025-09-18,C00965,Direct,Mobile,0
S0010576,2025-05-15,C00656,Organic Search,Tablet,0
S0010577,2025-10-01,C01132,Direct,Mobile,0
S0010578,2025-02-25,C00452,Email,Desktop,0
S0010579,2025-11-27,C00134,Social Media,Mobile,0
S0010580,2025-04-06,C00297,Paid Search,Mobile,1
S0010581,2025-04-24,C00602,Direct,Desktop,0
S0010582,2025-12-23,C00584,Email,Tablet,0
S0010583,2025-01-28,C00244,Organic Search,Mobile,0
S0010584,2025-11-02,C00744,Paid Search,Mobile,0
S0010585,2025-01-02,C00262,Social Media,Mobile,0
S0010586,2025-07-31,C00423,Email,Mobile,0
S0010587,2025-03-09,C00485,Organic Search,Mobile,0
S0010588,2025-05-08,C01022,Social Media,Mobile,0
S0010589,2025-11-29,C00097,Paid Search,Mobile,0
S0010590,2025-01-24,C00927,Paid Search,Mobile,0
S0010591,2025-09-10,C00629,Social Media,Desktop,0
S0010592,2025-08-18,C00121,Referral,Desktop,1
S0010593,2025-06-25,C01198,Referral,Desktop,0
S0010594,2025-08-09,C00244,Organic Search,Desktop,0
S0010595,2025-02-05,C00733,Social Media,Tablet,0
S0010596,2025-01-02,C00401,Email,Mobile,0
S0010597,2025-12-27,C00610,Referral,Mobile,0
S0010598,2025-10-01,C00302,Paid Search,Desktop,0
S0010599,2025-06-26,C00071,Paid Search,Desktop,0
S0010600,2025-09-21,C00406,Direct,Mobile,0
S0010601,2025-07-05,C00347,Social Media,Desktop,0
S0010602,2025-01-15,C00751,Organic Search,Desktop,0
S0010603,2025-10-06,C00070,Paid Search,Desktop,0
S0010604,2025-07-13,C00403,Paid Search,Mobile,0
S0010605,2025-07-17,C00270,Organic Search,Desktop,0
S0010606,2025-12-15,C00318,Organic Search,Mobile,1
S0010607,2025-11-01,C00005,Organic Search,Desktop,0
S0010608,2025-03-05,C00422,Organic Search,Mobile,0
S0010609,2025-10-17,C01034,Direct,Desktop,0
S0010610,2025-01-18,C00480,Social Media,Desktop,0
S0010611,2025-03-05,C00136,Organic Search,Desktop,0
S0010612,2025-12-28,C00839,Direct,Desktop,0
S0010613,2025-11-26,C00303,Direct,Desktop,0
S0010614,2025-12-24,C00565,Social Media,Desktop,0
S0010615,2025-09-08,C00825,Paid Search,Mobile,0
S0010616,2025-01-17,C00723,Social Media,Desktop,0
S0010617,2025-05-21,C01001,Referral,Mobile,0
S0010618,2025-11-04,C01097,Paid Search,Desktop,0
S0010619,2025-11-16,C00252,Organic Search,Desktop,0
S0010620,2025-09-02,C00340,Referral,Mobile,0
S0010621,2025-10-17,C00241,Direct,Desktop,0
S0010622,2025-12-17,C00060,Organic Search,Desktop,0
S0010623,2025-03-28,C00106,Social Media,Mobile,0
S0010624,2025-07-18,C00379,Organic Search,Desktop,0
S0010625,2025-12-24,C00762,Organic Search,Mobile,0
S0010626,2025-06-10,C00164,Social Media,Tablet,0
S0010627,2025-05-20,C00598,Organic Search,Desktop,0
S0010628,2025-03-17,C00349,Email,Desktop,0
S0010629,2025-01-19,C00717,Direct,Mobile,0
S0010630,2025-11-26,C00103,Organic Search,Tablet,0
S0010631,2025-02-19,C00031,Organic Search,Desktop,0
S0010632,2025-08-20,C00114,Organic Search,Mobile,0
S0010633,2025-10-22,C00846,Organic Search,Mobile,0
S0010634,2025-01-12,C01002,Organic Search,Mobile,1
S0010635,2025-12-01,C00208,Paid Search,Mobile,1
S0010636,2025-01-15,C01051,Paid Search,Mobile,0
S0010637,2025-01-28,C00503,Referral,Mobile,0
S0010638,2025-10-19,C00565,Social Media,Desktop,0
S0010639,2025-11-17,C00526,Direct,Mobile,0
S0010640,2025-09-07,C00299,Direct,Desktop,0
S0010641,2025-04-08,C00421,Social Media,Desktop,0
S0010642,2025-10-30,C00175,Paid Search,Desktop,0
S0010643,2025-12-03,C01023,Direct,Mobile,0
S0010644,2025-02-08,C00796,Direct,Mobile,0
S0010645,2025-02-07,C00229,Paid Search,Desktop,0
S0010646,2025-10-27,C00328,Email,Mobile,1
S0010647,2025-06-28,C00744,Paid Search,Desktop,0
S0010648,2025-04-07,C00694,Social Media,Mobile,0
S0010649,2025-10-09,C00045,Paid Search,Mobile,0
S0010650,2025-08-26,C00309,Referral,Mobile,0
S0010651,2025-06-13,C00522,Paid Search,Desktop,0
S0010652,2025-04-07,C00837,Paid Search,Mobile,0
S0010653,2025-09-14,C00642,Organic Search,Mobile,0
S0010654,2025-11-05,C00285,Paid Search,Mobile,0
S0010655,2025-09-19,C00384,Organic Search,Mobile,0
S0010656,2025-10-20,C00047,Paid Search,Mobile,1
S0010657,2025-09-15,C00247,Paid Search,Mobile,0
S0010658,2025-09-06,C00540,Paid Search,Desktop,0
S0010659,2025-09-02,C00096,Direct,Desktop,0
S0010660,2025-09-08,C00799,Direct,Tablet,0
S0010661,2025-05-03,C00659,Email,Mobile,0
S0010662,2025-11-21,C01031,Organic Search,Mobile,0
S0010663,2025-06-18,C00051,Referral,Desktop,0
S0010664,2025-06-24,C00522,Paid Search,Desktop,0
S0010665,2025-09-26,C00261,Organic Search,Desktop,0
S0010666,2025-07-23,C00520,Social Media,Mobile,0
S0010667,2025-11-21,C00769,Direct,Mobile,0
S0010668,2025-03-07,C00630,Direct,Desktop,0
S0010669,2025-11-11,C00682,Social Media,Mobile,0
S0010670,2025-11-20,C00952,Social Media,Mobile,0
S0010671,2025-02-28,C00312,Direct,Mobile,0
S0010672,2025-08-07,C01048,Direct,Desktop,0
S0010673,2025-09-23,C01062,Paid Search,Desktop,0
S0010674,2025-05-21,C00375,Email,Desktop,1
S0010675,2025-08-24,C00348,Paid Search,Desktop,0
S0010676,2025-08-06,C00500,Organic Search,Desktop,0
S0010677,2025-01-15,C00904,Direct,Mobile,0
S0010678,2025-10-29,C00051,Referral,Mobile,1
S0010679,2025-05-18,C01164,Organic Search,Desktop,1
S0010680,2025-08-20,C00418,Direct,Desktop,0
S0010681,2025-03-30,C00301,Organic Search,Mobile,0
S0010682,2025-03-18,C00136,Organic Search,Mobile,1
S0010683,2025-05-16,C00250,Direct,Mobile,0
S0010684,2025-04-20,C00649,Social Media,Mobile,0
S0010685,2025-12-19,C00187,Referral,Desktop,0
S0010686,2025-10-28,C00248,Direct,Mobile,0
S0010687,2025-04-01,C00718,Direct,Tablet,0
S0010688,2025-07-09,C00541,Paid Search,Mobile,0
S0010689,2025-03-14,C00512,Email,Desktop,1
S0010690,2025-06-22,C01035,Email,Mobile,1
S0010691,2025-02-04,C00418,Direct,Mobile,1
S0010692,2025-07-29,C00210,Paid Search,Mobile,0
S0010693,2025-10-25,C01139,Paid Search,Mobile,0
S0010694,2025-05-13,C00055,Paid Search,Mobile,0
S0010695,2025-10-10,C00141,Paid Search,Mobile,0
S0010696,2025-07-17,C00372,Direct,Desktop,0
S0010697,2025-02-01,C00135,Direct,Desktop,0
S0010698,2025-05-16,C00789,Paid Search,Mobile,1
S0010699,2025-09-05,C00010,Direct,Mobile,0
S0010700,2025-12-25,C00243,Social Media,Mobile,0
S0010701,2025-12-07,C00281,Referral,Desktop,0
S0010702,2025-05-26,C00799,Direct,Mobile,0
S0010703,2025-11-30,C00857,Social Media,Desktop,0
S0010704,2025-05-23,C00962,Social Media,Mobile,0
S0010705,2025-08-22,C00052,Social Media,Mobile,0
S0010706,2025-02-13,C01171,Social Media,Desktop,0
S0010707,2025-02-01,C00215,Social Media,Mobile,0
S0010708,2025-08-19,C00477,Organic Search,Desktop,0
S0010709,2025-01-28,C00441,Organic Search,Desktop,1
S0010710,2025-06-09,C00623,Direct,Mobile,0
S0010711,2025-11-29,C00751,Organic Search,Mobile,0
S0010712,2025-07-26,C00639,Referral,Mobile,0
S0010713,2025-01-18,C01110,Paid Search,Mobile,0
S0010714,2025-04-13,C00614,Social Media,Tablet,0
S0010715,2025-03-11,C00999,Organic Search,Mobile,0
S0010716,2025-04-29,C00907,Organic Search,Mobile,1
S0010717,2025-05-19,C00685,Social Media,Mobile,0
S0010718,2025-06-09,C01069,Direct,Mobile,0
S0010719,2025-08-20,C00771,Organic Search,Mobile,0
S0010720,2025-05-28,C00313,Social Media,Mobile,1
S0010721,2025-12-19,C00537,Social Media,Desktop,0
S0010722,2025-08-31,C00792,Referral,Mobile,0
S0010723,2025-02-04,C01094,Organic Search,Desktop,1
S0010724,2025-11-21,C00207,Referral,Mobile,0
S0010725,2025-12-21,C01092,Email,Mobile,0
S0010726,2025-08-27,C00862,Social Media,Mobile,0
S0010727,2025-11-30,C00404,Paid Search,Desktop,0
S0010728,2025-05-29,C00327,Organic Search,Mobile,0
S0010729,2025-04-21,C00516,Referral,Mobile,0
S0010730,2025-01-17,C00307,Email,Mobile,0
S0010731,2025-08-14,C00040,Paid Search,Desktop,0
S0010732,2025-05-20,C01050,Social Media,Mobile,0
S0010733,2025-05-24,C00041,Organic Search,Mobile,0
S0010734,2025-09-17,C00712,Organic Search,Mobile,0
S0010735,2025-08-05,C00923,Social Media,Desktop,0
S0010736,2025-06-11,C01106,Social Media,Mobile,0
S0010737,2025-04-02,C00139,Paid Search,Desktop,0
S0010738,2025-06-23,C00911,Paid Search,Mobile,0
S0010739,2025-11-27,C00422,Organic Search,Desktop,0
S0010740,2025-07-24,C00375,Email,Mobile,0
S0010741,2025-06-02,C00978,Social Media,Mobile,1
S0010742,2025-04-13,C00333,Organic Search,Mobile,0
S0010743,2025-07-21,C01199,Organic Search,Mobile,0
S0010744,2025-10-07,C00817,Paid Search,Desktop,1
S0010745,2025-03-06,C00480,Social Media,Mobile,0
S0010746,2025-04-27,C00389,Social Media,Mobile,0
S0010747,2025-06-02,C00795,Organic Search,Mobile,0
S0010748,2025-06-05,C00362,Direct,Desktop,0
S0010749,2025-06-13,C00210,Paid Search,Desktop,0
S0010750,2025-03-23,C01045,Organic Search,Mobile,0
S0010751,2025-01-06,C01094,Organic Search,Mobile,0
S0010752,2025-11-18,C00937,Paid Search,Mobile,0
S0010753,2025-03-08,C00593,Organic Search,Mobile,0
S0010754,2025-08-26,C01171,Social Media,Mobile,0
S0010755,2025-03-13,C01125,Email,Mobile,0
S0010756,2025-04-05,C00918,Organic Search,Desktop,0
S0010757,2025-10-31,C00566,Organic Search,Mobile,0
S0010758,2025-11-22,C01057,Social Media,Desktop,0
S0010759,2025-03-19,C00892,Direct,Desktop,0
S0010760,2025-03-08,C00696,Referral,Desktop,0
S0010761,2025-06-25,C00971,Email,Mobile,0
S0010762,2025-11-17,C00676,Direct,Desktop,0
S0010763,2025-06-21,C00588,Direct,Desktop,0
S0010764,2025-09-12,C00273,Email,Desktop,0
S0010765,2025-03-04,C01010,Organic Search,Mobile,0
S0010766,2025-10-29,C00754,Direct,Mobile,0
S0010767,2025-09-03,C00933,Social Media,Desktop,0
S0010768,2025-07-11,C00321,Organic Search,Mobile,1
S0010769,2025-11-25,C00097,Paid Search,Desktop,1
S0010770,2025-03-12,C00480,Social Media,Mobile,0
S0010771,2025-08-17,C01125,Email,Desktop,0
S0010772,2025-03-04,C00107,Email,Mobile,1
S0010773,2025-10-24,C00886,Paid Search,Mobile,0
S0010774,2025-09-02,C00642,Organic Search,Desktop,0
S0010775,2025-01-07,C00504,Direct,Desktop,0
S0010776,2025-09-17,C00361,Paid Search,Mobile,0
S0010777,2025-03-30,C01105,Direct,Mobile,0
S0010778,2025-06-26,C00846,Organic Search,Mobile,0
S0010779,2025-07-23,C00163,Paid Search,Mobile,0
S0010780,2025-05-14,C01171,Social Media,Mobile,0
S0010781,2025-03-23,C00517,Organic Search,Desktop,0
S0010782,2025-01-21,C00143,Direct,Mobile,0
S0010783,2025-05-08,C00005,Organic Search,Tablet,1
S0010784,2025-07-14,C00221,Social Media,Mobile,0
S0010785,2025-07-13,C01012,Social Media,Desktop,0
S0010786,2025-07-03,C00911,Paid Search,Mobile,0
S0010787,2025-09-04,C00790,Social Media,Mobile,0
S0010788,2025-12-27,C00106,Social Media,Tablet,0
S0010789,2025-12-26,C00839,Direct,Desktop,0
S0010790,2025-11-20,C00310,Social Media,Mobile,0
S0010791,2025-06-09,C00530,Email,Tablet,1
S0010792,2025-07-13,C00571,Paid Search,Mobile,1
S0010793,2025-04-20,C00025,Referral,Desktop,0
S0010794,2025-03-07,C01191,Paid Search,Tablet,0
S0010795,2025-09-11,C00879,Paid Search,Mobile,0
S0010796,2025-10-10,C00747,Organic Search,Mobile,0
S0010797,2025-03-01,C00133,Email,Mobile,0
S0010798,2025-04-28,C00477,Organic Search,Mobile,0
S0010799,2025-02-13,C00731,Organic Search,Mobile,1
S0010800,2025-07-29,C00712,Organic Search,Desktop,0
S0010801,2025-02-05,C00747,Organic Search,Mobile,0
S0010802,2025-01-19,C00910,Referral,Desktop,0
S0010803,2025-04-01,C00910,Referral,Mobile,0
S0010804,2025-10-28,C01053,Paid Search,Mobile,0
S0010805,2025-07-31,C00334,Paid Search,Desktop,0
S0010806,2025-08-10,C00016,Organic Search,Mobile,0
S0010807,2025-08-05,C00733,Social Media,Mobile,0
S0010808,2025-08-11,C00657,Direct,Desktop,0
S0010809,2025-04-08,C00709,Social Media,Desktop,0
S0010810,2025-01-19,C00100,Referral,Desktop,0
S0010811,2025-10-24,C00517,Organic Search,Mobile,0
S0010812,2025-01-26,C00570,Referral,Mobile,0
S0010813,2025-01-28,C00418,Direct,Mobile,0
S0010814,2025-03-05,C00324,Email,Desktop,0
S0010815,2025-11-20,C00921,Social Media,Desktop,0
S0010816,2025-08-11,C00974,Direct,Desktop,0
S0010817,2025-03-21,C00741,Referral,Mobile,0
S0010818,2025-02-20,C00440,Paid Search,Mobile,0
S0010819,2025-04-12,C00361,Paid Search,Mobile,0
S0010820,2025-06-25,C00400,Referral,Mobile,0
S0010821,2025-01-10,C00514,Organic Search,Mobile,0
S0010822,2025-08-25,C00266,Email,Mobile,0
S0010823,2025-04-10,C00309,Referral,Mobile,1
S0010824,2025-08-16,C00026,Referral,Mobile,0
S0010825,2025-03-05,C00966,Social Media,Mobile,0
S0010826,2025-01-19,C00813,Paid Search,Mobile,0
S0010827,2025-11-28,C01076,Organic Search,Desktop,0
S0010828,2025-11-14,C00251,Social Media,Mobile,0
S0010829,2025-05-21,C01070,Direct,Desktop,0
S0010830,2025-01-25,C00498,Social Media,Mobile,0
S0010831,2025-08-16,C01197,Paid Search,Desktop,0
S0010832,2025-03-30,C00704,Direct,Desktop,0
S0010833,2025-04-02,C00392,Direct,Mobile,0
S0010834,2025-02-11,C00683,Social Media,Desktop,0
S0010835,2025-10-22,C01023,Direct,Desktop,0
S0010836,2025-03-22,C00160,Organic Search,Mobile,1
S0010837,2025-04-17,C01145,Direct,Mobile,0
S0010838,2025-04-21,C00447,Paid Search,Desktop,0
S0010839,2025-10-04,C00539,Paid Search,Desktop,0
S0010840,2025-08-02,C00754,Direct,Mobile,0
S0010841,2025-08-19,C01086,Organic Search,Mobile,0
S0010842,2025-11-02,C00014,Organic Search,Mobile,0
S0010843,2025-05-01,C00190,Organic Search,Mobile,0
S0010844,2025-05-14,C00234,Paid Search,Mobile,1
S0010845,2025-11-02,C00945,Organic Search,Mobile,0
S0010846,2025-07-27,C00478,Paid Search,Desktop,0
S0010847,2025-09-14,C00670,Email,Mobile,0
S0010848,2025-07-04,C00674,Organic Search,Mobile,0
S0010849,2025-10-13,C00849,Social Media,Tablet,0
S0010850,2025-12-29,C00388,Paid Search,Desktop,0
S0010851,2025-06-29,C00625,Direct,Mobile,0
S0010852,2025-02-17,C00746,Paid Search,Tablet,1
S0010853,2025-03-28,C01161,Social Media,Desktop,0
S0010854,2025-01-19,C00501,Social Media,Desktop,0
S0010855,2025-02-15,C01133,Direct,Desktop,1
S0010856,2025-02-25,C01115,Organic Search,Mobile,0
S0010857,2025-08-17,C00403,Paid Search,Mobile,0
S0010858,2025-05-25,C01068,Direct,Mobile,0
S0010859,2025-04-02,C00471,Social Media,Mobile,0
S0010860,2025-03-23,C01074,Paid Search,Mobile,0
S0010861,2025-08-13,C01126,Organic Search,Mobile,0
S0010862,2025-03-20,C01200,Email,Desktop,0
S0010863,2025-05-30,C00696,Referral,Mobile,0
S0010864,2025-12-27,C01032,Paid Search,Mobile,0
S0010865,2025-10-10,C01060,Social Media,Mobile,0
S0010866,2025-11-07,C00663,Paid Search,Desktop,0
S0010867,2025-06-09,C00685,Social Media,Mobile,0
S0010868,2025-11-12,C00701,Social Media,Mobile,0
S0010869,2025-12-31,C00562,Organic Search,Mobile,0
S0010870,2025-06-05,C00274,Paid Search,Desktop,0
S0010871,2025-06-05,C00375,Email,Mobile,0
S0010872,2025-07-21,C00108,Organic Search,Mobile,0
S0010873,2025-12-07,C00491,Organic Search,Mobile,0
S0010874,2025-12-08,C00949,Social Media,Mobile,1
S0010875,2025-04-27,C01074,Paid Search,Mobile,1
S0010876,2025-06-03,C00602,Direct,Desktop,0
S0010877,2025-12-30,C01087,Paid Search,Desktop,0
S0010878,2025-11-27,C00092,Email,Tablet,0
S0010879,2025-04-29,C01108,Direct,Desktop,0
S0010880,2025-07-18,C00223,Referral,Mobile,0
S0010881,2025-09-20,C00598,Organic Search,Desktop,0
S0010882,2025-07-03,C00554,Email,Mobile,0
S0010883,2025-05-28,C00440,Paid Search,Mobile,0
S0010884,2025-06-15,C00933,Social Media,Mobile,0
S0010885,2025-03-16,C01173,Paid Search,Desktop,0
S0010886,2025-08-24,C01046,Social Media,Mobile,0
S0010887,2025-11-10,C00521,Paid Search,Desktop,0
S0010888,2025-09-29,C00084,Direct,Mobile,0
S0010889,2025-06-28,C00019,Paid Search,Mobile,0
S0010890,2025-10-10,C00930,Referral,Mobile,1
S0010891,2025-02-20,C00023,Social Media,Desktop,0
S0010892,2025-03-16,C00223,Referral,Mobile,0
S0010893,2025-05-24,C00201,Social Media,Desktop,0
S0010894,2025-12-09,C01158,Email,Mobile,0
S0010895,2025-07-07,C00680,Email,Mobile,0
S0010896,2025-05-03,C00918,Organic Search,Mobile,1
S0010897,2025-11-28,C00042,Direct,Mobile,0
S0010898,2025-09-08,C00355,Paid Search,Mobile,1
S0010899,2025-10-23,C00143,Direct,Tablet,0
S0010900,2025-11-19,C00865,Organic Search,Mobile,0
S0010901,2025-05-10,C00373,Paid Search,Desktop,0
S0010902,2025-09-09,C00753,Direct,Mobile,0
S0010903,2025-12-24,C00579,Paid Search,Mobile,0
S0010904,2025-06-29,C01155,Direct,Mobile,0
S0010905,2025-12-15,C00305,Direct,Mobile,0
S0010906,2025-04-20,C00152,Organic Search,Mobile,0
S0010907,2025-12-04,C01039,Email,Mobile,0
S0010908,2025-03-19,C00140,Social Media,Mobile,0
S0010909,2025-01-02,C00888,Organic Search,Desktop,0
S0010910,2025-11-17,C00968,Social Media,Mobile,0
S0010911,2025-10-03,C00632,Paid Search,Mobile,1
S0010912,2025-10-17,C01192,Email,Mobile,0
S0010913,2025-10-24,C01016,Organic Search,Mobile,0
S0010914,2025-06-18,C00518,Email,Mobile,0
S0010915,2025-08-28,C00842,Referral,Mobile,0
S0010916,2025-01-23,C01040,Social Media,Tablet,0
S0010917,2025-10-21,C00525,Social Media,Mobile,0
S0010918,2025-06-21,C00428,Organic Search,Desktop,0
S0010919,2025-11-19,C01161,Social Media,Tablet,0
S0010920,2025-11-14,C00152,Organic Search,Desktop,0
S0010921,2025-10-13,C00716,Organic Search,Mobile,0
S0010922,2025-12-09,C00634,Paid Search,Mobile,0
S0010923,2025-07-12,C00455,Organic Search,Mobile,0
S0010924,2025-06-18,C00586,Social Media,Mobile,0
S0010925,2025-04-28,C00435,Organic Search,Mobile,0
S0010926,2025-01-06,C01106,Social Media,Mobile,0
S0010927,2025-11-27,C00103,Organic Search,Mobile,0
S0010928,2025-05-12,C01195,Email,Desktop,0
S0010929,2025-04-03,C00476,Paid Search,Mobile,0
S0010930,2025-09-08,C00832,Paid Search,Mobile,0
S0010931,2025-01-10,C00460,Social Media,Mobile,0
S0010932,2025-02-20,C00055,Paid Search,Desktop,0
S0010933,2025-12-15,C00346,Direct,Mobile,0
S0010934,2025-10-21,C00616,Social Media,Desktop,0
S0010935,2025-05-09,C00661,Organic Search,Desktop,0
S0010936,2025-09-06,C00462,Organic Search,Mobile,0
S0010937,2025-04-12,C00270,Organic Search,Mobile,1
S0010938,2025-12-03,C01176,Email,Mobile,0
S0010939,2025-03-24,C00161,Social Media,Mobile,0
S0010940,2025-07-10,C01127,Referral,Desktop,0
S0010941,2025-05-23,C00374,Direct,Mobile,0
S0010942,2025-08-25,C00650,Social Media,Mobile,0
S0010943,2025-10-14,C00285,Paid Search,Mobile,0
S0010944,2025-10-04,C00987,Social Media,Desktop,0
S0010945,2025-10-18,C00331,Social Media,Desktop,0
S0010946,2025-06-18,C00848,Organic Search,Mobile,0
S0010947,2025-05-24,C01082,Referral,Tablet,0
S0010948,2025-07-03,C00229,Paid Search,Desktop,0
S0010949,2025-02-14,C00959,Social Media,Mobile,0
S0010950,2025-08-31,C01152,Direct,Mobile,0
S0010951,2025-11-11,C01124,Referral,Desktop,0
S0010952,2025-09-25,C00695,Paid Search,Mobile,0
S0010953,2025-09-10,C01009,Referral,Mobile,0
S0010954,2025-10-16,C00060,Organic Search,Desktop,0
S0010955,2025-07-31,C00315,Email,Mobile,0
S0010956,2025-06-26,C00657,Direct,Mobile,0
S0010957,2025-01-21,C00644,Email,Mobile,0
S0010958,2025-11-12,C01097,Paid Search,Mobile,0
S0010959,2025-02-21,C00637,Social Media,Mobile,0
S0010960,2025-08-21,C00239,Direct,Desktop,0
S0010961,2025-05-03,C00410,Organic Search,Desktop,0
S0010962,2025-12-28,C00693,Social Media,Mobile,0
S0010963,2025-04-10,C00809,Email,Mobile,0
S0010964,2025-08-02,C00537,Social Media,Mobile,0
S0010965,2025-11-23,C00124,Organic Search,Mobile,0
S0010966,2025-05-15,C01197,Paid Search,Mobile,0
S0010967,2025-11-14,C01124,Referral,Mobile,0
S0010968,2025-08-06,C00170,Email,Desktop,0
S0010969,2025-03-29,C00352,Email,Mobile,0
S0010970,2025-10-07,C00173,Direct,Mobile,0
S0010971,2025-02-09,C00955,Direct,Mobile,0
S0010972,2025-08-28,C00719,Organic Search,Mobile,0
S0010973,2025-11-28,C00083,Direct,Mobile,0
S0010974,2025-05-16,C00485,Organic Search,Mobile,0
S0010975,2025-07-01,C00014,Organic Search,Mobile,0
S0010976,2025-09-22,C01101,Social Media,Desktop,0
S0010977,2025-09-16,C00711,Direct,Desktop,0
S0010978,2025-07-01,C00387,Organic Search,Mobile,0
S0010979,2025-01-21,C00622,Email,Mobile,0
S0010980,2025-12-17,C00046,Direct,Desktop,0
S0010981,2025-07-15,C00328,Email,Mobile,0
S0010982,2025-07-31,C00571,Paid Search,Mobile,0
S0010983,2025-01-16,C00020,Paid Search,Mobile,0
S0010984,2025-07-21,C01069,Direct,Desktop,0
S0010985,2025-12-29,C00607,Organic Search,Mobile,0
S0010986,2025-08-06,C00648,Paid Search,Mobile,0
S0010987,2025-04-03,C00155,Social Media,Mobile,0
S0010988,2025-05-13,C00989,Organic Search,Mobile,0
S0010989,2025-05-19,C00689,Email,Mobile,0
S0010990,2025-06-06,C00486,Organic Search,Mobile,0
S0010991,2025-12-01,C00110,Social Media,Desktop,0
S0010992,2025-03-11,C01082,Referral,Mobile,0
S0010993,2025-10-31,C01127,Referral,Desktop,0
S0010994,2025-01-15,C00907,Organic Search,Mobile,0
S0010995,2025-08-23,C00133,Email,Desktop,1
S0010996,2025-07-31,C00464,Social Media,Mobile,0
S0010997,2025-10-17,C00610,Referral,Mobile,0
S0010998,2025-03-01,C00769,Direct,Mobile,0
S0010999,2025-09-09,C00203,Social Media,Mobile,0
S0011000,2025-01-02,C00238,Direct,Desktop,0
S0011001,2025-08-24,C00276,Organic Search,Mobile,0
S0011002,2025-12-02,C01003,Paid Search,Mobile,0
S0011003,2025-01-19,C00700,Referral,Desktop,0
S0011004,2025-02-18,C00439,Email,Desktop,1
S0011005,2025-03-19,C01010,Organic Search,Mobile,0
S0011006,2025-01-28,C00963,Direct,Desktop,0
S0011007,2025-02-17,C00868,Social Media,Mobile,0
S0011008,2025-04-06,C01067,Organic Search,Desktop,0
S0011009,2025-06-14,C00353,Paid Search,Mobile,0
S0011010,2025-12-31,C01182,Paid Search,Mobile,0
S0011011,2025-06-25,C00394,Social Media,Mobile,0
S0011012,2025-03-14,C00437,Organic Search,Mobile,0
S0011013,2025-12-22,C00517,Organic Search,Mobile,0
S0011014,2025-01-29,C01009,Referral,Mobile,0
S0011015,2025-06-06,C00824,Social Media,Mobile,0
S0011016,2025-11-10,C00019,Paid Search,Mobile,0
S0011017,2025-10-31,C00722,Paid Search,Mobile,0
S0011018,2025-10-06,C00955,Direct,Mobile,0
S0011019,2025-10-10,C00569,Social Media,Mobile,0
S0011020,2025-01-07,C00713,Referral,Mobile,0
S0011021,2025-11-01,C00156,Email,Tablet,0
S0011022,2025-07-01,C01055,Direct,Mobile,0
S0011023,2025-04-19,C00938,Paid Search,Mobile,0
S0011024,2025-11-20,C00878,Direct,Mobile,0
S0011025,2025-07-25,C00029,Email,Desktop,0
S0011026,2025-08-22,C00855,Social Media,Mobile,0
S0011027,2025-07-06,C00238,Direct,Mobile,0
S0011028,2025-11-25,C00039,Email,Mobile,0
S0011029,2025-12-23,C00043,Direct,Tablet,1
S0011030,2025-01-08,C01086,Organic Search,Desktop,0
S0011031,2025-02-22,C00250,Direct,Desktop,0
S0011032,2025-07-18,C00944,Email,Desktop,0
S0011033,2025-05-17,C00630,Direct,Mobile,0
S0011034,2025-09-16,C00694,Social Media,Tablet,0
S0011035,2025-11-30,C00681,Email,Mobile,0
S0011036,2025-06-21,C00592,Email,Desktop,0
S0011037,2025-03-27,C01145,Direct,Mobile,0
S0011038,2025-02-15,C01026,Organic Search,Mobile,0
S0011039,2025-12-12,C00023,Social Media,Mobile,0
S0011040,2025-07-05,C01005,Paid Search,Mobile,0
S0011041,2025-06-05,C01175,Email,Mobile,0
S0011042,2025-01-09,C00629,Social Media,Desktop,0
S0011043,2025-04-25,C01138,Paid Search,Desktop,0
S0011044,2025-06-03,C01065,Social Media,Desktop,0
S0011045,2025-05-10,C01142,Paid Search,Mobile,0
S0011046,2025-11-27,C00836,Referral,Mobile,0
S0011047,2025-03-22,C00584,Email,Mobile,0
S0011048,2025-10-17,C00115,Direct,Desktop,1
S0011049,2025-05-27,C01128,Email,Mobile,0
S0011050,2025-10-22,C01128,Email,Mobile,0
S0011051,2025-09-26,C00285,Paid Search,Mobile,0
S0011052,2025-05-13,C00751,Organic Search,Desktop,0
S0011053,2025-02-19,C00473,Paid Search,Desktop,0
S0011054,2025-01-23,C00608,Paid Search,Desktop,0
S0011055,2025-03-29,C00996,Paid Search,Mobile,0
S0011056,2025-04-22,C01032,Paid Search,Mobile,0
S0011057,2025-04-21,C00718,Direct,Mobile,0
S0011058,2025-03-13,C00500,Organic Search,Mobile,0
S0011059,2025-06-03,C00703,Email,Desktop,0
S0011060,2025-02-26,C00970,Social Media,Mobile,0
S0011061,2025-09-14,C00430,Paid Search,Desktop,0
S0011062,2025-06-05,C00730,Organic Search,Tablet,0
S0011063,2025-04-23,C00917,Referral,Mobile,0
S0011064,2025-11-14,C00488,Paid Search,Desktop,0
S0011065,2025-02-16,C01084,Email,Mobile,0
S0011066,2025-08-26,C00064,Referral,Mobile,0
S0011067,2025-11-30,C00706,Social Media,Desktop,0
S0011068,2025-04-16,C00518,Email,Mobile,0
S0011069,2025-07-06,C01178,Organic Search,Desktop,0
S0011070,2025-06-08,C00966,Social Media,Desktop,0
S0011071,2025-07-17,C00562,Organic Search,Desktop,0
S0011072,2025-06-26,C00509,Organic Search,Mobile,1
S0011073,2025-09-18,C00994,Direct,Mobile,0
S0011074,2025-10-14,C00006,Organic Search,Mobile,0
S0011075,2025-10-20,C00281,Referral,Desktop,0
S0011076,2025-12-01,C00253,Social Media,Desktop,0
S0011077,2025-05-23,C00482,Email,Desktop,0
S0011078,2025-11-04,C00928,Social Media,Desktop,0
S0011079,2025-07-16,C00017,Email,Desktop,1
S0011080,2025-08-13,C00320,Paid Search,Desktop,0
S0011081,2025-02-12,C00283,Paid Search,Mobile,0
S0011082,2025-05-31,C01094,Organic Search,Mobile,0
S0011083,2025-10-23,C00971,Email,Desktop,0
S0011084,2025-03-04,C00371,Organic Search,Tablet,0
S0011085,2025-05-10,C00889,Organic Search,Mobile,0
S0011086,2025-09-12,C00722,Paid Search,Mobile,0
S0011087,2025-12-09,C00868,Social Media,Desktop,0
S0011088,2025-08-02,C00235,Email,Mobile,0
S0011089,2025-03-14,C01074,Paid Search,Mobile,0
S0011090,2025-04-14,C00050,Email,Desktop,0
S0011091,2025-06-07,C00791,Organic Search,Desktop,0
S0011092,2025-09-29,C01016,Organic Search,Mobile,0
S0011093,2025-11-11,C00947,Organic Search,Mobile,0
S0011094,2025-08-26,C00286,Paid Search,Mobile,0
S0011095,2025-10-30,C00805,Paid Search,Mobile,0
S0011096,2025-06-07,C00992,Direct,Mobile,0
S0011097,2025-04-19,C00826,Social Media,Desktop,0
S0011098,2025-01-09,C00298,Paid Search,Mobile,0
S0011099,2025-11-17,C01120,Paid Search,Mobile,0
S0011100,2025-02-28,C00966,Social Media,Mobile,0
S0011101,2025-12-24,C00347,Social Media,Mobile,0
S0011102,2025-07-11,C00040,Paid Search,Desktop,0
S0011103,2025-05-16,C00547,Paid Search,Desktop,0
S0011104,2025-09-08,C00458,Paid Search,Mobile,0
S0011105,2025-05-26,C00184,Organic Search,Mobile,0
S0011106,2025-12-13,C00604,Social Media,Tablet,0
S0011107,2025-12-18,C00384,Organic Search,Desktop,0
S0011108,2025-02-27,C01136,Direct,Desktop,0
S0011109,2025-06-26,C01097,Paid Search,Mobile,0
S0011110,2025-10-15,C00182,Social Media,Mobile,0
S0011111,2025-09-02,C00170,Email,Mobile,1
S0011112,2025-02-17,C01175,Email,Desktop,0
S0011113,2025-10-28,C00213,Direct,Desktop,0
S0011114,2025-12-22,C00614,Social Media,Mobile,0
S0011115,2025-04-10,C00269,Social Media,Desktop,0
S0011116,2025-08-01,C00656,Organic Search,Desktop,0
S0011117,2025-10-29,C01016,Organic Search,Desktop,0
S0011118,2025-06-14,C00050,Email,Mobile,0
S0011119,2025-05-06,C00228,Email,Desktop,0
S0011120,2025-10-29,C00355,Paid Search,Desktop,0
S0011121,2025-05-01,C00449,Organic Search,Desktop,0
S0011122,2025-03-29,C00328,Email,Mobile,0
S0011123,2025-08-05,C00587,Organic Search,Desktop,0
S0011124,2025-03-02,C00141,Paid Search,Mobile,0
S0011125,2025-10-29,C00258,Social Media,Mobile,0
S0011126,2025-06-28,C00102,Organic Search,Mobile,0
S0011127,2025-07-09,C01131,Social Media,Mobile,0
S0011128,2025-06-12,C00146,Organic Search,Desktop,0
S0011129,2025-03-22,C00876,Paid Search,Desktop,0
S0011130,2025-06-19,C01192,Email,Mobile,0
S0011131,2025-10-28,C00500,Organic Search,Mobile,0
S0011132,2025-07-15,C00671,Paid Search,Mobile,0
S0011133,2025-07-22,C00868,Social Media,Mobile,0
S0011134,2025-02-16,C01003,Paid Search,Mobile,0
S0011135,2025-06-07,C00454,Organic Search,Mobile,0
S0011136,2025-07-13,C00062,Organic Search,Mobile,0
S0011137,2025-10-06,C00171,Paid Search,Mobile,0
S0011138,2025-11-13,C00723,Social Media,Mobile,0
S0011139,2025-09-26,C00768,Organic Search,Desktop,0
S0011140,2025-07-18,C00532,Organic Search,Mobile,0
S0011141,2025-08-12,C00996,Paid Search,Desktop,0
S0011142,2025-09-20,C00452,Email,Desktop,1
S0011143,2025-06-15,C00176,Social Media,Desktop,0
S0011144,2025-06-29,C01018,Social Media,Mobile,0
S0011145,2025-07-11,C00549,Paid Search,Mobile,0
S0011146,2025-08-04,C00046,Direct,Desktop,0
S0011147,2025-10-11,C00972,Social Media,Mobile,0
S0011148,2025-12-18,C00500,Organic Search,Mobile,0
S0011149,2025-04-17,C00758,Organic Search,Mobile,1
S0011150,2025-04-08,C00991,Email,Mobile,0
S0011151,2025-08-18,C00300,Social Media,Mobile,0
S0011152,2025-09-14,C00678,Organic Search,Desktop,0
S0011153,2025-02-12,C00822,Social Media,Mobile,1
S0011154,2025-08-30,C00103,Organic Search,Desktop,1
S0011155,2025-02-11,C00947,Organic Search,Mobile,0
S0011156,2025-04-05,C00833,Paid Search,Desktop,0
S0011157,2025-09-11,C00497,Referral,Mobile,0
S0011158,2025-07-07,C01092,Email,Desktop,0
S0011159,2025-11-03,C01026,Organic Search,Desktop,0
S0011160,2025-06-16,C00355,Paid Search,Tablet,0
S0011161,2025-09-28,C00208,Paid Search,Desktop,0
S0011162,2025-05-05,C00892,Direct,Mobile,0
S0011163,2025-06-10,C00455,Organic Search,Mobile,0
S0011164,2025-03-28,C00799,Direct,Mobile,0
S0011165,2025-11-05,C00541,Paid Search,Desktop,0
S0011166,2025-08-14,C01101,Social Media,Mobile,0
S0011167,2025-05-25,C00381,Direct,Mobile,0
S0011168,2025-12-11,C00418,Direct,Desktop,0
S0011169,2025-09-05,C01200,Email,Mobile,0
S0011170,2025-12-28,C00412,Direct,Desktop,0
S0011171,2025-01-06,C00292,Organic Search,Mobile,0
S0011172,2025-01-31,C01198,Referral,Desktop,0
S0011173,2025-07-16,C00839,Direct,Mobile,0
S0011174,2025-08-20,C00629,Social Media,Mobile,0
S0011175,2025-10-23,C01149,Social Media,Mobile,0
S0011176,2025-11-21,C00515,Social Media,Mobile,0
S0011177,2025-05-15,C00038,Paid Search,Desktop,1
S0011178,2025-01-13,C00632,Paid Search,Mobile,0
S0011179,2025-01-04,C01086,Organic Search,Mobile,0
S0011180,2025-06-27,C00023,Social Media,Mobile,0
S0011181,2025-08-22,C00462,Organic Search,Desktop,0
S0011182,2025-09-16,C01005,Paid Search,Desktop,0
S0011183,2025-05-20,C00347,Social Media,Mobile,0
S0011184,2025-03-06,C01023,Direct,Mobile,0
S0011185,2025-10-10,C00889,Organic Search,Mobile,1
S0011186,2025-12-29,C01101,Social Media,Tablet,0
S0011187,2025-11-02,C01007,Organic Search,Mobile,0
S0011188,2025-07-24,C00694,Social Media,Desktop,0
S0011189,2025-01-17,C00941,Organic Search,Desktop,0
S0011190,2025-07-19,C00048,Direct,Mobile,0
S0011191,2025-02-01,C00939,Paid Search,Mobile,0
S0011192,2025-07-31,C00837,Paid Search,Tablet,0
S0011193,2025-09-30,C00663,Paid Search,Desktop,0
S0011194,2025-10-17,C00353,Paid Search,Mobile,0
S0011195,2025-10-18,C00976,Email,Mobile,0
S0011196,2025-08-22,C00414,Email,Mobile,1
S0011197,2025-07-01,C00845,Organic Search,Desktop,1
S0011198,2025-05-26,C00316,Email,Mobile,0
S0011199,2025-02-19,C00027,Paid Search,Desktop,0
S0011200,2025-04-13,C00809,Email,Mobile,0
S0011201,2025-02-02,C00999,Organic Search,Mobile,0
S0011202,2025-03-30,C00809,Email,Desktop,0
S0011203,2025-12-07,C00715,Direct,Mobile,0
S0011204,2025-11-11,C00424,Paid Search,Mobile,0
S0011205,2025-08-29,C00607,Organic Search,Desktop,0
S0011206,2025-09-23,C00950,Email,Desktop,0
S0011207,2025-08-11,C00905,Paid Search,Desktop,0
S0011208,2025-08-24,C00779,Direct,Desktop,0
S0011209,2025-06-02,C00475,Paid Search,Mobile,0
S0011210,2025-02-26,C01166,Direct,Mobile,1
S0011211,2025-11-18,C00508,Paid Search,Mobile,0
S0011212,2025-04-22,C00876,Paid Search,Mobile,0
S0011213,2025-01-15,C00011,Organic Search,Desktop,0
S0011214,2025-09-26,C00724,Organic Search,Tablet,0
S0011215,2025-04-24,C01011,Organic Search,Mobile,0
S0011216,2025-09-09,C00840,Referral,Mobile,0
S0011217,2025-05-22,C00518,Email,Mobile,0
S0011218,2025-04-24,C00714,Direct,Desktop,0
S0011219,2025-10-17,C00063,Social Media,Mobile,0
S0011220,2025-12-23,C00342,Referral,Mobile,0
S0011221,2025-01-25,C00175,Paid Search,Desktop,0
S0011222,2025-11-06,C00255,Organic Search,Mobile,0
S0011223,2025-09-12,C00765,Referral,Mobile,0
S0011224,2025-09-25,C00364,Organic Search,Mobile,0
S0011225,2025-05-06,C00289,Social Media,Mobile,0
S0011226,2025-09-07,C01137,Paid Search,Mobile,0
S0011227,2025-10-14,C00389,Social Media,Mobile,0
S0011228,2025-11-30,C00530,Email,Desktop,1
S0011229,2025-02-22,C00023,Social Media,Desktop,0
S0011230,2025-02-12,C00546,Social Media,Mobile,0
S0011231,2025-06-15,C00962,Social Media,Desktop,0
S0011232,2025-02-11,C00449,Organic Search,Desktop,0
S0011233,2025-06-25,C01139,Paid Search,Mobile,0
S0011234,2025-03-08,C00696,Referral,Desktop,0
S0011235,2025-03-07,C00111,Organic Search,Mobile,0
S0011236,2025-03-24,C00950,Email,Mobile,0
S0011237,2025-12-16,C00322,Email,Desktop,0
S0011238,2025-04-15,C00790,Social Media,Mobile,0
S0011239,2025-10-14,C00222,Email,Mobile,0
S0011240,2025-07-05,C00184,Organic Search,Mobile,0
S0011241,2025-10-11,C00070,Paid Search,Mobile,0
S0011242,2025-01-04,C00924,Email,Mobile,0
S0011243,2025-05-18,C00642,Organic Search,Mobile,0
S0011244,2025-06-28,C00146,Organic Search,Mobile,0
S0011245,2025-08-25,C00137,Social Media,Mobile,0
S0011246,2025-01-18,C01192,Email,Mobile,0
S0011247,2025-10-30,C01012,Social Media,Desktop,0
S0011248,2025-01-09,C00472,Paid Search,Desktop,0
S0011249,2025-01-29,C01116,Email,Mobile,0
S0011250,2025-05-24,C00483,Paid Search,Mobile,1
S0011251,2025-12-14,C00636,Social Media,Desktop,0
S0011252,2025-05-29,C00951,Email,Mobile,0
S0011253,2025-03-05,C00237,Paid Search,Mobile,0
S0011254,2025-07-06,C01089,Social Media,Desktop,0
S0011255,2025-08-15,C01197,Paid Search,Tablet,0
S0011256,2025-04-28,C00979,Email,Desktop,0
S0011257,2025-12-22,C01039,Email,Desktop,0
S0011258,2025-09-11,C00020,Paid Search,Mobile,0
S0011259,2025-01-31,C00228,Email,Mobile,0
S0011260,2025-06-10,C00128,Paid Search,Mobile,0
S0011261,2025-08-03,C00290,Referral,Mobile,0
S0011262,2025-06-18,C00542,Direct,Mobile,0
S0011263,2025-03-22,C00981,Organic Search,Mobile,0
S0011264,2025-02-15,C00845,Organic Search,Mobile,0
S0011265,2025-02-18,C00775,Social Media,Desktop,0
S0011266,2025-10-25,C00208,Paid Search,Mobile,0
S0011267,2025-10-10,C00797,Direct,Desktop,0
S0011268,2025-03-29,C00781,Organic Search,Mobile,0
S0011269,2025-05-01,C00413,Organic Search,Mobile,0
S0011270,2025-01-03,C00409,Social Media,Mobile,0
S0011271,2025-11-12,C00418,Direct,Mobile,0
S0011272,2025-08-15,C00899,Social Media,Desktop,0
S0011273,2025-03-20,C00618,Referral,Mobile,1
S0011274,2025-05-25,C00052,Social Media,Tablet,0
S0011275,2025-08-30,C00177,Organic Search,Mobile,0
S0011276,2025-02-01,C00909,Organic Search,Mobile,0
S0011277,2025-09-20,C00753,Direct,Mobile,0
S0011278,2025-07-30,C01184,Email,Mobile,0
S0011279,2025-03-12,C00163,Paid Search,Mobile,0
S0011280,2025-07-16,C00633,Paid Search,Mobile,0
S0011281,2025-02-27,C00985,Referral,Desktop,1
S0011282,2025-04-22,C00757,Paid Search,Mobile,0
S0011283,2025-02-17,C01165,Organic Search,Mobile,1
S0011284,2025-07-04,C00029,Email,Mobile,0
S0011285,2025-11-23,C00287,Social Media,Mobile,0
S0011286,2025-06-14,C00404,Paid Search,Mobile,0
S0011287,2025-08-03,C00747,Organic Search,Mobile,0
S0011288,2025-11-27,C00002,Organic Search,Tablet,0
S0011289,2025-11-26,C01087,Paid Search,Mobile,0
S0011290,2025-05-01,C00734,Paid Search,Mobile,0
S0011291,2025-08-01,C00820,Organic Search,Mobile,0
S0011292,2025-11-07,C00116,Organic Search,Mobile,1
S0011293,2025-02-10,C00973,Organic Search,Mobile,0
S0011294,2025-12-19,C01122,Paid Search,Mobile,0
S0011295,2025-10-16,C00204,Referral,Tablet,0
S0011296,2025-06-17,C01063,Organic Search,Mobile,0
S0011297,2025-02-03,C01151,Organic Search,Mobile,0
S0011298,2025-11-14,C00393,Referral,Mobile,0
S0011299,2025-10-02,C00247,Paid Search,Mobile,0
S0011300,2025-07-16,C01104,Organic Search,Mobile,0
S0011301,2025-07-10,C00073,Email,Mobile,0
S0011302,2025-08-09,C01086,Organic Search,Mobile,0
S0011303,2025-01-10,C00212,Paid Search,Mobile,0
S0011304,2025-04-30,C00703,Email,Desktop,0
S0011305,2025-05-03,C00283,Paid Search,Desktop,1
S0011306,2025-09-04,C00920,Email,Tablet,0
S0011307,2025-12-26,C00045,Paid Search,Mobile,0
S0011308,2025-08-09,C00670,Email,Mobile,0
S0011309,2025-09-18,C00077,Paid Search,Mobile,0
S0011310,2025-02-27,C00836,Referral,Mobile,0
S0011311,2025-11-11,C01143,Social Media,Tablet,0
S0011312,2025-05-08,C00591,Email,Mobile,0
S0011313,2025-07-06,C00788,Direct,Mobile,0
S0011314,2025-07-24,C01116,Email,Mobile,0
S0011315,2025-03-27,C00217,Social Media,Desktop,0
S0011316,2025-04-14,C00536,Direct,Mobile,0
S0011317,2025-05-23,C00577,Referral,Mobile,0
S0011318,2025-07-24,C00060,Organic Search,Desktop,0
S0011319,2025-05-09,C01015,Social Media,Mobile,0
S0011320,2025-09-03,C00510,Referral,Mobile,0
S0011321,2025-02-07,C00130,Organic Search,Desktop,0
S0011322,2025-12-29,C00406,Direct,Mobile,0
S0011323,2025-04-19,C00985,Referral,Mobile,0
S0011324,2025-11-05,C01105,Direct,Desktop,0
S0011325,2025-02-21,C00706,Social Media,Mobile,0
S0011326,2025-01-01,C00476,Paid Search,Mobile,0
S0011327,2025-01-11,C00769,Direct,Mobile,0
S0011328,2025-11-10,C00548,Paid Search,Mobile,0
S0011329,2025-08-23,C00711,Direct,Mobile,0
S0011330,2025-05-08,C01137,Paid Search,Mobile,0
S0011331,2025-08-02,C00204,Referral,Mobile,0
S0011332,2025-08-31,C01193,Direct,Desktop,0
S0011333,2025-02-13,C00949,Social Media,Mobile,0
S0011334,2025-01-06,C01146,Paid Search,Desktop,0
S0011335,2025-06-05,C00845,Organic Search,Mobile,0
S0011336,2025-01-08,C01165,Organic Search,Mobile,0
S0011337,2025-01-05,C00931,Social Media,Desktop,0
S0011338,2025-12-28,C00953,Organic Search,Desktop,0
S0011339,2025-07-01,C00743,Referral,Mobile,0
S0011340,2025-04-22,C01067,Organic Search,Desktop,0
S0011341,2025-09-30,C01061,Organic Search,Mobile,0
S0011342,2025-09-22,C00836,Referral,Mobile,0
S0011343,2025-07-31,C00293,Paid Search,Mobile,0
S0011344,2025-03-19,C00781,Organic Search,Desktop,0
S0011345,2025-09-27,C00448,Organic Search,Tablet,0
S0011346,2025-06-03,C00623,Direct,Mobile,0
S0011347,2025-08-09,C01132,Direct,Tablet,0
S0011348,2025-12-13,C00776,Social Media,Desktop,0
S0011349,2025-01-25,C01068,Direct,Mobile,0
S0011350,2025-12-20,C00106,Social Media,Mobile,0
S0011351,2025-07-27,C00239,Direct,Desktop,0
S0011352,2025-01-03,C01036,Social Media,Mobile,0
S0011353,2025-08-03,C00285,Paid Search,Desktop,0
S0011354,2025-04-22,C00769,Direct,Desktop,0
S0011355,2025-07-11,C00254,Paid Search,Desktop,0
S0011356,2025-02-16,C00322,Email,Mobile,0
S0011357,2025-08-09,C00104,Organic Search,Mobile,0
S0011358,2025-07-06,C00491,Organic Search,Mobile,0
S0011359,2025-02-19,C00662,Organic Search,Desktop,0
S0011360,2025-07-16,C01133,Direct,Mobile,1
S0011361,2025-08-04,C01092,Email,Mobile,0
S0011362,2025-08-09,C00275,Email,Mobile,0
S0011363,2025-03-31,C00355,Paid Search,Desktop,0
S0011364,2025-08-20,C00917,Referral,Mobile,0
S0011365,2025-11-19,C01104,Organic Search,Mobile,0
S0011366,2025-09-15,C00812,Organic Search,Tablet,0
S0011367,2025-06-02,C00034,Social Media,Mobile,0
S0011368,2025-09-13,C00934,Direct,Mobile,0
S0011369,2025-09-15,C00298,Paid Search,Mobile,0
S0011370,2025-03-06,C00010,Direct,Desktop,0
S0011371,2025-07-09,C00165,Paid Search,Desktop,0
S0011372,2025-04-01,C00966,Social Media,Desktop,0
S0011373,2025-06-22,C00344,Direct,Desktop,0
S0011374,2025-09-04,C00202,Email,Mobile,0
S0011375,2025-09-13,C01104,Organic Search,Desktop,0
S0011376,2025-04-26,C00126,Organic Search,Mobile,1
S0011377,2025-02-18,C00668,Paid Search,Desktop,0
S0011378,2025-08-15,C00124,Organic Search,Desktop,0
S0011379,2025-03-10,C01174,Organic Search,Mobile,0
S0011380,2025-05-06,C00371,Organic Search,Mobile,0
S0011381,2025-08-01,C00398,Direct,Mobile,0
S0011382,2025-02-22,C00492,Email,Mobile,1
S0011383,2025-04-22,C00697,Email,Desktop,0
S0011384,2025-06-08,C00098,Referral,Mobile,0
S0011385,2025-08-28,C01153,Referral,Tablet,0
S0011386,2025-05-30,C00977,Organic Search,Mobile,1
S0011387,2025-05-19,C00143,Direct,Mobile,0
S0011388,2025-04-23,C00349,Email,Mobile,1
S0011389,2025-05-23,C00291,Social Media,Desktop,0
S0011390,2025-05-18,C00347,Social Media,Mobile,0
S0011391,2025-10-31,C00808,Direct,Mobile,1
S0011392,2025-01-31,C00138,Paid Search,Mobile,0
S0011393,2025-10-20,C00196,Social Media,Mobile,0
S0011394,2025-04-18,C00457,Direct,Tablet,0
S0011395,2025-10-11,C01165,Organic Search,Mobile,0
S0011396,2025-06-08,C00923,Social Media,Mobile,0
S0011397,2025-11-22,C00572,Social Media,Desktop,0
S0011398,2025-01-14,C00033,Organic Search,Mobile,0
S0011399,2025-05-02,C00688,Social Media,Mobile,0
S0011400,2025-08-03,C00501,Social Media,Mobile,0
S0011401,2025-09-29,C00895,Organic Search,Mobile,0
S0011402,2025-01-25,C00512,Email,Desktop,0
S0011403,2025-11-18,C00786,Organic Search,Desktop,0
S0011404,2025-10-21,C00880,Organic Search,Mobile,0
S0011405,2025-06-18,C00312,Direct,Mobile,0
S0011406,2025-04-13,C00870,Email,Tablet,0
S0011407,2025-12-20,C00771,Organic Search,Desktop,0
S0011408,2025-02-09,C00036,Paid Search,Desktop,0
S0011409,2025-08-23,C00919,Paid Search,Mobile,0
S0011410,2025-11-16,C00789,Paid Search,Mobile,0
S0011411,2025-03-30,C00432,Email,Mobile,0
S0011412,2025-04-10,C00173,Direct,Mobile,0
S0011413,2025-05-24,C01081,Organic Search,Desktop,0
S0011414,2025-03-23,C00056,Direct,Mobile,0
S0011415,2025-03-18,C00456,Referral,Desktop,0
S0011416,2025-02-28,C00113,Social Media,Desktop,0
S0011417,2025-08-17,C00840,Referral,Mobile,0
S0011418,2025-04-01,C00401,Email,Mobile,0
S0011419,2025-12-20,C00136,Organic Search,Mobile,0
S0011420,2025-01-01,C00503,Referral,Desktop,0
S0011421,2025-09-26,C00510,Referral,Mobile,0
S0011422,2025-10-13,C00328,Email,Mobile,0
S0011423,2025-07-16,C00446,Organic Search,Mobile,1
S0011424,2025-10-01,C00187,Referral,Mobile,0
S0011425,2025-03-19,C00527,Paid Search,Mobile,0
S0011426,2025-05-21,C00573,Email,Desktop,0
S0011427,2025-10-15,C01195,Email,Desktop,0
S0011428,2025-03-12,C00720,Referral,Desktop,0
S0011429,2025-02-19,C00690,Email,Mobile,0
S0011430,2025-03-21,C01086,Organic Search,Desktop,0
S0011431,2025-08-23,C01149,Social Media,Mobile,0
S0011432,2025-10-14,C00310,Social Media,Mobile,0
S0011433,2025-11-03,C00784,Referral,Mobile,0
S0011434,2025-06-04,C00156,Email,Mobile,0
S0011435,2025-03-01,C00273,Email,Desktop,0
S0011436,2025-02-02,C00451,Social Media,Mobile,0
S0011437,2025-05-07,C00033,Organic Search,Mobile,0
S0011438,2025-08-09,C00488,Paid Search,Mobile,0
S0011439,2025-07-19,C00633,Paid Search,Desktop,0
S0011440,2025-05-06,C00640,Social Media,Mobile,0
S0011441,2025-02-10,C00466,Direct,Mobile,0
S0011442,2025-10-02,C00172,Organic Search,Mobile,1
S0011443,2025-10-24,C00465,Social Media,Mobile,0
S0011444,2025-03-26,C00687,Referral,Mobile,0
S0011445,2025-03-30,C00388,Paid Search,Desktop,0
S0011446,2025-02-11,C00868,Social Media,Mobile,0
S0011447,2025-04-30,C00027,Paid Search,Mobile,0
S0011448,2025-10-06,C01081,Organic Search,Mobile,0
S0011449,2025-02-02,C00632,Paid Search,Desktop,0
S0011450,2025-10-03,C01093,Email,Mobile,0
S0011451,2025-06-02,C00794,Direct,Mobile,0
S0011452,2025-03-31,C00128,Paid Search,Mobile,0
S0011453,2025-04-14,C00107,Email,Desktop,0
S0011454,2025-01-12,C00794,Direct,Mobile,0
S0011455,2025-06-09,C01179,Paid Search,Mobile,0
S0011456,2025-07-15,C00416,Referral,Mobile,0
S0011457,2025-11-03,C01145,Direct,Desktop,0
S0011458,2025-09-19,C00782,Organic Search,Desktop,0
S0011459,2025-04-01,C00057,Organic Search,Mobile,0
S0011460,2025-07-16,C00811,Email,Mobile,0
S0011461,2025-03-10,C00230,Paid Search,Desktop,0
S0011462,2025-08-08,C01010,Organic Search,Desktop,0
S0011463,2025-08-02,C00967,Direct,Mobile,0
S0011464,2025-05-26,C00846,Organic Search,Mobile,1
S0011465,2025-08-21,C00434,Paid Search,Mobile,1
S0011466,2025-08-22,C00080,Organic Search,Tablet,0
S0011467,2025-08-02,C01105,Direct,Mobile,0
S0011468,2025-03-02,C00901,Referral,Mobile,0
S0011469,2025-12-29,C00986,Organic Search,Desktop,0
S0011470,2025-03-19,C00694,Social Media,Desktop,0
S0011471,2025-04-05,C00407,Organic Search,Mobile,0
S0011472,2025-11-26,C00798,Direct,Mobile,0
S0011473,2025-08-04,C00996,Paid Search,Desktop,0
S0011474,2025-08-01,C00911,Paid Search,Mobile,0
S0011475,2025-10-31,C00614,Social Media,Desktop,0
S0011476,2025-07-19,C00257,Email,Mobile,0
S0011477,2025-12-18,C00034,Social Media,Desktop,0
S0011478,2025-01-31,C01046,Social Media,Mobile,0
S0011479,2025-10-17,C00419,Organic Search,Mobile,0
S0011480,2025-12-09,C01035,Email,Mobile,1
S0011481,2025-05-15,C00409,Social Media,Desktop,0
S0011482,2025-03-24,C01181,Social Media,Desktop,0
S0011483,2025-02-16,C00762,Organic Search,Mobile,1
S0011484,2025-07-25,C00618,Referral,Mobile,0
S0011485,2025-03-18,C00060,Organic Search,Mobile,0
S0011486,2025-09-16,C00832,Paid Search,Mobile,0
S0011487,2025-04-02,C00935,Paid Search,Mobile,1
S0011488,2025-04-10,C00735,Social Media,Desktop,0
S0011489,2025-07-14,C00352,Email,Mobile,1
S0011490,2025-07-11,C00650,Social Media,Tablet,0
S0011491,2025-03-09,C00723,Social Media,Desktop,1
S0011492,2025-08-30,C01105,Direct,Desktop,0
S0011493,2025-03-31,C00767,Email,Mobile,0
S0011494,2025-12-11,C00079,Paid Search,Desktop,0
S0011495,2025-01-10,C00814,Organic Search,Mobile,0
S0011496,2025-09-21,C00034,Social Media,Desktop,0
S0011497,2025-09-25,C00891,Social Media,Desktop,0
S0011498,2025-11-16,C00042,Direct,Desktop,0
S0011499,2025-04-28,C00681,Email,Mobile,0
S0011500,2025-09-07,C00048,Direct,Mobile,0
S0011501,2025-02-28,C01155,Direct,Desktop,0
S0011502,2025-07-14,C00700,Referral,Mobile,0
S0011503,2025-02-19,C01143,Social Media,Desktop,0
S0011504,2025-10-23,C00348,Paid Search,Mobile,0
S0011505,2025-04-07,C00858,Direct,Mobile,0
S0011506,2025-05-07,C00209,Direct,Mobile,0
S0011507,2025-09-03,C00934,Direct,Mobile,0
S0011508,2025-03-28,C00267,Organic Search,Desktop,0
S0011509,2025-03-18,C00740,Organic Search,Mobile,0
S0011510,2025-07-23,C00683,Social Media,Desktop,0
S0011511,2025-05-26,C00161,Social Media,Mobile,0
S0011512,2025-05-29,C01019,Direct,Desktop,0
S0011513,2025-04-21,C00482,Email,Mobile,0
S0011514,2025-05-09,C00533,Email,Mobile,0
S0011515,2025-09-10,C00949,Social Media,Tablet,0
S0011516,2025-06-15,C00306,Social Media,Desktop,0
S0011517,2025-10-24,C01108,Direct,Mobile,0
S0011518,2025-05-17,C01191,Paid Search,Desktop,0
S0011519,2025-10-06,C01008,Organic Search,Desktop,0
S0011520,2025-11-30,C00878,Direct,Tablet,0
S0011521,2025-01-11,C00184,Organic Search,Mobile,0
S0011522,2025-03-12,C00608,Paid Search,Mobile,0
S0011523,2025-06-08,C00767,Email,Mobile,1
S0011524,2025-08-04,C00226,Social Media,Desktop,0
S0011525,2025-01-26,C00061,Direct,Desktop,0
S0011526,2025-10-13,C00379,Organic Search,Desktop,0
S0011527,2025-06-11,C01135,Paid Search,Mobile,0
S0011528,2025-04-12,C00529,Paid Search,Desktop,0
S0011529,2025-03-10,C01173,Paid Search,Mobile,1
S0011530,2025-05-13,C00621,Social Media,Mobile,0
S0011531,2025-07-08,C01012,Social Media,Mobile,0
S0011532,2025-07-30,C00464,Social Media,Desktop,1
S0011533,2025-08-31,C00730,Organic Search,Mobile,0
S0011534,2025-06-15,C01129,Direct,Mobile,0
S0011535,2025-03-02,C01029,Referral,Mobile,0
S0011536,2025-12-28,C01085,Paid Search,Mobile,1
S0011537,2025-10-06,C00440,Paid Search,Mobile,0
S0011538,2025-04-23,C00395,Direct,Tablet,0
S0011539,2025-01-30,C00079,Paid Search,Desktop,0
S0011540,2025-11-19,C00312,Direct,Mobile,0
S0011541,2025-06-10,C00082,Organic Search,Mobile,0
S0011542,2025-08-22,C00260,Organic Search,Desktop,0
S0011543,2025-12-05,C01178,Organic Search,Desktop,0
S0011544,2025-06-19,C01059,Paid Search,Desktop,0
S0011545,2025-11-14,C00594,Organic Search,Mobile,0
S0011546,2025-07-05,C00849,Social Media,Mobile,0
S0011547,2025-02-26,C01121,Organic Search,Mobile,0
S0011548,2025-08-28,C00980,Organic Search,Mobile,0
S0011549,2025-09-14,C00648,Paid Search,Mobile,0
S0011550,2025-12-24,C00773,Email,Mobile,0
S0011551,2025-07-20,C00001,Email,Mobile,0
S0011552,2025-11-21,C00909,Organic Search,Desktop,0
S0011553,2025-11-11,C01033,Paid Search,Desktop,0
S0011554,2025-10-29,C00076,Direct,Desktop,0
S0011555,2025-04-16,C00145,Referral,Mobile,0
S0011556,2025-10-17,C00511,Organic Search,Mobile,0
S0011557,2025-04-11,C00310,Social Media,Desktop,1
S0011558,2025-04-07,C00941,Organic Search,Desktop,0
S0011559,2025-06-02,C01094,Organic Search,Desktop,0
S0011560,2025-01-29,C01096,Referral,Desktop,0
S0011561,2025-06-02,C00177,Organic Search,Mobile,0
S0011562,2025-03-14,C00377,Referral,Mobile,0
S0011563,2025-09-11,C00825,Paid Search,Mobile,0
S0011564,2025-01-04,C00976,Email,Mobile,0
S0011565,2025-08-25,C00287,Social Media,Mobile,0
S0011566,2025-02-07,C00485,Organic Search,Desktop,0
S0011567,2025-01-20,C00467,Social Media,Desktop,0
S0011568,2025-04-23,C01086,Organic Search,Desktop,0
S0011569,2025-01-23,C00589,Paid Search,Mobile,0
S0011570,2025-05-16,C00639,Referral,Mobile,0
S0011571,2025-09-05,C00187,Referral,Mobile,0
S0011572,2025-10-28,C00650,Social Media,Mobile,0
S0011573,2025-04-07,C00754,Direct,Desktop,1
S0011574,2025-02-02,C00939,Paid Search,Desktop,0
S0011575,2025-05-15,C00171,Paid Search,Mobile,0
S0011576,2025-09-12,C00022,Email,Mobile,0
S0011577,2025-10-05,C00525,Social Media,Desktop,0
S0011578,2025-05-13,C00634,Paid Search,Desktop,0
S0011579,2025-08-26,C00146,Organic Search,Mobile,0
S0011580,2025-01-15,C00395,Direct,Mobile,0
S0011581,2025-10-04,C00250,Direct,Mobile,0
S0011582,2025-05-06,C00148,Social Media,Desktop,0
S0011583,2025-12-11,C01110,Paid Search,Desktop,0
S0011584,2025-01-17,C00448,Organic Search,Mobile,0
S0011585,2025-11-08,C00470,Organic Search,Mobile,0
S0011586,2025-02-19,C01079,Paid Search,Mobile,1
S0011587,2025-05-15,C00773,Email,Desktop,0
S0011588,2025-04-28,C00082,Organic Search,Mobile,0
S0011589,2025-11-02,C01195,Email,Mobile,0
S0011590,2025-03-01,C00737,Email,Mobile,0
S0011591,2025-05-05,C00223,Referral,Mobile,0
S0011592,2025-04-26,C00120,Organic Search,Desktop,0
S0011593,2025-06-22,C00262,Social Media,Mobile,0
S0011594,2025-07-06,C00956,Organic Search,Desktop,0
S0011595,2025-03-29,C01050,Social Media,Desktop,0
S0011596,2025-07-22,C00721,Email,Mobile,0
S0011597,2025-12-27,C00597,Social Media,Tablet,0
S0011598,2025-11-07,C00117,Referral,Desktop,0
S0011599,2025-11-16,C00871,Organic Search,Mobile,0
S0011600,2025-07-01,C00106,Social Media,Mobile,0
S0011601,2025-12-18,C00590,Social Media,Tablet,0
S0011602,2025-06-17,C00711,Direct,Mobile,0
S0011603,2025-06-30,C00276,Organic Search,Mobile,0
S0011604,2025-10-27,C00351,Referral,Tablet,0
S0011605,2025-05-10,C00287,Social Media,Desktop,0
S0011606,2025-05-29,C00328,Email,Desktop,1
S0011607,2025-11-02,C01115,Organic Search,Mobile,0
S0011608,2025-07-28,C00866,Organic Search,Desktop,0
S0011609,2025-04-21,C00886,Paid Search,Desktop,0
S0011610,2025-05-17,C00582,Organic Search,Desktop,0
S0011611,2025-12-21,C00975,Paid Search,Mobile,0
S0011612,2025-07-30,C00553,Direct,Mobile,1
S0011613,2025-05-26,C00505,Organic Search,Desktop,0
S0011614,2025-03-25,C00647,Direct,Desktop,0
S0011615,2025-01-30,C00659,Email,Mobile,0
S0011616,2025-03-06,C01130,Organic Search,Mobile,0
S0011617,2025-01-24,C00223,Referral,Desktop,0
S0011618,2025-07-30,C00449,Organic Search,Mobile,0
S0011619,2025-08-10,C01023,Direct,Mobile,0
S0011620,2025-03-31,C01185,Email,Desktop,0
S0011621,2025-04-16,C00458,Paid Search,Mobile,0
S0011622,2025-06-21,C01131,Social Media,Mobile,0
S0011623,2025-08-18,C00425,Paid Search,Mobile,0
S0011624,2025-03-18,C00182,Social Media,Mobile,0
S0011625,2025-03-09,C00229,Paid Search,Mobile,0
S0011626,2025-12-31,C00518,Email,Mobile,0
S0011627,2025-12-19,C00900,Referral,Desktop,0
S0011628,2025-04-02,C00886,Paid Search,Mobile,0
S0011629,2025-03-29,C00279,Direct,Desktop,0
S0011630,2025-02-19,C00373,Paid Search,Mobile,0
S0011631,2025-04-13,C00935,Paid Search,Mobile,1
S0011632,2025-02-15,C00066,Paid Search,Mobile,0
S0011633,2025-06-28,C00676,Direct,Mobile,0
S0011634,2025-09-24,C01169,Organic Search,Mobile,0
S0011635,2025-09-25,C00150,Referral,Mobile,0
S0011636,2025-11-16,C00664,Email,Desktop,0
S0011637,2025-01-08,C00857,Social Media,Mobile,0
S0011638,2025-09-22,C01022,Social Media,Desktop,0
S0011639,2025-03-19,C00310,Social Media,Mobile,0
S0011640,2025-08-28,C00889,Organic Search,Desktop,0
S0011641,2025-09-15,C00888,Organic Search,Mobile,1
S0011642,2025-07-15,C00584,Email,Desktop,1
S0011643,2025-11-26,C00565,Social Media,Desktop,0
S0011644,2025-05-11,C00953,Organic Search,Desktop,0
S0011645,2025-12-09,C00376,Referral,Desktop,0
S0011646,2025-09-18,C00277,Paid Search,Mobile,0
S0011647,2025-08-30,C00661,Organic Search,Desktop,0
S0011648,2025-06-20,C00799,Direct,Mobile,0
S0011649,2025-05-27,C01197,Paid Search,Mobile,0
S0011650,2025-09-27,C01023,Direct,Mobile,0
S0011651,2025-05-29,C00215,Social Media,Desktop,0
S0011652,2025-10-26,C01083,Paid Search,Mobile,0
S0011653,2025-01-28,C00512,Email,Desktop,0
S0011654,2025-05-29,C00456,Referral,Mobile,0
S0011655,2025-10-07,C00430,Paid Search,Mobile,1
S0011656,2025-07-01,C00884,Organic Search,Tablet,0
S0011657,2025-06-15,C00138,Paid Search,Mobile,0
S0011658,2025-01-17,C00557,Organic Search,Mobile,0
S0011659,2025-05-30,C00747,Organic Search,Tablet,0
S0011660,2025-12-05,C01184,Email,Mobile,0
S0011661,2025-02-14,C00939,Paid Search,Mobile,1
S0011662,2025-11-26,C00155,Social Media,Mobile,0
S0011663,2025-07-08,C00560,Paid Search,Mobile,0
S0011664,2025-05-19,C00746,Paid Search,Tablet,1
S0011665,2025-03-02,C00805,Paid Search,Mobile,0
S0011666,2025-10-21,C00080,Organic Search,Desktop,0
S0011667,2025-11-18,C00931,Social Media,Mobile,0
S0011668,2025-02-02,C00633,Paid Search,Mobile,0
S0011669,2025-10-26,C01041,Direct,Mobile,0
S0011670,2025-04-22,C00292,Organic Search,Desktop,0
S0011671,2025-10-18,C00517,Organic Search,Desktop,0
S0011672,2025-02-06,C00667,Email,Desktop,0
S0011673,2025-04-10,C00506,Direct,Tablet,0
S0011674,2025-01-23,C00277,Paid Search,Tablet,0
S0011675,2025-08-06,C00453,Organic Search,Desktop,0
S0011676,2025-03-30,C00277,Paid Search,Tablet,0
S0011677,2025-07-28,C00831,Paid Search,Mobile,0
S0011678,2025-09-28,C00995,Social Media,Mobile,0
S0011679,2025-08-25,C00121,Referral,Mobile,0
S0011680,2025-07-28,C00932,Organic Search,Mobile,0
S0011681,2025-10-05,C01045,Organic Search,Mobile,0
S0011682,2025-07-25,C00691,Organic Search,Desktop,0
S0011683,2025-03-19,C00454,Organic Search,Mobile,0
S0011684,2025-11-24,C00892,Direct,Mobile,0
S0011685,2025-04-08,C00824,Social Media,Mobile,0
S0011686,2025-12-12,C00960,Paid Search,Tablet,0
S0011687,2025-12-31,C00528,Email,Mobile,0
S0011688,2025-12-16,C00455,Organic Search,Desktop,0
S0011689,2025-12-02,C00570,Referral,Mobile,0
S0011690,2025-04-04,C00334,Paid Search,Mobile,0
S0011691,2025-03-21,C00205,Paid Search,Mobile,0
S0011692,2025-02-07,C00023,Social Media,Mobile,0
S0011693,2025-08-16,C00541,Paid Search,Desktop,0
S0011694,2025-05-14,C00105,Email,Mobile,0
S0011695,2025-07-15,C00852,Direct,Desktop,0
S0011696,2025-10-09,C01145,Direct,Mobile,0
S0011697,2025-04-11,C00485,Organic Search,Desktop,0
S0011698,2025-03-16,C00010,Direct,Desktop,0
S0011699,2025-10-21,C01153,Referral,Mobile,0
S0011700,2025-07-27,C00265,Organic Search,Mobile,0
S0011701,2025-03-24,C00708,Paid Search,Desktop,0
S0011702,2025-05-23,C00505,Organic Search,Mobile,0
S0011703,2025-02-25,C00801,Direct,Desktop,0
S0011704,2025-12-27,C00099,Direct,Desktop,0
S0011705,2025-10-14,C00927,Paid Search,Mobile,0
S0011706,2025-07-30,C01114,Organic Search,Desktop,1
S0011707,2025-06-28,C00908,Email,Mobile,0
S0011708,2025-02-27,C00327,Organic Search,Desktop,0
S0011709,2025-03-14,C01143,Social Media,Mobile,0
S0011710,2025-08-03,C00841,Direct,Mobile,0
S0011711,2025-09-23,C00041,Organic Search,Desktop,0
S0011712,2025-03-14,C00832,Paid Search,Desktop,0
S0011713,2025-09-28,C00934,Direct,Desktop,0
S0011714,2025-12-20,C00766,Email,Tablet,0
S0011715,2025-08-22,C00614,Social Media,Mobile,0
S0011716,2025-11-15,C01010,Organic Search,Desktop,0
S0011717,2025-01-19,C00517,Organic Search,Mobile,0
S0011718,2025-04-23,C01086,Organic Search,Desktop,0
S0011719,2025-03-04,C00151,Paid Search,Tablet,0
S0011720,2025-07-03,C00851,Email,Desktop,0
S0011721,2025-10-04,C00311,Organic Search,Desktop,0
S0011722,2025-06-11,C00572,Social Media,Mobile,0
S0011723,2025-08-31,C01063,Organic Search,Mobile,0
S0011724,2025-05-25,C00946,Organic Search,Mobile,0
S0011725,2025-05-26,C00232,Email,Desktop,0
S0011726,2025-03-22,C00950,Email,Mobile,0
S0011727,2025-11-18,C00345,Organic Search,Desktop,0
S0011728,2025-11-17,C01098,Direct,Mobile,0
S0011729,2025-02-12,C00543,Direct,Mobile,0
S0011730,2025-11-09,C01116,Email,Desktop,0
S0011731,2025-10-20,C00964,Direct,Mobile,0
S0011732,2025-06-25,C00284,Organic Search,Mobile,0
S0011733,2025-03-10,C01027,Social Media,Desktop,0
S0011734,2025-02-25,C00559,Organic Search,Mobile,0
S0011735,2025-04-29,C00783,Social Media,Mobile,0
S0011736,2025-07-23,C00118,Email,Desktop,0
S0011737,2025-02-24,C01119,Email,Mobile,0
S0011738,2025-02-07,C01171,Social Media,Desktop,0
S0011739,2025-08-31,C00440,Paid Search,Mobile,0
S0011740,2025-07-20,C00610,Referral,Mobile,1
S0011741,2025-08-24,C00766,Email,Mobile,0
S0011742,2025-01-15,C00540,Paid Search,Mobile,0
S0011743,2025-05-24,C01138,Paid Search,Desktop,0
S0011744,2025-03-18,C00955,Direct,Mobile,0
S0011745,2025-11-05,C00554,Email,Mobile,0
S0011746,2025-09-20,C00443,Paid Search,Mobile,0
S0011747,2025-07-04,C00607,Organic Search,Mobile,0
S0011748,2025-02-24,C01113,Organic Search,Mobile,0
S0011749,2025-11-04,C01176,Email,Mobile,1
S0011750,2025-01-04,C00284,Organic Search,Desktop,0
S0011751,2025-10-26,C01075,Paid Search,Mobile,0
S0011752,2025-02-09,C00983,Paid Search,Mobile,0
S0011753,2025-08-18,C00073,Email,Mobile,0
S0011754,2025-10-13,C00293,Paid Search,Desktop,0
S0011755,2025-05-18,C01118,Social Media,Mobile,0
S0011756,2025-04-13,C00549,Paid Search,Mobile,0
S0011757,2025-01-07,C00416,Referral,Mobile,0
S0011758,2025-06-13,C00984,Referral,Mobile,0
S0011759,2025-12-31,C00508,Paid Search,Mobile,0
S0011760,2025-10-03,C00907,Organic Search,Desktop,0
S0011761,2025-02-18,C00475,Paid Search,Mobile,0
S0011762,2025-04-06,C01129,Direct,Desktop,0
S0011763,2025-02-28,C00699,Direct,Mobile,0
S0011764,2025-08-19,C00067,Email,Desktop,0
S0011765,2025-06-26,C00840,Referral,Mobile,0
S0011766,2025-03-31,C01076,Organic Search,Mobile,0
S0011767,2025-10-09,C01032,Paid Search,Desktop,0
S0011768,2025-02-05,C00289,Social Media,Desktop,0
S0011769,2025-06-20,C00215,Social Media,Desktop,0
S0011770,2025-05-06,C00203,Social Media,Mobile,0
S0011771,2025-10-26,C01024,Organic Search,Desktop,0
S0011772,2025-12-21,C00814,Organic Search,Desktop,0
S0011773,2025-07-23,C00926,Direct,Mobile,0
S0011774,2025-10-16,C01068,Direct,Desktop,0
S0011775,2025-12-22,C00511,Organic Search,Desktop,0
S0011776,2025-04-07,C00730,Organic Search,Mobile,0
S0011777,2025-08-26,C00505,Organic Search,Mobile,0
S0011778,2025-06-22,C00341,Organic Search,Desktop,0
S0011779,2025-10-28,C00339,Email,Mobile,0
S0011780,2025-03-29,C00019,Paid Search,Tablet,0
S0011781,2025-12-17,C01189,Organic Search,Desktop,0
S0011782,2025-01-17,C01023,Direct,Mobile,0
S0011783,2025-05-20,C00484,Paid Search,Mobile,0
S0011784,2025-09-11,C00640,Social Media,Tablet,0
S0011785,2025-10-05,C01186,Paid Search,Desktop,0
S0011786,2025-05-31,C00642,Organic Search,Desktop,0
S0011787,2025-12-12,C00923,Social Media,Desktop,0
S0011788,2025-11-30,C00080,Organic Search,Desktop,1
S0011789,2025-05-20,C00435,Organic Search,Mobile,0
S0011790,2025-04-24,C00183,Email,Desktop,0
S0011791,2025-03-09,C00531,Organic Search,Desktop,0
S0011792,2025-06-28,C00474,Social Media,Mobile,0
S0011793,2025-05-05,C00501,Social Media,Mobile,0
S0011794,2025-11-09,C00040,Paid Search,Mobile,0
S0011795,2025-11-07,C00706,Social Media,Desktop,0
S0011796,2025-12-04,C00770,Organic Search,Mobile,0
S0011797,2025-12-29,C00149,Organic Search,Mobile,0
S0011798,2025-12-24,C00187,Referral,Desktop,0
S0011799,2025-08-21,C00373,Paid Search,Mobile,0
S0011800,2025-05-27,C00850,Referral,Desktop,0
S0011801,2025-04-21,C00388,Paid Search,Mobile,0
S0011802,2025-12-29,C00533,Email,Desktop,0
S0011803,2025-12-24,C01182,Paid Search,Desktop,0
S0011804,2025-08-26,C01176,Email,Tablet,0
S0011805,2025-01-03,C00851,Email,Desktop,0
S0011806,2025-07-30,C00654,Organic Search,Desktop,0
S0011807,2025-01-25,C00242,Organic Search,Mobile,0
S0011808,2025-11-27,C01033,Paid Search,Mobile,0
S0011809,2025-07-03,C00363,Organic Search,Mobile,0
S0011810,2025-03-02,C00436,Referral,Mobile,0
S0011811,2025-05-03,C00341,Organic Search,Mobile,0
S0011812,2025-02-24,C01119,Email,Mobile,0
S0011813,2025-06-12,C00842,Referral,Mobile,0
S0011814,2025-07-06,C00636,Social Media,Desktop,0
S0011815,2025-02-08,C00317,Referral,Mobile,0
S0011816,2025-07-04,C00230,Paid Search,Mobile,0
S0011817,2025-03-24,C00610,Referral,Desktop,0
S0011818,2025-07-14,C00665,Direct,Desktop,0
S0011819,2025-02-03,C00972,Social Media,Desktop,0
S0011820,2025-04-23,C00025,Referral,Desktop,0
S0011821,2025-08-18,C01067,Organic Search,Mobile,0
S0011822,2025-10-10,C00655,Referral,Mobile,0
S0011823,2025-10-14,C00989,Organic Search,Desktop,0
S0011824,2025-06-04,C01065,Social Media,Mobile,0
S0011825,2025-06-14,C00853,Direct,Desktop,0
S0011826,2025-07-01,C01132,Direct,Mobile,0
S0011827,2025-08-27,C00741,Referral,Mobile,0
S0011828,2025-05-17,C00374,Direct,Desktop,1
S0011829,2025-12-05,C00709,Social Media,Mobile,0
S0011830,2025-09-23,C00015,Social Media,Desktop,0
S0011831,2025-07-06,C00464,Social Media,Mobile,0
S0011832,2025-02-09,C00819,Organic Search,Mobile,0
S0011833,2025-11-06,C01038,Organic Search,Mobile,0
S0011834,2025-06-16,C00658,Organic Search,Mobile,0
S0011835,2025-09-17,C00018,Direct,Desktop,0
S0011836,2025-05-23,C01067,Organic Search,Tablet,0
S0011837,2025-07-23,C00747,Organic Search,Desktop,0
S0011838,2025-06-25,C00198,Organic Search,Mobile,0
S0011839,2025-09-19,C00968,Social Media,Mobile,0
S0011840,2025-09-09,C01160,Referral,Mobile,1
S0011841,2025-11-25,C00306,Social Media,Mobile,0
S0011842,2025-07-19,C00465,Social Media,Desktop,0
S0011843,2025-07-18,C00580,Paid Search,Desktop,0
S0011844,2025-07-15,C00845,Organic Search,Mobile,0
S0011845,2025-11-10,C01105,Direct,Mobile,0
S0011846,2025-03-18,C00854,Organic Search,Mobile,0
S0011847,2025-01-19,C00902,Social Media,Mobile,0
S0011848,2025-03-03,C00927,Paid Search,Mobile,0
S0011849,2025-11-23,C00052,Social Media,Desktop,0
S0011850,2025-10-08,C00808,Direct,Desktop,0
S0011851,2025-09-07,C00787,Email,Mobile,0
S0011852,2025-08-15,C00517,Organic Search,Desktop,0
S0011853,2025-05-07,C00027,Paid Search,Mobile,0
S0011854,2025-02-27,C01064,Social Media,Desktop,0
S0011855,2025-07-23,C00615,Paid Search,Mobile,1
S0011856,2025-08-31,C00874,Referral,Desktop,0
S0011857,2025-11-28,C01200,Email,Mobile,0
S0011858,2025-11-22,C00749,Paid Search,Mobile,0
S0011859,2025-09-09,C01172,Organic Search,Mobile,1
S0011860,2025-11-18,C00909,Organic Search,Tablet,0
S0011861,2025-07-18,C00299,Direct,Mobile,0
S0011862,2025-12-09,C00110,Social Media,Mobile,0
S0011863,2025-08-28,C00515,Social Media,Desktop,0
S0011864,2025-05-19,C00784,Referral,Mobile,1
S0011865,2025-05-02,C00317,Referral,Desktop,0
S0011866,2025-02-18,C00711,Direct,Mobile,0
S0011867,2025-10-31,C00378,Referral,Desktop,0
S0011868,2025-04-25,C00930,Referral,Mobile,1
S0011869,2025-12-09,C00122,Organic Search,Mobile,0
S0011870,2025-09-08,C01057,Social Media,Mobile,0
S0011871,2025-01-07,C00145,Referral,Desktop,0
S0011872,2025-08-07,C00596,Email,Desktop,0
S0011873,2025-03-18,C00491,Organic Search,Mobile,0
S0011874,2025-06-28,C00124,Organic Search,Desktop,1
S0011875,2025-05-25,C00650,Social Media,Desktop,0
S0011876,2025-06-03,C00384,Organic Search,Mobile,0
S0011877,2025-05-01,C00824,Social Media,Desktop,0
S0011878,2025-05-04,C00054,Direct,Desktop,0
S0011879,2025-05-30,C00646,Paid Search,Mobile,0
S0011880,2025-09-25,C01184,Email,Mobile,0
S0011881,2025-11-23,C00297,Paid Search,Mobile,0
S0011882,2025-01-01,C00152,Organic Search,Mobile,0
S0011883,2025-06-10,C00019,Paid Search,Mobile,0
S0011884,2025-09-01,C01012,Social Media,Mobile,0
S0011885,2025-09-08,C00624,Referral,Desktop,0
S0011886,2025-03-05,C00144,Social Media,Mobile,0
S0011887,2025-10-26,C00410,Organic Search,Mobile,0
S0011888,2025-09-05,C00138,Paid Search,Mobile,0
S0011889,2025-10-24,C00883,Organic Search,Mobile,0
S0011890,2025-04-25,C00557,Organic Search,Mobile,0
S0011891,2025-10-22,C00870,Email,Desktop,0
S0011892,2025-01-01,C00495,Direct,Desktop,0
S0011893,2025-02-10,C00896,Organic Search,Mobile,0
S0011894,2025-06-22,C00194,Email,Tablet,0
S0011895,2025-03-29,C00649,Social Media,Mobile,0
S0011896,2025-04-08,C00892,Direct,Mobile,0
S0011897,2025-03-29,C00333,Organic Search,Mobile,0
S0011898,2025-09-08,C01127,Referral,Mobile,0
S0011899,2025-12-01,C01131,Social Media,Mobile,0
S0011900,2025-05-21,C01033,Paid Search,Desktop,0
S0011901,2025-03-12,C00524,Direct,Desktop,0
S0011902,2025-05-17,C00624,Referral,Desktop,0
S0011903,2025-04-09,C00779,Direct,Mobile,0
S0011904,2025-05-31,C00486,Organic Search,Mobile,0
S0011905,2025-06-24,C00324,Email,Mobile,0
S0011906,2025-06-16,C01001,Referral,Mobile,0
S0011907,2025-12-09,C00593,Organic Search,Mobile,1
S0011908,2025-09-14,C01142,Paid Search,Mobile,0
S0011909,2025-08-12,C00991,Email,Mobile,0
S0011910,2025-11-26,C00834,Paid Search,Desktop,0
S0011911,2025-03-06,C00571,Paid Search,Mobile,0
S0011912,2025-03-10,C00254,Paid Search,Mobile,0
S0011913,2025-03-08,C00861,Paid Search,Mobile,0
S0011914,2025-02-19,C01180,Paid Search,Mobile,1
S0011915,2025-11-10,C00310,Social Media,Mobile,0
S0011916,2025-11-05,C00456,Referral,Mobile,0
S0011917,2025-04-01,C00410,Organic Search,Desktop,0
S0011918,2025-04-25,C00302,Paid Search,Mobile,0
S0011919,2025-02-26,C00343,Paid Search,Mobile,0
S0011920,2025-12-08,C01046,Social Media,Mobile,0
S0011921,2025-01-18,C00150,Referral,Mobile,0
S0011922,2025-09-29,C00609,Direct,Mobile,0
S0011923,2025-05-10,C00087,Direct,Desktop,0
S0011924,2025-09-26,C00889,Organic Search,Mobile,0
S0011925,2025-03-21,C00501,Social Media,Mobile,0
S0011926,2025-10-26,C00865,Organic Search,Mobile,0
S0011927,2025-11-06,C00707,Referral,Mobile,0
S0011928,2025-07-21,C00883,Organic Search,Mobile,1
S0011929,2025-08-13,C00909,Organic Search,Desktop,0
S0011930,2025-06-08,C00937,Paid Search,Tablet,0
S0011931,2025-07-23,C00497,Referral,Desktop,0
S0011932,2025-05-17,C00355,Paid Search,Mobile,0
S0011933,2025-03-14,C00176,Social Media,Mobile,0
S0011934,2025-02-17,C01116,Email,Mobile,0
S0011935,2025-01-18,C00907,Organic Search,Desktop,0
S0011936,2025-09-24,C00002,Organic Search,Mobile,0
S0011937,2025-12-06,C00450,Social Media,Mobile,0
S0011938,2025-01-19,C00394,Social Media,Mobile,0
S0011939,2025-04-10,C00770,Organic Search,Desktop,1
S0011940,2025-04-26,C00076,Direct,Desktop,0
S0011941,2025-12-12,C00601,Organic Search,Mobile,0
S0011942,2025-03-15,C01004,Referral,Desktop,0
S0011943,2025-10-07,C00718,Direct,Mobile,0
S0011944,2025-09-26,C01106,Social Media,Desktop,0
S0011945,2025-05-05,C01058,Direct,Mobile,1
S0011946,2025-04-26,C00377,Referral,Desktop,1
S0011947,2025-06-23,C00108,Organic Search,Mobile,0
S0011948,2025-06-30,C00348,Paid Search,Mobile,0
S0011949,2025-08-14,C01036,Social Media,Mobile,0
S0011950,2025-06-06,C00485,Organic Search,Mobile,0
S0011951,2025-06-13,C00627,Organic Search,Desktop,0
S0011952,2025-03-12,C00920,Email,Mobile,0
S0011953,2025-08-10,C00757,Paid Search,Mobile,0
S0011954,2025-05-06,C00810,Referral,Mobile,0
S0011955,2025-05-25,C00507,Organic Search,Mobile,0
S0011956,2025-06-25,C00622,Email,Mobile,0
S0011957,2025-06-01,C00175,Paid Search,Mobile,0
S0011958,2025-07-01,C00267,Organic Search,Mobile,0
S0011959,2025-12-13,C01039,Email,Desktop,0
S0011960,2025-03-26,C00562,Organic Search,Desktop,0
S0011961,2025-12-30,C00322,Email,Mobile,1
S0011962,2025-05-01,C00756,Paid Search,Mobile,0
S0011963,2025-05-09,C00926,Direct,Mobile,0
S0011964,2025-01-06,C00350,Social Media,Mobile,0
S0011965,2025-11-30,C00107,Email,Mobile,0
S0011966,2025-07-02,C00309,Referral,Mobile,0
S0011967,2025-02-07,C00769,Direct,Mobile,0
S0011968,2025-04-26,C00645,Paid Search,Mobile,0
S0011969,2025-04-12,C00785,Direct,Mobile,0
S0011970,2025-01-08,C00972,Social Media,Mobile,0
S0011971,2025-08-06,C00147,Paid Search,Mobile,0
S0011972,2025-07-26,C00654,Organic Search,Mobile,0
S0011973,2025-03-19,C00950,Email,Mobile,0
S0011974,2025-02-24,C01132,Direct,Mobile,0
S0011975,2025-10-31,C00227,Direct,Mobile,0
S0011976,2025-08-16,C00109,Direct,Mobile,0
S0011977,2025-03-29,C00225,Email,Mobile,0
S0011978,2025-01-10,C00418,Direct,Desktop,0
S0011979,2025-11-04,C00900,Referral,Mobile,0
S0011980,2025-10-17,C00445,Referral,Mobile,1
S0011981,2025-06-13,C00590,Social Media,Mobile,0
S0011982,2025-08-27,C00211,Referral,Mobile,0
S0011983,2025-11-13,C00564,Direct,Mobile,0
S0011984,2025-05-24,C01114,Organic Search,Mobile,0
S0011985,2025-12-01,C00704,Direct,Mobile,0
S0011986,2025-01-18,C00952,Social Media,Mobile,0
S0011987,2025-03-12,C00558,Paid Search,Desktop,0
S0011988,2025-06-24,C00897,Paid Search,Mobile,0
S0011989,2025-12-08,C00416,Referral,Desktop,0
S0011990,2025-10-15,C01136,Direct,Mobile,0
S0011991,2025-10-26,C01194,Email,Desktop,0
S0011992,2025-12-05,C00273,Email,Desktop,0
S0011993,2025-09-05,C00184,Organic Search,Mobile,1
S0011994,2025-07-12,C01061,Organic Search,Mobile,0
S0011995,2025-11-21,C00344,Direct,Mobile,0
S0011996,2025-11-02,C00990,Email,Mobile,0
S0011997,2025-09-25,C00369,Email,Mobile,0
S0011998,2025-07-23,C01173,Paid Search,Desktop,0
S0011999,2025-12-07,C00781,Organic Search,Mobile,1
S0012000,2025-05-03,C00659,Email,Mobile,0
S0012001,2025-02-27,C00855,Social Media,Mobile,0
S0012002,2025-12-05,C00176,Social Media,Mobile,0
S0012003,2025-07-20,C00690,Email,Mobile,1
S0012004,2025-04-22,C00817,Paid Search,Mobile,0
S0012005,2025-05-08,C00168,Paid Search,Mobile,0
S0012006,2025-02-05,C00060,Organic Search,Mobile,0
S0012007,2025-08-22,C00746,Paid Search,Mobile,0
S0012008,2025-11-06,C00211,Referral,Desktop,0
S0012009,2025-02-16,C01114,Organic Search,Desktop,0
S0012010,2025-04-25,C00105,Email,Mobile,0
S0012011,2025-09-12,C00061,Direct,Mobile,0
S0012012,2025-08-11,C00991,Email,Mobile,0
S0012013,2025-05-04,C00381,Direct,Desktop,0
S0012014,2025-06-09,C00385,Paid Search,Tablet,0
S0012015,2025-04-06,C00037,Paid Search,Mobile,0
S0012016,2025-04-17,C00560,Paid Search,Desktop,0
S0012017,2025-04-30,C00438,Organic Search,Mobile,0
S0012018,2025-04-11,C00050,Email,Desktop,0
S0012019,2025-04-13,C00871,Organic Search,Tablet,0
S0012020,2025-06-15,C00480,Social Media,Mobile,0
S0012021,2025-07-05,C00283,Paid Search,Desktop,0
S0012022,2025-02-01,C00500,Organic Search,Mobile,0
S0012023,2025-03-07,C00234,Paid Search,Mobile,0
S0012024,2025-06-28,C01023,Direct,Desktop,0
S0012025,2025-09-24,C00928,Social Media,Mobile,0
S0012026,2025-02-06,C00133,Email,Mobile,0
S0012027,2025-07-20,C00786,Organic Search,Mobile,0
S0012028,2025-12-24,C00014,Organic Search,Desktop,0
S0012029,2025-02-18,C00226,Social Media,Mobile,0
S0012030,2025-10-02,C00188,Referral,Mobile,1
S0012031,2025-06-17,C00086,Direct,Mobile,0
S0012032,2025-09-20,C00987,Social Media,Mobile,0
S0012033,2025-05-13,C00669,Email,Mobile,0
S0012034,2025-10-25,C00967,Direct,Desktop,0
S0012035,2025-12-10,C00066,Paid Search,Mobile,0
S0012036,2025-06-25,C00426,Social Media,Mobile,0
S0012037,2025-01-11,C00922,Social Media,Desktop,0
S0012038,2025-07-20,C00993,Organic Search,Desktop,0
S0012039,2025-10-24,C00382,Social Media,Mobile,0
S0012040,2025-01-03,C00720,Referral,Desktop,0
S0012041,2025-08-02,C00748,Organic Search,Mobile,0
S0012042,2025-10-23,C00223,Referral,Desktop,0
S0012043,2025-11-03,C00924,Email,Desktop,0
S0012044,2025-02-01,C01186,Paid Search,Mobile,1
S0012045,2025-02-17,C00117,Referral,Desktop,0
S0012046,2025-11-23,C00384,Organic Search,Mobile,0
S0012047,2025-09-09,C00540,Paid Search,Mobile,0
S0012048,2025-07-18,C00269,Social Media,Mobile,0
S0012049,2025-03-30,C00543,Direct,Desktop,0
S0012050,2025-04-19,C00414,Email,Desktop,0
S0012051,2025-10-18,C00528,Email,Mobile,0
S0012052,2025-04-18,C00432,Email,Mobile,0
S0012053,2025-02-09,C00172,Organic Search,Desktop,0
S0012054,2025-02-21,C00620,Social Media,Mobile,0
S0012055,2025-04-22,C00015,Social Media,Mobile,0
S0012056,2025-10-22,C01056,Referral,Desktop,0
S0012057,2025-03-09,C00416,Referral,Mobile,0
S0012058,2025-07-08,C00034,Social Media,Mobile,0
S0012059,2025-11-28,C00150,Referral,Mobile,0
S0012060,2025-07-28,C00287,Social Media,Tablet,0
S0012061,2025-03-06,C00866,Organic Search,Desktop,0
S0012062,2025-03-03,C00031,Organic Search,Desktop,0
S0012063,2025-09-15,C00991,Email,Desktop,0
S0012064,2025-05-14,C00540,Paid Search,Mobile,0
S0012065,2025-05-02,C00471,Social Media,Mobile,0
S0012066,2025-11-27,C01052,Social Media,Mobile,0
S0012067,2025-06-20,C00063,Social Media,Desktop,1
S0012068,2025-07-29,C00912,Direct,Desktop,0
S0012069,2025-10-23,C01140,Social Media,Mobile,0
S0012070,2025-03-30,C01144,Social Media,Mobile,0
S0012071,2025-06-16,C00780,Referral,Mobile,0
S0012072,2025-01-28,C00625,Direct,Mobile,0
S0012073,2025-08-26,C00406,Direct,Mobile,0
S0012074,2025-12-02,C00392,Direct,Desktop,0
S0012075,2025-03-04,C00719,Organic Search,Desktop,1
S0012076,2025-09-12,C00943,Email,Mobile,1
S0012077,2025-02-10,C00449,Organic Search,Mobile,0
S0012078,2025-01-29,C00143,Direct,Desktop,0
S0012079,2025-10-06,C01040,Social Media,Desktop,0
S0012080,2025-03-21,C00094,Social Media,Mobile,0
S0012081,2025-02-20,C00817,Paid Search,Desktop,0
S0012082,2025-04-22,C00420,Paid Search,Mobile,0
S0012083,2025-12-27,C00985,Referral,Desktop,0
S0012084,2025-10-28,C00669,Email,Mobile,0
S0012085,2025-03-31,C00045,Paid Search,Mobile,0
S0012086,2025-08-17,C00452,Email,Mobile,0
S0012087,2025-05-30,C00767,Email,Mobile,1
S0012088,2025-08-31,C00231,Organic Search,Mobile,0
S0012089,2025-05-18,C00981,Organic Search,Mobile,0
S0012090,2025-05-15,C00590,Social Media,Tablet,0
S0012091,2025-03-30,C00725,Referral,Desktop,0
S0012092,2025-01-15,C00924,Email,Desktop,0
S0012093,2025-11-29,C00482,Email,Mobile,0
S0012094,2025-12-28,C00345,Organic Search,Mobile,0
S0012095,2025-06-23,C00494,Social Media,Mobile,0
S0012096,2025-03-31,C00548,Paid Search,Desktop,0
S0012097,2025-08-01,C00258,Social Media,Desktop,0
S0012098,2025-12-09,C00008,Referral,Mobile,1
S0012099,2025-03-02,C00484,Paid Search,Mobile,0
S0012100,2025-12-30,C00263,Organic Search,Mobile,0
S0012101,2025-08-08,C00268,Referral,Desktop,0
S0012102,2025-03-02,C00923,Social Media,Mobile,0
S0012103,2025-11-03,C01060,Social Media,Mobile,0
S0012104,2025-06-15,C00267,Organic Search,Mobile,0
S0012105,2025-01-12,C00620,Social Media,Desktop,0
S0012106,2025-08-04,C00034,Social Media,Mobile,0
S0012107,2025-03-18,C01002,Organic Search,Mobile,1
S0012108,2025-08-20,C00143,Direct,Mobile,0
S0012109,2025-04-22,C00382,Social Media,Mobile,0
S0012110,2025-03-07,C00542,Direct,Tablet,0
S0012111,2025-07-01,C01178,Organic Search,Desktop,0
S0012112,2025-07-23,C01179,Paid Search,Mobile,0
S0012113,2025-07-25,C00857,Social Media,Mobile,0
S0012114,2025-10-13,C01142,Paid Search,Mobile,1
S0012115,2025-04-15,C00734,Paid Search,Desktop,0
S0012116,2025-08-30,C00563,Paid Search,Desktop,0
S0012117,2025-08-23,C00727,Organic Search,Mobile,0
S0012118,2025-06-25,C01074,Paid Search,Desktop,0
S0012119,2025-07-30,C00905,Paid Search,Mobile,0
S0012120,2025-01-31,C00078,Direct,Mobile,0
S0012121,2025-08-23,C00298,Paid Search,Desktop,0
S0012122,2025-08-30,C00598,Organic Search,Mobile,0
S0012123,2025-06-02,C00342,Referral,Mobile,0
S0012124,2025-07-15,C01116,Email,Mobile,1
S0012125,2025-09-26,C00418,Direct,Mobile,0
S0012126,2025-06-19,C00192,Organic Search,Desktop,0
S0012127,2025-12-23,C00472,Paid Search,Desktop,0
S0012128,2025-11-19,C00126,Organic Search,Desktop,0
S0012129,2025-12-02,C00593,Organic Search,Desktop,0
S0012130,2025-08-20,C00340,Referral,Desktop,0
S0012131,2025-07-03,C00769,Direct,Mobile,0
S0012132,2025-12-25,C00060,Organic Search,Desktop,0
S0012133,2025-10-02,C00408,Paid Search,Desktop,0
S0012134,2025-02-01,C01191,Paid Search,Mobile,0
S0012135,2025-06-26,C01032,Paid Search,Mobile,0
S0012136,2025-03-06,C00375,Email,Mobile,0
S0012137,2025-07-17,C00049,Organic Search,Desktop,1
S0012138,2025-01-27,C00729,Email,Mobile,0
S0012139,2025-05-31,C00041,Organic Search,Desktop,0
S0012140,2025-10-30,C00353,Paid Search,Mobile,0
S0012141,2025-09-25,C00805,Paid Search,Mobile,0
S0012142,2025-03-26,C00172,Organic Search,Mobile,0
S0012143,2025-03-07,C00886,Paid Search,Mobile,0
S0012144,2025-05-13,C00332,Direct,Mobile,0
S0012145,2025-03-23,C00240,Social Media,Mobile,0
S0012146,2025-11-15,C01079,Paid Search,Mobile,0
S0012147,2025-11-24,C00618,Referral,Mobile,0
S0012148,2025-04-08,C00503,Referral,Mobile,0
S0012149,2025-03-14,C00467,Social Media,Tablet,0
S0012150,2025-11-23,C00860,Referral,Mobile,0
S0012151,2025-01-30,C01000,Organic Search,Mobile,0
S0012152,2025-05-05,C00030,Social Media,Mobile,0
S0012153,2025-07-29,C01004,Referral,Mobile,0
S0012154,2025-09-29,C00470,Organic Search,Desktop,1
S0012155,2025-08-01,C00382,Social Media,Mobile,0
S0012156,2025-05-13,C00938,Paid Search,Desktop,0
S0012157,2025-06-06,C00901,Referral,Desktop,1
S0012158,2025-02-16,C00995,Social Media,Tablet,0
S0012159,2025-12-23,C00530,Email,Mobile,0
S0012160,2025-12-29,C00182,Social Media,Mobile,0
S0012161,2025-01-22,C01185,Email,Mobile,0
S0012162,2025-03-24,C00300,Social Media,Desktop,0
S0012163,2025-08-22,C00474,Social Media,Tablet,0
S0012164,2025-03-01,C00743,Referral,Desktop,0
S0012165,2025-07-07,C00636,Social Media,Mobile,0
S0012166,2025-02-27,C00634,Paid Search,Mobile,0
S0012167,2025-09-16,C00609,Direct,Mobile,0
S0012168,2025-06-11,C00481,Email,Mobile,0
S0012169,2025-10-28,C01149,Social Media,Mobile,0
S0012170,2025-11-02,C01149,Social Media,Mobile,0
S0012171,2025-01-02,C00754,Direct,Mobile,0
S0012172,2025-09-28,C00414,Email,Desktop,1
S0012173,2025-05-23,C00947,Organic Search,Mobile,0
S0012174,2025-07-07,C00524,Direct,Desktop,0
S0012175,2025-12-18,C00384,Organic Search,Mobile,0
S0012176,2025-12-07,C00578,Direct,Mobile,1
S0012177,2025-08-12,C01100,Referral,Desktop,0
S0012178,2025-06-29,C01092,Email,Desktop,0
S0012179,2025-01-23,C01038,Organic Search,Mobile,0
S0012180,2025-12-21,C00455,Organic Search,Mobile,0
S0012181,2025-02-06,C00375,Email,Desktop,0
S0012182,2025-04-17,C00688,Social Media,Mobile,0
S0012183,2025-10-24,C00312,Direct,Desktop,0
S0012184,2025-08-17,C00101,Organic Search,Desktop,0
S0012185,2025-11-09,C00186,Paid Search,Mobile,0
S0012186,2025-04-07,C01136,Direct,Desktop,0
S0012187,2025-10-08,C00737,Email,Desktop,1
S0012188,2025-04-20,C00754,Direct,Mobile,0
S0012189,2025-02-06,C00831,Paid Search,Mobile,1
S0012190,2025-02-09,C00977,Organic Search,Desktop,0
S0012191,2025-03-26,C00386,Organic Search,Desktop,0
S0012192,2025-10-29,C00278,Direct,Desktop,0
S0012193,2025-07-07,C01061,Organic Search,Mobile,0
S0012194,2025-08-28,C00490,Referral,Mobile,0
S0012195,2025-12-24,C00084,Direct,Desktop,0
S0012196,2025-12-20,C01123,Referral,Desktop,0
S0012197,2025-01-19,C01128,Email,Mobile,0
S0012198,2025-12-13,C00573,Email,Mobile,0
S0012199,2025-11-21,C00475,Paid Search,Desktop,0
S0012200,2025-09-18,C00743,Referral,Mobile,0
S0012201,2025-06-07,C00018,Direct,Mobile,0
S0012202,2025-10-31,C00142,Organic Search,Mobile,0
S0012203,2025-04-22,C01108,Direct,Desktop,0
S0012204,2025-05-24,C00872,Social Media,Mobile,0
S0012205,2025-09-13,C00466,Direct,Mobile,0
S0012206,2025-01-18,C00798,Direct,Mobile,0
S0012207,2025-07-03,C00787,Email,Desktop,0
S0012208,2025-10-14,C00293,Paid Search,Mobile,0
S0012209,2025-05-11,C00589,Paid Search,Mobile,1
S0012210,2025-10-08,C00377,Referral,Tablet,0
S0012211,2025-09-02,C00684,Email,Mobile,0
S0012212,2025-01-08,C00250,Direct,Mobile,0
S0012213,2025-07-12,C01006,Email,Desktop,0
S0012214,2025-11-14,C00263,Organic Search,Desktop,0
S0012215,2025-01-07,C00470,Organic Search,Mobile,0
S0012216,2025-05-16,C00706,Social Media,Desktop,0
S0012217,2025-01-19,C00983,Paid Search,Mobile,0
S0012218,2025-05-19,C00575,Referral,Tablet,0
S0012219,2025-06-26,C01126,Organic Search,Mobile,1
S0012220,2025-01-11,C00381,Direct,Mobile,0
S0012221,2025-02-10,C00724,Organic Search,Mobile,0
S0012222,2025-04-24,C00544,Paid Search,Desktop,0
S0012223,2025-06-29,C00570,Referral,Mobile,0
S0012224,2025-07-13,C00922,Social Media,Mobile,0
S0012225,2025-07-15,C00464,Social Media,Mobile,0
S0012226,2025-12-14,C00859,Paid Search,Desktop,0
S0012227,2025-08-13,C00588,Direct,Desktop,1
S0012228,2025-11-27,C01021,Email,Desktop,0
S0012229,2025-11-19,C00006,Organic Search,Mobile,0
S0012230,2025-09-18,C01003,Paid Search,Mobile,0
S0012231,2025-04-26,C00130,Organic Search,Desktop,0
S0012232,2025-05-30,C00790,Social Media,Mobile,0
S0012233,2025-04-28,C01039,Email,Mobile,1
S0012234,2025-06-14,C00112,Social Media,Mobile,0
S0012235,2025-09-09,C00917,Referral,Desktop,0
S0012236,2025-09-24,C00221,Social Media,Mobile,0
S0012237,2025-02-13,C00607,Organic Search,Mobile,0
S0012238,2025-06-30,C00297,Paid Search,Desktop,0
S0012239,2025-03-18,C00297,Paid Search,Desktop,0
S0012240,2025-04-26,C01042,Paid Search,Mobile,0
S0012241,2025-03-08,C01045,Organic Search,Desktop,0
S0012242,2025-01-13,C00127,Paid Search,Desktop,0
S0012243,2025-04-02,C01097,Paid Search,Desktop,0
S0012244,2025-09-03,C00203,Social Media,Mobile,0
S0012245,2025-09-24,C00616,Social Media,Mobile,0
S0012246,2025-05-19,C00637,Social Media,Mobile,0
S0012247,2025-12-07,C00674,Organic Search,Mobile,0
S0012248,2025-09-01,C00140,Social Media,Mobile,0
S0012249,2025-12-07,C00358,Social Media,Tablet,0
S0012250,2025-09-30,C00843,Email,Tablet,0
S0012251,2025-10-31,C00122,Organic Search,Mobile,0
S0012252,2025-07-10,C00169,Organic Search,Mobile,0
S0012253,2025-04-07,C01140,Social Media,Mobile,0
S0012254,2025-11-27,C00246,Referral,Mobile,0
S0012255,2025-07-24,C00325,Organic Search,Desktop,0
S0012256,2025-05-17,C00641,Organic Search,Desktop,0
S0012257,2025-03-18,C00159,Social Media,Mobile,0
S0012258,2025-02-06,C00882,Social Media,Mobile,0
S0012259,2025-10-13,C00294,Direct,Mobile,0
S0012260,2025-10-30,C01189,Organic Search,Mobile,0
S0012261,2025-05-15,C00662,Organic Search,Mobile,0
S0012262,2025-05-22,C00931,Social Media,Mobile,0
S0012263,2025-09-11,C00760,Paid Search,Mobile,0
S0012264,2025-02-17,C01140,Social Media,Mobile,0
S0012265,2025-09-12,C00922,Social Media,Mobile,0
S0012266,2025-05-14,C01085,Paid Search,Mobile,0
S0012267,2025-10-17,C00911,Paid Search,Desktop,0
S0012268,2025-07-27,C00165,Paid Search,Desktop,0
S0012269,2025-04-11,C00986,Organic Search,Desktop,0
S0012270,2025-02-15,C00579,Paid Search,Desktop,0
S0012271,2025-03-11,C00233,Referral,Mobile,0
S0012272,2025-05-16,C00909,Organic Search,Mobile,0
S0012273,2025-10-07,C00888,Organic Search,Mobile,0
S0012274,2025-03-08,C00980,Organic Search,Desktop,0
S0012275,2025-01-04,C00934,Direct,Mobile,0
S0012276,2025-08-12,C00911,Paid Search,Mobile,0
S0012277,2025-01-01,C00844,Paid Search,Desktop,1
S0012278,2025-10-17,C00907,Organic Search,Desktop,0
S0012279,2025-04-19,C00337,Email,Desktop,1
S0012280,2025-09-22,C01063,Organic Search,Mobile,0
S0012281,2025-03-04,C00854,Organic Search,Mobile,0
S0012282,2025-09-23,C00456,Referral,Mobile,0
S0012283,2025-05-18,C00098,Referral,Mobile,0
S0012284,2025-02-13,C00803,Social Media,Mobile,0
S0012285,2025-09-19,C00361,Paid Search,Desktop,0
S0012286,2025-08-04,C01104,Organic Search,Mobile,0
S0012287,2025-05-01,C00060,Organic Search,Mobile,0
S0012288,2025-06-01,C00660,Social Media,Desktop,0
S0012289,2025-08-01,C00837,Paid Search,Mobile,0
S0012290,2025-08-22,C00571,Paid Search,Mobile,1
S0012291,2025-12-17,C00504,Direct,Desktop,0
S0012292,2025-04-21,C00293,Paid Search,Mobile,0
S0012293,2025-12-27,C00223,Referral,Desktop,0
S0012294,2025-11-16,C00492,Email,Desktop,0
S0012295,2025-08-10,C00150,Referral,Mobile,0
S0012296,2025-08-14,C00172,Organic Search,Mobile,0
S0012297,2025-07-29,C00168,Paid Search,Desktop,0
S0012298,2025-03-12,C01067,Organic Search,Mobile,0
S0012299,2025-12-26,C00523,Email,Tablet,0
S0012300,2025-03-30,C00701,Social Media,Desktop,0
S0012301,2025-09-19,C00241,Direct,Mobile,0
S0012302,2025-07-07,C00627,Organic Search,Mobile,0
S0012303,2025-04-22,C00304,Direct,Mobile,0
S0012304,2025-08-27,C00116,Organic Search,Mobile,0
S0012305,2025-09-13,C00783,Social Media,Desktop,0
S0012306,2025-05-30,C00260,Organic Search,Tablet,0
S0012307,2025-05-07,C00715,Direct,Mobile,0
S0012308,2025-11-15,C00396,Organic Search,Mobile,0
S0012309,2025-10-01,C00154,Paid Search,Mobile,0
S0012310,2025-11-29,C00622,Email,Desktop,1
S0012311,2025-05-19,C00281,Referral,Desktop,0
S0012312,2025-04-13,C01113,Organic Search,Mobile,0
S0012313,2025-08-30,C01188,Email,Mobile,0
S0012314,2025-04-27,C01060,Social Media,Mobile,0
S0012315,2025-08-02,C00278,Direct,Mobile,0
S0012316,2025-01-17,C00859,Paid Search,Mobile,0
S0012317,2025-06-28,C00988,Social Media,Desktop,0
S0012318,2025-08-12,C00153,Social Media,Mobile,0
S0012319,2025-09-27,C00981,Organic Search,Mobile,0
S0012320,2025-11-09,C00293,Paid Search,Mobile,0
S0012321,2025-12-15,C00219,Organic Search,Mobile,0
S0012322,2025-05-14,C00096,Direct,Mobile,0
S0012323,2025-04-24,C00270,Organic Search,Mobile,1
S0012324,2025-05-12,C00374,Direct,Mobile,0
S0012325,2025-05-19,C00143,Direct,Tablet,0
S0012326,2025-12-31,C00937,Paid Search,Mobile,0
S0012327,2025-08-20,C00312,Direct,Desktop,0
S0012328,2025-04-02,C00164,Social Media,Tablet,0
S0012329,2025-09-24,C00216,Organic Search,Mobile,0
S0012330,2025-04-09,C00074,Direct,Mobile,0
S0012331,2025-07-26,C00590,Social Media,Mobile,0
S0012332,2025-01-08,C00806,Organic Search,Mobile,0
S0012333,2025-11-17,C00050,Email,Mobile,0
S0012334,2025-04-03,C00967,Direct,Desktop,0
S0012335,2025-06-07,C00986,Organic Search,Mobile,0
S0012336,2025-12-26,C00078,Direct,Mobile,0
S0012337,2025-04-09,C01102,Organic Search,Mobile,0
S0012338,2025-08-13,C00034,Social Media,Mobile,0
S0012339,2025-12-06,C00071,Paid Search,Desktop,0
S0012340,2025-07-27,C01178,Organic Search,Mobile,0
S0012341,2025-03-14,C00187,Referral,Mobile,1
S0012342,2025-02-28,C00240,Social Media,Mobile,0
S0012343,2025-10-14,C01004,Referral,Mobile,0
S0012344,2025-03-05,C01071,Paid Search,Desktop,0
S0012345,2025-09-13,C00375,Email,Mobile,0
S0012346,2025-02-17,C00824,Social Media,Desktop,0
S0012347,2025-10-06,C00186,Paid Search,Mobile,0
S0012348,2025-07-17,C00494,Social Media,Mobile,0
S0012349,2025-06-07,C01112,Organic Search,Tablet,0
S0012350,2025-11-07,C00559,Organic Search,Tablet,0
S0012351,2025-01-07,C00791,Organic Search,Desktop,0
S0012352,2025-09-05,C00693,Social Media,Desktop,0
S0012353,2025-08-20,C00583,Social Media,Desktop,0
S0012354,2025-04-16,C00770,Organic Search,Mobile,0
S0012355,2025-04-08,C00011,Organic Search,Desktop,0
S0012356,2025-09-25,C00850,Referral,Desktop,0
S0012357,2025-03-01,C00328,Email,Mobile,0
S0012358,2025-11-04,C00467,Social Media,Mobile,0
S0012359,2025-05-20,C01000,Organic Search,Desktop,1
S0012360,2025-11-24,C00349,Email,Mobile,0
S0012361,2025-07-09,C00138,Paid Search,Mobile,0
S0012362,2025-05-05,C00963,Direct,Tablet,1
S0012363,2025-06-12,C00151,Paid Search,Desktop,0
S0012364,2025-03-01,C00414,Email,Desktop,0
S0012365,2025-01-31,C00842,Referral,Mobile,0
S0012366,2025-11-29,C00592,Email,Mobile,0
S0012367,2025-03-17,C00241,Direct,Mobile,0
S0012368,2025-08-31,C00241,Direct,Mobile,0
S0012369,2025-11-13,C00290,Referral,Desktop,0
S0012370,2025-09-15,C01002,Organic Search,Desktop,0
S0012371,2025-07-09,C00895,Organic Search,Desktop,0
S0012372,2025-11-11,C00586,Social Media,Mobile,0
S0012373,2025-10-23,C00984,Referral,Desktop,1
S0012374,2025-06-26,C01083,Paid Search,Desktop,0
S0012375,2025-10-15,C00420,Paid Search,Desktop,1
S0012376,2025-10-21,C01170,Social Media,Desktop,0
S0012377,2025-12-14,C01161,Social Media,Desktop,0
S0012378,2025-07-26,C00572,Social Media,Desktop,0
S0012379,2025-08-03,C00971,Email,Mobile,0
S0012380,2025-12-10,C00184,Organic Search,Mobile,0
S0012381,2025-05-21,C00082,Organic Search,Desktop,0
S0012382,2025-03-26,C00463,Organic Search,Desktop,0
S0012383,2025-07-01,C00237,Paid Search,Mobile,0
S0012384,2025-11-28,C01052,Social Media,Mobile,0
S0012385,2025-05-08,C00004,Paid Search,Mobile,0
S0012386,2025-09-26,C00948,Direct,Mobile,0
S0012387,2025-02-08,C00108,Organic Search,Desktop,0
S0012388,2025-01-23,C00528,Email,Mobile,0
S0012389,2025-08-30,C00013,Email,Mobile,1
S0012390,2025-04-17,C00061,Direct,Desktop,0
S0012391,2025-12-14,C00656,Organic Search,Mobile,0
S0012392,2025-05-22,C00872,Social Media,Desktop,0
S0012393,2025-05-25,C00178,Organic Search,Mobile,0
S0012394,2025-10-07,C00026,Referral,Mobile,0
S0012395,2025-09-02,C00315,Email,Mobile,0
S0012396,2025-07-10,C00090,Organic Search,Mobile,0
S0012397,2025-10-17,C00317,Referral,Mobile,0
S0012398,2025-06-28,C00441,Organic Search,Mobile,0
S0012399,2025-04-22,C01001,Referral,Mobile,0
S0012400,2025-08-02,C01142,Paid Search,Mobile,0
S0012401,2025-05-18,C00691,Organic Search,Mobile,0
S0012402,2025-07-19,C00630,Direct,Mobile,0
S0012403,2025-01-07,C00595,Organic Search,Tablet,0
S0012404,2025-12-12,C00499,Referral,Tablet,0
S0012405,2025-01-13,C01080,Organic Search,Desktop,0
S0012406,2025-03-21,C00266,Email,Mobile,0
S0012407,2025-10-13,C00371,Organic Search,Desktop,0
S0012408,2025-06-08,C00720,Referral,Mobile,0
S0012409,2025-09-29,C00804,Organic Search,Mobile,0
S0012410,2025-07-20,C00422,Organic Search,Mobile,0
S0012411,2025-05-30,C00121,Referral,Tablet,0
S0012412,2025-10-23,C00786,Organic Search,Desktop,0
S0012413,2025-10-20,C01015,Social Media,Mobile,0
S0012414,2025-11-30,C01050,Social Media,Mobile,0
S0012415,2025-09-29,C00579,Paid Search,Desktop,0
S0012416,2025-02-12,C00428,Organic Search,Mobile,0
S0012417,2025-11-15,C00178,Organic Search,Desktop,0
S0012418,2025-01-15,C00022,Email,Mobile,0
S0012419,2025-09-05,C00221,Social Media,Mobile,0
S0012420,2025-06-21,C00721,Email,Mobile,0
S0012421,2025-08-06,C00826,Social Media,Mobile,0
S0012422,2025-05-17,C00010,Direct,Desktop,0
S0012423,2025-11-17,C01054,Email,Mobile,0
S0012424,2025-08-15,C00958,Referral,Mobile,0
S0012425,2025-02-13,C00889,Organic Search,Mobile,0
S0012426,2025-01-20,C00986,Organic Search,Desktop,0
S0012427,2025-04-29,C00495,Direct,Tablet,1
S0012428,2025-08-22,C00462,Organic Search,Mobile,0
S0012429,2025-12-02,C00219,Organic Search,Mobile,0
S0012430,2025-12-22,C00373,Paid Search,Mobile,0
S0012431,2025-09-19,C00221,Social Media,Mobile,0
S0012432,2025-03-24,C01077,Email,Mobile,0
S0012433,2025-01-31,C00240,Social Media,Desktop,0
S0012434,2025-11-18,C01137,Paid Search,Mobile,0
S0012435,2025-10-01,C00047,Paid Search,Mobile,0
S0012436,2025-08-22,C01048,Direct,Desktop,0
S0012437,2025-01-28,C00573,Email,Mobile,1
S0012438,2025-09-09,C00396,Organic Search,Mobile,1
S0012439,2025-11-20,C00451,Social Media,Desktop,0
S0012440,2025-09-10,C00527,Paid Search,Desktop,0
S0012441,2025-08-27,C00023,Social Media,Desktop,0
S0012442,2025-11-10,C00864,Organic Search,Desktop,0
S0012443,2025-06-24,C00029,Email,Mobile,0
S0012444,2025-07-13,C00073,Email,Mobile,0
S0012445,2025-06-29,C00480,Social Media,Mobile,0
S0012446,2025-10-22,C00318,Organic Search,Desktop,1
S0012447,2025-08-03,C00303,Direct,Desktop,0
S0012448,2025-07-22,C00430,Paid Search,Mobile,0
S0012449,2025-09-07,C00340,Referral,Mobile,0
S0012450,2025-12-28,C00766,Email,Mobile,0
S0012451,2025-09-14,C00649,Social Media,Mobile,0
S0012452,2025-03-16,C01018,Social Media,Tablet,0
S0012453,2025-12-10,C00953,Organic Search,Desktop,0
S0012454,2025-07-21,C00683,Social Media,Mobile,0
S0012455,2025-05-22,C00650,Social Media,Mobile,0
S0012456,2025-07-25,C00133,Email,Desktop,0
S0012457,2025-07-18,C01097,Paid Search,Mobile,0
S0012458,2025-06-20,C00095,Social Media,Mobile,0
S0012459,2025-11-12,C00823,Organic Search,Mobile,0
S0012460,2025-08-16,C00904,Direct,Mobile,0
S0012461,2025-06-28,C00998,Paid Search,Desktop,0
S0012462,2025-10-02,C00953,Organic Search,Mobile,0
S0012463,2025-03-03,C01034,Direct,Mobile,0
S0012464,2025-11-23,C00389,Social Media,Desktop,0
S0012465,2025-07-23,C01050,Social Media,Desktop,0
S0012466,2025-05-13,C01030,Organic Search,Mobile,0
S0012467,2025-03-13,C01017,Referral,Mobile,0
S0012468,2025-03-19,C00081,Social Media,Mobile,0
S0012469,2025-07-08,C00871,Organic Search,Mobile,0
S0012470,2025-12-22,C00686,Paid Search,Mobile,0
S0012471,2025-03-12,C01154,Paid Search,Mobile,0
S0012472,2025-09-20,C00770,Organic Search,Mobile,0
S0012473,2025-11-02,C00636,Social Media,Mobile,0
S0012474,2025-02-15,C00497,Referral,Mobile,0
S0012475,2025-08-12,C00038,Paid Search,Mobile,0
S0012476,2025-11-24,C00135,Direct,Mobile,0
S0012477,2025-09-07,C01013,Email,Desktop,0
S0012478,2025-03-17,C00017,Email,Mobile,0
S0012479,2025-03-15,C01074,Paid Search,Mobile,0
S0012480,2025-05-22,C00612,Organic Search,Desktop,0
S0012481,2025-03-14,C00528,Email,Mobile,0
S0012482,2025-04-12,C01144,Social Media,Mobile,0
S0012483,2025-04-04,C00181,Social Media,Mobile,0
S0012484,2025-03-10,C00419,Organic Search,Mobile,0
S0012485,2025-03-06,C00013,Email,Mobile,0
S0012486,2025-07-12,C00739,Paid Search,Desktop,0
S0012487,2025-03-03,C00431,Paid Search,Mobile,0
S0012488,2025-01-20,C00390,Organic Search,Mobile,0
S0012489,2025-08-29,C01110,Paid Search,Mobile,0
S0012490,2025-07-22,C01137,Paid Search,Mobile,0
S0012491,2025-10-27,C00377,Referral,Mobile,0
S0012492,2025-07-14,C00815,Paid Search,Mobile,0
S0012493,2025-03-03,C00130,Organic Search,Tablet,0
S0012494,2025-04-17,C00905,Paid Search,Desktop,0
S0012495,2025-05-05,C00618,Referral,Mobile,0
S0012496,2025-10-28,C00925,Referral,Mobile,0
S0012497,2025-09-24,C00201,Social Media,Desktop,0
S0012498,2025-07-21,C00406,Direct,Mobile,0
S0012499,2025-06-11,C00736,Paid Search,Mobile,0
S0012500,2025-12-10,C01169,Organic Search,Mobile,0
S0012501,2025-10-29,C00241,Direct,Tablet,0
S0012502,2025-04-22,C00788,Direct,Mobile,0
S0012503,2025-12-03,C00474,Social Media,Desktop,0
S0012504,2025-02-01,C00750,Organic Search,Mobile,0
S0012505,2025-04-08,C00834,Paid Search,Desktop,0
S0012506,2025-09-04,C00390,Organic Search,Desktop,0
S0012507,2025-09-18,C00876,Paid Search,Mobile,0
S0012508,2025-07-10,C00377,Referral,Mobile,0
S0012509,2025-01-29,C01192,Email,Mobile,0
S0012510,2025-02-17,C00015,Social Media,Mobile,0
S0012511,2025-09-07,C00496,Email,Desktop,0
S0012512,2025-08-14,C00641,Organic Search,Desktop,0
S0012513,2025-09-29,C01148,Paid Search,Mobile,0
S0012514,2025-06-02,C00164,Social Media,Desktop,0
S0012515,2025-11-24,C01043,Direct,Desktop,0
S0012516,2025-10-12,C00484,Paid Search,Desktop,0
S0012517,2025-06-29,C00573,Email,Desktop,0
S0012518,2025-10-29,C00630,Direct,Desktop,0
S0012519,2025-06-02,C00742,Referral,Mobile,1
S0012520,2025-08-22,C00637,Social Media,Desktop,0
S0012521,2025-01-23,C00639,Referral,Desktop,0
S0012522,2025-04-04,C00646,Paid Search,Mobile,0
S0012523,2025-09-02,C00155,Social Media,Mobile,0
S0012524,2025-10-17,C00320,Paid Search,Mobile,0
S0012525,2025-06-09,C01194,Email,Mobile,1
S0012526,2025-10-12,C01197,Paid Search,Desktop,0
S0012527,2025-01-09,C00455,Organic Search,Desktop,0
S0012528,2025-07-04,C01027,Social Media,Mobile,0
S0012529,2025-10-22,C00101,Organic Search,Mobile,0
S0012530,2025-05-15,C01104,Organic Search,Mobile,0
S0012531,2025-04-20,C00710,Paid Search,Mobile,0
S0012532,2025-03-10,C00088,Social Media,Mobile,0
S0012533,2025-05-16,C00937,Paid Search,Mobile,0
S0012534,2025-04-06,C00067,Email,Mobile,0
S0012535,2025-04-29,C00376,Referral,Desktop,0
S0012536,2025-10-01,C00722,Paid Search,Desktop,0
S0012537,2025-12-24,C00946,Organic Search,Mobile,0
S0012538,2025-12-04,C00624,Referral,Mobile,0
S0012539,2025-06-26,C00174,Paid Search,Desktop,0
S0012540,2025-12-27,C01044,Organic Search,Mobile,1
S0012541,2025-08-25,C00572,Social Media,Desktop,0
S0012542,2025-09-29,C00038,Paid Search,Mobile,0
S0012543,2025-10-04,C00695,Paid Search,Mobile,0
S0012544,2025-05-18,C01033,Paid Search,Mobile,0
S0012545,2025-12-28,C00747,Organic Search,Desktop,0
S0012546,2025-05-12,C00668,Paid Search,Desktop,0
S0012547,2025-02-13,C00428,Organic Search,Mobile,0
S0012548,2025-05-03,C00451,Social Media,Mobile,0
S0012549,2025-05-16,C00548,Paid Search,Mobile,0
S0012550,2025-05-06,C00817,Paid Search,Mobile,0
S0012551,2025-10-02,C00736,Paid Search,Mobile,0
S0012552,2025-03-05,C00278,Direct,Tablet,0
S0012553,2025-10-23,C00806,Organic Search,Mobile,1
S0012554,2025-08-20,C00768,Organic Search,Desktop,0
S0012555,2025-02-20,C00225,Email,Mobile,0
S0012556,2025-05-17,C00487,Referral,Desktop,0
S0012557,2025-06-07,C00649,Social Media,Mobile,0
S0012558,2025-02-25,C01171,Social Media,Desktop,0
S0012559,2025-03-22,C00653,Direct,Mobile,0
S0012560,2025-08-20,C00250,Direct,Mobile,0
S0012561,2025-11-22,C00332,Direct,Desktop,0
S0012562,2025-05-08,C00966,Social Media,Mobile,0
S0012563,2025-05-06,C00892,Direct,Desktop,0
S0012564,2025-11-13,C01142,Paid Search,Desktop,0
S0012565,2025-03-21,C01032,Paid Search,Mobile,0
S0012566,2025-12-23,C00417,Referral,Mobile,1
S0012567,2025-11-29,C00797,Direct,Mobile,0
S0012568,2025-06-24,C00099,Direct,Mobile,0
S0012569,2025-05-25,C00376,Referral,Mobile,0
S0012570,2025-05-06,C00990,Email,Tablet,0
S0012571,2025-07-01,C00959,Social Media,Mobile,1
S0012572,2025-08-07,C01111,Paid Search,Desktop,0
S0012573,2025-10-05,C00191,Organic Search,Mobile,0
S0012574,2025-03-24,C00617,Organic Search,Mobile,0
S0012575,2025-05-21,C01013,Email,Mobile,1
S0012576,2025-11-30,C00035,Organic Search,Mobile,0
S0012577,2025-04-05,C01177,Organic Search,Mobile,1
S0012578,2025-12-31,C00582,Organic Search,Mobile,0
S0012579,2025-07-13,C01166,Direct,Mobile,0
S0012580,2025-04-20,C00344,Direct,Mobile,0
S0012581,2025-02-21,C00659,Email,Desktop,1
S0012582,2025-04-13,C00936,Email,Mobile,1
S0012583,2025-04-11,C00664,Email,Desktop,1
S0012584,2025-05-22,C00408,Paid Search,Tablet,0
S0012585,2025-07-20,C00434,Paid Search,Mobile,0
S0012586,2025-11-15,C00321,Organic Search,Desktop,0
S0012587,2025-07-18,C00064,Referral,Tablet,0
S0012588,2025-10-11,C00928,Social Media,Desktop,0
S0012589,2025-08-05,C00504,Direct,Desktop,0
S0012590,2025-02-15,C00709,Social Media,Mobile,0
S0012591,2025-01-28,C00749,Paid Search,Desktop,0
S0012592,2025-01-02,C00412,Direct,Desktop,1
S0012593,2025-01-17,C00518,Email,Desktop,0
S0012594,2025-11-11,C00001,Email,Desktop,0
S0012595,2025-03-18,C00197,Direct,Mobile,0
S0012596,2025-06-14,C00943,Email,Mobile,0
S0012597,2025-04-07,C00740,Organic Search,Desktop,0
S0012598,2025-04-15,C00853,Direct,Desktop,0
S0012599,2025-01-24,C00469,Social Media,Mobile,0
S0012600,2025-07-19,C00142,Organic Search,Desktop,0
S0012601,2025-02-04,C00780,Referral,Mobile,0
S0012602,2025-01-02,C00655,Referral,Mobile,0
S0012603,2025-10-16,C00268,Referral,Desktop,0
S0012604,2025-11-28,C00143,Direct,Desktop,0
S0012605,2025-12-08,C00592,Email,Mobile,0
S0012606,2025-05-18,C00533,Email,Mobile,0
S0012607,2025-12-03,C00216,Organic Search,Mobile,0
S0012608,2025-03-03,C00422,Organic Search,Mobile,1
S0012609,2025-10-26,C00342,Referral,Desktop,0
S0012610,2025-07-16,C00046,Direct,Desktop,0
S0012611,2025-02-28,C00802,Referral,Desktop,0
S0012612,2025-09-22,C00138,Paid Search,Mobile,0
S0012613,2025-11-29,C00649,Social Media,Desktop,0
S0012614,2025-07-07,C00164,Social Media,Mobile,0
S0012615,2025-03-04,C00162,Social Media,Mobile,0
S0012616,2025-11-04,C01045,Organic Search,Desktop,0
S0012617,2025-10-06,C01156,Paid Search,Mobile,1
S0012618,2025-01-30,C00613,Social Media,Mobile,0
S0012619,2025-06-20,C00065,Organic Search,Mobile,0
S0012620,2025-01-21,C00820,Organic Search,Mobile,0
S0012621,2025-10-26,C00661,Organic Search,Desktop,0
S0012622,2025-07-20,C00091,Paid Search,Mobile,0
S0012623,2025-05-15,C00925,Referral,Desktop,0
S0012624,2025-09-29,C00683,Social Media,Mobile,0
S0012625,2025-01-23,C00953,Organic Search,Desktop,0
S0012626,2025-03-28,C01120,Paid Search,Desktop,0
S0012627,2025-01-31,C00077,Paid Search,Tablet,0
S0012628,2025-05-01,C00365,Email,Mobile,0
S0012629,2025-03-10,C01153,Referral,Desktop,0
S0012630,2025-05-14,C00453,Organic Search,Mobile,0
S0012631,2025-11-11,C00036,Paid Search,Desktop,0
S0012632,2025-05-26,C00575,Referral,Mobile,0
S0012633,2025-11-29,C00951,Email,Tablet,0
S0012634,2025-09-20,C00039,Email,Mobile,0
S0012635,2025-10-20,C00105,Email,Desktop,0
S0012636,2025-03-27,C01010,Organic Search,Mobile,0
S0012637,2025-01-16,C00658,Organic Search,Mobile,0
S0012638,2025-08-04,C00422,Organic Search,Mobile,0
S0012639,2025-04-26,C01142,Paid Search,Mobile,0
S0012640,2025-04-28,C00145,Referral,Desktop,1
S0012641,2025-09-27,C00327,Organic Search,Desktop,0
S0012642,2025-12-09,C00667,Email,Mobile,0
S0012643,2025-06-11,C00326,Paid Search,Mobile,0
S0012644,2025-07-07,C00176,Social Media,Mobile,0
S0012645,2025-04-14,C01098,Direct,Mobile,0
S0012646,2025-05-21,C00018,Direct,Mobile,0
S0012647,2025-06-16,C00320,Paid Search,Desktop,0
S0012648,2025-10-27,C00522,Paid Search,Mobile,0
S0012649,2025-01-28,C00145,Referral,Mobile,0
S0012650,2025-09-29,C00843,Email,Mobile,0
S0012651,2025-02-19,C01001,Referral,Mobile,0
S0012652,2025-06-05,C00536,Direct,Mobile,0
S0012653,2025-11-20,C01109,Organic Search,Desktop,0
S0012654,2025-12-14,C00973,Organic Search,Mobile,0
S0012655,2025-05-01,C00461,Organic Search,Mobile,0
S0012656,2025-05-20,C00091,Paid Search,Desktop,0
S0012657,2025-01-16,C00285,Paid Search,Tablet,0
S0012658,2025-11-05,C00933,Social Media,Desktop,0
S0012659,2025-02-18,C00496,Email,Mobile,0
S0012660,2025-06-13,C00238,Direct,Desktop,0
S0012661,2025-03-03,C00208,Paid Search,Desktop,1
S0012662,2025-12-06,C00779,Direct,Mobile,0
S0012663,2025-06-03,C00646,Paid Search,Mobile,0
S0012664,2025-11-08,C01106,Social Media,Mobile,0
S0012665,2025-12-12,C00276,Organic Search,Mobile,0
S0012666,2025-05-30,C00648,Paid Search,Desktop,0
S0012667,2025-03-14,C01014,Direct,Mobile,0
S0012668,2025-03-10,C01025,Paid Search,Desktop,1
S0012669,2025-06-26,C00809,Email,Mobile,0
S0012670,2025-12-20,C00322,Email,Mobile,0
S0012671,2025-01-02,C00390,Organic Search,Mobile,0
S0012672,2025-11-05,C00450,Social Media,Desktop,0
S0012673,2025-04-29,C00045,Paid Search,Mobile,0
S0012674,2025-01-07,C00856,Paid Search,Desktop,0
S0012675,2025-09-12,C00381,Direct,Desktop,0
S0012676,2025-03-16,C00028,Direct,Mobile,0
S0012677,2025-12-17,C01045,Organic Search,Mobile,0
S0012678,2025-07-14,C00332,Direct,Mobile,0
S0012679,2025-07-06,C00424,Paid Search,Mobile,0
S0012680,2025-01-03,C00960,Paid Search,Mobile,0
S0012681,2025-07-03,C00916,Organic Search,Desktop,1
S0012682,2025-12-01,C00307,Email,Desktop,0
S0012683,2025-09-30,C00458,Paid Search,Mobile,0
S0012684,2025-02-21,C00772,Organic Search,Mobile,0
S0012685,2025-09-20,C00067,Email,Mobile,1
S0012686,2025-05-13,C00319,Organic Search,Mobile,0
S0012687,2025-08-13,C01075,Paid Search,Mobile,0
S0012688,2025-11-06,C00016,Organic Search,Desktop,0
S0012689,2025-03-02,C00089,Email,Desktop,0
S0012690,2025-12-31,C00762,Organic Search,Desktop,0
S0012691,2025-01-16,C00654,Organic Search,Mobile,0
S0012692,2025-08-17,C00097,Paid Search,Desktop,0
S0012693,2025-07-14,C00804,Organic Search,Desktop,0
S0012694,2025-09-08,C00609,Direct,Mobile,0
S0012695,2025-10-30,C00835,Paid Search,Mobile,0
S0012696,2025-02-17,C01021,Email,Desktop,0
S0012697,2025-08-23,C00034,Social Media,Mobile,0
S0012698,2025-05-01,C00448,Organic Search,Mobile,0
S0012699,2025-11-16,C00774,Social Media,Mobile,0
S0012700,2025-02-19,C00730,Organic Search,Mobile,0
S0012701,2025-02-10,C00280,Organic Search,Mobile,0
S0012702,2025-01-22,C00525,Social Media,Mobile,0
S0012703,2025-07-01,C00226,Social Media,Mobile,0
S0012704,2025-01-05,C00211,Referral,Mobile,0
S0012705,2025-05-25,C00731,Organic Search,Desktop,0
S0012706,2025-12-23,C00728,Organic Search,Desktop,0
S0012707,2025-03-19,C00624,Referral,Mobile,0
S0012708,2025-08-19,C01164,Organic Search,Desktop,0
S0012709,2025-10-24,C00514,Organic Search,Mobile,0
S0012710,2025-12-14,C01177,Organic Search,Mobile,0
S0012711,2025-07-28,C00660,Social Media,Mobile,0
S0012712,2025-06-12,C01018,Social Media,Mobile,0
S0012713,2025-06-17,C00301,Organic Search,Mobile,0
S0012714,2025-10-05,C00616,Social Media,Mobile,0
S0012715,2025-08-25,C01028,Direct,Mobile,0
S0012716,2025-06-25,C00876,Paid Search,Mobile,0
S0012717,2025-02-22,C00222,Email,Desktop,0
S0012718,2025-12-15,C00910,Referral,Desktop,0
S0012719,2025-01-10,C00028,Direct,Mobile,0
S0012720,2025-05-26,C01136,Direct,Mobile,1
S0012721,2025-08-15,C00026,Referral,Mobile,0
S0012722,2025-08-24,C00188,Referral,Mobile,1
S0012723,2025-08-30,C00314,Organic Search,Desktop,0
S0012724,2025-11-01,C00389,Social Media,Mobile,0
S0012725,2025-03-12,C00758,Organic Search,Mobile,0
S0012726,2025-06-07,C00952,Social Media,Mobile,0
S0012727,2025-01-19,C00650,Social Media,Mobile,0
S0012728,2025-02-24,C00842,Referral,Mobile,0
S0012729,2025-08-03,C00323,Organic Search,Desktop,0
S0012730,2025-07-28,C00574,Social Media,Mobile,0
S0012731,2025-01-21,C00728,Organic Search,Desktop,0
S0012732,2025-10-09,C00060,Organic Search,Mobile,0
S0012733,2025-09-06,C00662,Organic Search,Mobile,0
S0012734,2025-01-28,C01082,Referral,Tablet,0
S0012735,2025-10-23,C01049,Paid Search,Mobile,0
S0012736,2025-07-30,C00649,Social Media,Desktop,0
S0012737,2025-10-12,C00494,Social Media,Desktop,0
S0012738,2025-01-20,C01198,Referral,Mobile,0
S0012739,2025-01-20,C00743,Referral,Desktop,0
S0012740,2025-11-26,C00241,Direct,Desktop,0
S0012741,2025-04-30,C00274,Paid Search,Mobile,0
S0012742,2025-04-07,C01025,Paid Search,Mobile,0
S0012743,2025-04-30,C00606,Paid Search,Mobile,0
S0012744,2025-01-25,C00234,Paid Search,Mobile,0
S0012745,2025-06-02,C00394,Social Media,Tablet,0
S0012746,2025-09-02,C00961,Social Media,Desktop,0
S0012747,2025-09-17,C00847,Paid Search,Mobile,0
S0012748,2025-01-04,C00218,Paid Search,Mobile,0
S0012749,2025-05-23,C00383,Email,Desktop,0
S0012750,2025-10-09,C00363,Organic Search,Mobile,0
S0012751,2025-12-01,C00224,Organic Search,Desktop,0
S0012752,2025-12-12,C00274,Paid Search,Desktop,0
S0012753,2025-08-08,C00070,Paid Search,Mobile,0
S0012754,2025-11-23,C00206,Social Media,Mobile,0
S0012755,2025-06-09,C00435,Organic Search,Desktop,0
S0012756,2025-03-17,C00672,Direct,Mobile,0
S0012757,2025-04-09,C00598,Organic Search,Mobile,0
S0012758,2025-06-29,C00991,Email,Mobile,0
S0012759,2025-05-07,C01046,Social Media,Mobile,0
S0012760,2025-02-01,C00883,Organic Search,Mobile,0
S0012761,2025-09-22,C00053,Social Media,Mobile,0
S0012762,2025-11-30,C00677,Organic Search,Mobile,0
S0012763,2025-01-13,C00552,Direct,Mobile,0
S0012764,2025-12-18,C00427,Organic Search,Mobile,0
S0012765,2025-12-05,C00477,Organic Search,Tablet,0
S0012766,2025-07-21,C00507,Organic Search,Mobile,0
S0012767,2025-01-18,C00781,Organic Search,Desktop,1
S0012768,2025-04-03,C00729,Email,Desktop,1
S0012769,2025-10-07,C00304,Direct,Desktop,0
S0012770,2025-12-24,C00108,Organic Search,Desktop,0
S0012771,2025-11-12,C00413,Organic Search,Mobile,0
S0012772,2025-03-01,C00740,Organic Search,Desktop,0
S0012773,2025-08-02,C00846,Organic Search,Mobile,0
S0012774,2025-04-10,C00845,Organic Search,Desktop,0
S0012775,2025-01-01,C00488,Paid Search,Mobile,0
S0012776,2025-02-12,C00876,Paid Search,Mobile,0
S0012777,2025-11-07,C00272,Paid Search,Mobile,0
S0012778,2025-06-17,C00054,Direct,Desktop,0
S0012779,2025-07-11,C00772,Organic Search,Desktop,0
S0012780,2025-02-03,C01032,Paid Search,Mobile,0
S0012781,2025-02-03,C00071,Paid Search,Tablet,0
S0012782,2025-06-25,C00441,Organic Search,Mobile,0
S0012783,2025-07-15,C01190,Referral,Desktop,0
S0012784,2025-06-07,C00563,Paid Search,Mobile,0
S0012785,2025-09-02,C00433,Email,Desktop,0
S0012786,2025-12-06,C00579,Paid Search,Mobile,0
S0012787,2025-12-12,C00726,Referral,Mobile,0
S0012788,2025-12-01,C01010,Organic Search,Mobile,0
S0012789,2025-03-12,C00149,Organic Search,Mobile,0
S0012790,2025-11-23,C00824,Social Media,Desktop,0
S0012791,2025-04-24,C00461,Organic Search,Tablet,0
S0012792,2025-10-12,C00321,Organic Search,Mobile,0
S0012793,2025-05-23,C01185,Email,Mobile,0
S0012794,2025-04-07,C01122,Paid Search,Desktop,0
S0012795,2025-11-05,C00334,Paid Search,Mobile,0
S0012796,2025-11-16,C00015,Social Media,Mobile,0
S0012797,2025-07-31,C00140,Social Media,Desktop,0
S0012798,2025-11-13,C01155,Direct,Tablet,0
S0012799,2025-07-04,C00960,Paid Search,Mobile,0
S0012800,2025-07-24,C00059,Organic Search,Mobile,1
S0012801,2025-12-30,C01078,Referral,Mobile,0
S0012802,2025-08-04,C00999,Organic Search,Mobile,0
S0012803,2025-09-03,C00237,Paid Search,Mobile,1
S0012804,2025-08-27,C00689,Email,Mobile,0
S0012805,2025-10-20,C01063,Organic Search,Mobile,0
S0012806,2025-01-08,C01149,Social Media,Mobile,0
S0012807,2025-03-19,C00813,Paid Search,Mobile,0
S0012808,2025-11-20,C00317,Referral,Mobile,0
S0012809,2025-10-04,C00923,Social Media,Mobile,0
S0012810,2025-07-21,C00580,Paid Search,Tablet,0
S0012811,2025-08-02,C00529,Paid Search,Mobile,0
S0012812,2025-04-04,C00708,Paid Search,Desktop,0
S0012813,2025-03-16,C00738,Direct,Mobile,0
S0012814,2025-06-06,C00439,Email,Desktop,0
S0012815,2025-06-02,C00986,Organic Search,Desktop,0
S0012816,2025-05-22,C00688,Social Media,Tablet,0
S0012817,2025-03-19,C01082,Referral,Mobile,0
S0012818,2025-11-18,C01092,Email,Mobile,0
S0012819,2025-07-01,C00298,Paid Search,Desktop,0
S0012820,2025-07-14,C00239,Direct,Mobile,0
S0012821,2025-06-07,C00029,Email,Desktop,0
S0012822,2025-05-26,C00371,Organic Search,Mobile,0
S0012823,2025-02-23,C00750,Organic Search,Mobile,0
S0012824,2025-12-22,C00559,Organic Search,Desktop,0
S0012825,2025-10-04,C00649,Social Media,Mobile,0
S0012826,2025-11-05,C00388,Paid Search,Mobile,0
S0012827,2025-03-24,C00800,Social Media,Mobile,1
S0012828,2025-06-05,C00916,Organic Search,Mobile,0
S0012829,2025-01-04,C00624,Referral,Desktop,0
S0012830,2025-11-07,C01170,Social Media,Mobile,0
S0012831,2025-09-28,C00221,Social Media,Mobile,0
S0012832,2025-03-05,C00884,Organic Search,Desktop,0
S0012833,2025-04-22,C00762,Organic Search,Mobile,0
S0012834,2025-08-27,C00638,Social Media,Mobile,0
S0012835,2025-05-24,C00538,Organic Search,Mobile,1
S0012836,2025-01-20,C00515,Social Media,Mobile,0
S0012837,2025-03-05,C00433,Email,Mobile,0
S0012838,2025-10-16,C00365,Email,Mobile,0
S0012839,2025-03-22,C00488,Paid Search,Mobile,0
S0012840,2025-07-16,C00362,Direct,Mobile,0
S0012841,2025-03-10,C00204,Referral,Mobile,0
S0012842,2025-07-05,C00523,Email,Mobile,0
S0012843,2025-06-16,C01174,Organic Search,Mobile,0
S0012844,2025-07-24,C00831,Paid Search,Desktop,1
S0012845,2025-06-13,C00400,Referral,Mobile,1
S0012846,2025-04-04,C00069,Organic Search,Mobile,1
S0012847,2025-09-06,C00249,Social Media,Mobile,0
S0012848,2025-03-09,C00171,Paid Search,Desktop,0
S0012849,2025-12-09,C00378,Referral,Desktop,0
S0012850,2025-01-21,C00320,Paid Search,Mobile,0
S0012851,2025-11-15,C00888,Organic Search,Mobile,0
S0012852,2025-03-26,C01133,Direct,Mobile,0
S0012853,2025-01-24,C00310,Social Media,Mobile,0
S0012854,2025-04-21,C00173,Direct,Mobile,0
S0012855,2025-12-17,C01109,Organic Search,Desktop,0
S0012856,2025-03-24,C00971,Email,Desktop,0
S0012857,2025-12-24,C00372,Direct,Mobile,0
S0012858,2025-03-19,C00246,Referral,Mobile,1
S0012859,2025-05-20,C01039,Email,Mobile,1
S0012860,2025-09-28,C00180,Referral,Desktop,0
S0012861,2025-12-05,C00445,Referral,Mobile,0
S0012862,2025-06-18,C00989,Organic Search,Mobile,1
S0012863,2025-07-16,C00054,Direct,Mobile,0
S0012864,2025-09-19,C00059,Organic Search,Desktop,0
S0012865,2025-08-03,C00241,Direct,Desktop,0
S0012866,2025-03-08,C01097,Paid Search,Mobile,0
S0012867,2025-08-17,C01096,Referral,Mobile,0
S0012868,2025-06-10,C00469,Social Media,Desktop,0
S0012869,2025-05-02,C00298,Paid Search,Desktop,0
S0012870,2025-05-29,C00901,Referral,Tablet,0
S0012871,2025-12-06,C00547,Paid Search,Mobile,0
S0012872,2025-07-12,C00218,Paid Search,Mobile,0
S0012873,2025-08-19,C00389,Social Media,Mobile,0
S0012874,2025-04-21,C01134,Referral,Desktop,0
S0012875,2025-05-25,C00644,Email,Mobile,0
S0012876,2025-08-09,C00982,Social Media,Mobile,0
S0012877,2025-03-05,C00333,Organic Search,Desktop,0
S0012878,2025-05-06,C01042,Paid Search,Mobile,0
S0012879,2025-08-06,C00800,Social Media,Mobile,0
S0012880,2025-10-11,C00255,Organic Search,Mobile,0
S0012881,2025-12-20,C00825,Paid Search,Mobile,0
S0012882,2025-08-24,C00722,Paid Search,Desktop,0
S0012883,2025-01-13,C00817,Paid Search,Desktop,0
S0012884,2025-06-02,C00305,Direct,Mobile,0
S0012885,2025-08-27,C00581,Organic Search,Mobile,0
S0012886,2025-07-09,C00103,Organic Search,Desktop,1
S0012887,2025-05-31,C00109,Direct,Mobile,0
S0012888,2025-03-27,C00245,Direct,Mobile,0
S0012889,2025-01-21,C00085,Organic Search,Mobile,0
S0012890,2025-07-01,C00168,Paid Search,Mobile,0
S0012891,2025-11-15,C00218,Paid Search,Desktop,0
S0012892,2025-06-07,C01004,Referral,Mobile,0
S0012893,2025-03-17,C00042,Direct,Mobile,0
S0012894,2025-11-25,C01017,Referral,Mobile,0
S0012895,2025-07-22,C00962,Social Media,Mobile,0
S0012896,2025-08-17,C00613,Social Media,Mobile,0
S0012897,2025-06-01,C00766,Email,Mobile,0
S0012898,2025-09-20,C00949,Social Media,Desktop,0
S0012899,2025-03-13,C00263,Organic Search,Mobile,0
S0012900,2025-08-13,C00496,Email,Mobile,0
S0012901,2025-05-11,C00990,Email,Desktop,0
S0012902,2025-12-26,C00116,Organic Search,Desktop,0
S0012903,2025-01-28,C00853,Direct,Desktop,0
S0012904,2025-10-26,C00256,Email,Mobile,0
S0012905,2025-04-07,C01186,Paid Search,Mobile,0
S0012906,2025-02-15,C00134,Social Media,Desktop,0
S0012907,2025-01-01,C00925,Referral,Mobile,0
S0012908,2025-06-15,C01192,Email,Mobile,0
S0012909,2025-09-02,C01016,Organic Search,Mobile,0
S0012910,2025-08-07,C00525,Social Media,Mobile,0
S0012911,2025-04-12,C00825,Paid Search,Mobile,0
S0012912,2025-10-18,C00105,Email,Mobile,0
S0012913,2025-07-23,C01123,Referral,Mobile,0
S0012914,2025-07-21,C01126,Organic Search,Tablet,0
S0012915,2025-02-23,C01073,Organic Search,Mobile,0
S0012916,2025-10-07,C00588,Direct,Desktop,0
S0012917,2025-10-05,C00640,Social Media,Mobile,0
S0012918,2025-01-16,C00279,Direct,Mobile,0
S0012919,2025-01-13,C00120,Organic Search,Desktop,1
S0012920,2025-12-22,C01039,Email,Mobile,0
S0012921,2025-12-22,C00597,Social Media,Desktop,0
S0012922,2025-11-14,C00455,Organic Search,Mobile,0
S0012923,2025-03-28,C01145,Direct,Tablet,0
S0012924,2025-03-19,C00600,Paid Search,Mobile,0
S0012925,2025-03-08,C00353,Paid Search,Mobile,0
S0012926,2025-12-13,C00364,Organic Search,Mobile,0
S0012927,2025-07-30,C00852,Direct,Mobile,0
S0012928,2025-08-02,C00911,Paid Search,Desktop,0
S0012929,2025-07-04,C00487,Referral,Desktop,1
S0012930,2025-02-02,C00703,Email,Mobile,0
S0012931,2025-04-25,C00648,Paid Search,Desktop,0
S0012932,2025-10-02,C00189,Email,Desktop,0
S0012933,2025-07-17,C01105,Direct,Tablet,0
S0012934,2025-05-23,C00374,Direct,Mobile,0
S0012935,2025-08-16,C00310,Social Media,Mobile,0
S0012936,2025-04-30,C01104,Organic Search,Tablet,0
S0012937,2025-12-19,C01133,Direct,Mobile,0
S0012938,2025-01-24,C00759,Direct,Mobile,0
S0012939,2025-01-27,C00801,Direct,Mobile,0
S0012940,2025-03-16,C00668,Paid Search,Tablet,0
S0012941,2025-08-29,C01080,Organic Search,Desktop,1
S0012942,2025-01-23,C00854,Organic Search,Desktop,0
S0012943,2025-06-10,C01007,Organic Search,Desktop,0
S0012944,2025-02-10,C00130,Organic Search,Mobile,0
S0012945,2025-08-26,C00753,Direct,Desktop,0
S0012946,2025-08-27,C00772,Organic Search,Mobile,0
S0012947,2025-02-25,C01136,Direct,Mobile,0
S0012948,2025-04-08,C00484,Paid Search,Mobile,0
S0012949,2025-05-26,C00623,Direct,Mobile,0
S0012950,2025-09-19,C00737,Email,Mobile,0
S0012951,2025-02-09,C01087,Paid Search,Desktop,0
S0012952,2025-07-12,C00972,Social Media,Mobile,0
S0012953,2025-08-27,C00034,Social Media,Mobile,0
S0012954,2025-02-11,C00716,Organic Search,Mobile,0
S0012955,2025-08-10,C00430,Paid Search,Mobile,0
S0012956,2025-07-15,C00976,Email,Desktop,0
S0012957,2025-10-15,C00361,Paid Search,Mobile,0
S0012958,2025-01-10,C00826,Social Media,Mobile,0
S0012959,2025-08-23,C00377,Referral,Mobile,0
S0012960,2025-11-21,C00527,Paid Search,Mobile,0
S0012961,2025-09-22,C01124,Referral,Mobile,1
S0012962,2025-03-10,C01028,Direct,Mobile,0
S0012963,2025-05-19,C00318,Organic Search,Mobile,0
S0012964,2025-12-21,C00711,Direct,Desktop,0
S0012965,2025-08-07,C00639,Referral,Mobile,0
S0012966,2025-07-15,C00349,Email,Mobile,0
S0012967,2025-03-15,C00770,Organic Search,Desktop,0
S0012968,2025-04-13,C00968,Social Media,Mobile,0
S0012969,2025-08-13,C00393,Referral,Mobile,0
S0012970,2025-05-03,C00377,Referral,Tablet,0
S0012971,2025-04-12,C00051,Referral,Mobile,0
S0012972,2025-09-21,C00232,Email,Desktop,0
S0012973,2025-06-10,C00458,Paid Search,Mobile,0
S0012974,2025-08-21,C00708,Paid Search,Desktop,0
S0012975,2025-10-02,C00962,Social Media,Desktop,0
S0012976,2025-09-15,C01106,Social Media,Mobile,0
S0012977,2025-11-07,C00398,Direct,Mobile,0
S0012978,2025-05-19,C00735,Social Media,Mobile,0
S0012979,2025-08-15,C00654,Organic Search,Desktop,0
S0012980,2025-09-30,C00520,Social Media,Desktop,0
S0012981,2025-11-13,C00888,Organic Search,Mobile,0
S0012982,2025-03-27,C01144,Social Media,Mobile,0
S0012983,2025-10-18,C01057,Social Media,Mobile,0
S0012984,2025-08-05,C00128,Paid Search,Mobile,0
S0012985,2025-12-25,C01195,Email,Tablet,0
S0012986,2025-03-07,C00806,Organic Search,Desktop,0
S0012987,2025-09-14,C01070,Direct,Desktop,1
S0012988,2025-05-15,C00649,Social Media,Mobile,0
S0012989,2025-02-24,C00893,Email,Mobile,0
S0012990,2025-12-22,C00878,Direct,Desktop,0
S0012991,2025-08-31,C00106,Social Media,Desktop,0
S0012992,2025-09-09,C00637,Social Media,Mobile,0
S0012993,2025-01-21,C00663,Paid Search,Desktop,0
S0012994,2025-11-03,C00239,Direct,Desktop,0
S0012995,2025-06-12,C00014,Organic Search,Mobile,0
S0012996,2025-12-22,C00551,Organic Search,Desktop,0
S0012997,2025-09-21,C00657,Direct,Tablet,0
S0012998,2025-03-09,C00533,Email,Mobile,0
S0012999,2025-04-17,C01061,Organic Search,Desktop,0
S0013000,2025-03-08,C01191,Paid Search,Mobile,0
S0013001,2025-07-18,C00501,Social Media,Desktop,0
S0013002,2025-07-11,C00694,Social Media,Mobile,0
S0013003,2025-01-02,C00918,Organic Search,Desktop,0
S0013004,2025-09-14,C01121,Organic Search,Desktop,0
S0013005,2025-01-01,C00738,Direct,Mobile,0
S0013006,2025-12-24,C00556,Organic Search,Mobile,0
S0013007,2025-04-25,C00554,Email,Mobile,0
S0013008,2025-03-29,C00554,Email,Desktop,0
S0013009,2025-07-16,C00952,Social Media,Tablet,0
S0013010,2025-04-02,C00961,Social Media,Mobile,0
S0013011,2025-10-01,C00928,Social Media,Mobile,1
S0013012,2025-12-10,C00050,Email,Desktop,0
S0013013,2025-06-09,C00285,Paid Search,Mobile,0
S0013014,2025-06-22,C00937,Paid Search,Desktop,0
S0013015,2025-02-02,C00151,Paid Search,Mobile,0
S0013016,2025-03-14,C00050,Email,Desktop,0
S0013017,2025-07-15,C00584,Email,Desktop,0
S0013018,2025-10-11,C00526,Direct,Mobile,0
S0013019,2025-03-28,C01019,Direct,Mobile,0
S0013020,2025-11-05,C00206,Social Media,Tablet,0
S0013021,2025-08-12,C00484,Paid Search,Mobile,0
S0013022,2025-02-13,C01043,Direct,Tablet,0
S0013023,2025-12-02,C01076,Organic Search,Mobile,0
S0013024,2025-05-18,C00704,Direct,Mobile,0
S0013025,2025-09-27,C00745,Social Media,Mobile,0
S0013026,2025-12-25,C00235,Email,Mobile,0
S0013027,2025-02-05,C00338,Social Media,Desktop,0
S0013028,2025-02-03,C00192,Organic Search,Mobile,0
S0013029,2025-03-29,C01060,Social Media,Mobile,0
S0013030,2025-05-26,C00346,Direct,Desktop,0
S0013031,2025-01-16,C00668,Paid Search,Mobile,0
S0013032,2025-08-21,C01151,Organic Search,Desktop,0
S0013033,2025-02-10,C00653,Direct,Mobile,0
S0013034,2025-09-12,C00168,Paid Search,Desktop,0
S0013035,2025-10-08,C00231,Organic Search,Tablet,0
S0013036,2025-05-06,C00747,Organic Search,Mobile,0
S0013037,2025-01-08,C00638,Social Media,Desktop,0
S0013038,2025-12-16,C00504,Direct,Mobile,1
S0013039,2025-12-06,C01152,Direct,Mobile,0
S0013040,2025-11-20,C00969,Organic Search,Tablet,0
S0013041,2025-06-25,C01097,Paid Search,Mobile,1
S0013042,2025-08-16,C00897,Paid Search,Tablet,0
S0013043,2025-11-19,C00093,Direct,Mobile,0
S0013044,2025-01-18,C00957,Social Media,Mobile,0
S0013045,2025-02-25,C00769,Direct,Desktop,0
S0013046,2025-02-04,C00107,Email,Desktop,0
S0013047,2025-04-28,C00676,Direct,Desktop,0
S0013048,2025-10-09,C00403,Paid Search,Mobile,0
S0013049,2025-09-11,C00253,Social Media,Mobile,0
S0013050,2025-08-01,C00484,Paid Search,Mobile,0
S0013051,2025-03-02,C01071,Paid Search,Desktop,0
S0013052,2025-03-29,C00833,Paid Search,Desktop,0
S0013053,2025-09-28,C00129,Direct,Desktop,0
S0013054,2025-12-13,C00444,Organic Search,Mobile,0
S0013055,2025-02-01,C00881,Social Media,Mobile,0
S0013056,2025-05-13,C00781,Organic Search,Desktop,1
S0013057,2025-03-05,C01172,Organic Search,Mobile,0
S0013058,2025-07-18,C00640,Social Media,Desktop,0
S0013059,2025-09-13,C00369,Email,Mobile,0
S0013060,2025-12-08,C00083,Direct,Desktop,0
S0013061,2025-06-04,C00341,Organic Search,Mobile,0
S0013062,2025-08-19,C00255,Organic Search,Mobile,0
S0013063,2025-10-28,C00654,Organic Search,Mobile,0
S0013064,2025-02-04,C00563,Paid Search,Mobile,0
S0013065,2025-01-26,C01013,Email,Mobile,0
S0013066,2025-01-23,C00120,Organic Search,Mobile,0
S0013067,2025-05-21,C00507,Organic Search,Desktop,0
S0013068,2025-10-12,C00056,Direct,Mobile,0
S0013069,2025-11-16,C00676,Direct,Desktop,0
S0013070,2025-06-05,C00861,Paid Search,Mobile,1
S0013071,2025-04-23,C01000,Organic Search,Mobile,0
S0013072,2025-05-19,C00521,Paid Search,Mobile,0
S0013073,2025-07-28,C00966,Social Media,Desktop,0
S0013074,2025-11-19,C00896,Organic Search,Mobile,0
S0013075,2025-12-30,C00783,Social Media,Mobile,0
S0013076,2025-03-27,C00312,Direct,Mobile,0
S0013077,2025-10-12,C00696,Referral,Tablet,0
S0013078,2025-03-01,C00473,Paid Search,Mobile,0
S0013079,2025-02-23,C01091,Paid Search,Desktop,0
S0013080,2025-04-03,C00781,Organic Search,Mobile,0
S0013081,2025-11-21,C00632,Paid Search,Mobile,0
S0013082,2025-09-22,C00124,Organic Search,Mobile,1
S0013083,2025-08-01,C00363,Organic Search,Tablet,1
S0013084,2025-11-29,C00908,Email,Mobile,0
S0013085,2025-01-10,C00799,Direct,Mobile,0
S0013086,2025-12-24,C00142,Organic Search,Desktop,0
S0013087,2025-07-22,C01020,Paid Search,Desktop,0
S0013088,2025-07-15,C00766,Email,Desktop,0
S0013089,2025-02-27,C00693,Social Media,Mobile,0
S0013090,2025-09-13,C00273,Email,Desktop,0
S0013091,2025-08-11,C00970,Social Media,Mobile,0
S0013092,2025-06-29,C00443,Paid Search,Mobile,0
S0013093,2025-12-28,C00251,Social Media,Desktop,0
S0013094,2025-02-04,C00314,Organic Search,Mobile,0
S0013095,2025-12-25,C00493,Paid Search,Mobile,0
S0013096,2025-04-13,C00488,Paid Search,Desktop,0
S0013097,2025-06-10,C00964,Direct,Mobile,0
S0013098,2025-07-19,C00945,Organic Search,Mobile,0
S0013099,2025-06-09,C00804,Organic Search,Desktop,1
S0013100,2025-07-02,C00854,Organic Search,Mobile,0
S0013101,2025-12-19,C00979,Email,Mobile,0
S0013102,2025-05-16,C00133,Email,Mobile,0
S0013103,2025-08-14,C00213,Direct,Mobile,0
S0013104,2025-08-31,C00539,Paid Search,Mobile,0
S0013105,2025-04-16,C00473,Paid Search,Mobile,0
S0013106,2025-03-12,C00992,Direct,Mobile,0
S0013107,2025-03-18,C00181,Social Media,Mobile,0
S0013108,2025-02-23,C00446,Organic Search,Desktop,0
S0013109,2025-10-04,C00576,Organic Search,Mobile,0
S0013110,2025-04-21,C00247,Paid Search,Mobile,1
S0013111,2025-08-12,C00305,Direct,Mobile,0
S0013112,2025-03-16,C00358,Social Media,Desktop,0
S0013113,2025-01-14,C00985,Referral,Mobile,0
S0013114,2025-09-15,C00243,Social Media,Desktop,0
S0013115,2025-07-08,C00428,Organic Search,Mobile,0
S0013116,2025-12-30,C00887,Email,Desktop,0
S0013117,2025-08-27,C00773,Email,Desktop,0
S0013118,2025-11-30,C01053,Paid Search,Mobile,0
S0013119,2025-10-31,C01074,Paid Search,Mobile,0
S0013120,2025-04-01,C00678,Organic Search,Mobile,0
S0013121,2025-07-03,C00353,Paid Search,Mobile,0
S0013122,2025-01-17,C00802,Referral,Mobile,0
S0013123,2025-01-12,C00512,Email,Mobile,0
S0013124,2025-06-15,C00809,Email,Mobile,1
S0013125,2025-05-26,C00995,Social Media,Mobile,0
S0013126,2025-10-09,C00529,Paid Search,Mobile,0
S0013127,2025-02-06,C00440,Paid Search,Mobile,0
S0013128,2025-03-11,C00014,Organic Search,Mobile,0
S0013129,2025-06-18,C00998,Paid Search,Mobile,0
S0013130,2025-12-01,C00420,Paid Search,Desktop,0
S0013131,2025-06-19,C00275,Email,Mobile,0
S0013132,2025-09-10,C00720,Referral,Mobile,1
S0013133,2025-12-12,C00491,Organic Search,Mobile,0
S0013134,2025-10-24,C00882,Social Media,Mobile,0
S0013135,2025-05-22,C00924,Email,Mobile,0
S0013136,2025-09-30,C01141,Social Media,Mobile,0
S0013137,2025-08-13,C00499,Referral,Mobile,0
S0013138,2025-07-02,C00282,Organic Search,Mobile,1
S0013139,2025-08-09,C00007,Paid Search,Mobile,0
S0013140,2025-02-22,C00456,Referral,Desktop,0
S0013141,2025-04-28,C01146,Paid Search,Mobile,0
S0013142,2025-12-31,C00660,Social Media,Desktop,0
S0013143,2025-06-08,C00632,Paid Search,Mobile,0
S0013144,2025-05-16,C00133,Email,Mobile,1
S0013145,2025-03-18,C00836,Referral,Mobile,0
S0013146,2025-12-02,C00020,Paid Search,Desktop,0
S0013147,2025-02-14,C00592,Email,Mobile,0
S0013148,2025-01-18,C00616,Social Media,Mobile,0
S0013149,2025-12-21,C01124,Referral,Mobile,0
S0013150,2025-07-24,C00584,Email,Mobile,0
S0013151,2025-11-20,C01196,Email,Mobile,0
S0013152,2025-03-24,C00957,Social Media,Desktop,0
S0013153,2025-02-19,C00460,Social Media,Mobile,0
S0013154,2025-10-08,C00103,Organic Search,Desktop,0
S0013155,2025-06-15,C00845,Organic Search,Desktop,0
S0013156,2025-08-31,C00476,Paid Search,Mobile,0
S0013157,2025-06-13,C00761,Organic Search,Tablet,0
S0013158,2025-11-20,C00163,Paid Search,Desktop,0
S0013159,2025-02-25,C00075,Paid Search,Mobile,0
S0013160,2025-02-08,C00948,Direct,Mobile,0
S0013161,2025-11-15,C01158,Email,Mobile,0
S0013162,2025-05-08,C00384,Organic Search,Mobile,0
S0013163,2025-05-02,C01158,Email,Mobile,0
S0013164,2025-09-04,C00350,Social Media,Mobile,0
S0013165,2025-07-05,C00253,Social Media,Mobile,0
S0013166,2025-07-27,C00244,Organic Search,Mobile,0
S0013167,2025-11-11,C00281,Referral,Mobile,0
S0013168,2025-10-31,C01188,Email,Mobile,0
S0013169,2025-08-27,C01128,Email,Mobile,0
S0013170,2025-08-03,C00959,Social Media,Desktop,0
S0013171,2025-10-19,C00631,Paid Search,Mobile,0
S0013172,2025-08-12,C00192,Organic Search,Mobile,0
S0013173,2025-03-29,C00265,Organic Search,Desktop,0
S0013174,2025-01-25,C00505,Organic Search,Mobile,0
S0013175,2025-08-08,C00319,Organic Search,Desktop,0
S0013176,2025-10-02,C00646,Paid Search,Mobile,0
S0013177,2025-05-15,C00289,Social Media,Mobile,0
S0013178,2025-08-21,C00345,Organic Search,Mobile,0
S0013179,2025-03-07,C01016,Organic Search,Mobile,0
S0013180,2025-03-21,C00812,Organic Search,Desktop,1
S0013181,2025-09-12,C01080,Organic Search,Desktop,0
S0013182,2025-05-05,C00984,Referral,Tablet,0
S0013183,2025-05-26,C00272,Paid Search,Tablet,0
S0013184,2025-04-13,C00176,Social Media,Mobile,0
S0013185,2025-10-04,C00726,Referral,Desktop,0
S0013186,2025-05-04,C00471,Social Media,Mobile,0
S0013187,2025-09-24,C00428,Organic Search,Desktop,0
S0013188,2025-10-05,C01191,Paid Search,Mobile,0
S0013189,2025-04-21,C00937,Paid Search,Desktop,0
S0013190,2025-11-09,C01111,Paid Search,Tablet,0
S0013191,2025-03-30,C00034,Social Media,Mobile,0
S0013192,2025-06-07,C01037,Organic Search,Desktop,0
S0013193,2025-08-04,C00594,Organic Search,Mobile,1
S0013194,2025-10-28,C01049,Paid Search,Tablet,0
S0013195,2025-02-05,C00966,Social Media,Mobile,0
S0013196,2025-03-28,C00459,Social Media,Mobile,0
S0013197,2025-04-28,C00442,Social Media,Mobile,0
S0013198,2025-11-24,C00451,Social Media,Mobile,0
S0013199,2025-07-01,C00675,Paid Search,Desktop,0
S0013200,2025-03-09,C00380,Referral,Mobile,0
S0013201,2025-12-25,C00106,Social Media,Mobile,0
S0013202,2025-06-08,C00649,Social Media,Mobile,0
S0013203,2025-10-12,C00127,Paid Search,Mobile,0
S0013204,2025-06-13,C00198,Organic Search,Mobile,0
S0013205,2025-12-27,C00532,Organic Search,Desktop,0
S0013206,2025-03-14,C01084,Email,Desktop,0
S0013207,2025-04-29,C00497,Referral,Desktop,0
S0013208,2025-12-07,C00466,Direct,Mobile,0
S0013209,2025-07-14,C00434,Paid Search,Mobile,0
S0013210,2025-03-30,C00408,Paid Search,Desktop,0
S0013211,2025-12-11,C00592,Email,Mobile,0
S0013212,2025-03-17,C00441,Organic Search,Desktop,0
S0013213,2025-08-09,C00276,Organic Search,Desktop,1
S0013214,2025-05-19,C00404,Paid Search,Mobile,0
S0013215,2025-08-29,C00229,Paid Search,Mobile,0
S0013216,2025-06-03,C00571,Paid Search,Mobile,0
S0013217,2025-02-22,C00815,Paid Search,Mobile,0
S0013218,2025-05-22,C01139,Paid Search,Desktop,0
S0013219,2025-11-16,C00216,Organic Search,Desktop,0
S0013220,2025-01-31,C00512,Email,Desktop,0
S0013221,2025-08-11,C00145,Referral,Mobile,0
S0013222,2025-10-19,C00086,Direct,Desktop,0
S0013223,2025-09-23,C00053,Social Media,Mobile,0
S0013224,2025-10-09,C00959,Social Media,Desktop,0
S0013225,2025-10-03,C00820,Organic Search,Mobile,0
S0013226,2025-02-13,C00227,Direct,Mobile,0
S0013227,2025-03-03,C01139,Paid Search,Mobile,0
S0013228,2025-07-20,C00076,Direct,Mobile,0
S0013229,2025-12-01,C01032,Paid Search,Mobile,0
S0013230,2025-01-09,C00221,Social Media,Mobile,0
S0013231,2025-03-12,C01050,Social Media,Mobile,0
S0013232,2025-03-31,C01181,Social Media,Desktop,0
S0013233,2025-01-24,C00348,Paid Search,Mobile,0
S0013234,2025-05-20,C00301,Organic Search,Desktop,0
S0013235,2025-11-12,C00520,Social Media,Desktop,0
S0013236,2025-12-06,C00131,Social Media,Mobile,0
S0013237,2025-03-19,C00043,Direct,Mobile,0
S0013238,2025-08-02,C00854,Organic Search,Desktop,0
S0013239,2025-01-16,C00598,Organic Search,Tablet,0
S0013240,2025-01-29,C00162,Social Media,Mobile,0
S0013241,2025-10-18,C00038,Paid Search,Mobile,0
S0013242,2025-02-12,C00754,Direct,Desktop,0
S0013243,2025-12-18,C00677,Organic Search,Mobile,0
S0013244,2025-02-22,C00178,Organic Search,Mobile,0
S0013245,2025-10-03,C00469,Social Media,Mobile,0
S0013246,2025-08-20,C00158,Referral,Mobile,0
S0013247,2025-07-31,C00377,Referral,Mobile,0
S0013248,2025-01-08,C00193,Organic Search,Mobile,0
S0013249,2025-05-02,C00476,Paid Search,Mobile,0
S0013250,2025-02-11,C01060,Social Media,Desktop,0
S0013251,2025-11-29,C00321,Organic Search,Mobile,0
S0013252,2025-08-21,C00823,Organic Search,Mobile,0
S0013253,2025-03-11,C00980,Organic Search,Desktop,0
S0013254,2025-01-16,C00343,Paid Search,Desktop,0
S0013255,2025-03-10,C00879,Paid Search,Mobile,0
S0013256,2025-02-22,C00554,Email,Desktop,0
S0013257,2025-06-22,C00214,Direct,Desktop,0
S0013258,2025-09-19,C00479,Social Media,Mobile,0
S0013259,2025-10-16,C00862,Social Media,Mobile,0
S0013260,2025-01-15,C00341,Organic Search,Mobile,0
S0013261,2025-09-27,C00906,Direct,Desktop,0
S0013262,2025-06-16,C00408,Paid Search,Mobile,0
S0013263,2025-03-04,C00974,Direct,Desktop,0
S0013264,2025-09-18,C00517,Organic Search,Desktop,0
S0013265,2025-05-01,C00479,Social Media,Mobile,0
S0013266,2025-12-12,C01076,Organic Search,Desktop,0
S0013267,2025-08-28,C00083,Direct,Mobile,0
S0013268,2025-04-17,C00339,Email,Desktop,0
S0013269,2025-06-29,C00728,Organic Search,Desktop,0
S0013270,2025-01-16,C00589,Paid Search,Mobile,0
S0013271,2025-12-21,C00552,Direct,Desktop,0
S0013272,2025-11-05,C00782,Organic Search,Desktop,0
S0013273,2025-08-03,C00929,Direct,Mobile,0
S0013274,2025-03-18,C00133,Email,Mobile,1
S0013275,2025-08-13,C00992,Direct,Desktop,0
S0013276,2025-04-03,C00642,Organic Search,Desktop,0
S0013277,2025-06-30,C00322,Email,Mobile,0
S0013278,2025-06-23,C00270,Organic Search,Mobile,0
S0013279,2025-12-20,C00786,Organic Search,Mobile,0
S0013280,2025-12-20,C00681,Email,Mobile,0
S0013281,2025-08-07,C00530,Email,Mobile,1
S0013282,2025-05-23,C00402,Social Media,Mobile,0
S0013283,2025-11-11,C00149,Organic Search,Desktop,0
S0013284,2025-10-09,C00754,Direct,Mobile,0
S0013285,2025-09-16,C00448,Organic Search,Desktop,0
S0013286,2025-12-22,C00374,Direct,Mobile,0
S0013287,2025-02-16,C00026,Referral,Mobile,0
S0013288,2025-01-05,C01197,Paid Search,Mobile,0
S0013289,2025-03-03,C01039,Email,Mobile,0
S0013290,2025-03-25,C00634,Paid Search,Mobile,0
S0013291,2025-05-13,C00557,Organic Search,Tablet,0
S0013292,2025-12-02,C00757,Paid Search,Mobile,0
S0013293,2025-03-04,C00411,Direct,Mobile,0
S0013294,2025-10-08,C00092,Email,Mobile,1
S0013295,2025-02-13,C01170,Social Media,Mobile,0
S0013296,2025-06-02,C00109,Direct,Desktop,0
S0013297,2025-09-27,C00588,Direct,Desktop,0
S0013298,2025-12-08,C00555,Social Media,Mobile,0
S0013299,2025-06-20,C00802,Referral,Tablet,0
S0013300,2025-06-05,C00618,Referral,Mobile,1
S0013301,2025-10-02,C00756,Paid Search,Mobile,0
S0013302,2025-12-24,C00949,Social Media,Mobile,0
S0013303,2025-01-20,C01183,Organic Search,Mobile,0
S0013304,2025-08-02,C00475,Paid Search,Tablet,0
S0013305,2025-03-20,C00026,Referral,Tablet,1
S0013306,2025-05-19,C01077,Email,Mobile,1
S0013307,2025-04-08,C00569,Social Media,Mobile,0
S0013308,2025-06-01,C00260,Organic Search,Desktop,0
S0013309,2025-07-17,C00547,Paid Search,Desktop,0
S0013310,2025-09-30,C00680,Email,Mobile,0
S0013311,2025-06-05,C00085,Organic Search,Mobile,0
S0013312,2025-02-19,C00352,Email,Desktop,1
S0013313,2025-08-16,C01055,Direct,Mobile,0
S0013314,2025-01-10,C01116,Email,Mobile,0
S0013315,2025-05-29,C01000,Organic Search,Tablet,0
S0013316,2025-02-27,C00561,Paid Search,Mobile,0
S0013317,2025-06-11,C00108,Organic Search,Mobile,0
S0013318,2025-12-17,C00008,Referral,Desktop,0
S0013319,2025-04-17,C00674,Organic Search,Mobile,0
S0013320,2025-10-16,C01182,Paid Search,Desktop,0
S0013321,2025-07-05,C00971,Email,Mobile,0
S0013322,2025-02-15,C00460,Social Media,Desktop,0
S0013323,2025-05-09,C00886,Paid Search,Desktop,0
S0013324,2025-11-14,C00772,Organic Search,Mobile,0
S0013325,2025-03-28,C00276,Organic Search,Tablet,0
S0013326,2025-09-06,C00314,Organic Search,Desktop,0
S0013327,2025-11-25,C00236,Organic Search,Desktop,0
S0013328,2025-09-14,C01193,Direct,Mobile,0
S0013329,2025-10-04,C01072,Organic Search,Mobile,0
S0013330,2025-10-05,C00348,Paid Search,Desktop,0
S0013331,2025-01-04,C00886,Paid Search,Mobile,0
S0013332,2025-03-06,C01195,Email,Desktop,0
S0013333,2025-07-21,C01190,Referral,Mobile,0
S0013334,2025-03-04,C00601,Organic Search,Mobile,0
S0013335,2025-05-23,C00655,Referral,Mobile,0
S0013336,2025-09-01,C00385,Paid Search,Desktop,0
S0013337,2025-10-19,C00971,Email,Mobile,0
S0013338,2025-10-12,C00409,Social Media,Desktop,0
S0013339,2025-06-29,C00647,Direct,Mobile,1
S0013340,2025-06-23,C00825,Paid Search,Mobile,0
S0013341,2025-11-21,C00938,Paid Search,Mobile,0
S0013342,2025-04-21,C01121,Organic Search,Mobile,0
S0013343,2025-06-24,C00937,Paid Search,Mobile,0
S0013344,2025-06-02,C00245,Direct,Tablet,0
S0013345,2025-12-22,C00074,Direct,Mobile,0
S0013346,2025-08-05,C00756,Paid Search,Mobile,1
S0013347,2025-10-24,C00941,Organic Search,Mobile,0
S0013348,2025-08-28,C00368,Paid Search,Mobile,0
S0013349,2025-08-14,C00761,Organic Search,Mobile,0
S0013350,2025-07-05,C00977,Organic Search,Desktop,1
S0013351,2025-02-17,C01108,Direct,Mobile,0
S0013352,2025-07-27,C00078,Direct,Desktop,0
S0013353,2025-06-06,C00301,Organic Search,Desktop,0
S0013354,2025-08-13,C00457,Direct,Mobile,0
S0013355,2025-05-24,C01062,Paid Search,Mobile,0
S0013356,2025-04-21,C00106,Social Media,Mobile,0
S0013357,2025-11-14,C01070,Direct,Desktop,0
S0013358,2025-12-29,C00788,Direct,Desktop,0
S0013359,2025-12-28,C00981,Organic Search,Mobile,0
S0013360,2025-05-12,C00481,Email,Desktop,0
S0013361,2025-04-23,C00273,Email,Mobile,0
S0013362,2025-11-20,C00119,Direct,Mobile,0
S0013363,2025-03-30,C00214,Direct,Desktop,0
S0013364,2025-06-10,C00739,Paid Search,Mobile,0
S0013365,2025-11-30,C00326,Paid Search,Mobile,0
S0013366,2025-03-16,C00298,Paid Search,Mobile,0
S0013367,2025-10-08,C00277,Paid Search,Mobile,0
S0013368,2025-01-07,C00076,Direct,Mobile,0
S0013369,2025-04-23,C00736,Paid Search,Mobile,0
S0013370,2025-02-05,C00806,Organic Search,Desktop,0
S0013371,2025-09-23,C01088,Social Media,Mobile,0
S0013372,2025-04-23,C00423,Email,Mobile,0
S0013373,2025-10-19,C01177,Organic Search,Desktop,0
S0013374,2025-08-11,C00164,Social Media,Mobile,0
S0013375,2025-07-30,C00306,Social Media,Mobile,0
S0013376,2025-01-18,C01132,Direct,Mobile,0
S0013377,2025-08-29,C00078,Direct,Desktop,0
S0013378,2025-05-14,C00162,Social Media,Desktop,0
S0013379,2025-08-08,C00555,Social Media,Desktop,0
S0013380,2025-04-12,C00831,Paid Search,Desktop,0
S0013381,2025-05-20,C00991,Email,Mobile,0
S0013382,2025-06-18,C01047,Paid Search,Mobile,0
S0013383,2025-07-10,C00404,Paid Search,Mobile,0
S0013384,2025-01-25,C00431,Paid Search,Desktop,0
S0013385,2025-02-02,C00596,Email,Mobile,1
S0013386,2025-12-09,C00984,Referral,Desktop,0
S0013387,2025-11-25,C00163,Paid Search,Mobile,0
S0013388,2025-01-06,C00965,Direct,Mobile,0
S0013389,2025-07-13,C00100,Referral,Desktop,0
S0013390,2025-08-18,C00251,Social Media,Mobile,0
S0013391,2025-05-17,C00907,Organic Search,Mobile,0
S0013392,2025-11-19,C01070,Direct,Mobile,0
S0013393,2025-08-04,C00321,Organic Search,Mobile,0
S0013394,2025-12-15,C00023,Social Media,Desktop,0
S0013395,2025-12-30,C00397,Social Media,Tablet,0
S0013396,2025-07-02,C00895,Organic Search,Mobile,0
S0013397,2025-06-17,C00979,Email,Desktop,1
S0013398,2025-10-09,C00496,Email,Mobile,1
S0013399,2025-02-07,C01103,Organic Search,Mobile,0
S0013400,2025-06-12,C00739,Paid Search,Desktop,0
S0013401,2025-05-22,C00915,Direct,Desktop,0
S0013402,2025-09-05,C00761,Organic Search,Tablet,0
S0013403,2025-04-13,C00766,Email,Desktop,1
S0013404,2025-07-18,C00292,Organic Search,Mobile,0
S0013405,2025-07-19,C00822,Social Media,Desktop,0
S0013406,2025-02-11,C00698,Paid Search,Mobile,0
S0013407,2025-05-27,C00285,Paid Search,Mobile,0
S0013408,2025-03-07,C00621,Social Media,Mobile,0
S0013409,2025-07-12,C00173,Direct,Mobile,0
S0013410,2025-10-25,C00504,Direct,Mobile,0
S0013411,2025-02-07,C00182,Social Media,Mobile,0
S0013412,2025-05-21,C00056,Direct,Mobile,0
S0013413,2025-04-16,C00617,Organic Search,Desktop,0
S0013414,2025-06-01,C00457,Direct,Desktop,0
S0013415,2025-12-18,C00399,Social Media,Mobile,0
S0013416,2025-11-22,C00735,Social Media,Mobile,0
S0013417,2025-02-07,C00661,Organic Search,Mobile,0
S0013418,2025-04-07,C00739,Paid Search,Mobile,0
S0013419,2025-04-18,C00920,Email,Mobile,0
S0013420,2025-04-29,C00665,Direct,Desktop,0
S0013421,2025-05-31,C00033,Organic Search,Mobile,0
S0013422,2025-03-15,C00856,Paid Search,Desktop,0
S0013423,2025-02-26,C00602,Direct,Desktop,0
S0013424,2025-12-01,C00005,Organic Search,Mobile,0
S0013425,2025-09-09,C00292,Organic Search,Desktop,0
S0013426,2025-10-19,C01163,Referral,Mobile,1
S0013427,2025-11-09,C00506,Direct,Mobile,1
S0013428,2025-09-12,C00850,Referral,Mobile,0
S0013429,2025-09-11,C00097,Paid Search,Mobile,0
S0013430,2025-09-16,C00178,Organic Search,Mobile,0
S0013431,2025-09-27,C00046,Direct,Desktop,0
S0013432,2025-02-03,C00175,Paid Search,Desktop,0
S0013433,2025-11-22,C00009,Paid Search,Mobile,0
S0013434,2025-11-21,C00333,Organic Search,Mobile,0
S0013435,2025-08-26,C00327,Organic Search,Mobile,0
S0013436,2025-06-28,C00625,Direct,Mobile,1
S0013437,2025-04-14,C01012,Social Media,Desktop,0
S0013438,2025-01-29,C00532,Organic Search,Mobile,1
S0013439,2025-08-15,C00881,Social Media,Desktop,0
S0013440,2025-08-20,C00687,Referral,Mobile,0
S0013441,2025-10-31,C00282,Organic Search,Mobile,0
S0013442,2025-12-16,C00639,Referral,Desktop,0
S0013443,2025-12-01,C00353,Paid Search,Mobile,0
S0013444,2025-04-27,C00810,Referral,Mobile,0
S0013445,2025-07-26,C01041,Direct,Mobile,1
S0013446,2025-07-04,C00644,Email,Mobile,1
S0013447,2025-05-18,C00784,Referral,Desktop,0
S0013448,2025-11-19,C00344,Direct,Tablet,1
S0013449,2025-06-13,C00465,Social Media,Desktop,0
S0013450,2025-03-16,C00999,Organic Search,Mobile,1
S0013451,2025-08-21,C01101,Social Media,Desktop,0
S0013452,2025-10-11,C00447,Paid Search,Mobile,1
S0013453,2025-09-12,C00102,Organic Search,Mobile,0
S0013454,2025-01-09,C00779,Direct,Desktop,0
S0013455,2025-07-22,C00940,Organic Search,Mobile,0
S0013456,2025-11-01,C01189,Organic Search,Desktop,0
S0013457,2025-04-01,C00009,Paid Search,Mobile,0
S0013458,2025-11-28,C00196,Social Media,Mobile,0
S0013459,2025-05-30,C00064,Referral,Desktop,0
S0013460,2025-12-26,C00143,Direct,Desktop,0
S0013461,2025-06-25,C00123,Direct,Desktop,0
S0013462,2025-02-02,C01088,Social Media,Desktop,0
S0013463,2025-07-03,C00845,Organic Search,Desktop,0
S0013464,2025-06-06,C00759,Direct,Mobile,0
S0013465,2025-02-22,C00700,Referral,Mobile,0
S0013466,2025-10-23,C01092,Email,Mobile,1
S0013467,2025-07-21,C00130,Organic Search,Desktop,0
S0013468,2025-10-01,C00412,Direct,Desktop,0
S0013469,2025-06-24,C00318,Organic Search,Mobile,0
S0013470,2025-09-01,C00350,Social Media,Mobile,0
S0013471,2025-09-26,C00763,Paid Search,Mobile,0
S0013472,2025-03-15,C00309,Referral,Desktop,0
S0013473,2025-04-06,C00679,Paid Search,Mobile,0
S0013474,2025-12-27,C00164,Social Media,Mobile,0
S0013475,2025-06-22,C00349,Email,Desktop,0
S0013476,2025-06-04,C01091,Paid Search,Tablet,0
S0013477,2025-07-02,C00109,Direct,Desktop,0
S0013478,2025-11-19,C00854,Organic Search,Mobile,0
S0013479,2025-10-16,C01080,Organic Search,Desktop,0
S0013480,2025-09-15,C00251,Social Media,Tablet,0
S0013481,2025-03-16,C00643,Social Media,Mobile,0
S0013482,2025-06-23,C00936,Email,Desktop,1
S0013483,2025-11-26,C01192,Email,Mobile,0
S0013484,2025-08-19,C00379,Organic Search,Mobile,0
S0013485,2025-09-04,C00820,Organic Search,Desktop,1
S0013486,2025-06-10,C00350,Social Media,Desktop,0
S0013487,2025-07-05,C00888,Organic Search,Mobile,0
S0013488,2025-05-23,C01082,Referral,Mobile,0
S0013489,2025-10-09,C01153,Referral,Mobile,0
S0013490,2025-05-08,C01043,Direct,Mobile,1
S0013491,2025-06-15,C00379,Organic Search,Desktop,0
S0013492,2025-01-27,C00773,Email,Mobile,0
S0013493,2025-09-03,C00395,Direct,Desktop,1
S0013494,2025-05-15,C00070,Paid Search,Mobile,0
S0013495,2025-07-21,C00914,Direct,Mobile,0
S0013496,2025-01-21,C00346,Direct,Desktop,0
S0013497,2025-03-20,C00558,Paid Search,Mobile,0
S0013498,2025-06-07,C01152,Direct,Mobile,0
S0013499,2025-04-04,C01107,Paid Search,Mobile,0
S0013500,2025-01-08,C01054,Email,Desktop,0
S0013501,2025-12-05,C00317,Referral,Mobile,0
S0013502,2025-09-16,C00169,Organic Search,Desktop,0
S0013503,2025-02-24,C00769,Direct,Mobile,0
S0013504,2025-02-05,C00135,Direct,Mobile,1
S0013505,2025-01-06,C01100,Referral,Mobile,0
S0013506,2025-02-11,C00899,Social Media,Mobile,0
S0013507,2025-02-19,C00940,Organic Search,Desktop,0
S0013508,2025-04-22,C00231,Organic Search,Mobile,0
S0013509,2025-05-26,C00046,Direct,Mobile,0
S0013510,2025-08-18,C00877,Paid Search,Mobile,0
S0013511,2025-07-30,C00265,Organic Search,Mobile,0
S0013512,2025-11-02,C00469,Social Media,Mobile,0
S0013513,2025-01-30,C00729,Email,Desktop,0
S0013514,2025-10-22,C00240,Social Media,Desktop,0
S0013515,2025-04-26,C00564,Direct,Desktop,0
S0013516,2025-08-14,C00606,Paid Search,Tablet,0
S0013517,2025-02-28,C00021,Paid Search,Desktop,0
S0013518,2025-03-17,C00428,Organic Search,Mobile,0
S0013519,2025-08-04,C00199,Email,Desktop,0
S0013520,2025-05-12,C00856,Paid Search,Mobile,0
S0013521,2025-10-31,C01000,Organic Search,Mobile,0
S0013522,2025-03-22,C01024,Organic Search,Mobile,0
S0013523,2025-11-01,C00444,Organic Search,Mobile,0
S0013524,2025-03-08,C00610,Referral,Mobile,0
S0013525,2025-08-18,C00954,Referral,Desktop,0
S0013526,2025-11-29,C00557,Organic Search,Desktop,0
S0013527,2025-10-04,C00311,Organic Search,Mobile,0
S0013528,2025-12-27,C01114,Organic Search,Desktop,0
S0013529,2025-03-13,C00868,Social Media,Desktop,1
S0013530,2025-07-28,C00609,Direct,Mobile,1
S0013531,2025-09-29,C01088,Social Media,Mobile,0
S0013532,2025-05-24,C00746,Paid Search,Desktop,0
S0013533,2025-09-08,C00550,Email,Mobile,0
S0013534,2025-10-11,C00156,Email,Desktop,0
S0013535,2025-06-28,C00266,Email,Mobile,0
S0013536,2025-03-21,C00617,Organic Search,Mobile,1
S0013537,2025-02-26,C00500,Organic Search,Desktop,0
S0013538,2025-11-04,C00515,Social Media,Desktop,0
S0013539,2025-06-23,C00250,Direct,Mobile,0
S0013540,2025-08-26,C00027,Paid Search,Desktop,0
S0013541,2025-06-15,C00711,Direct,Desktop,0
S0013542,2025-03-25,C01126,Organic Search,Desktop,0
S0013543,2025-02-17,C00301,Organic Search,Mobile,0
S0013544,2025-05-07,C00833,Paid Search,Desktop,0
S0013545,2025-06-18,C00768,Organic Search,Desktop,0
S0013546,2025-12-20,C00455,Organic Search,Mobile,0
S0013547,2025-12-15,C00371,Organic Search,Mobile,0
S0013548,2025-03-08,C01067,Organic Search,Desktop,0
S0013549,2025-11-26,C00604,Social Media,Desktop,0
S0013550,2025-12-06,C01020,Paid Search,Mobile,0
S0013551,2025-07-13,C00408,Paid Search,Mobile,0
S0013552,2025-06-04,C00543,Direct,Desktop,0
S0013553,2025-06-09,C00834,Paid Search,Mobile,0
S0013554,2025-07-03,C00497,Referral,Desktop,0
S0013555,2025-09-23,C00299,Direct,Mobile,0
S0013556,2025-06-17,C00273,Email,Mobile,1
S0013557,2025-05-25,C00566,Organic Search,Mobile,0
S0013558,2025-07-05,C00053,Social Media,Mobile,0
S0013559,2025-12-19,C00231,Organic Search,Desktop,0
S0013560,2025-09-19,C00432,Email,Mobile,0
S0013561,2025-10-01,C00981,Organic Search,Mobile,0
S0013562,2025-11-24,C00042,Direct,Desktop,0
S0013563,2025-12-11,C00370,Paid Search,Desktop,1
S0013564,2025-08-11,C01153,Referral,Mobile,0
S0013565,2025-02-11,C00842,Referral,Desktop,0
S0013566,2025-01-04,C01026,Organic Search,Desktop,0
S0013567,2025-10-03,C00796,Direct,Mobile,0
S0013568,2025-10-11,C00437,Organic Search,Desktop,0
S0013569,2025-07-12,C01049,Paid Search,Mobile,0
S0013570,2025-04-14,C00680,Email,Desktop,0
S0013571,2025-09-04,C00285,Paid Search,Mobile,0
S0013572,2025-10-27,C01039,Email,Mobile,0
S0013573,2025-01-23,C00484,Paid Search,Desktop,1
S0013574,2025-10-30,C01059,Paid Search,Desktop,0
S0013575,2025-01-13,C00662,Organic Search,Mobile,0
S0013576,2025-05-24,C00502,Direct,Desktop,0
S0013577,2025-08-06,C00018,Direct,Mobile,0
S0013578,2025-07-02,C00801,Direct,Mobile,0
S0013579,2025-12-17,C00607,Organic Search,Desktop,0
S0013580,2025-08-30,C00410,Organic Search,Desktop,0
S0013581,2025-07-12,C00048,Direct,Mobile,0
S0013582,2025-09-29,C00477,Organic Search,Tablet,0
S0013583,2025-06-14,C00224,Organic Search,Mobile,0
S0013584,2025-06-29,C01099,Paid Search,Mobile,0
S0013585,2025-04-27,C00484,Paid Search,Desktop,0
S0013586,2025-09-23,C00941,Organic Search,Mobile,0
S0013587,2025-02-07,C00447,Paid Search,Mobile,0
S0013588,2025-02-13,C00528,Email,Desktop,0
S0013589,2025-12-17,C01168,Paid Search,Tablet,0
S0013590,2025-03-15,C00646,Paid Search,Tablet,0
S0013591,2025-08-14,C00500,Organic Search,Tablet,0
S0013592,2025-11-03,C00396,Organic Search,Desktop,0
S0013593,2025-11-04,C00545,Email,Desktop,0
S0013594,2025-12-14,C00508,Paid Search,Tablet,0
S0013595,2025-11-11,C00404,Paid Search,Desktop,0
S0013596,2025-01-13,C00671,Paid Search,Desktop,1
S0013597,2025-01-12,C00806,Organic Search,Mobile,0
S0013598,2025-02-19,C01078,Referral,Desktop,1
S0013599,2025-11-09,C00623,Direct,Mobile,0
S0013600,2025-09-06,C01060,Social Media,Mobile,0
S0013601,2025-04-29,C00329,Paid Search,Mobile,0
S0013602,2025-02-26,C00545,Email,Mobile,0
S0013603,2025-07-01,C00184,Organic Search,Desktop,0
S0013604,2025-09-21,C00361,Paid Search,Mobile,0
S0013605,2025-04-16,C01114,Organic Search,Mobile,0
S0013606,2025-07-10,C00807,Social Media,Mobile,0
S0013607,2025-05-17,C00634,Paid Search,Mobile,0
S0013608,2025-07-07,C00833,Paid Search,Desktop,0
S0013609,2025-04-30,C01121,Organic Search,Desktop,0
S0013610,2025-08-30,C00772,Organic Search,Mobile,0
S0013611,2025-11-15,C00350,Social Media,Mobile,0
S0013612,2025-03-13,C01025,Paid Search,Mobile,0
S0013613,2025-08-31,C00648,Paid Search,Mobile,0
S0013614,2025-05-11,C00984,Referral,Desktop,0
S0013615,2025-09-26,C00109,Direct,Desktop,0
S0013616,2025-02-21,C00212,Paid Search,Mobile,0
S0013617,2025-03-03,C00418,Direct,Mobile,0
S0013618,2025-04-29,C00810,Referral,Tablet,0
S0013619,2025-12-31,C00464,Social Media,Desktop,0
S0013620,2025-09-21,C01018,Social Media,Mobile,0
S0013621,2025-08-27,C00657,Direct,Mobile,0
S0013622,2025-12-17,C00732,Referral,Mobile,0
S0013623,2025-09-12,C00690,Email,Mobile,1
S0013624,2025-06-22,C00559,Organic Search,Desktop,0
S0013625,2025-11-05,C00570,Referral,Mobile,0
S0013626,2025-08-25,C00452,Email,Desktop,0
S0013627,2025-11-15,C01103,Organic Search,Mobile,0
S0013628,2025-04-05,C00627,Organic Search,Mobile,0
S0013629,2025-12-03,C00625,Direct,Mobile,0
S0013630,2025-02-26,C01137,Paid Search,Mobile,0
S0013631,2025-03-08,C00727,Organic Search,Desktop,0
S0013632,2025-02-15,C00132,Organic Search,Mobile,0
S0013633,2025-04-04,C00070,Paid Search,Mobile,0
S0013634,2025-05-18,C00019,Paid Search,Tablet,1
S0013635,2025-04-03,C00249,Social Media,Mobile,0
S0013636,2025-08-20,C00706,Social Media,Mobile,0
S0013637,2025-02-18,C00620,Social Media,Desktop,0
S0013638,2025-01-23,C00350,Social Media,Desktop,0
S0013639,2025-03-03,C00209,Direct,Mobile,0
S0013640,2025-09-24,C00650,Social Media,Mobile,0
S0013641,2025-11-25,C00072,Paid Search,Desktop,0
S0013642,2025-04-28,C01081,Organic Search,Mobile,0
S0013643,2025-03-29,C00813,Paid Search,Desktop,0
S0013644,2025-03-30,C00679,Paid Search,Mobile,0
S0013645,2025-02-24,C01186,Paid Search,Mobile,0
S0013646,2025-06-02,C00294,Direct,Mobile,0
S0013647,2025-08-27,C00598,Organic Search,Desktop,0
S0013648,2025-09-22,C00732,Referral,Mobile,1
S0013649,2025-09-25,C00762,Organic Search,Desktop,0
S0013650,2025-04-23,C00325,Organic Search,Mobile,0
S0013651,2025-06-15,C00856,Paid Search,Mobile,0
S0013652,2025-06-05,C00648,Paid Search,Desktop,0
S0013653,2025-01-08,C00519,Organic Search,Mobile,0
S0013654,2025-07-21,C01022,Social Media,Mobile,0
S0013655,2025-08-05,C00099,Direct,Mobile,0
S0013656,2025-10-19,C00248,Direct,Desktop,0
S0013657,2025-02-19,C00786,Organic Search,Mobile,0
S0013658,2025-04-17,C00287,Social Media,Mobile,0
S0013659,2025-01-09,C00618,Referral,Desktop,1
S0013660,2025-08-21,C00894,Social Media,Mobile,0
S0013661,2025-07-07,C01013,Email,Mobile,0
S0013662,2025-11-19,C00249,Social Media,Mobile,0
S0013663,2025-11-05,C00098,Referral,Mobile,0
S0013664,2025-12-04,C00955,Direct,Mobile,0
S0013665,2025-04-20,C00901,Referral,Mobile,0
S0013666,2025-05-25,C00712,Organic Search,Desktop,0
S0013667,2025-08-16,C00907,Organic Search,Desktop,0
S0013668,2025-11-05,C00609,Direct,Desktop,1
S0013669,2025-04-24,C00213,Direct,Desktop,0
S0013670,2025-03-04,C00388,Paid Search,Desktop,0
S0013671,2025-10-02,C00783,Social Media,Mobile,0
S0013672,2025-05-04,C00189,Email,Mobile,0
S0013673,2025-03-27,C00337,Email,Desktop,0
S0013674,2025-03-11,C00416,Referral,Mobile,0
S0013675,2025-02-16,C00277,Paid Search,Tablet,0
S0013676,2025-07-18,C00466,Direct,Tablet,1
S0013677,2025-12-30,C01145,Direct,Mobile,0
S0013678,2025-07-20,C01177,Organic Search,Desktop,0
S0013679,2025-10-03,C01099,Paid Search,Mobile,0
S0013680,2025-02-06,C01198,Referral,Mobile,1
S0013681,2025-07-22,C00957,Social Media,Mobile,0
S0013682,2025-05-10,C00512,Email,Tablet,0
S0013683,2025-10-19,C00930,Referral,Desktop,0
S0013684,2025-03-05,C00980,Organic Search,Mobile,0
S0013685,2025-09-20,C00203,Social Media,Mobile,0
S0013686,2025-04-30,C00670,Email,Mobile,0
S0013687,2025-10-05,C00777,Social Media,Mobile,0
S0013688,2025-07-21,C00048,Direct,Mobile,0
S0013689,2025-02-15,C00421,Social Media,Desktop,0
S0013690,2025-06-17,C01172,Organic Search,Desktop,0
S0013691,2025-04-20,C00975,Paid Search,Desktop,0
S0013692,2025-02-15,C01135,Paid Search,Mobile,0
S0013693,2025-07-31,C00107,Email,Mobile,0
S0013694,2025-01-28,C00533,Email,Desktop,0
S0013695,2025-03-28,C00505,Organic Search,Mobile,0
S0013696,2025-10-18,C00561,Paid Search,Mobile,0
S0013697,2025-06-06,C00379,Organic Search,Desktop,0
S0013698,2025-09-22,C00836,Referral,Mobile,0
S0013699,2025-09-22,C00833,Paid Search,Desktop,0
S0013700,2025-01-22,C01113,Organic Search,Mobile,0
S0013701,2025-09-13,C00769,Direct,Mobile,1
S0013702,2025-07-10,C00935,Paid Search,Desktop,0
S0013703,2025-08-20,C00013,Email,Mobile,0
S0013704,2025-07-05,C00545,Email,Mobile,0
S0013705,2025-11-22,C00012,Referral,Desktop,0
S0013706,2025-07-02,C00759,Direct,Desktop,0
S0013707,2025-07-21,C00459,Social Media,Mobile,0
S0013708,2025-03-06,C00026,Referral,Mobile,0
S0013709,2025-02-12,C00839,Direct,Mobile,0
S0013710,2025-08-09,C00747,Organic Search,Mobile,1
S0013711,2025-01-17,C00089,Email,Mobile,0
S0013712,2025-11-20,C00984,Referral,Mobile,1
S0013713,2025-10-12,C00914,Direct,Desktop,0
S0013714,2025-07-02,C00272,Paid Search,Mobile,0
S0013715,2025-02-13,C00362,Direct,Mobile,0
S0013716,2025-07-07,C00486,Organic Search,Mobile,0
S0013717,2025-09-20,C00821,Referral,Desktop,0
S0013718,2025-06-23,C01063,Organic Search,Mobile,0
S0013719,2025-02-23,C00519,Organic Search,Mobile,0
S0013720,2025-08-08,C00847,Paid Search,Mobile,0
S0013721,2025-02-15,C01188,Email,Desktop,0
S0013722,2025-09-17,C00126,Organic Search,Mobile,0
S0013723,2025-07-14,C00582,Organic Search,Mobile,0
S0013724,2025-12-13,C01018,Social Media,Desktop,0
S0013725,2025-03-02,C00520,Social Media,Desktop,0
S0013726,2025-06-15,C00198,Organic Search,Mobile,0
S0013727,2025-06-09,C00866,Organic Search,Mobile,1
S0013728,2025-05-31,C00569,Social Media,Mobile,0
S0013729,2025-04-21,C00808,Direct,Mobile,0
S0013730,2025-02-06,C00689,Email,Desktop,0
S0013731,2025-01-03,C00886,Paid Search,Mobile,0
S0013732,2025-01-13,C01140,Social Media,Mobile,0
S0013733,2025-06-11,C00582,Organic Search,Desktop,0
S0013734,2025-12-10,C00745,Social Media,Desktop,0
S0013735,2025-11-28,C00468,Social Media,Desktop,0
S0013736,2025-09-21,C00218,Paid Search,Mobile,0
S0013737,2025-03-24,C00854,Organic Search,Desktop,0
S0013738,2025-09-22,C00965,Direct,Mobile,0
S0013739,2025-11-30,C00915,Direct,Desktop,0
S0013740,2025-08-07,C00051,Referral,Mobile,1
S0013741,2025-05-26,C00544,Paid Search,Desktop,0
S0013742,2025-10-25,C00751,Organic Search,Mobile,0
S0013743,2025-10-24,C00065,Organic Search,Desktop,0
S0013744,2025-06-10,C00939,Paid Search,Desktop,0
S0013745,2025-08-17,C00576,Organic Search,Mobile,0
S0013746,2025-08-22,C00318,Organic Search,Mobile,0
S0013747,2025-03-30,C00316,Email,Desktop,0
S0013748,2025-11-29,C00290,Referral,Mobile,0
S0013749,2025-11-06,C00504,Direct,Mobile,0
S0013750,2025-08-03,C00122,Organic Search,Mobile,0
S0013751,2025-04-07,C00607,Organic Search,Mobile,0
S0013752,2025-08-01,C01077,Email,Mobile,0
S0013753,2025-12-20,C01124,Referral,Desktop,1
S0013754,2025-11-08,C01107,Paid Search,Tablet,0
S0013755,2025-04-10,C00721,Email,Desktop,0
S0013756,2025-05-25,C00930,Referral,Tablet,0
S0013757,2025-01-10,C00219,Organic Search,Desktop,0
S0013758,2025-02-13,C00357,Email,Desktop,0
S0013759,2025-09-08,C00037,Paid Search,Mobile,0
S0013760,2025-08-15,C00331,Social Media,Tablet,0
S0013761,2025-09-06,C00868,Social Media,Desktop,0
S0013762,2025-06-18,C00900,Referral,Mobile,0
S0013763,2025-05-10,C01051,Paid Search,Mobile,0
S0013764,2025-01-19,C01070,Direct,Mobile,0
S0013765,2025-12-02,C00528,Email,Mobile,0
S0013766,2025-08-23,C00061,Direct,Mobile,0
S0013767,2025-12-11,C00603,Direct,Mobile,0
S0013768,2025-01-01,C00936,Email,Mobile,0
S0013769,2025-05-10,C00064,Referral,Desktop,0
S0013770,2025-01-27,C01150,Paid Search,Mobile,0
S0013771,2025-01-02,C00400,Referral,Desktop,0
S0013772,2025-09-07,C00880,Organic Search,Mobile,1
S0013773,2025-08-10,C00652,Paid Search,Mobile,0
S0013774,2025-05-18,C00045,Paid Search,Mobile,0
S0013775,2025-10-02,C01103,Organic Search,Mobile,0
S0013776,2025-05-21,C01073,Organic Search,Mobile,0
S0013777,2025-09-13,C00017,Email,Mobile,0
S0013778,2025-11-08,C00723,Social Media,Mobile,0
S0013779,2025-04-05,C00955,Direct,Desktop,0
S0013780,2025-06-22,C00802,Referral,Desktop,0
S0013781,2025-02-26,C00129,Direct,Mobile,0
S0013782,2025-04-12,C00610,Referral,Mobile,0
S0013783,2025-06-18,C00311,Organic Search,Mobile,0
S0013784,2025-03-11,C00031,Organic Search,Desktop,0
S0013785,2025-12-04,C00592,Email,Tablet,0
S0013786,2025-02-18,C00218,Paid Search,Mobile,0
S0013787,2025-12-13,C00077,Paid Search,Mobile,0
S0013788,2025-01-05,C00159,Social Media,Mobile,0
S0013789,2025-07-21,C00410,Organic Search,Desktop,0
S0013790,2025-07-21,C00707,Referral,Mobile,0
S0013791,2025-06-28,C00894,Social Media,Mobile,0
S0013792,2025-02-26,C00596,Email,Tablet,0
S0013793,2025-07-05,C00819,Organic Search,Mobile,0
S0013794,2025-04-02,C00568,Organic Search,Mobile,0
S0013795,2025-10-19,C01136,Direct,Desktop,0
S0013796,2025-08-15,C00662,Organic Search,Desktop,0
S0013797,2025-04-22,C00939,Paid Search,Mobile,0
S0013798,2025-05-28,C00004,Paid Search,Mobile,0
S0013799,2025-09-26,C01162,Paid Search,Desktop,0
S0013800,2025-07-22,C00582,Organic Search,Desktop,0
S0013801,2025-12-31,C00800,Social Media,Desktop,0
S0013802,2025-12-14,C00435,Organic Search,Mobile,0
S0013803,2025-12-24,C00379,Organic Search,Mobile,0
S0013804,2025-02-25,C00978,Social Media,Mobile,0
S0013805,2025-10-28,C00248,Direct,Mobile,0
S0013806,2025-11-12,C00532,Organic Search,Mobile,0
S0013807,2025-07-04,C00863,Organic Search,Mobile,1
S0013808,2025-02-23,C00172,Organic Search,Mobile,0
S0013809,2025-02-06,C00380,Referral,Mobile,0
S0013810,2025-07-30,C00246,Referral,Mobile,0
S0013811,2025-10-20,C01134,Referral,Desktop,0
S0013812,2025-09-27,C01042,Paid Search,Mobile,0
S0013813,2025-12-17,C00255,Organic Search,Mobile,0
S0013814,2025-08-08,C01199,Organic Search,Mobile,0
S0013815,2025-08-16,C00032,Paid Search,Mobile,1
S0013816,2025-12-24,C00021,Paid Search,Desktop,0
S0013817,2025-07-30,C00115,Direct,Mobile,0
S0013818,2025-10-25,C00503,Referral,Desktop,0
S0013819,2025-01-01,C01194,Email,Desktop,0
S0013820,2025-01-23,C00027,Paid Search,Desktop,0
S0013821,2025-10-11,C00210,Paid Search,Mobile,0
S0013822,2025-07-07,C00062,Organic Search,Mobile,0
S0013823,2025-01-18,C00478,Paid Search,Mobile,0
S0013824,2025-02-18,C00558,Paid Search,Mobile,1
S0013825,2025-02-16,C01141,Social Media,Mobile,0
S0013826,2025-04-25,C00001,Email,Desktop,0
S0013827,2025-02-08,C00075,Paid Search,Mobile,0
S0013828,2025-08-05,C00002,Organic Search,Mobile,0
S0013829,2025-07-29,C00973,Organic Search,Desktop,0
S0013830,2025-09-19,C00135,Direct,Desktop,0
S0013831,2025-07-30,C00946,Organic Search,Mobile,0
S0013832,2025-02-22,C00996,Paid Search,Mobile,0
S0013833,2025-10-08,C00533,Email,Mobile,0
S0013834,2025-12-21,C00763,Paid Search,Mobile,0
S0013835,2025-11-17,C01032,Paid Search,Desktop,0
S0013836,2025-05-13,C00089,Email,Mobile,0
S0013837,2025-09-21,C00517,Organic Search,Desktop,0
S0013838,2025-10-22,C00583,Social Media,Desktop,0
S0013839,2025-04-21,C00425,Paid Search,Mobile,0
S0013840,2025-02-12,C00965,Direct,Mobile,0
S0013841,2025-12-04,C00305,Direct,Mobile,0
S0013842,2025-08-26,C01008,Organic Search,Mobile,0
S0013843,2025-09-04,C01046,Social Media,Mobile,0
S0013844,2025-01-04,C00634,Paid Search,Desktop,0
S0013845,2025-12-30,C00269,Social Media,Mobile,0
S0013846,2025-12-15,C00658,Organic Search,Mobile,0
S0013847,2025-12-16,C00329,Paid Search,Desktop,0
S0013848,2025-11-08,C00404,Paid Search,Mobile,0
S0013849,2025-06-22,C00186,Paid Search,Mobile,0
S0013850,2025-07-12,C00075,Paid Search,Mobile,0
S0013851,2025-01-03,C00448,Organic Search,Mobile,0
S0013852,2025-10-05,C00787,Email,Desktop,0
S0013853,2025-02-25,C01053,Paid Search,Desktop,0
S0013854,2025-10-01,C00280,Organic Search,Mobile,0
S0013855,2025-06-25,C00355,Paid Search,Mobile,0
S0013856,2025-04-26,C00861,Paid Search,Mobile,0
S0013857,2025-03-25,C00590,Social Media,Mobile,0
S0013858,2025-06-08,C00202,Email,Mobile,0
S0013859,2025-10-13,C00671,Paid Search,Mobile,0
S0013860,2025-03-21,C00917,Referral,Mobile,0
S0013861,2025-03-07,C00307,Email,Mobile,0
S0013862,2025-07-28,C00695,Paid Search,Desktop,0
S0013863,2025-01-10,C00429,Paid Search,Tablet,0
S0013864,2025-07-18,C01090,Paid Search,Desktop,0
S0013865,2025-02-28,C00527,Paid Search,Mobile,0
S0013866,2025-08-22,C00631,Paid Search,Desktop,0
S0013867,2025-11-03,C00800,Social Media,Mobile,1
S0013868,2025-09-01,C00613,Social Media,Mobile,0
S0013869,2025-02-23,C00412,Direct,Mobile,0
S0013870,2025-12-03,C00409,Social Media,Desktop,0
S0013871,2025-01-09,C01001,Referral,Mobile,0
S0013872,2025-04-11,C00882,Social Media,Mobile,0
S0013873,2025-10-22,C01080,Organic Search,Mobile,0
S0013874,2025-07-22,C00967,Direct,Mobile,0
S0013875,2025-06-02,C00119,Direct,Tablet,0
S0013876,2025-04-20,C00885,Paid Search,Tablet,0
S0013877,2025-11-18,C00804,Organic Search,Mobile,0
S0013878,2025-09-23,C00082,Organic Search,Mobile,0
S0013879,2025-06-01,C00055,Paid Search,Mobile,0
S0013880,2025-03-24,C00405,Paid Search,Mobile,0
S0013881,2025-05-14,C00621,Social Media,Desktop,1
S0013882,2025-11-22,C00612,Organic Search,Desktop,0
S0013883,2025-06-09,C00966,Social Media,Mobile,0
S0013884,2025-02-08,C00517,Organic Search,Desktop,0
S0013885,2025-06-25,C00167,Email,Desktop,1
S0013886,2025-01-13,C00047,Paid Search,Mobile,0
S0013887,2025-11-11,C00502,Direct,Mobile,1
S0013888,2025-03-08,C00176,Social Media,Mobile,0
S0013889,2025-09-05,C00206,Social Media,Mobile,0
S0013890,2025-02-10,C00535,Paid Search,Desktop,0
S0013891,2025-07-03,C01006,Email,Desktop,0
S0013892,2025-02-04,C01174,Organic Search,Mobile,0
S0013893,2025-12-03,C00315,Email,Mobile,0
S0013894,2025-10-17,C00121,Referral,Desktop,0
S0013895,2025-03-17,C01120,Paid Search,Desktop,0
S0013896,2025-03-11,C00904,Direct,Mobile,0
S0013897,2025-08-22,C00761,Organic Search,Desktop,0
S0013898,2025-01-11,C01039,Email,Desktop,0
S0013899,2025-10-10,C00663,Paid Search,Mobile,0
S0013900,2025-10-31,C00176,Social Media,Desktop,0
S0013901,2025-01-24,C00357,Email,Mobile,0
S0013902,2025-10-01,C00306,Social Media,Mobile,0
S0013903,2025-01-27,C00947,Organic Search,Mobile,0
S0013904,2025-02-23,C00879,Paid Search,Desktop,0
S0013905,2025-02-24,C00466,Direct,Tablet,0
S0013906,2025-08-21,C00483,Paid Search,Mobile,1
S0013907,2025-10-04,C01076,Organic Search,Mobile,0
S0013908,2025-04-30,C00839,Direct,Mobile,1
S0013909,2025-08-13,C00172,Organic Search,Desktop,0
S0013910,2025-02-27,C00244,Organic Search,Mobile,1
S0013911,2025-09-12,C00107,Email,Mobile,0
S0013912,2025-06-25,C00843,Email,Mobile,0
S0013913,2025-02-23,C00027,Paid Search,Mobile,0
S0013914,2025-05-26,C00071,Paid Search,Desktop,0
S0013915,2025-09-16,C00027,Paid Search,Tablet,0
S0013916,2025-06-01,C01022,Social Media,Mobile,0
S0013917,2025-09-19,C00832,Paid Search,Mobile,0
S0013918,2025-01-19,C00198,Organic Search,Desktop,0
S0013919,2025-12-08,C00523,Email,Mobile,0
S0013920,2025-06-20,C00951,Email,Mobile,1
S0013921,2025-07-16,C00042,Direct,Mobile,0
S0013922,2025-03-14,C00952,Social Media,Mobile,0
S0013923,2025-10-30,C01037,Organic Search,Mobile,1
S0013924,2025-03-26,C00392,Direct,Mobile,0
S0013925,2025-10-11,C00615,Paid Search,Desktop,0
S0013926,2025-10-29,C00579,Paid Search,Mobile,1
S0013927,2025-05-12,C00279,Direct,Desktop,0
S0013928,2025-04-30,C00712,Organic Search,Mobile,0
S0013929,2025-08-04,C00917,Referral,Mobile,1
S0013930,2025-05-16,C00892,Direct,Mobile,0
S0013931,2025-04-26,C01155,Direct,Mobile,0
S0013932,2025-03-02,C01176,Email,Desktop,1
S0013933,2025-01-17,C01113,Organic Search,Desktop,0
S0013934,2025-02-03,C00654,Organic Search,Mobile,0
S0013935,2025-01-20,C00028,Direct,Mobile,0
S0013936,2025-07-27,C01039,Email,Desktop,0
S0013937,2025-06-11,C01158,Email,Mobile,1
S0013938,2025-10-26,C00905,Paid Search,Mobile,0
S0013939,2025-01-10,C00263,Organic Search,Mobile,0
S0013940,2025-04-04,C00670,Email,Mobile,0
S0013941,2025-04-17,C00938,Paid Search,Mobile,0
S0013942,2025-04-15,C00606,Paid Search,Desktop,0
S0013943,2025-03-12,C00052,Social Media,Desktop,0
S0013944,2025-03-25,C00585,Paid Search,Mobile,0
S0013945,2025-07-28,C00935,Paid Search,Mobile,0
S0013946,2025-09-16,C00829,Organic Search,Mobile,0
S0013947,2025-08-27,C00232,Email,Desktop,0
S0013948,2025-10-29,C00097,Paid Search,Mobile,0
S0013949,2025-08-20,C00787,Email,Mobile,0
S0013950,2025-10-09,C00374,Direct,Mobile,0
S0013951,2025-07-25,C00188,Referral,Desktop,0
S0013952,2025-09-21,C00849,Social Media,Mobile,0
S0013953,2025-11-07,C00568,Organic Search,Mobile,0
S0013954,2025-12-13,C01052,Social Media,Desktop,1
S0013955,2025-07-04,C00751,Organic Search,Mobile,0
S0013956,2025-04-24,C00170,Email,Mobile,0
S0013957,2025-03-20,C00414,Email,Mobile,1
S0013958,2025-12-23,C00250,Direct,Mobile,0
S0013959,2025-12-08,C00497,Referral,Mobile,0
S0013960,2025-10-28,C00697,Email,Mobile,0
S0013961,2025-02-19,C01176,Email,Mobile,0
S0013962,2025-11-16,C00975,Paid Search,Mobile,0
S0013963,2025-04-05,C00266,Email,Mobile,1
S0013964,2025-09-15,C00888,Organic Search,Mobile,0
S0013965,2025-12-17,C01194,Email,Mobile,0
S0013966,2025-03-03,C00174,Paid Search,Mobile,0
S0013967,2025-05-22,C00977,Organic Search,Desktop,0
S0013968,2025-11-26,C01157,Paid Search,Desktop,0
S0013969,2025-08-10,C00407,Organic Search,Mobile,0
S0013970,2025-12-22,C00909,Organic Search,Desktop,0
S0013971,2025-04-21,C01070,Direct,Desktop,0
S0013972,2025-04-14,C00700,Referral,Mobile,0
S0013973,2025-01-15,C00907,Organic Search,Mobile,0
S0013974,2025-09-27,C01108,Direct,Mobile,1
S0013975,2025-06-08,C00493,Paid Search,Mobile,0
S0013976,2025-06-06,C00783,Social Media,Desktop,0
S0013977,2025-01-27,C00274,Paid Search,Mobile,0
S0013978,2025-03-26,C00153,Social Media,Mobile,0
S0013979,2025-01-09,C00382,Social Media,Mobile,0
S0013980,2025-10-03,C00213,Direct,Mobile,1
S0013981,2025-08-15,C00190,Organic Search,Desktop,0
S0013982,2025-07-05,C01055,Direct,Desktop,0
S0013983,2025-03-20,C00672,Direct,Mobile,0
S0013984,2025-08-04,C00598,Organic Search,Desktop,0
S0013985,2025-02-26,C00571,Paid Search,Desktop,0
S0013986,2025-05-24,C00192,Organic Search,Desktop,0
S0013987,2025-12-22,C00241,Direct,Tablet,0
S0013988,2025-11-27,C00195,Email,Desktop,0
S0013989,2025-03-08,C00375,Email,Mobile,0
S0013990,2025-10-02,C00345,Organic Search,Mobile,0
S0013991,2025-04-15,C00532,Organic Search,Mobile,0
S0013992,2025-07-07,C00959,Social Media,Mobile,0
S0013993,2025-06-13,C00656,Organic Search,Desktop,0
S0013994,2025-09-24,C00579,Paid Search,Desktop,0
S0013995,2025-02-20,C00429,Paid Search,Mobile,0
S0013996,2025-05-06,C00316,Email,Mobile,1
S0013997,2025-03-21,C00735,Social Media,Desktop,0
S0013998,2025-07-02,C00601,Organic Search,Mobile,0
S0013999,2025-11-06,C00566,Organic Search,Mobile,0
S0014000,2025-01-17,C00441,Organic Search,Desktop,1
S0014001,2025-06-19,C00376,Referral,Mobile,1
S0014002,2025-10-07,C00956,Organic Search,Mobile,0
S0014003,2025-10-31,C00225,Email,Desktop,0
S0014004,2025-12-06,C00677,Organic Search,Desktop,0
S0014005,2025-08-02,C00061,Direct,Desktop,0
S0014006,2025-07-17,C01196,Email,Mobile,0
S0014007,2025-01-07,C00553,Direct,Desktop,0
S0014008,2025-01-11,C00108,Organic Search,Desktop,0
S0014009,2025-01-12,C00170,Email,Mobile,0
S0014010,2025-04-20,C00945,Organic Search,Mobile,0
S0014011,2025-05-13,C00439,Email,Mobile,0
S0014012,2025-05-08,C00501,Social Media,Mobile,0
S0014013,2025-05-28,C00090,Organic Search,Mobile,0
S0014014,2025-02-23,C01051,Paid Search,Mobile,0
S0014015,2025-11-07,C00650,Social Media,Desktop,0
S0014016,2025-03-20,C00448,Organic Search,Mobile,0
S0014017,2025-12-12,C00435,Organic Search,Mobile,0
S0014018,2025-04-07,C00978,Social Media,Desktop,0
S0014019,2025-09-06,C00585,Paid Search,Mobile,0
S0014020,2025-05-07,C00590,Social Media,Desktop,0
S0014021,2025-01-30,C00013,Email,Desktop,0
S0014022,2025-01-24,C00618,Referral,Mobile,0
S0014023,2025-07-20,C00911,Paid Search,Mobile,0
S0014024,2025-05-11,C00654,Organic Search,Mobile,0
S0014025,2025-05-02,C01001,Referral,Mobile,0
S0014026,2025-12-22,C00079,Paid Search,Mobile,0
S0014027,2025-11-23,C00993,Organic Search,Tablet,0
S0014028,2025-05-30,C00668,Paid Search,Mobile,0
S0014029,2025-01-14,C00018,Direct,Mobile,0
S0014030,2025-10-31,C00388,Paid Search,Mobile,0
S0014031,2025-01-29,C00857,Social Media,Desktop,0
S0014032,2025-02-19,C00198,Organic Search,Mobile,0
S0014033,2025-08-28,C01175,Email,Mobile,0
S0014034,2025-10-10,C00305,Direct,Desktop,0
S0014035,2025-12-01,C00467,Social Media,Desktop,0
S0014036,2025-12-18,C00794,Direct,Mobile,0
S0014037,2025-06-05,C00228,Email,Mobile,0
S0014038,2025-05-17,C00956,Organic Search,Mobile,0
S0014039,2025-11-23,C00589,Paid Search,Desktop,0
S0014040,2025-12-02,C00413,Organic Search,Mobile,0
S0014041,2025-06-03,C01028,Direct,Mobile,0
S0014042,2025-03-22,C00928,Social Media,Desktop,0
S0014043,2025-03-28,C00061,Direct,Desktop,0
S0014044,2025-09-21,C00630,Direct,Mobile,0
S0014045,2025-09-15,C00714,Direct,Mobile,0
S0014046,2025-07-04,C00020,Paid Search,Desktop,0
S0014047,2025-06-29,C00427,Organic Search,Desktop,0
S0014048,2025-07-05,C00641,Organic Search,Desktop,0
S0014049,2025-05-03,C00041,Organic Search,Mobile,0
S0014050,2025-04-06,C00467,Social Media,Mobile,0
S0014051,2025-04-03,C00012,Referral,Desktop,1
S0014052,2025-01-03,C00212,Paid Search,Desktop,0
S0014053,2025-01-02,C00333,Organic Search,Desktop,0
S0014054,2025-11-01,C00483,Paid Search,Mobile,0
S0014055,2025-12-23,C00727,Organic Search,Desktop,0
S0014056,2025-05-28,C00310,Social Media,Mobile,0
S0014057,2025-10-12,C00342,Referral,Desktop,0
S0014058,2025-05-25,C00760,Paid Search,Mobile,0
S0014059,2025-11-26,C00090,Organic Search,Mobile,0
S0014060,2025-12-27,C00001,Email,Desktop,1
S0014061,2025-09-19,C01111,Paid Search,Mobile,0
S0014062,2025-03-03,C00101,Organic Search,Mobile,0
S0014063,2025-08-14,C00764,Social Media,Mobile,0
S0014064,2025-01-31,C00464,Social Media,Mobile,0
S0014065,2025-07-09,C00193,Organic Search,Desktop,0
S0014066,2025-09-25,C00120,Organic Search,Mobile,0
S0014067,2025-01-12,C00201,Social Media,Mobile,1
S0014068,2025-07-10,C00718,Direct,Mobile,0
S0014069,2025-01-25,C01130,Organic Search,Mobile,0
S0014070,2025-04-01,C00825,Paid Search,Mobile,0
S0014071,2025-03-29,C00320,Paid Search,Desktop,0
S0014072,2025-11-28,C00991,Email,Desktop,0
S0014073,2025-10-01,C00537,Social Media,Mobile,0
S0014074,2025-10-28,C00034,Social Media,Desktop,0
S0014075,2025-04-21,C00516,Referral,Mobile,0
S0014076,2025-03-21,C00681,Email,Mobile,0
S0014077,2025-11-20,C00608,Paid Search,Mobile,0
S0014078,2025-05-20,C00541,Paid Search,Desktop,0
S0014079,2025-08-02,C01119,Email,Mobile,0
S0014080,2025-01-18,C00818,Organic Search,Desktop,1
S0014081,2025-02-23,C01166,Direct,Mobile,0
S0014082,2025-04-07,C00061,Direct,Mobile,0
S0014083,2025-10-10,C00810,Referral,Mobile,0
S0014084,2025-08-22,C00169,Organic Search,Desktop,0
S0014085,2025-08-28,C00668,Paid Search,Desktop,0
S0014086,2025-11-30,C00952,Social Media,Mobile,0
S0014087,2025-12-10,C00150,Referral,Mobile,0
S0014088,2025-02-23,C00713,Referral,Mobile,0
S0014089,2025-03-28,C00856,Paid Search,Mobile,0
S0014090,2025-09-18,C00689,Email,Mobile,0
S0014091,2025-08-24,C00888,Organic Search,Mobile,0
S0014092,2025-05-03,C00681,Email,Mobile,0
S0014093,2025-02-23,C00567,Organic Search,Mobile,0
S0014094,2025-08-04,C00794,Direct,Mobile,0
S0014095,2025-07-16,C00707,Referral,Desktop,0
S0014096,2025-02-08,C01051,Paid Search,Desktop,0
S0014097,2025-12-31,C00130,Organic Search,Mobile,0
S0014098,2025-08-16,C00827,Paid Search,Mobile,0
S0014099,2025-08-25,C00279,Direct,Desktop,0
S0014100,2025-05-12,C00429,Paid Search,Tablet,0
S0014101,2025-11-26,C00653,Direct,Mobile,0
S0014102,2025-11-17,C01099,Paid Search,Desktop,0
S0014103,2025-06-17,C00723,Social Media,Mobile,0
S0014104,2025-02-06,C00236,Organic Search,Mobile,0
S0014105,2025-03-08,C00952,Social Media,Mobile,0
S0014106,2025-04-21,C01050,Social Media,Desktop,0
S0014107,2025-08-07,C00205,Paid Search,Mobile,0
S0014108,2025-07-28,C00862,Social Media,Desktop,0
S0014109,2025-03-28,C01086,Organic Search,Mobile,0
S0014110,2025-10-30,C00051,Referral,Mobile,0
S0014111,2025-06-28,C00848,Organic Search,Mobile,0
S0014112,2025-01-13,C01179,Paid Search,Mobile,1
S0014113,2025-10-27,C00397,Social Media,Mobile,0
S0014114,2025-05-05,C00132,Organic Search,Mobile,0
S0014115,2025-08-21,C00558,Paid Search,Mobile,0
S0014116,2025-09-08,C00808,Direct,Mobile,0
S0014117,2025-05-06,C01088,Social Media,Mobile,0
S0014118,2025-08-23,C00838,Organic Search,Mobile,0
S0014119,2025-05-18,C00323,Organic Search,Desktop,0
S0014120,2025-02-18,C00909,Organic Search,Desktop,0
S0014121,2025-07-05,C00188,Referral,Desktop,0
S0014122,2025-07-24,C00900,Referral,Tablet,1
S0014123,2025-03-19,C00847,Paid Search,Desktop,0
S0014124,2025-07-13,C00192,Organic Search,Mobile,0
S0014125,2025-04-13,C01155,Direct,Tablet,0
S0014126,2025-04-15,C00239,Direct,Mobile,0
S0014127,2025-10-14,C00081,Social Media,Mobile,0
S0014128,2025-11-20,C00638,Social Media,Mobile,0
S0014129,2025-07-30,C01091,Paid Search,Mobile,0
S0014130,2025-09-07,C00477,Organic Search,Desktop,0
S0014131,2025-10-20,C00682,Social Media,Desktop,0
S0014132,2025-07-20,C00037,Paid Search,Mobile,0
S0014133,2025-01-24,C00511,Organic Search,Mobile,0
S0014134,2025-10-27,C00044,Social Media,Mobile,0
S0014135,2025-03-24,C00936,Email,Mobile,0
S0014136,2025-10-24,C01139,Paid Search,Mobile,0
S0014137,2025-06-28,C01073,Organic Search,Mobile,0
S0014138,2025-10-25,C00289,Social Media,Mobile,0
S0014139,2025-12-30,C01050,Social Media,Desktop,0
S0014140,2025-07-25,C00773,Email,Mobile,0
S0014141,2025-02-09,C00109,Direct,Mobile,0
S0014142,2025-10-31,C00600,Paid Search,Desktop,0
S0014143,2025-04-23,C00798,Direct,Mobile,0
S0014144,2025-12-06,C00725,Referral,Desktop,0
S0014145,2025-01-04,C00476,Paid Search,Mobile,0
S0014146,2025-04-18,C01042,Paid Search,Tablet,0
S0014147,2025-11-12,C00184,Organic Search,Desktop,0
S0014148,2025-04-24,C00795,Organic Search,Tablet,1
S0014149,2025-06-16,C00109,Direct,Desktop,0
S0014150,2025-09-18,C00897,Paid Search,Mobile,0
S0014151,2025-04-16,C00905,Paid Search,Mobile,0
S0014152,2025-08-12,C01025,Paid Search,Mobile,0
S0014153,2025-09-19,C01009,Referral,Desktop,0
S0014154,2025-09-08,C00975,Paid Search,Mobile,1
S0014155,2025-01-14,C00522,Paid Search,Desktop,0
S0014156,2025-07-17,C00002,Organic Search,Mobile,0
S0014157,2025-05-06,C00338,Social Media,Desktop,0
S0014158,2025-07-25,C00370,Paid Search,Mobile,0
S0014159,2025-05-20,C00177,Organic Search,Tablet,0
S0014160,2025-03-03,C01082,Referral,Mobile,0
S0014161,2025-10-10,C00302,Paid Search,Mobile,0
S0014162,2025-02-23,C00014,Organic Search,Mobile,0
S0014163,2025-12-12,C00980,Organic Search,Mobile,0
S0014164,2025-01-12,C00327,Organic Search,Desktop,0
S0014165,2025-05-16,C00894,Social Media,Mobile,0
S0014166,2025-11-26,C01072,Organic Search,Mobile,0
S0014167,2025-05-24,C00630,Direct,Mobile,0
S0014168,2025-10-09,C00945,Organic Search,Mobile,0
S0014169,2025-05-16,C00825,Paid Search,Mobile,0
S0014170,2025-10-28,C00089,Email,Mobile,0
S0014171,2025-08-09,C01079,Paid Search,Mobile,0
S0014172,2025-12-06,C01047,Paid Search,Desktop,0
S0014173,2025-07-28,C00332,Direct,Mobile,0
S0014174,2025-12-25,C01168,Paid Search,Mobile,0
S0014175,2025-05-03,C00902,Social Media,Desktop,0
S0014176,2025-04-26,C00608,Paid Search,Mobile,0
S0014177,2025-06-06,C00733,Social Media,Mobile,0
S0014178,2025-09-27,C00254,Paid Search,Desktop,0
S0014179,2025-01-17,C00969,Organic Search,Mobile,0
S0014180,2025-09-26,C00894,Social Media,Mobile,0
S0014181,2025-12-15,C01167,Paid Search,Mobile,0
S0014182,2025-08-07,C00360,Referral,Desktop,0
S0014183,2025-11-15,C01160,Referral,Mobile,0
S0014184,2025-08-26,C00995,Social Media,Mobile,0
S0014185,2025-02-02,C00713,Referral,Mobile,0
S0014186,2025-10-12,C00689,Email,Desktop,0
S0014187,2025-02-06,C00540,Paid Search,Mobile,0
S0014188,2025-04-13,C00740,Organic Search,Mobile,0
S0014189,2025-07-30,C01036,Social Media,Mobile,0
S0014190,2025-10-07,C00551,Organic Search,Mobile,0
S0014191,2025-05-22,C00117,Referral,Mobile,0
S0014192,2025-08-27,C00708,Paid Search,Mobile,0
S0014193,2025-08-17,C00211,Referral,Mobile,0
S0014194,2025-05-13,C00486,Organic Search,Mobile,0
S0014195,2025-05-05,C00744,Paid Search,Tablet,0
S0014196,2025-02-22,C00510,Referral,Mobile,0
S0014197,2025-03-29,C01048,Direct,Desktop,0
S0014198,2025-04-08,C00780,Referral,Desktop,0
S0014199,2025-04-05,C00755,Direct,Mobile,0
S0014200,2025-07-07,C00428,Organic Search,Desktop,0
S0014201,2025-09-13,C01031,Organic Search,Mobile,0
S0014202,2025-03-14,C00871,Organic Search,Mobile,0
S0014203,2025-12-28,C00213,Direct,Mobile,0
S0014204,2025-10-09,C00356,Paid Search,Mobile,0
S0014205,2025-01-18,C00169,Organic Search,Mobile,0
S0014206,2025-06-13,C00873,Email,Desktop,0
S0014207,2025-05-26,C00673,Organic Search,Desktop,0
S0014208,2025-11-10,C00775,Social Media,Desktop,0
S0014209,2025-09-10,C00972,Social Media,Mobile,0
S0014210,2025-06-09,C00926,Direct,Desktop,0
S0014211,2025-12-15,C00257,Email,Mobile,0
S0014212,2025-02-18,C00094,Social Media,Mobile,0
S0014213,2025-06-25,C00719,Organic Search,Mobile,0
S0014214,2025-11-23,C00222,Email,Tablet,0
S0014215,2025-03-06,C00505,Organic Search,Desktop,0
S0014216,2025-10-16,C01155,Direct,Mobile,1
S0014217,2025-02-19,C00964,Direct,Mobile,0
S0014218,2025-01-04,C01190,Referral,Mobile,0
S0014219,2025-04-29,C00088,Social Media,Tablet,0
S0014220,2025-12-06,C00609,Direct,Mobile,0
S0014221,2025-06-13,C00132,Organic Search,Mobile,0
S0014222,2025-08-11,C00734,Paid Search,Desktop,0
S0014223,2025-12-24,C00020,Paid Search,Desktop,0
S0014224,2025-06-05,C00879,Paid Search,Mobile,0
S0014225,2025-09-19,C00017,Email,Tablet,0
S0014226,2025-06-22,C01064,Social Media,Mobile,0
S0014227,2025-01-23,C00771,Organic Search,Mobile,0
S0014228,2025-03-02,C00567,Organic Search,Mobile,0
S0014229,2025-12-22,C00170,Email,Mobile,0
S0014230,2025-11-17,C00878,Direct,Mobile,0
S0014231,2025-05-14,C01046,Social Media,Tablet,0
S0014232,2025-01-24,C00396,Organic Search,Mobile,0
S0014233,2025-10-20,C00064,Referral,Desktop,0
S0014234,2025-02-14,C00526,Direct,Mobile,0
S0014235,2025-06-28,C00509,Organic Search,Mobile,0
S0014236,2025-12-22,C00542,Direct,Mobile,1
S0014237,2025-12-24,C00973,Organic Search,Mobile,0
S0014238,2025-03-04,C01069,Direct,Mobile,0
S0014239,2025-01-29,C00469,Social Media,Desktop,0
S0014240,2025-12-23,C00390,Organic Search,Desktop,0
S0014241,2025-12-31,C00180,Referral,Mobile,0
S0014242,2025-04-06,C00230,Paid Search,Mobile,0
S0014243,2025-09-23,C00794,Direct,Desktop,0
S0014244,2025-10-18,C00884,Organic Search,Desktop,0
S0014245,2025-02-24,C00796,Direct,Mobile,0
S0014246,2025-06-02,C00166,Organic Search,Mobile,1
S0014247,2025-08-07,C00904,Direct,Desktop,0
S0014248,2025-06-22,C00560,Paid Search,Desktop,0
S0014249,2025-04-06,C00818,Organic Search,Mobile,0
S0014250,2025-05-03,C00703,Email,Desktop,0
S0014251,2025-01-12,C00612,Organic Search,Desktop,0
S0014252,2025-01-04,C00001,Email,Mobile,0
S0014253,2025-12-28,C00126,Organic Search,Mobile,0
S0014254,2025-12-12,C00019,Paid Search,Tablet,0
S0014255,2025-03-08,C00129,Direct,Mobile,0
S0014256,2025-05-25,C00312,Direct,Mobile,0
S0014257,2025-03-06,C00009,Paid Search,Desktop,0
S0014258,2025-03-23,C00380,Referral,Mobile,0
S0014259,2025-04-15,C00242,Organic Search,Mobile,0
S0014260,2025-06-30,C00017,Email,Desktop,0
S0014261,2025-12-06,C01098,Direct,Mobile,0
S0014262,2025-04-15,C00010,Direct,Desktop,0
S0014263,2025-08-14,C00083,Direct,Mobile,0
S0014264,2025-01-28,C00631,Paid Search,Mobile,1
S0014265,2025-01-16,C00307,Email,Tablet,0
S0014266,2025-10-04,C00848,Organic Search,Mobile,0
S0014267,2025-11-29,C00575,Referral,Mobile,1
S0014268,2025-10-25,C00633,Paid Search,Mobile,0
S0014269,2025-02-23,C00544,Paid Search,Desktop,0
S0014270,2025-10-15,C00981,Organic Search,Mobile,0
S0014271,2025-04-24,C00602,Direct,Desktop,0
S0014272,2025-02-07,C00720,Referral,Desktop,0
S0014273,2025-08-18,C00290,Referral,Mobile,0
S0014274,2025-06-15,C00342,Referral,Mobile,0
S0014275,2025-07-01,C00467,Social Media,Desktop,1
S0014276,2025-07-24,C00670,Email,Desktop,0
S0014277,2025-09-02,C00054,Direct,Mobile,0
S0014278,2025-12-25,C00847,Paid Search,Desktop,0
S0014279,2025-11-29,C00509,Organic Search,Mobile,0
S0014280,2025-11-05,C00443,Paid Search,Mobile,0
S0014281,2025-05-01,C00861,Paid Search,Desktop,0
S0014282,2025-09-16,C01044,Organic Search,Desktop,0
S0014283,2025-07-29,C00415,Paid Search,Desktop,0
S0014284,2025-11-06,C00963,Direct,Mobile,0
S0014285,2025-10-23,C00702,Direct,Mobile,0
S0014286,2025-07-13,C00984,Referral,Mobile,0
S0014287,2025-03-09,C00175,Paid Search,Desktop,0
S0014288,2025-04-24,C00868,Social Media,Mobile,0
S0014289,2025-08-08,C00587,Organic Search,Desktop,0
S0014290,2025-08-08,C01155,Direct,Mobile,0
S0014291,2025-08-06,C01060,Social Media,Desktop,0
S0014292,2025-08-25,C00552,Direct,Mobile,0
S0014293,2025-10-25,C00163,Paid Search,Mobile,0
S0014294,2025-04-04,C01173,Paid Search,Desktop,1
S0014295,2025-09-10,C00863,Organic Search,Tablet,0
S0014296,2025-12-23,C00201,Social Media,Mobile,1
S0014297,2025-08-03,C00660,Social Media,Mobile,0
S0014298,2025-09-15,C00350,Social Media,Desktop,0
S0014299,2025-12-13,C00819,Organic Search,Mobile,0
S0014300,2025-08-28,C00132,Organic Search,Desktop,0
S0014301,2025-11-11,C00529,Paid Search,Desktop,0
S0014302,2025-08-02,C00750,Organic Search,Mobile,0
S0014303,2025-04-08,C00061,Direct,Desktop,0
S0014304,2025-01-16,C00606,Paid Search,Mobile,0
S0014305,2025-06-03,C00933,Social Media,Mobile,0
S0014306,2025-01-16,C00578,Direct,Desktop,0
S0014307,2025-07-17,C00193,Organic Search,Mobile,0
S0014308,2025-04-18,C00389,Social Media,Desktop,0
S0014309,2025-01-23,C00938,Paid Search,Mobile,0
S0014310,2025-02-11,C00186,Paid Search,Mobile,0
S0014311,2025-02-06,C00349,Email,Mobile,0
S0014312,2025-11-24,C00862,Social Media,Desktop,0
S0014313,2025-06-14,C00469,Social Media,Mobile,0
S0014314,2025-04-26,C01069,Direct,Mobile,0
S0014315,2025-05-30,C00695,Paid Search,Mobile,0
S0014316,2025-01-06,C00074,Direct,Mobile,0
S0014317,2025-02-01,C00059,Organic Search,Mobile,0
S0014318,2025-05-25,C00177,Organic Search,Desktop,0
S0014319,2025-10-21,C00758,Organic Search,Desktop,0
S0014320,2025-10-20,C00609,Direct,Desktop,0
S0014321,2025-06-26,C00712,Organic Search,Desktop,0
S0014322,2025-06-26,C00666,Email,Desktop,0
S0014323,2025-03-02,C00740,Organic Search,Mobile,0
S0014324,2025-03-18,C00029,Email,Mobile,0
S0014325,2025-03-27,C00319,Organic Search,Mobile,0
S0014326,2025-07-10,C00795,Organic Search,Mobile,0
S0014327,2025-01-07,C01199,Organic Search,Mobile,0
S0014328,2025-03-26,C00664,Email,Desktop,0
S0014329,2025-09-19,C00575,Referral,Tablet,0
S0014330,2025-09-16,C00008,Referral,Mobile,0
S0014331,2025-02-16,C00025,Referral,Desktop,0
S0014332,2025-12-07,C01192,Email,Mobile,0
S0014333,2025-04-04,C00319,Organic Search,Desktop,0
S0014334,2025-08-12,C01062,Paid Search,Mobile,0
S0014335,2025-10-06,C00237,Paid Search,Desktop,0
S0014336,2025-01-03,C00628,Email,Desktop,0
S0014337,2025-05-09,C01187,Paid Search,Desktop,0
S0014338,2025-11-19,C00873,Email,Mobile,0
S0014339,2025-09-06,C00024,Email,Mobile,0
S0014340,2025-08-17,C00981,Organic Search,Tablet,0
S0014341,2025-11-23,C00281,Referral,Desktop,0
S0014342,2025-05-11,C00695,Paid Search,Mobile,1
S0014343,2025-08-16,C01110,Paid Search,Desktop,0
S0014344,2025-06-26,C00469,Social Media,Mobile,0
S0014345,2025-11-19,C00688,Social Media,Mobile,0
S0014346,2025-11-07,C00161,Social Media,Tablet,0
S0014347,2025-01-31,C00366,Email,Desktop,0
S0014348,2025-03-07,C00461,Organic Search,Mobile,0
S0014349,2025-07-25,C00856,Paid Search,Mobile,0
S0014350,2025-04-11,C00449,Organic Search,Mobile,0
S0014351,2025-11-16,C00529,Paid Search,Mobile,0
S0014352,2025-01-31,C00995,Social Media,Mobile,0
S0014353,2025-07-10,C00695,Paid Search,Desktop,0
S0014354,2025-03-07,C00595,Organic Search,Mobile,0
S0014355,2025-10-30,C01093,Email,Mobile,0
S0014356,2025-08-23,C00349,Email,Mobile,0
S0014357,2025-10-05,C00557,Organic Search,Mobile,0
S0014358,2025-07-21,C00248,Direct,Mobile,0
S0014359,2025-12-16,C01029,Referral,Tablet,0
S0014360,2025-08-13,C01160,Referral,Mobile,0
S0014361,2025-03-24,C00994,Direct,Tablet,0
S0014362,2025-02-15,C00626,Social Media,Desktop,0
S0014363,2025-03-30,C01078,Referral,Mobile,0
S0014364,2025-07-05,C01019,Direct,Mobile,0
S0014365,2025-07-08,C01146,Paid Search,Mobile,0
S0014366,2025-09-03,C00723,Social Media,Mobile,0
S0014367,2025-02-15,C01064,Social Media,Desktop,0
S0014368,2025-09-14,C00771,Organic Search,Mobile,0
S0014369,2025-12-18,C00091,Paid Search,Mobile,0
S0014370,2025-03-02,C01136,Direct,Desktop,1
S0014371,2025-04-15,C00093,Direct,Desktop,0
S0014372,2025-12-03,C00250,Direct,Desktop,0
S0014373,2025-01-14,C00224,Organic Search,Mobile,0
S0014374,2025-10-28,C01193,Direct,Desktop,0
S0014375,2025-03-18,C01191,Paid Search,Desktop,1
S0014376,2025-08-18,C00449,Organic Search,Mobile,0
S0014377,2025-06-16,C01026,Organic Search,Mobile,0
S0014378,2025-03-07,C00444,Organic Search,Mobile,0
S0014379,2025-02-01,C01033,Paid Search,Mobile,0
S0014380,2025-04-06,C00460,Social Media,Mobile,0
S0014381,2025-02-27,C00509,Organic Search,Desktop,0
S0014382,2025-04-14,C00308,Direct,Mobile,0
S0014383,2025-11-08,C01030,Organic Search,Mobile,0
S0014384,2025-05-14,C01116,Email,Mobile,1
S0014385,2025-08-05,C00529,Paid Search,Desktop,0
S0014386,2025-03-08,C00998,Paid Search,Mobile,0
S0014387,2025-06-27,C00941,Organic Search,Mobile,0
S0014388,2025-09-04,C01089,Social Media,Desktop,0
S0014389,2025-10-21,C01118,Social Media,Mobile,0
S0014390,2025-08-23,C00752,Direct,Mobile,0
S0014391,2025-05-11,C00939,Paid Search,Mobile,0
S0014392,2025-04-22,C00198,Organic Search,Mobile,0
S0014393,2025-02-23,C00365,Email,Mobile,0
S0014394,2025-10-17,C00153,Social Media,Tablet,0
S0014395,2025-08-27,C00901,Referral,Desktop,0
S0014396,2025-08-28,C00039,Email,Desktop,0
S0014397,2025-10-22,C00050,Email,Desktop,0
S0014398,2025-04-22,C00003,Email,Desktop,0
S0014399,2025-03-29,C00503,Referral,Mobile,0
S0014400,2025-08-16,C00274,Paid Search,Desktop,0
S0014401,2025-10-31,C00973,Organic Search,Mobile,0
S0014402,2025-11-01,C00201,Social Media,Mobile,0
S0014403,2025-10-17,C00354,Paid Search,Mobile,0
S0014404,2025-07-27,C00455,Organic Search,Mobile,0
S0014405,2025-12-22,C00627,Organic Search,Desktop,0
S0014406,2025-10-01,C01128,Email,Mobile,0
S0014407,2025-03-11,C01034,Direct,Tablet,1
S0014408,2025-08-08,C00491,Organic Search,Mobile,0
S0014409,2025-08-19,C00077,Paid Search,Desktop,0
S0014410,2025-10-17,C00086,Direct,Desktop,0
S0014411,2025-11-03,C01035,Email,Mobile,0
S0014412,2025-12-27,C00756,Paid Search,Desktop,0
S0014413,2025-12-15,C01115,Organic Search,Mobile,0
S0014414,2025-09-12,C01033,Paid Search,Mobile,0
S0014415,2025-05-22,C00827,Paid Search,Desktop,0
S0014416,2025-03-10,C00954,Referral,Desktop,0
S0014417,2025-03-30,C00344,Direct,Desktop,0
S0014418,2025-12-25,C00962,Social Media,Mobile,0
S0014419,2025-05-16,C01138,Paid Search,Mobile,0
S0014420,2025-05-23,C00430,Paid Search,Mobile,0
S0014421,2025-12-05,C01014,Direct,Desktop,0
S0014422,2025-07-06,C00257,Email,Mobile,0
S0014423,2025-01-11,C00269,Social Media,Desktop,0
S0014424,2025-05-28,C00503,Referral,Mobile,0
S0014425,2025-10-19,C00889,Organic Search,Mobile,0
S0014426,2025-12-04,C00865,Organic Search,Desktop,0
S0014427,2025-02-07,C01035,Email,Desktop,0
S0014428,2025-12-11,C00560,Paid Search,Desktop,0
S0014429,2025-07-27,C01118,Social Media,Mobile,0
S0014430,2025-07-29,C00590,Social Media,Mobile,0
S0014431,2025-01-01,C00179,Email,Mobile,0
S0014432,2025-12-26,C00405,Paid Search,Desktop,0
S0014433,2025-03-06,C00267,Organic Search,Mobile,0
S0014434,2025-01-01,C00360,Referral,Mobile,0
S0014435,2025-08-31,C01134,Referral,Mobile,0
S0014436,2025-11-12,C00329,Paid Search,Desktop,0
S0014437,2025-01-25,C00583,Social Media,Mobile,0
S0014438,2025-12-13,C01045,Organic Search,Desktop,0
S0014439,2025-02-19,C00788,Direct,Mobile,0
S0014440,2025-12-14,C00262,Social Media,Mobile,0
S0014441,2025-08-29,C01002,Organic Search,Desktop,0
S0014442,2025-02-01,C00544,Paid Search,Tablet,0
S0014443,2025-02-02,C00504,Direct,Desktop,0
S0014444,2025-07-19,C00594,Organic Search,Mobile,0
S0014445,2025-08-22,C00107,Email,Tablet,0
S0014446,2025-01-26,C00678,Organic Search,Mobile,0
S0014447,2025-02-11,C00587,Organic Search,Mobile,0
S0014448,2025-03-02,C01195,Email,Desktop,0
S0014449,2025-02-10,C00723,Social Media,Mobile,0
S0014450,2025-05-10,C00432,Email,Desktop,0
S0014451,2025-12-21,C00584,Email,Mobile,0
S0014452,2025-12-20,C00402,Social Media,Desktop,0
S0014453,2025-07-17,C00926,Direct,Desktop,0
S0014454,2025-10-14,C00764,Social Media,Mobile,0
S0014455,2025-05-31,C00368,Paid Search,Desktop,0
S0014456,2025-07-23,C00787,Email,Desktop,0
S0014457,2025-07-01,C01164,Organic Search,Mobile,0
S0014458,2025-07-26,C00332,Direct,Mobile,0
S0014459,2025-05-27,C00967,Direct,Mobile,0
S0014460,2025-07-23,C00751,Organic Search,Desktop,0
S0014461,2025-02-17,C00178,Organic Search,Mobile,0
S0014462,2025-09-15,C01115,Organic Search,Desktop,0
S0014463,2025-05-19,C00365,Email,Desktop,0
S0014464,2025-06-21,C01039,Email,Mobile,0
S0014465,2025-04-11,C00113,Social Media,Mobile,1
S0014466,2025-07-06,C00446,Organic Search,Mobile,0
S0014467,2025-11-11,C00181,Social Media,Mobile,0
S0014468,2025-10-21,C01185,Email,Mobile,0
S0014469,2025-12-29,C00349,Email,Mobile,0
S0014470,2025-01-21,C00444,Organic Search,Mobile,0
S0014471,2025-10-25,C01034,Direct,Desktop,0
S0014472,2025-01-10,C00574,Social Media,Tablet,0
S0014473,2025-07-06,C00594,Organic Search,Mobile,0
S0014474,2025-05-13,C00329,Paid Search,Mobile,0
S0014475,2025-02-02,C00862,Social Media,Desktop,0
S0014476,2025-03-10,C00006,Organic Search,Tablet,0
S0014477,2025-03-21,C00924,Email,Desktop,0
S0014478,2025-07-10,C00859,Paid Search,Mobile,0
S0014479,2025-04-11,C00916,Organic Search,Desktop,0
S0014480,2025-10-12,C00827,Paid Search,Mobile,0
S0014481,2025-08-09,C00261,Organic Search,Desktop,0
S0014482,2025-02-22,C00930,Referral,Mobile,0
S0014483,2025-06-09,C01002,Organic Search,Mobile,0
S0014484,2025-02-11,C00760,Paid Search,Desktop,0
S0014485,2025-02-16,C00320,Paid Search,Desktop,0
S0014486,2025-06-08,C00506,Direct,Mobile,0
S0014487,2025-07-03,C01121,Organic Search,Desktop,0
S0014488,2025-09-03,C01025,Paid Search,Mobile,0
S0014489,2025-01-11,C00182,Social Media,Mobile,0
S0014490,2025-06-03,C00881,Social Media,Desktop,0
S0014491,2025-08-08,C00006,Organic Search,Mobile,0
S0014492,2025-06-04,C00261,Organic Search,Mobile,0
S0014493,2025-12-05,C00155,Social Media,Desktop,0
S0014494,2025-12-31,C00338,Social Media,Mobile,0
S0014495,2025-10-10,C00288,Referral,Mobile,0
S0014496,2025-07-06,C00922,Social Media,Mobile,0
S0014497,2025-03-03,C01051,Paid Search,Tablet,0
S0014498,2025-05-28,C00576,Organic Search,Mobile,0
S0014499,2025-05-24,C01013,Email,Mobile,0
S0014500,2025-04-13,C00667,Email,Mobile,0
S0014501,2025-10-27,C00744,Paid Search,Mobile,0
S0014502,2025-04-03,C00130,Organic Search,Mobile,0
S0014503,2025-10-13,C00476,Paid Search,Mobile,0
S0014504,2025-04-29,C00689,Email,Mobile,0
S0014505,2025-01-29,C00289,Social Media,Desktop,0
S0014506,2025-01-30,C00019,Paid Search,Desktop,0
S0014507,2025-12-26,C00747,Organic Search,Desktop,0
S0014508,2025-10-15,C00129,Direct,Mobile,0
S0014509,2025-05-18,C00628,Email,Desktop,0
S0014510,2025-02-20,C00544,Paid Search,Mobile,1
S0014511,2025-10-19,C00766,Email,Desktop,0
S0014512,2025-08-22,C00018,Direct,Desktop,0
S0014513,2025-02-24,C00867,Social Media,Desktop,0
S0014514,2025-10-19,C00760,Paid Search,Mobile,0
S0014515,2025-08-28,C00351,Referral,Mobile,0
S0014516,2025-11-08,C00313,Social Media,Tablet,0
S0014517,2025-02-05,C01027,Social Media,Mobile,0
S0014518,2025-03-30,C00468,Social Media,Desktop,0
S0014519,2025-07-31,C00863,Organic Search,Mobile,0
S0014520,2025-11-14,C01167,Paid Search,Mobile,1
S0014521,2025-12-31,C00593,Organic Search,Desktop,0
S0014522,2025-09-02,C00050,Email,Desktop,0
S0014523,2025-03-28,C00935,Paid Search,Mobile,0
S0014524,2025-08-28,C01136,Direct,Mobile,0
S0014525,2025-11-16,C00405,Paid Search,Desktop,0
S0014526,2025-07-07,C00706,Social Media,Mobile,0
S0014527,2025-02-26,C00205,Paid Search,Mobile,0
S0014528,2025-04-23,C00931,Social Media,Mobile,0
S0014529,2025-08-11,C00185,Paid Search,Mobile,0
S0014530,2025-03-11,C00916,Organic Search,Desktop,0
S0014531,2025-08-15,C00411,Direct,Tablet,0
S0014532,2025-09-13,C00335,Direct,Desktop,1
S0014533,2025-06-29,C00866,Organic Search,Mobile,0
S0014534,2025-07-03,C00705,Social Media,Mobile,1
S0014535,2025-07-10,C01139,Paid Search,Mobile,0
S0014536,2025-08-20,C01186,Paid Search,Desktop,0
S0014537,2025-10-03,C00726,Referral,Desktop,0
S0014538,2025-08-21,C00952,Social Media,Mobile,0
S0014539,2025-02-23,C00219,Organic Search,Desktop,0
S0014540,2025-09-14,C00325,Organic Search,Mobile,0
S0014541,2025-03-31,C01066,Direct,Mobile,0
S0014542,2025-08-14,C01098,Direct,Mobile,0
S0014543,2025-09-04,C00483,Paid Search,Mobile,0
S0014544,2025-05-31,C00732,Referral,Mobile,1
S0014545,2025-04-23,C00707,Referral,Mobile,0
S0014546,2025-09-26,C01197,Paid Search,Mobile,0
S0014547,2025-06-06,C00517,Organic Search,Mobile,0
S0014548,2025-12-13,C00898,Email,Mobile,1
S0014549,2025-12-17,C01037,Organic Search,Desktop,0
S0014550,2025-10-26,C00014,Organic Search,Mobile,0
S0014551,2025-06-08,C00009,Paid Search,Mobile,0
S0014552,2025-11-26,C00354,Paid Search,Desktop,0
S0014553,2025-08-13,C00263,Organic Search,Desktop,0
S0014554,2025-01-14,C00569,Social Media,Mobile,0
S0014555,2025-12-21,C00085,Organic Search,Mobile,0
S0014556,2025-04-19,C00250,Direct,Mobile,0
S0014557,2025-04-06,C00892,Direct,Desktop,0
S0014558,2025-07-14,C00851,Email,Mobile,1
S0014559,2025-02-27,C00247,Paid Search,Tablet,0
S0014560,2025-12-18,C00134,Social Media,Mobile,0
S0014561,2025-10-21,C01044,Organic Search,Mobile,0
S0014562,2025-06-03,C00759,Direct,Mobile,0
S0014563,2025-03-05,C00394,Social Media,Desktop,0
S0014564,2025-06-07,C00460,Social Media,Desktop,0
S0014565,2025-09-22,C01061,Organic Search,Mobile,0
S0014566,2025-05-01,C00304,Direct,Mobile,0
S0014567,2025-10-15,C00214,Direct,Desktop,0
S0014568,2025-01-11,C01006,Email,Mobile,0
S0014569,2025-08-02,C01194,Email,Tablet,0
S0014570,2025-06-11,C00566,Organic Search,Mobile,0
S0014571,2025-04-15,C00884,Organic Search,Mobile,1
S0014572,2025-05-27,C00680,Email,Mobile,0
S0014573,2025-07-01,C00056,Direct,Mobile,0
S0014574,2025-12-04,C00656,Organic Search,Mobile,0
S0014575,2025-02-06,C01176,Email,Desktop,0
S0014576,2025-03-23,C00210,Paid Search,Mobile,0
S0014577,2025-01-12,C00416,Referral,Desktop,0
S0014578,2025-01-04,C00561,Paid Search,Mobile,0
S0014579,2025-02-12,C00202,Email,Desktop,0
S0014580,2025-02-20,C00143,Direct,Mobile,0
S0014581,2025-09-18,C00912,Direct,Desktop,0
S0014582,2025-05-14,C00015,Social Media,Desktop,0
S0014583,2025-03-28,C00392,Direct,Mobile,0
S0014584,2025-12-28,C00006,Organic Search,Desktop,0
S0014585,2025-02-25,C00215,Social Media,Tablet,0
S0014586,2025-08-05,C00463,Organic Search,Mobile,0
S0014587,2025-03-09,C00707,Referral,Desktop,0
S0014588,2025-12-18,C01003,Paid Search,Mobile,0
S0014589,2025-02-13,C00980,Organic Search,Mobile,0
S0014590,2025-05-23,C00321,Organic Search,Desktop,0
S0014591,2025-12-12,C00879,Paid Search,Mobile,0
S0014592,2025-02-11,C00592,Email,Mobile,0
S0014593,2025-05-19,C00162,Social Media,Desktop,0
S0014594,2025-03-14,C00365,Email,Mobile,0
S0014595,2025-09-24,C00701,Social Media,Mobile,1
S0014596,2025-07-13,C00524,Direct,Mobile,0
S0014597,2025-06-04,C00932,Organic Search,Mobile,0
S0014598,2025-09-03,C00969,Organic Search,Mobile,0
S0014599,2025-11-10,C00064,Referral,Mobile,1
S0014600,2025-08-06,C00399,Social Media,Mobile,0
S0014601,2025-09-10,C00657,Direct,Mobile,0
S0014602,2025-10-04,C00879,Paid Search,Mobile,0
S0014603,2025-10-04,C01096,Referral,Mobile,1
S0014604,2025-03-13,C01152,Direct,Mobile,0
S0014605,2025-05-09,C01017,Referral,Desktop,1
S0014606,2025-12-24,C00036,Paid Search,Mobile,0
S0014607,2025-07-05,C01134,Referral,Desktop,0
S0014608,2025-01-13,C00095,Social Media,Desktop,0
S0014609,2025-11-25,C00347,Social Media,Mobile,0
S0014610,2025-08-08,C00490,Referral,Mobile,0
S0014611,2025-01-06,C00567,Organic Search,Desktop,0
S0014612,2025-08-27,C00722,Paid Search,Tablet,0
S0014613,2025-04-22,C00976,Email,Mobile,0
S0014614,2025-08-16,C00089,Email,Mobile,0
S0014615,2025-01-17,C00287,Social Media,Desktop,0
S0014616,2025-03-14,C00355,Paid Search,Mobile,0
S0014617,2025-01-12,C01022,Social Media,Desktop,0
S0014618,2025-03-27,C00636,Social Media,Desktop,0
S0014619,2025-06-29,C00665,Direct,Mobile,0
S0014620,2025-05-02,C00988,Social Media,Mobile,0
S0014621,2025-07-23,C00115,Direct,Mobile,0
S0014622,2025-03-11,C00353,Paid Search,Mobile,0
S0014623,2025-04-18,C00023,Social Media,Mobile,1
S0014624,2025-07-20,C01093,Email,Mobile,0
S0014625,2025-02-21,C00443,Paid Search,Mobile,0
S0014626,2025-02-06,C01070,Direct,Mobile,0
S0014627,2025-04-27,C00993,Organic Search,Desktop,0
S0014628,2025-09-16,C00545,Email,Mobile,0
S0014629,2025-09-21,C00230,Paid Search,Tablet,0
S0014630,2025-10-30,C00827,Paid Search,Desktop,1
S0014631,2025-03-05,C00662,Organic Search,Mobile,0
S0014632,2025-02-11,C00166,Organic Search,Mobile,0
S0014633,2025-02-12,C00531,Organic Search,Mobile,0
S0014634,2025-05-05,C00464,Social Media,Mobile,0
S0014635,2025-09-27,C00402,Social Media,Mobile,0
S0014636,2025-12-13,C00539,Paid Search,Desktop,0
S0014637,2025-08-21,C01160,Referral,Tablet,0
S0014638,2025-05-12,C00523,Email,Desktop,0
S0014639,2025-01-02,C01001,Referral,Mobile,0
S0014640,2025-04-25,C00673,Organic Search,Mobile,0
S0014641,2025-01-01,C00211,Referral,Mobile,0
S0014642,2025-11-27,C00779,Direct,Mobile,0
S0014643,2025-03-06,C00678,Organic Search,Desktop,1
S0014644,2025-05-05,C01111,Paid Search,Mobile,0
S0014645,2025-09-13,C00988,Social Media,Desktop,0
S0014646,2025-11-18,C00940,Organic Search,Desktop,0
S0014647,2025-05-23,C00048,Direct,Mobile,0
S0014648,2025-11-24,C00894,Social Media,Mobile,0
S0014649,2025-09-03,C00411,Direct,Mobile,1
S0014650,2025-04-26,C00547,Paid Search,Mobile,0
S0014651,2025-10-30,C00245,Direct,Mobile,0
S0014652,2025-03-31,C00656,Organic Search,Desktop,0
S0014653,2025-10-23,C00594,Organic Search,Mobile,0
S0014654,2025-02-11,C00121,Referral,Mobile,0
S0014655,2025-02-04,C00041,Organic Search,Mobile,0
S0014656,2025-02-10,C00027,Paid Search,Desktop,0
S0014657,2025-12-07,C01013,Email,Tablet,0
S0014658,2025-05-04,C00259,Organic Search,Mobile,0
S0014659,2025-02-26,C01042,Paid Search,Tablet,0
S0014660,2025-10-21,C01146,Paid Search,Mobile,0
S0014661,2025-08-23,C00442,Social Media,Desktop,0
S0014662,2025-04-06,C00108,Organic Search,Mobile,0
S0014663,2025-11-15,C01184,Email,Mobile,0
S0014664,2025-12-09,C00448,Organic Search,Mobile,0
S0014665,2025-05-12,C00660,Social Media,Mobile,0
S0014666,2025-06-25,C00365,Email,Desktop,0
S0014667,2025-02-21,C01012,Social Media,Mobile,0
S0014668,2025-02-07,C00292,Organic Search,Desktop,0
S0014669,2025-12-09,C00820,Organic Search,Desktop,0
S0014670,2025-01-05,C00324,Email,Mobile,0
S0014671,2025-08-01,C00344,Direct,Mobile,0
S0014672,2025-04-30,C00155,Social Media,Desktop,0
S0014673,2025-11-22,C00927,Paid Search,Mobile,0
S0014674,2025-07-28,C00252,Organic Search,Tablet,0
S0014675,2025-08-05,C00674,Organic Search,Mobile,0
S0014676,2025-01-24,C00832,Paid Search,Mobile,0
S0014677,2025-12-08,C00911,Paid Search,Mobile,0
S0014678,2025-07-24,C00784,Referral,Desktop,0
S0014679,2025-08-14,C00088,Social Media,Mobile,0
S0014680,2025-08-06,C00239,Direct,Desktop,0
S0014681,2025-07-30,C01079,Paid Search,Desktop,0
S0014682,2025-01-26,C00492,Email,Mobile,0
S0014683,2025-09-09,C00838,Organic Search,Mobile,0
S0014684,2025-01-03,C00328,Email,Desktop,0
S0014685,2025-01-02,C01056,Referral,Desktop,0
S0014686,2025-04-02,C00426,Social Media,Mobile,0
S0014687,2025-01-02,C00152,Organic Search,Mobile,0
S0014688,2025-05-30,C00904,Direct,Mobile,0
S0014689,2025-03-12,C01123,Referral,Desktop,0
S0014690,2025-01-04,C00426,Social Media,Mobile,0
S0014691,2025-02-07,C00398,Direct,Mobile,0
S0014692,2025-12-25,C00754,Direct,Mobile,0
S0014693,2025-03-11,C00516,Referral,Mobile,0
S0014694,2025-07-20,C01134,Referral,Mobile,0
S0014695,2025-11-04,C01124,Referral,Mobile,1
S0014696,2025-09-09,C00994,Direct,Desktop,0
S0014697,2025-10-14,C01068,Direct,Mobile,1
S0014698,2025-10-19,C01119,Email,Mobile,0
S0014699,2025-06-03,C01099,Paid Search,Desktop,0
S0014700,2025-05-13,C00394,Social Media,Tablet,0
S0014701,2025-03-15,C00200,Direct,Tablet,0
S0014702,2025-10-01,C00500,Organic Search,Desktop,0
S0014703,2025-09-28,C00038,Paid Search,Desktop,0
S0014704,2025-07-04,C00266,Email,Desktop,0
S0014705,2025-12-19,C00178,Organic Search,Mobile,0
S0014706,2025-01-05,C01008,Organic Search,Mobile,0
S0014707,2025-10-20,C00317,Referral,Desktop,0
S0014708,2025-12-26,C00014,Organic Search,Mobile,0
S0014709,2025-03-27,C00429,Paid Search,Desktop,0
S0014710,2025-08-02,C00205,Paid Search,Desktop,1
S0014711,2025-01-15,C00774,Social Media,Desktop,0
S0014712,2025-09-30,C00291,Social Media,Mobile,0
S0014713,2025-02-20,C00592,Email,Mobile,0
S0014714,2025-09-10,C00179,Email,Tablet,1
S0014715,2025-02-14,C00032,Paid Search,Mobile,0
S0014716,2025-07-10,C00264,Direct,Mobile,0
S0014717,2025-05-02,C00604,Social Media,Mobile,0
S0014718,2025-07-06,C00229,Paid Search,Mobile,0
S0014719,2025-08-02,C00131,Social Media,Mobile,0
S0014720,2025-05-29,C00879,Paid Search,Tablet,0
S0014721,2025-06-19,C01141,Social Media,Mobile,0
S0014722,2025-07-28,C00757,Paid Search,Mobile,0
S0014723,2025-03-23,C00128,Paid Search,Mobile,0
S0014724,2025-07-15,C01114,Organic Search,Desktop,0
S0014725,2025-09-03,C00835,Paid Search,Mobile,0
S0014726,2025-12-11,C01166,Direct,Mobile,0
S0014727,2025-12-23,C00327,Organic Search,Desktop,1
S0014728,2025-02-09,C00492,Email,Desktop,0
S0014729,2025-06-17,C00020,Paid Search,Mobile,0
S0014730,2025-02-12,C00833,Paid Search,Desktop,0
S0014731,2025-11-25,C00862,Social Media,Mobile,0
S0014732,2025-07-30,C00095,Social Media,Desktop,0
S0014733,2025-06-28,C00284,Organic Search,Desktop,0
S0014734,2025-01-23,C00908,Email,Desktop,0
S0014735,2025-04-05,C00429,Paid Search,Mobile,0
S0014736,2025-06-09,C01158,Email,Desktop,0
S0014737,2025-09-01,C00890,Organic Search,Mobile,1
S0014738,2025-01-17,C01180,Paid Search,Mobile,0
S0014739,2025-04-22,C00140,Social Media,Mobile,0
S0014740,2025-04-13,C00578,Direct,Mobile,0
S0014741,2025-11-10,C00326,Paid Search,Mobile,0
S0014742,2025-03-27,C00429,Paid Search,Desktop,0
S0014743,2025-02-04,C00147,Paid Search,Desktop,0
S0014744,2025-01-30,C00707,Referral,Desktop,0
S0014745,2025-07-11,C00775,Social Media,Mobile,0
S0014746,2025-06-28,C00695,Paid Search,Mobile,0
S0014747,2025-04-14,C01093,Email,Mobile,0
S0014748,2025-06-14,C00021,Paid Search,Desktop,1
S0014749,2025-05-02,C00562,Organic Search,Mobile,0
S0014750,2025-05-14,C00452,Email,Mobile,0
S0014751,2025-10-17,C00268,Referral,Mobile,0
S0014752,2025-11-08,C00057,Organic Search,Desktop,0
S0014753,2025-08-12,C00573,Email,Tablet,0
S0014754,2025-01-25,C01087,Paid Search,Mobile,0
S0014755,2025-01-13,C00203,Social Media,Desktop,0
S0014756,2025-11-15,C00437,Organic Search,Desktop,0
S0014757,2025-08-18,C00444,Organic Search,Mobile,0
S0014758,2025-04-12,C00958,Referral,Mobile,0
S0014759,2025-07-22,C00971,Email,Desktop,1
S0014760,2025-09-24,C00130,Organic Search,Desktop,0
S0014761,2025-12-31,C00038,Paid Search,Mobile,0
S0014762,2025-08-10,C00991,Email,Mobile,0
S0014763,2025-04-14,C00567,Organic Search,Desktop,0
S0014764,2025-04-21,C00287,Social Media,Mobile,0
S0014765,2025-03-10,C00355,Paid Search,Mobile,1
S0014766,2025-12-24,C01169,Organic Search,Desktop,0
S0014767,2025-09-15,C01102,Organic Search,Desktop,0
S0014768,2025-06-17,C00053,Social Media,Desktop,0
S0014769,2025-10-20,C00739,Paid Search,Desktop,0
S0014770,2025-02-18,C00154,Paid Search,Mobile,0
S0014771,2025-09-07,C00581,Organic Search,Desktop,0
S0014772,2025-11-27,C01034,Direct,Mobile,0
S0014773,2025-03-16,C00261,Organic Search,Mobile,0
S0014774,2025-07-20,C00835,Paid Search,Mobile,0
S0014775,2025-02-03,C00860,Referral,Mobile,0
S0014776,2025-11-10,C00840,Referral,Tablet,0
S0014777,2025-04-21,C00489,Paid Search,Desktop,0
S0014778,2025-12-18,C00545,Email,Mobile,0
S0014779,2025-11-12,C00763,Paid Search,Mobile,0
S0014780,2025-08-25,C00733,Social Media,Mobile,0
S0014781,2025-02-01,C00375,Email,Tablet,0
S0014782,2025-07-28,C00127,Paid Search,Desktop,1
S0014783,2025-05-12,C01171,Social Media,Desktop,0
S0014784,2025-04-16,C00144,Social Media,Tablet,0
S0014785,2025-02-02,C00821,Referral,Mobile,1
S0014786,2025-02-12,C00217,Social Media,Mobile,0
S0014787,2025-04-17,C00949,Social Media,Mobile,0
S0014788,2025-09-22,C00904,Direct,Tablet,0
S0014789,2025-08-14,C00327,Organic Search,Mobile,0
S0014790,2025-06-28,C00577,Referral,Mobile,0
S0014791,2025-08-10,C00882,Social Media,Mobile,1
S0014792,2025-05-05,C00858,Direct,Mobile,0
S0014793,2025-10-03,C01077,Email,Desktop,0
S0014794,2025-06-16,C00597,Social Media,Desktop,0
S0014795,2025-05-31,C00688,Social Media,Desktop,0
S0014796,2025-02-10,C00016,Organic Search,Mobile,0
S0014797,2025-10-27,C00734,Paid Search,Mobile,0
S0014798,2025-02-04,C00785,Direct,Mobile,0
S0014799,2025-11-10,C00097,Paid Search,Desktop,0
S0014800,2025-10-31,C00210,Paid Search,Mobile,0
S0014801,2025-08-19,C00276,Organic Search,Mobile,0
S0014802,2025-08-03,C00832,Paid Search,Mobile,0
S0014803,2025-11-10,C00805,Paid Search,Mobile,0
S0014804,2025-04-11,C00076,Direct,Mobile,0
S0014805,2025-02-26,C00741,Referral,Desktop,0
S0014806,2025-08-03,C01027,Social Media,Mobile,0
S0014807,2025-06-05,C00414,Email,Desktop,0
S0014808,2025-03-05,C00849,Social Media,Desktop,0
S0014809,2025-03-03,C00271,Referral,Desktop,0
S0014810,2025-12-05,C00355,Paid Search,Mobile,0
S0014811,2025-03-03,C00252,Organic Search,Mobile,0
S0014812,2025-04-04,C00689,Email,Desktop,0
S0014813,2025-12-07,C00772,Organic Search,Mobile,0
S0014814,2025-01-26,C00523,Email,Mobile,1
S0014815,2025-05-01,C00508,Paid Search,Mobile,0
S0014816,2025-02-19,C01020,Paid Search,Mobile,0
S0014817,2025-09-09,C00502,Direct,Mobile,0
S0014818,2025-02-05,C00077,Paid Search,Mobile,0
S0014819,2025-10-16,C00458,Paid Search,Desktop,0
S0014820,2025-04-10,C00912,Direct,Desktop,0
S0014821,2025-11-20,C00957,Social Media,Desktop,0
S0014822,2025-11-25,C00127,Paid Search,Mobile,0
S0014823,2025-05-16,C01035,Email,Desktop,0
S0014824,2025-07-13,C01096,Referral,Desktop,1
S0014825,2025-08-09,C00165,Paid Search,Mobile,0
S0014826,2025-10-06,C00136,Organic Search,Mobile,0
S0014827,2025-11-22,C00788,Direct,Desktop,0
S0014828,2025-02-24,C01168,Paid Search,Tablet,0
S0014829,2025-04-20,C00547,Paid Search,Desktop,0
S0014830,2025-05-29,C00113,Social Media,Mobile,0
S0014831,2025-09-22,C00698,Paid Search,Mobile,0
S0014832,2025-06-11,C00338,Social Media,Mobile,0
S0014833,2025-07-06,C00923,Social Media,Desktop,0
S0014834,2025-05-09,C00270,Organic Search,Mobile,0
S0014835,2025-04-18,C00907,Organic Search,Desktop,0
S0014836,2025-03-09,C01050,Social Media,Desktop,0
S0014837,2025-03-07,C00366,Email,Desktop,0
S0014838,2025-05-24,C00243,Social Media,Desktop,0
S0014839,2025-02-22,C00130,Organic Search,Mobile,1
S0014840,2025-05-08,C00703,Email,Desktop,1
S0014841,2025-11-17,C00819,Organic Search,Desktop,0
S0014842,2025-07-26,C01141,Social Media,Tablet,0
S0014843,2025-11-16,C00904,Direct,Desktop,0
S0014844,2025-08-04,C00231,Organic Search,Mobile,0
S0014845,2025-03-09,C00454,Organic Search,Mobile,0
S0014846,2025-03-03,C01091,Paid Search,Mobile,0
S0014847,2025-07-29,C00474,Social Media,Desktop,0
S0014848,2025-12-03,C00171,Paid Search,Tablet,0
S0014849,2025-11-23,C00645,Paid Search,Desktop,0
S0014850,2025-02-21,C00023,Social Media,Desktop,0
S0014851,2025-04-26,C01051,Paid Search,Desktop,0
S0014852,2025-03-06,C00978,Social Media,Desktop,0
S0014853,2025-05-10,C00027,Paid Search,Mobile,0
S0014854,2025-06-26,C00319,Organic Search,Mobile,0
S0014855,2025-10-05,C01082,Referral,Mobile,0
S0014856,2025-06-12,C00351,Referral,Mobile,0
S0014857,2025-11-28,C00808,Direct,Mobile,0
S0014858,2025-06-01,C00668,Paid Search,Desktop,0
S0014859,2025-12-16,C00483,Paid Search,Mobile,0
S0014860,2025-08-24,C00142,Organic Search,Desktop,0
S0014861,2025-06-07,C00235,Email,Tablet,0
S0014862,2025-11-23,C00352,Email,Mobile,0
S0014863,2025-04-16,C00151,Paid Search,Mobile,0
S0014864,2025-11-02,C00276,Organic Search,Mobile,0
S0014865,2025-09-12,C00051,Referral,Desktop,0
S0014866,2025-12-24,C01175,Email,Desktop,0
S0014867,2025-04-23,C00305,Direct,Desktop,0
S0014868,2025-01-30,C00388,Paid Search,Mobile,0
S0014869,2025-01-12,C00998,Paid Search,Desktop,0
S0014870,2025-06-26,C00858,Direct,Mobile,0
S0014871,2025-12-04,C00305,Direct,Mobile,0
S0014872,2025-02-15,C00455,Organic Search,Desktop,0
S0014873,2025-06-20,C00107,Email,Desktop,0
S0014874,2025-05-10,C00025,Referral,Mobile,0
S0014875,2025-09-02,C00418,Direct,Mobile,0
S0014876,2025-12-19,C00662,Organic Search,Mobile,0
S0014877,2025-07-22,C00290,Referral,Mobile,0
S0014878,2025-08-14,C00084,Direct,Mobile,0
S0014879,2025-03-21,C00283,Paid Search,Mobile,0
S0014880,2025-11-06,C00193,Organic Search,Mobile,0
S0014881,2025-02-04,C00622,Email,Desktop,0
S0014882,2025-02-21,C00830,Direct,Mobile,0
S0014883,2025-06-10,C00822,Social Media,Mobile,0
S0014884,2025-03-25,C01049,Paid Search,Mobile,0
S0014885,2025-11-24,C00323,Organic Search,Mobile,0
S0014886,2025-01-26,C00890,Organic Search,Mobile,0
S0014887,2025-08-13,C00348,Paid Search,Mobile,0
S0014888,2025-11-13,C00359,Organic Search,Mobile,0
S0014889,2025-06-03,C01200,Email,Desktop,0
S0014890,2025-10-20,C01191,Paid Search,Mobile,0
S0014891,2025-04-05,C00550,Email,Desktop,0
S0014892,2025-08-13,C00096,Direct,Desktop,0
S0014893,2025-09-24,C01143,Social Media,Mobile,0
S0014894,2025-02-10,C00348,Paid Search,Desktop,0
S0014895,2025-05-13,C00887,Email,Desktop,0
S0014896,2025-03-07,C00272,Paid Search,Mobile,0
S0014897,2025-07-29,C00339,Email,Desktop,0
S0014898,2025-06-02,C01006,Email,Mobile,0
S0014899,2025-06-21,C00679,Paid Search,Mobile,0
S0014900,2025-11-21,C01077,Email,Mobile,1
S0014901,2025-02-28,C01004,Referral,Mobile,0
S0014902,2025-07-03,C00463,Organic Search,Mobile,0
S0014903,2025-06-29,C00108,Organic Search,Mobile,0
S0014904,2025-11-18,C00382,Social Media,Mobile,0
S0014905,2025-11-20,C00547,Paid Search,Desktop,0
S0014906,2025-01-12,C00074,Direct,Desktop,0
S0014907,2025-03-09,C01099,Paid Search,Mobile,1
S0014908,2025-11-25,C00600,Paid Search,Mobile,1
S0014909,2025-07-21,C00020,Paid Search,Mobile,0
S0014910,2025-01-06,C00680,Email,Tablet,0
S0014911,2025-01-15,C00465,Social Media,Mobile,0
S0014912,2025-02-11,C00540,Paid Search,Mobile,0
S0014913,2025-01-31,C01090,Paid Search,Desktop,0
S0014914,2025-06-30,C00363,Organic Search,Tablet,0
S0014915,2025-09-19,C00102,Organic Search,Mobile,0
S0014916,2025-10-16,C00648,Paid Search,Tablet,1
S0014917,2025-01-21,C00624,Referral,Mobile,0
S0014918,2025-07-01,C00488,Paid Search,Mobile,0
S0014919,2025-07-03,C01144,Social Media,Desktop,0
S0014920,2025-09-01,C00559,Organic Search,Mobile,0
S0014921,2025-12-16,C00278,Direct,Mobile,0
S0014922,2025-05-29,C00781,Organic Search,Desktop,0
S0014923,2025-09-13,C00148,Social Media,Mobile,0
S0014924,2025-04-10,C00754,Direct,Mobile,0
S0014925,2025-02-24,C00066,Paid Search,Desktop,1
S0014926,2025-07-05,C01131,Social Media,Mobile,0
S0014927,2025-11-16,C00945,Organic Search,Mobile,0
S0014928,2025-03-27,C00394,Social Media,Tablet,0
S0014929,2025-06-23,C00537,Social Media,Mobile,0
S0014930,2025-01-22,C00683,Social Media,Mobile,0
S0014931,2025-09-01,C00031,Organic Search,Mobile,0
S0014932,2025-03-01,C00303,Direct,Mobile,0
S0014933,2025-04-14,C00122,Organic Search,Mobile,0
S0014934,2025-05-19,C00847,Paid Search,Desktop,0
S0014935,2025-10-30,C00414,Email,Mobile,0
S0014936,2025-06-08,C01046,Social Media,Mobile,0
S0014937,2025-08-20,C00026,Referral,Desktop,1
S0014938,2025-03-18,C00776,Social Media,Desktop,0
S0014939,2025-01-18,C00510,Referral,Mobile,0
S0014940,2025-01-22,C01123,Referral,Desktop,0
S0014941,2025-07-03,C00786,Organic Search,Mobile,0
S0014942,2025-05-25,C00693,Social Media,Mobile,0
S0014943,2025-02-07,C00086,Direct,Mobile,0
S0014944,2025-10-08,C00351,Referral,Desktop,0
S0014945,2025-10-15,C00018,Direct,Desktop,0
S0014946,2025-05-23,C00890,Organic Search,Desktop,0
S0014947,2025-01-13,C01145,Direct,Tablet,0
S0014948,2025-07-05,C00858,Direct,Mobile,0
S0014949,2025-09-24,C00211,Referral,Mobile,0
S0014950,2025-09-26,C00004,Paid Search,Desktop,0
S0014951,2025-04-07,C01002,Organic Search,Mobile,0
S0014952,2025-12-23,C00328,Email,Mobile,0
S0014953,2025-10-21,C00043,Direct,Desktop,0
S0014954,2025-01-01,C00477,Organic Search,Mobile,0
S0014955,2025-10-22,C00376,Referral,Tablet,0
S0014956,2025-01-27,C00121,Referral,Mobile,0
S0014957,2025-02-05,C00078,Direct,Mobile,0
S0014958,2025-06-09,C00025,Referral,Desktop,0
S0014959,2025-01-31,C00225,Email,Mobile,0
S0014960,2025-05-07,C00101,Organic Search,Mobile,0
S0014961,2025-09-19,C00356,Paid Search,Desktop,0
S0014962,2025-12-11,C00345,Organic Search,Mobile,1
S0014963,2025-07-29,C00008,Referral,Mobile,0
S0014964,2025-05-30,C01114,Organic Search,Desktop,0
S0014965,2025-01-31,C01086,Organic Search,Mobile,0
S0014966,2025-04-10,C00216,Organic Search,Mobile,0
S0014967,2025-11-25,C00595,Organic Search,Mobile,0
S0014968,2025-10-29,C01032,Paid Search,Mobile,0
S0014969,2025-12-19,C00329,Paid Search,Mobile,0
S0014970,2025-08-07,C00585,Paid Search,Tablet,0
S0014971,2025-09-10,C00161,Social Media,Desktop,0
S0014972,2025-06-20,C00807,Social Media,Mobile,0
S0014973,2025-09-14,C00577,Referral,Desktop,0
S0014974,2025-02-26,C00728,Organic Search,Desktop,0
S0014975,2025-01-09,C00751,Organic Search,Mobile,0
S0014976,2025-01-05,C00455,Organic Search,Mobile,0
S0014977,2025-12-01,C00102,Organic Search,Mobile,0
S0014978,2025-04-24,C01191,Paid Search,Mobile,0
S0014979,2025-09-22,C00620,Social Media,Mobile,0
S0014980,2025-06-22,C00359,Organic Search,Desktop,0
S0014981,2025-08-08,C00106,Social Media,Mobile,0
S0014982,2025-07-24,C00409,Social Media,Desktop,0
S0014983,2025-01-24,C01066,Direct,Mobile,0
S0014984,2025-06-19,C00129,Direct,Desktop,0
S0014985,2025-04-13,C01086,Organic Search,Desktop,0
S0014986,2025-03-01,C00675,Paid Search,Mobile,0
S0014987,2025-03-27,C00830,Direct,Mobile,0
S0014988,2025-09-12,C00544,Paid Search,Desktop,0
S0014989,2025-06-14,C00597,Social Media,Desktop,0
S0014990,2025-06-16,C00803,Social Media,Mobile,0
S0014991,2025-03-25,C00640,Social Media,Mobile,0
S0014992,2025-07-21,C00525,Social Media,Mobile,0
S0014993,2025-03-31,C00315,Email,Mobile,1
S0014994,2025-03-30,C00049,Organic Search,Desktop,0
S0014995,2025-04-30,C00048,Direct,Mobile,0
S0014996,2025-06-05,C00598,Organic Search,Mobile,0
S0014997,2025-07-07,C00201,Social Media,Tablet,1
S0014998,2025-07-07,C00139,Paid Search,Mobile,0
S0014999,2025-09-19,C00125,Paid Search,Mobile,0
S0015000,2025-02-21,C00053,Social Media,Desktop,0
S0015001,2025-05-20,C00941,Organic Search,Desktop,0
S0015002,2025-01-19,C00522,Paid Search,Desktop,0
S0015003,2025-03-16,C00023,Social Media,Mobile,0
S0015004,2025-08-18,C00224,Organic Search,Desktop,0
S0015005,2025-05-10,C00442,Social Media,Desktop,0
S0015006,2025-02-24,C00065,Organic Search,Mobile,0
S0015007,2025-09-28,C00028,Direct,Mobile,0
S0015008,2025-04-10,C00359,Organic Search,Mobile,0
S0015009,2025-03-10,C00717,Direct,Mobile,0
S0015010,2025-10-26,C00154,Paid Search,Mobile,0
S0015011,2025-01-17,C01127,Referral,Desktop,0
S0015012,2025-12-20,C00252,Organic Search,Desktop,0
S0015013,2025-04-26,C00513,Paid Search,Tablet,0
S0015014,2025-06-01,C01111,Paid Search,Desktop,0
S0015015,2025-11-26,C00231,Organic Search,Mobile,0
S0015016,2025-04-26,C00573,Email,Mobile,1
S0015017,2025-01-30,C00494,Social Media,Mobile,0
S0015018,2025-11-19,C01179,Paid Search,Mobile,0
S0015019,2025-02-20,C00458,Paid Search,Mobile,0
S0015020,2025-03-01,C01186,Paid Search,Mobile,1
S0015021,2025-08-17,C00708,Paid Search,Desktop,0
S0015022,2025-09-16,C00686,Paid Search,Desktop,0
S0015023,2025-12-26,C00307,Email,Mobile,0
S0015024,2025-01-05,C00990,Email,Mobile,0
S0015025,2025-01-28,C00619,Paid Search,Desktop,0
S0015026,2025-09-11,C00204,Referral,Mobile,0
S0015027,2025-12-30,C00210,Paid Search,Mobile,0
S0015028,2025-08-19,C01138,Paid Search,Mobile,0
S0015029,2025-12-23,C00236,Organic Search,Desktop,0
S0015030,2025-07-19,C00408,Paid Search,Desktop,0
S0015031,2025-11-28,C00292,Organic Search,Mobile,0
S0015032,2025-09-28,C00598,Organic Search,Desktop,0
S0015033,2025-12-05,C01179,Paid Search,Mobile,0
S0015034,2025-10-31,C00408,Paid Search,Desktop,0
S0015035,2025-02-15,C01176,Email,Mobile,0
S0015036,2025-01-28,C00470,Organic Search,Mobile,0
S0015037,2025-01-07,C00739,Paid Search,Desktop,0
S0015038,2025-08-20,C00546,Social Media,Desktop,0
S0015039,2025-07-18,C00058,Organic Search,Mobile,0
S0015040,2025-04-04,C00656,Organic Search,Mobile,0
S0015041,2025-03-23,C00791,Organic Search,Mobile,0
S0015042,2025-03-29,C00287,Social Media,Mobile,0
S0015043,2025-07-05,C00374,Direct,Mobile,0
S0015044,2025-08-31,C00021,Paid Search,Desktop,0
S0015045,2025-03-09,C00801,Direct,Desktop,0
S0015046,2025-11-07,C00285,Paid Search,Mobile,0
S0015047,2025-07-06,C00864,Organic Search,Mobile,0
S0015048,2025-08-27,C00088,Social Media,Mobile,1
S0015049,2025-08-06,C00613,Social Media,Mobile,0
S0015050,2025-04-18,C00967,Direct,Mobile,0
S0015051,2025-11-03,C00078,Direct,Desktop,0
S0015052,2025-02-07,C01010,Organic Search,Mobile,1
S0015053,2025-12-15,C01196,Email,Tablet,1
S0015054,2025-10-03,C01153,Referral,Mobile,0
S0015055,2025-01-10,C00323,Organic Search,Mobile,0
S0015056,2025-01-26,C01021,Email,Desktop,1
S0015057,2025-02-17,C00447,Paid Search,Mobile,0
S0015058,2025-12-13,C01132,Direct,Desktop,0
S0015059,2025-01-14,C01067,Organic Search,Desktop,0
S0015060,2025-04-10,C00319,Organic Search,Mobile,0
S0015061,2025-07-06,C01139,Paid Search,Mobile,0
S0015062,2025-01-12,C00629,Social Media,Mobile,0
S0015063,2025-10-06,C00816,Organic Search,Desktop,0
S0015064,2025-12-07,C00730,Organic Search,Mobile,1
S0015065,2025-11-24,C00659,Email,Desktop,0
S0015066,2025-06-16,C00061,Direct,Desktop,0
S0015067,2025-05-02,C00232,Email,Desktop,0
S0015068,2025-04-05,C00453,Organic Search,Mobile,0
S0015069,2025-01-25,C00687,Referral,Desktop,0
S0015070,2025-01-17,C00133,Email,Tablet,0
S0015071,2025-01-29,C00399,Social Media,Mobile,0
S0015072,2025-11-19,C00730,Organic Search,Desktop,0
S0015073,2025-12-07,C00137,Social Media,Mobile,0
S0015074,2025-11-09,C01037,Organic Search,Mobile,0
S0015075,2025-03-13,C00991,Email,Tablet,0
S0015076,2025-09-27,C00156,Email,Mobile,0
S0015077,2025-09-07,C00481,Email,Desktop,0
S0015078,2025-10-22,C00131,Social Media,Mobile,0
S0015079,2025-05-24,C00380,Referral,Desktop,0
S0015080,2025-10-01,C00841,Direct,Mobile,0
S0015081,2025-08-11,C00917,Referral,Desktop,0
S0015082,2025-03-16,C00505,Organic Search,Mobile,0
S0015083,2025-04-12,C00745,Social Media,Mobile,0
S0015084,2025-01-20,C00876,Paid Search,Desktop,0
S0015085,2025-04-27,C00618,Referral,Mobile,0
S0015086,2025-06-23,C01054,Email,Desktop,0
S0015087,2025-06-22,C00805,Paid Search,Mobile,0
S0015088,2025-01-04,C00241,Direct,Mobile,0
S0015089,2025-12-06,C00540,Paid Search,Tablet,0
S0015090,2025-05-28,C00211,Referral,Mobile,0
S0015091,2025-04-24,C00002,Organic Search,Mobile,0
S0015092,2025-11-17,C00038,Paid Search,Mobile,0
S0015093,2025-06-16,C00690,Email,Desktop,0
S0015094,2025-10-27,C00727,Organic Search,Mobile,0
S0015095,2025-04-28,C01118,Social Media,Desktop,0
S0015096,2025-04-10,C00828,Social Media,Mobile,0
S0015097,2025-10-01,C00676,Direct,Mobile,0
S0015098,2025-06-24,C01087,Paid Search,Mobile,0
S0015099,2025-06-08,C00228,Email,Mobile,1
S0015100,2025-08-15,C01102,Organic Search,Desktop,0
S0015101,2025-02-07,C00399,Social Media,Mobile,0
S0015102,2025-07-17,C00238,Direct,Mobile,0
S0015103,2025-05-16,C00980,Organic Search,Mobile,0
S0015104,2025-04-14,C00654,Organic Search,Mobile,1
S0015105,2025-07-12,C00953,Organic Search,Tablet,0
S0015106,2025-09-07,C00125,Paid Search,Mobile,0
S0015107,2025-01-13,C00946,Organic Search,Mobile,0
S0015108,2025-02-24,C00228,Email,Mobile,0
S0015109,2025-12-10,C01200,Email,Mobile,0
S0015110,2025-03-26,C00274,Paid Search,Desktop,0
S0015111,2025-04-19,C00934,Direct,Mobile,0
S0015112,2025-02-12,C00126,Organic Search,Mobile,0
S0015113,2025-03-12,C00790,Social Media,Tablet,0
S0015114,2025-09-25,C00019,Paid Search,Mobile,0
S0015115,2025-02-28,C00312,Direct,Mobile,0
S0015116,2025-02-13,C00968,Social Media,Mobile,0
S0015117,2025-09-29,C01142,Paid Search,Mobile,0
S0015118,2025-01-14,C00720,Referral,Mobile,0
S0015119,2025-04-22,C00690,Email,Mobile,0
S0015120,2025-11-10,C00126,Organic Search,Mobile,0
S0015121,2025-08-16,C00695,Paid Search,Tablet,0
S0015122,2025-06-18,C01164,Organic Search,Desktop,0
S0015123,2025-10-18,C00677,Organic Search,Mobile,0
S0015124,2025-09-03,C00546,Social Media,Mobile,0
S0015125,2025-09-23,C00643,Social Media,Desktop,0
S0015126,2025-12-03,C00063,Social Media,Mobile,0
S0015127,2025-08-31,C00214,Direct,Mobile,1
S0015128,2025-06-07,C00802,Referral,Mobile,0
S0015129,2025-10-27,C00454,Organic Search,Desktop,0
S0015130,2025-11-23,C00781,Organic Search,Mobile,0
S0015131,2025-01-18,C00031,Organic Search,Tablet,0
S0015132,2025-03-24,C00509,Organic Search,Mobile,0
S0015133,2025-12-01,C00631,Paid Search,Desktop,0
S0015134,2025-08-19,C00350,Social Media,Desktop,0
S0015135,2025-12-08,C00089,Email,Mobile,0
S0015136,2025-09-10,C00326,Paid Search,Mobile,0
S0015137,2025-06-16,C00007,Paid Search,Desktop,0
S0015138,2025-02-11,C00776,Social Media,Mobile,0
S0015139,2025-09-06,C01050,Social Media,Desktop,0
S0015140,2025-09-05,C01123,Referral,Desktop,0
S0015141,2025-10-13,C00472,Paid Search,Mobile,0
S0015142,2025-01-20,C00593,Organic Search,Mobile,0
S0015143,2025-12-18,C00406,Direct,Desktop,0
S0015144,2025-02-11,C00844,Paid Search,Mobile,0
S0015145,2025-12-11,C01110,Paid Search,Mobile,0
S0015146,2025-03-28,C00544,Paid Search,Mobile,0
S0015147,2025-09-18,C00308,Direct,Mobile,0
S0015148,2025-11-02,C00137,Social Media,Mobile,0
S0015149,2025-10-24,C00105,Email,Mobile,0
S0015150,2025-12-16,C00296,Social Media,Desktop,0
S0015151,2025-08-28,C01024,Organic Search,Mobile,0
S0015152,2025-06-16,C01197,Paid Search,Mobile,1
S0015153,2025-11-09,C00846,Organic Search,Desktop,0
S0015154,2025-08-07,C00403,Paid Search,Mobile,0
S0015155,2025-05-13,C00015,Social Media,Desktop,0
S0015156,2025-07-26,C00434,Paid Search,Desktop,0
S0015157,2025-02-20,C00045,Paid Search,Mobile,0
S0015158,2025-04-16,C00233,Referral,Mobile,0
S0015159,2025-07-03,C00280,Organic Search,Mobile,0
S0015160,2025-07-20,C00638,Social Media,Desktop,0
S0015161,2025-01-11,C01039,Email,Mobile,0
S0015162,2025-09-11,C01199,Organic Search,Desktop,0
S0015163,2025-05-30,C00209,Direct,Mobile,1
S0015164,2025-12-20,C00236,Organic Search,Mobile,1
S0015165,2025-12-21,C01010,Organic Search,Desktop,0
S0015166,2025-04-06,C00176,Social Media,Mobile,0
S0015167,2025-04-16,C00535,Paid Search,Desktop,0
S0015168,2025-05-23,C00311,Organic Search,Desktop,0
S0015169,2025-06-15,C00405,Paid Search,Mobile,0
S0015170,2025-01-01,C00292,Organic Search,Mobile,0
S0015171,2025-02-15,C01004,Referral,Mobile,0
S0015172,2025-08-30,C00368,Paid Search,Desktop,0
S0015173,2025-12-10,C00252,Organic Search,Mobile,0
S0015174,2025-10-05,C00337,Email,Mobile,0
S0015175,2025-01-03,C00383,Email,Mobile,0
S0015176,2025-05-22,C00663,Paid Search,Desktop,0
S0015177,2025-03-02,C00628,Email,Mobile,0
S0015178,2025-10-21,C00400,Referral,Mobile,0
S0015179,2025-08-13,C00772,Organic Search,Desktop,0
S0015180,2025-10-29,C01107,Paid Search,Tablet,0
S0015181,2025-06-19,C01174,Organic Search,Mobile,0
S0015182,2025-05-14,C01128,Email,Mobile,0
S0015183,2025-02-10,C00057,Organic Search,Mobile,0
S0015184,2025-08-19,C00839,Direct,Mobile,0
S0015185,2025-08-14,C00813,Paid Search,Desktop,0
S0015186,2025-05-19,C00408,Paid Search,Mobile,0
S0015187,2025-04-20,C00056,Direct,Desktop,0
S0015188,2025-10-24,C00080,Organic Search,Mobile,0
S0015189,2025-02-26,C00986,Organic Search,Mobile,0
S0015190,2025-05-03,C00679,Paid Search,Mobile,1
S0015191,2025-08-28,C00921,Social Media,Mobile,0
S0015192,2025-03-27,C00165,Paid Search,Mobile,0
S0015193,2025-06-25,C00373,Paid Search,Mobile,0
S0015194,2025-03-04,C00474,Social Media,Mobile,0
S0015195,2025-02-08,C00561,Paid Search,Desktop,0
S0015196,2025-05-18,C00554,Email,Mobile,0
S0015197,2025-08-29,C00043,Direct,Desktop,0
S0015198,2025-08-14,C00973,Organic Search,Mobile,0
S0015199,2025-07-25,C00353,Paid Search,Mobile,0
S0015200,2025-06-13,C00024,Email,Mobile,0
S0015201,2025-01-27,C00396,Organic Search,Mobile,1
S0015202,2025-07-02,C00731,Organic Search,Mobile,0
S0015203,2025-07-17,C00201,Social Media,Mobile,0
S0015204,2025-12-03,C00228,Email,Desktop,0
S0015205,2025-04-17,C00241,Direct,Desktop,0
S0015206,2025-07-08,C00183,Email,Mobile,0
S0015207,2025-02-05,C01082,Referral,Mobile,1
S0015208,2025-03-26,C00653,Direct,Desktop,0
S0015209,2025-06-04,C00843,Email,Desktop,0
S0015210,2025-06-18,C00809,Email,Desktop,1
S0015211,2025-10-11,C00495,Direct,Desktop,0
S0015212,2025-09-29,C00825,Paid Search,Desktop,0
S0015213,2025-02-04,C00857,Social Media,Mobile,0
S0015214,2025-07-03,C00184,Organic Search,Desktop,0
S0015215,2025-04-09,C00959,Social Media,Mobile,0
S0015216,2025-08-25,C00971,Email,Mobile,0
S0015217,2025-05-02,C00009,Paid Search,Mobile,0
S0015218,2025-01-23,C00733,Social Media,Mobile,0
S0015219,2025-03-04,C01051,Paid Search,Mobile,0
S0015220,2025-11-22,C01060,Social Media,Mobile,1
S0015221,2025-05-30,C00031,Organic Search,Mobile,0
S0015222,2025-07-14,C00545,Email,Mobile,0
S0015223,2025-03-21,C00547,Paid Search,Mobile,0
S0015224,2025-11-11,C00923,Social Media,Mobile,0
S0015225,2025-06-02,C01029,Referral,Desktop,0
S0015226,2025-01-17,C00357,Email,Mobile,0
S0015227,2025-02-08,C00972,Social Media,Desktop,0
S0015228,2025-11-29,C00831,Paid Search,Mobile,0
S0015229,2025-12-14,C00298,Paid Search,Mobile,0
S0015230,2025-07-21,C01027,Social Media,Mobile,0
S0015231,2025-10-07,C00001,Email,Desktop,0
S0015232,2025-03-29,C00139,Paid Search,Desktop,0
S0015233,2025-10-27,C00301,Organic Search,Mobile,0
S0015234,2025-10-19,C01158,Email,Mobile,0
S0015235,2025-12-21,C00105,Email,Desktop,0
S0015236,2025-03-11,C00860,Referral,Mobile,0
S0015237,2025-05-04,C00624,Referral,Mobile,0
S0015238,2025-03-21,C00054,Direct,Mobile,0
S0015239,2025-02-14,C00046,Direct,Desktop,0
S0015240,2025-08-21,C00077,Paid Search,Mobile,0
S0015241,2025-06-03,C00691,Organic Search,Desktop,0
S0015242,2025-06-29,C00210,Paid Search,Desktop,0
S0015243,2025-01-31,C01147,Social Media,Mobile,0
S0015244,2025-03-26,C00425,Paid Search,Mobile,0
S0015245,2025-02-14,C00592,Email,Mobile,0
S0015246,2025-11-19,C01148,Paid Search,Desktop,0
S0015247,2025-11-28,C00152,Organic Search,Mobile,0
S0015248,2025-08-31,C00896,Organic Search,Desktop,0
S0015249,2025-02-09,C00632,Paid Search,Desktop,0
S0015250,2025-07-01,C00604,Social Media,Mobile,0
S0015251,2025-10-24,C00266,Email,Mobile,0
S0015252,2025-03-22,C00362,Direct,Mobile,0
S0015253,2025-02-07,C01099,Paid Search,Mobile,0
S0015254,2025-12-22,C00204,Referral,Mobile,0
S0015255,2025-02-26,C01140,Social Media,Mobile,0
S0015256,2025-11-18,C00655,Referral,Mobile,0
S0015257,2025-01-30,C00808,Direct,Mobile,0
S0015258,2025-09-23,C00348,Paid Search,Mobile,0
S0015259,2025-08-15,C00321,Organic Search,Mobile,0
S0015260,2025-11-13,C01151,Organic Search,Desktop,0
S0015261,2025-10-19,C00609,Direct,Desktop,1
S0015262,2025-02-23,C00039,Email,Mobile,1
S0015263,2025-04-07,C00320,Paid Search,Mobile,0
S0015264,2025-01-04,C00876,Paid Search,Desktop,0
S0015265,2025-11-06,C00745,Social Media,Desktop,0
S0015266,2025-04-01,C00721,Email,Mobile,0
S0015267,2025-03-30,C00538,Organic Search,Mobile,1
S0015268,2025-11-16,C00456,Referral,Desktop,0
S0015269,2025-04-02,C00178,Organic Search,Desktop,0
S0015270,2025-05-30,C00959,Social Media,Mobile,0
S0015271,2025-08-22,C00116,Organic Search,Mobile,0
S0015272,2025-12-03,C00739,Paid Search,Desktop,0
S0015273,2025-02-28,C00103,Organic Search,Mobile,0
S0015274,2025-07-04,C00004,Paid Search,Desktop,0
S0015275,2025-02-13,C00911,Paid Search,Desktop,0
S0015276,2025-06-29,C00127,Paid Search,Mobile,0
S0015277,2025-03-17,C00501,Social Media,Mobile,0
S0015278,2025-05-24,C00999,Organic Search,Mobile,0
S0015279,2025-04-11,C00236,Organic Search,Desktop,0
S0015280,2025-09-29,C01188,Email,Mobile,0
S0015281,2025-02-24,C01189,Organic Search,Mobile,0
S0015282,2025-07-08,C00431,Paid Search,Tablet,0
S0015283,2025-12-17,C01067,Organic Search,Mobile,0
S0015284,2025-12-01,C01052,Social Media,Desktop,0
S0015285,2025-03-18,C01193,Direct,Mobile,0
S0015286,2025-10-23,C00662,Organic Search,Mobile,0
S0015287,2025-08-07,C00523,Email,Desktop,0
S0015288,2025-10-04,C00499,Referral,Desktop,0
S0015289,2025-03-07,C00771,Organic Search,Tablet,0
S0015290,2025-05-16,C00797,Direct,Mobile,0
S0015291,2025-08-22,C00138,Paid Search,Desktop,0
S0015292,2025-07-18,C01177,Organic Search,Mobile,1
S0015293,2025-09-23,C01194,Email,Mobile,0
S0015294,2025-02-12,C00002,Organic Search,Desktop,0
S0015295,2025-12-27,C00480,Social Media,Desktop,0
S0015296,2025-08-16,C00194,Email,Mobile,0
S0015297,2025-08-15,C00728,Organic Search,Mobile,0
S0015298,2025-03-04,C00132,Organic Search,Mobile,0
S0015299,2025-06-20,C00420,Paid Search,Mobile,0
S0015300,2025-09-07,C01077,Email,Mobile,0
S0015301,2025-12-04,C00926,Direct,Desktop,0
S0015302,2025-09-07,C00181,Social Media,Mobile,0
S0015303,2025-11-03,C00997,Paid Search,Mobile,1
S0015304,2025-08-26,C00750,Organic Search,Desktop,0
S0015305,2025-02-25,C00038,Paid Search,Mobile,0
S0015306,2025-06-20,C00744,Paid Search,Desktop,0
S0015307,2025-02-03,C00811,Email,Mobile,1
S0015308,2025-11-11,C00875,Organic Search,Mobile,0
S0015309,2025-05-10,C00604,Social Media,Desktop,0
S0015310,2025-05-10,C01017,Referral,Desktop,0
S0015311,2025-05-31,C01173,Paid Search,Mobile,0
S0015312,2025-05-23,C00119,Direct,Mobile,0
S0015313,2025-04-28,C00390,Organic Search,Mobile,0
S0015314,2025-07-23,C01092,Email,Mobile,0
S0015315,2025-08-23,C00911,Paid Search,Desktop,0
S0015316,2025-01-17,C00944,Email,Desktop,0
S0015317,2025-03-23,C01185,Email,Desktop,0
S0015318,2025-01-14,C00186,Paid Search,Mobile,0
S0015319,2025-03-22,C00384,Organic Search,Mobile,0
S0015320,2025-07-26,C01000,Organic Search,Mobile,0
S0015321,2025-07-23,C00667,Email,Mobile,0
S0015322,2025-09-29,C00602,Direct,Mobile,0
S0015323,2025-02-01,C00799,Direct,Mobile,0
S0015324,2025-01-23,C00530,Email,Tablet,0
S0015325,2025-04-12,C00972,Social Media,Mobile,0
S0015326,2025-06-11,C00935,Paid Search,Desktop,1
S0015327,2025-04-08,C00408,Paid Search,Desktop,0
S0015328,2025-05-24,C01190,Referral,Mobile,0
S0015329,2025-04-14,C00547,Paid Search,Mobile,0
S0015330,2025-11-20,C00463,Organic Search,Desktop,0
S0015331,2025-06-20,C00766,Email,Tablet,0
S0015332,2025-03-05,C00728,Organic Search,Desktop,0
S0015333,2025-09-01,C00571,Paid Search,Desktop,0
S0015334,2025-03-12,C00061,Direct,Mobile,0
S0015335,2025-10-01,C00595,Organic Search,Mobile,0
S0015336,2025-05-05,C00057,Organic Search,Mobile,0
S0015337,2025-11-13,C00223,Referral,Mobile,0
S0015338,2025-11-27,C00494,Social Media,Desktop,1
S0015339,2025-04-17,C00858,Direct,Desktop,0
S0015340,2025-05-28,C00715,Direct,Mobile,0
S0015341,2025-07-11,C00522,Paid Search,Mobile,0
S0015342,2025-12-03,C00815,Paid Search,Desktop,0
S0015343,2025-08-14,C00535,Paid Search,Mobile,0
S0015344,2025-08-30,C01185,Email,Mobile,0
S0015345,2025-12-28,C00185,Paid Search,Mobile,0
S0015346,2025-10-11,C00999,Organic Search,Desktop,0
S0015347,2025-06-12,C01144,Social Media,Desktop,0
S0015348,2025-01-08,C00435,Organic Search,Mobile,0
S0015349,2025-12-13,C00324,Email,Mobile,0
S0015350,2025-06-01,C00048,Direct,Mobile,0
S0015351,2025-11-18,C01106,Social Media,Mobile,0
S0015352,2025-04-05,C00546,Social Media,Mobile,0
S0015353,2025-08-02,C01159,Organic Search,Mobile,0
S0015354,2025-03-05,C00680,Email,Mobile,0
S0015355,2025-03-06,C00658,Organic Search,Desktop,0
S0015356,2025-09-27,C00216,Organic Search,Mobile,0
S0015357,2025-01-25,C00400,Referral,Mobile,0
S0015358,2025-04-10,C00291,Social Media,Mobile,0
S0015359,2025-04-15,C00057,Organic Search,Mobile,1
S0015360,2025-05-11,C00947,Organic Search,Mobile,0
S0015361,2025-11-17,C00816,Organic Search,Mobile,0
S0015362,2025-01-19,C00986,Organic Search,Mobile,0
S0015363,2025-08-13,C00257,Email,Mobile,0
S0015364,2025-04-16,C00103,Organic Search,Mobile,0
S0015365,2025-02-23,C00156,Email,Mobile,0
S0015366,2025-08-14,C01111,Paid Search,Desktop,0
S0015367,2025-12-26,C00123,Direct,Desktop,0
S0015368,2025-01-15,C00317,Referral,Mobile,0
S0015369,2025-02-17,C01166,Direct,Desktop,0
S0015370,2025-05-19,C01166,Direct,Mobile,0
S0015371,2025-02-03,C00570,Referral,Desktop,0
S0015372,2025-12-21,C00114,Organic Search,Desktop,0
S0015373,2025-07-29,C00247,Paid Search,Desktop,0
S0015374,2025-01-19,C01068,Direct,Mobile,0
S0015375,2025-07-15,C00357,Email,Mobile,0
S0015376,2025-11-22,C00372,Direct,Desktop,0
S0015377,2025-04-25,C01180,Paid Search,Mobile,0
S0015378,2025-12-18,C00781,Organic Search,Mobile,0
S0015379,2025-03-16,C00116,Organic Search,Mobile,0
S0015380,2025-05-30,C00851,Email,Mobile,0
S0015381,2025-02-05,C00080,Organic Search,Mobile,0
S0015382,2025-08-30,C00338,Social Media,Desktop,0
S0015383,2025-05-31,C00367,Email,Mobile,0
S0015384,2025-03-04,C01006,Email,Mobile,0
S0015385,2025-06-03,C00612,Organic Search,Mobile,0
S0015386,2025-07-07,C00393,Referral,Mobile,0
S0015387,2025-08-11,C00768,Organic Search,Mobile,0
S0015388,2025-04-03,C00241,Direct,Mobile,0
S0015389,2025-01-05,C00122,Organic Search,Mobile,0
S0015390,2025-06-15,C01069,Direct,Mobile,0
S0015391,2025-01-25,C00974,Direct,Mobile,0
S0015392,2025-04-08,C00498,Social Media,Desktop,0
S0015393,2025-09-25,C01132,Direct,Desktop,1
S0015394,2025-05-30,C00254,Paid Search,Desktop,0
S0015395,2025-09-09,C00734,Paid Search,Mobile,0
S0015396,2025-03-25,C01085,Paid Search,Mobile,0
S0015397,2025-10-12,C00502,Direct,Desktop,0
S0015398,2025-06-21,C01008,Organic Search,Mobile,0
S0015399,2025-08-09,C00528,Email,Mobile,1
S0015400,2025-04-19,C00614,Social Media,Desktop,0
S0015401,2025-01-27,C00880,Organic Search,Desktop,0
S0015402,2025-09-03,C00447,Paid Search,Mobile,0
S0015403,2025-02-24,C00610,Referral,Desktop,0
S0015404,2025-05-13,C00252,Organic Search,Mobile,0
S0015405,2025-02-21,C00180,Referral,Mobile,0
S0015406,2025-09-10,C00058,Organic Search,Tablet,0
S0015407,2025-09-26,C01188,Email,Mobile,0
S0015408,2025-10-25,C00412,Direct,Desktop,0
S0015409,2025-03-20,C00530,Email,Tablet,0
S0015410,2025-01-18,C00299,Direct,Desktop,0
S0015411,2025-11-02,C00909,Organic Search,Mobile,0
S0015412,2025-09-15,C00117,Referral,Mobile,0
S0015413,2025-12-09,C00737,Email,Mobile,0
S0015414,2025-04-17,C00340,Referral,Mobile,0
S0015415,2025-02-16,C00789,Paid Search,Mobile,0
S0015416,2025-09-03,C00351,Referral,Mobile,0
S0015417,2025-03-30,C00162,Social Media,Mobile,0
S0015418,2025-07-22,C00859,Paid Search,Desktop,0
S0015419,2025-08-28,C00038,Paid Search,Mobile,0
S0015420,2025-09-25,C00073,Email,Desktop,0
S0015421,2025-01-13,C01169,Organic Search,Tablet,0
S0015422,2025-05-17,C00937,Paid Search,Mobile,0
S0015423,2025-11-11,C00484,Paid Search,Desktop,0
S0015424,2025-06-22,C01067,Organic Search,Mobile,0
S0015425,2025-08-18,C01080,Organic Search,Mobile,0
S0015426,2025-07-17,C01153,Referral,Desktop,0
S0015427,2025-08-31,C00483,Paid Search,Desktop,0
S0015428,2025-02-12,C00407,Organic Search,Mobile,0
S0015429,2025-11-26,C01039,Email,Mobile,0
S0015430,2025-10-06,C00164,Social Media,Desktop,0
S0015431,2025-03-20,C00906,Direct,Mobile,0
S0015432,2025-10-06,C00693,Social Media,Tablet,0
S0015433,2025-08-20,C01144,Social Media,Desktop,0
S0015434,2025-04-11,C00218,Paid Search,Mobile,0
S0015435,2025-06-11,C00197,Direct,Mobile,0
S0015436,2025-05-24,C00348,Paid Search,Mobile,0
S0015437,2025-04-19,C00201,Social Media,Tablet,0
S0015438,2025-08-21,C00051,Referral,Mobile,0
S0015439,2025-04-21,C00431,Paid Search,Desktop,1
S0015440,2025-08-20,C01185,Email,Desktop,0
S0015441,2025-08-26,C00927,Paid Search,Desktop,0
S0015442,2025-07-16,C00551,Organic Search,Mobile,0
S0015443,2025-09-30,C00426,Social Media,Mobile,0
S0015444,2025-03-27,C00760,Paid Search,Mobile,0
S0015445,2025-10-22,C00422,Organic Search,Mobile,0
S0015446,2025-02-10,C01034,Direct,Desktop,0
S0015447,2025-02-17,C00366,Email,Mobile,0
S0015448,2025-03-18,C00906,Direct,Desktop,0
S0015449,2025-06-27,C00236,Organic Search,Mobile,0
S0015450,2025-09-14,C00950,Email,Mobile,0
S0015451,2025-04-27,C01118,Social Media,Desktop,0
S0015452,2025-01-19,C00237,Paid Search,Mobile,0
S0015453,2025-02-28,C01095,Email,Mobile,0
S0015454,2025-07-15,C01145,Direct,Mobile,0
S0015455,2025-04-17,C00894,Social Media,Desktop,0
S0015456,2025-10-11,C00019,Paid Search,Desktop,0
S0015457,2025-02-03,C01118,Social Media,Mobile,0
S0015458,2025-10-22,C00222,Email,Desktop,0
S0015459,2025-09-08,C00319,Organic Search,Mobile,1
S0015460,2025-05-06,C00614,Social Media,Tablet,0
S0015461,2025-12-05,C00202,Email,Mobile,0
S0015462,2025-04-16,C01131,Social Media,Desktop,0
S0015463,2025-06-29,C00067,Email,Mobile,0
S0015464,2025-04-20,C00185,Paid Search,Mobile,0
S0015465,2025-08-16,C00581,Organic Search,Mobile,1
S0015466,2025-05-01,C00414,Email,Mobile,0
S0015467,2025-04-17,C00697,Email,Mobile,0
S0015468,2025-05-11,C00870,Email,Desktop,0
S0015469,2025-01-23,C00113,Social Media,Mobile,0
S0015470,2025-05-25,C00941,Organic Search,Mobile,0
S0015471,2025-11-23,C00643,Social Media,Mobile,0
S0015472,2025-06-03,C00878,Direct,Desktop,0
S0015473,2025-04-17,C01007,Organic Search,Mobile,0
S0015474,2025-05-26,C00170,Email,Mobile,1
S0015475,2025-09-09,C01199,Organic Search,Mobile,0
S0015476,2025-10-29,C01098,Direct,Desktop,0
S0015477,2025-03-11,C00122,Organic Search,Mobile,0
S0015478,2025-01-31,C01013,Email,Mobile,0
S0015479,2025-04-03,C00831,Paid Search,Mobile,0
S0015480,2025-05-17,C00520,Social Media,Desktop,0
S0015481,2025-06-12,C00299,Direct,Desktop,0
S0015482,2025-03-22,C00983,Paid Search,Desktop,0
S0015483,2025-11-12,C00760,Paid Search,Mobile,0
S0015484,2025-03-17,C00761,Organic Search,Desktop,0
S0015485,2025-03-04,C00823,Organic Search,Mobile,0
S0015486,2025-04-10,C00854,Organic Search,Mobile,0
S0015487,2025-02-17,C00812,Organic Search,Desktop,0
S0015488,2025-03-15,C00120,Organic Search,Desktop,0
S0015489,2025-11-10,C00296,Social Media,Mobile,0
S0015490,2025-07-11,C00039,Email,Mobile,0
S0015491,2025-01-30,C00921,Social Media,Mobile,0
S0015492,2025-06-06,C00765,Referral,Mobile,0
S0015493,2025-09-23,C00448,Organic Search,Mobile,0
S0015494,2025-09-13,C00460,Social Media,Mobile,1
S0015495,2025-02-08,C00056,Direct,Tablet,0
S0015496,2025-02-24,C00910,Referral,Mobile,0
S0015497,2025-01-28,C00081,Social Media,Mobile,0
S0015498,2025-04-28,C01064,Social Media,Desktop,0
S0015499,2025-07-28,C00672,Direct,Mobile,0
S0015500,2025-03-16,C01138,Paid Search,Desktop,0
S0015501,2025-03-06,C00574,Social Media,Desktop,0
S0015502,2025-12-03,C00165,Paid Search,Mobile,0
S0015503,2025-12-22,C00860,Referral,Mobile,0
S0015504,2025-04-10,C01011,Organic Search,Mobile,0
S0015505,2025-02-15,C00153,Social Media,Desktop,0
S0015506,2025-11-12,C00508,Paid Search,Mobile,0
S0015507,2025-06-05,C00306,Social Media,Mobile,0
S0015508,2025-08-28,C00162,Social Media,Mobile,0
S0015509,2025-12-19,C00247,Paid Search,Desktop,0
S0015510,2025-09-16,C00593,Organic Search,Desktop,0
S0015511,2025-05-16,C01183,Organic Search,Mobile,0
S0015512,2025-07-17,C00213,Direct,Mobile,0
S0015513,2025-07-06,C00224,Organic Search,Mobile,0
S0015514,2025-04-26,C01023,Direct,Mobile,0
S0015515,2025-02-27,C01114,Organic Search,Mobile,0
S0015516,2025-03-11,C00411,Direct,Tablet,0
S0015517,2025-04-03,C01026,Organic Search,Mobile,0
S0015518,2025-08-17,C00044,Social Media,Desktop,0
S0015519,2025-05-17,C00042,Direct,Mobile,0
S0015520,2025-04-15,C00948,Direct,Desktop,0
S0015521,2025-11-01,C00677,Organic Search,Desktop,0
S0015522,2025-12-05,C00936,Email,Tablet,0
S0015523,2025-01-17,C00354,Paid Search,Mobile,0
S0015524,2025-02-23,C00652,Paid Search,Mobile,0
S0015525,2025-04-22,C00634,Paid Search,Desktop,0
S0015526,2025-06-21,C00793,Direct,Mobile,0
S0015527,2025-11-01,C00333,Organic Search,Tablet,0
S0015528,2025-05-24,C00390,Organic Search,Desktop,0
S0015529,2025-03-26,C01150,Paid Search,Mobile,0
S0015530,2025-01-12,C01116,Email,Desktop,1
S0015531,2025-09-09,C00595,Organic Search,Mobile,0
S0015532,2025-08-04,C01077,Email,Desktop,0
S0015533,2025-05-06,C00293,Paid Search,Mobile,0
S0015534,2025-04-08,C00015,Social Media,Desktop,0
S0015535,2025-10-31,C01044,Organic Search,Mobile,0
S0015536,2025-01-28,C00780,Referral,Tablet,0
S0015537,2025-12-02,C00346,Direct,Desktop,0
S0015538,2025-09-23,C00433,Email,Mobile,0
S0015539,2025-02-21,C00486,Organic Search,Mobile,0
S0015540,2025-05-23,C00840,Referral,Desktop,0
S0015541,2025-05-12,C00512,Email,Tablet,0
S0015542,2025-12-12,C00695,Paid Search,Desktop,0
S0015543,2025-07-26,C00293,Paid Search,Mobile,0
S0015544,2025-03-03,C00704,Direct,Desktop,0
S0015545,2025-12-29,C00651,Referral,Desktop,0
S0015546,2025-05-12,C00362,Direct,Mobile,0
S0015547,2025-02-10,C00801,Direct,Mobile,0
S0015548,2025-07-20,C00914,Direct,Desktop,0
S0015549,2025-04-09,C00106,Social Media,Mobile,0
S0015550,2025-11-07,C00083,Direct,Mobile,0
S0015551,2025-10-11,C00424,Paid Search,Mobile,0
S0015552,2025-12-23,C00983,Paid Search,Desktop,0
S0015553,2025-02-16,C01187,Paid Search,Mobile,0
S0015554,2025-05-17,C01126,Organic Search,Mobile,0
S0015555,2025-05-10,C00708,Paid Search,Mobile,0
S0015556,2025-07-14,C00491,Organic Search,Mobile,0
S0015557,2025-04-27,C00353,Paid Search,Tablet,0
S0015558,2025-12-30,C00365,Email,Mobile,1
S0015559,2025-03-10,C00363,Organic Search,Mobile,0
S0015560,2025-01-28,C00819,Organic Search,Desktop,0
S0015561,2025-12-01,C00475,Paid Search,Mobile,0
S0015562,2025-01-14,C00824,Social Media,Desktop,0
S0015563,2025-02-15,C01124,Referral,Desktop,0
S0015564,2025-01-16,C00124,Organic Search,Desktop,0
S0015565,2025-07-28,C01070,Direct,Mobile,0
S0015566,2025-06-07,C00157,Referral,Desktop,0
S0015567,2025-12-03,C00876,Paid Search,Mobile,0
S0015568,2025-08-15,C00338,Social Media,Desktop,0
S0015569,2025-08-29,C00130,Organic Search,Mobile,0
S0015570,2025-02-27,C00218,Paid Search,Desktop,0
S0015571,2025-10-31,C00728,Organic Search,Mobile,1
S0015572,2025-11-01,C00631,Paid Search,Desktop,0
S0015573,2025-12-11,C01006,Email,Desktop,0
S0015574,2025-05-10,C00485,Organic Search,Mobile,0
S0015575,2025-08-05,C00638,Social Media,Mobile,0
S0015576,2025-01-14,C00585,Paid Search,Mobile,0
S0015577,2025-12-25,C00466,Direct,Desktop,0
S0015578,2025-08-31,C00838,Organic Search,Mobile,0
S0015579,2025-05-25,C01037,Organic Search,Mobile,0
S0015580,2025-11-22,C00264,Direct,Mobile,0
S0015581,2025-04-13,C00095,Social Media,Mobile,0
S0015582,2025-08-05,C00445,Referral,Mobile,0
S0015583,2025-12-24,C00957,Social Media,Desktop,0
S0015584,2025-03-05,C01151,Organic Search,Desktop,0
S0015585,2025-06-07,C00441,Organic Search,Mobile,0
S0015586,2025-06-11,C00548,Paid Search,Mobile,0
S0015587,2025-01-18,C00218,Paid Search,Mobile,0
S0015588,2025-08-04,C00161,Social Media,Mobile,0
S0015589,2025-11-15,C00964,Direct,Mobile,0
S0015590,2025-02-18,C00768,Organic Search,Mobile,0
S0015591,2025-02-25,C00251,Social Media,Mobile,0
S0015592,2025-12-13,C00545,Email,Mobile,0
S0015593,2025-02-27,C00010,Direct,Mobile,0
S0015594,2025-06-04,C01099,Paid Search,Mobile,0
S0015595,2025-02-24,C00336,Organic Search,Mobile,0
S0015596,2025-12-07,C00227,Direct,Mobile,0
S0015597,2025-01-19,C00611,Social Media,Desktop,0
S0015598,2025-05-31,C00996,Paid Search,Desktop,0
S0015599,2025-12-25,C00845,Organic Search,Desktop,0
S0015600,2025-04-18,C00224,Organic Search,Desktop,0
S0015601,2025-02-16,C00586,Social Media,Mobile,0
S0015602,2025-07-26,C00545,Email,Mobile,0
S0015603,2025-12-29,C00027,Paid Search,Mobile,0
S0015604,2025-12-06,C00163,Paid Search,Mobile,0
S0015605,2025-05-08,C00851,Email,Desktop,0
S0015606,2025-07-04,C00207,Referral,Desktop,1
S0015607,2025-02-27,C00627,Organic Search,Desktop,0
S0015608,2025-05-23,C00760,Paid Search,Mobile,0
S0015609,2025-04-07,C00645,Paid Search,Desktop,0
S0015610,2025-02-16,C00743,Referral,Mobile,0
S0015611,2025-07-10,C00648,Paid Search,Mobile,0
S0015612,2025-05-20,C01050,Social Media,Mobile,0
S0015613,2025-04-13,C00258,Social Media,Mobile,0
S0015614,2025-08-19,C00647,Direct,Mobile,0
S0015615,2025-12-06,C00718,Direct,Desktop,0
S0015616,2025-02-18,C00302,Paid Search,Mobile,0
S0015617,2025-04-22,C00204,Referral,Mobile,0
S0015618,2025-11-12,C00997,Paid Search,Desktop,0
S0015619,2025-11-18,C00180,Referral,Mobile,0
S0015620,2025-03-28,C00022,Email,Desktop,0
S0015621,2025-10-09,C01156,Paid Search,Mobile,0
S0015622,2025-11-23,C00400,Referral,Mobile,0
S0015623,2025-09-09,C00817,Paid Search,Mobile,0
S0015624,2025-03-15,C00923,Social Media,Mobile,0
S0015625,2025-02-16,C00604,Social Media,Mobile,0
S0015626,2025-03-17,C00723,Social Media,Mobile,0
S0015627,2025-04-06,C00760,Paid Search,Desktop,0
S0015628,2025-01-31,C00649,Social Media,Mobile,0
S0015629,2025-01-22,C00884,Organic Search,Mobile,0
S0015630,2025-01-17,C01064,Social Media,Desktop,0
S0015631,2025-07-31,C00688,Social Media,Desktop,0
S0015632,2025-05-28,C00099,Direct,Mobile,0
S0015633,2025-08-23,C00063,Social Media,Mobile,0
S0015634,2025-12-20,C00946,Organic Search,Desktop,0
S0015635,2025-11-01,C00776,Social Media,Desktop,1
S0015636,2025-03-28,C01104,Organic Search,Desktop,0
S0015637,2025-02-07,C01110,Paid Search,Mobile,1
S0015638,2025-02-22,C00163,Paid Search,Mobile,0
S0015639,2025-01-28,C00281,Referral,Desktop,0
S0015640,2025-03-18,C00671,Paid Search,Desktop,0
S0015641,2025-07-19,C00551,Organic Search,Mobile,0
S0015642,2025-06-22,C00262,Social Media,Mobile,0
S0015643,2025-10-01,C00627,Organic Search,Tablet,1
S0015644,2025-02-19,C00449,Organic Search,Desktop,0
S0015645,2025-12-11,C00236,Organic Search,Mobile,0
S0015646,2025-06-26,C00311,Organic Search,Desktop,0
S0015647,2025-10-28,C00036,Paid Search,Mobile,0
S0015648,2025-08-15,C00402,Social Media,Mobile,0
S0015649,2025-05-07,C00226,Social Media,Desktop,0
S0015650,2025-12-15,C00501,Social Media,Mobile,0
S0015651,2025-01-21,C00496,Email,Mobile,0
S0015652,2025-07-18,C01103,Organic Search,Mobile,0
S0015653,2025-07-08,C01055,Direct,Mobile,0
S0015654,2025-11-28,C00836,Referral,Mobile,0
S0015655,2025-06-01,C01087,Paid Search,Mobile,0
S0015656,2025-06-09,C00412,Direct,Tablet,0
S0015657,2025-12-13,C00565,Social Media,Desktop,0
S0015658,2025-04-06,C00256,Email,Desktop,0
S0015659,2025-12-18,C00491,Organic Search,Desktop,0
S0015660,2025-03-16,C00177,Organic Search,Mobile,0
S0015661,2025-03-23,C00168,Paid Search,Mobile,0
S0015662,2025-05-08,C00521,Paid Search,Mobile,0
S0015663,2025-12-25,C00821,Referral,Mobile,0
S0015664,2025-05-13,C00649,Social Media,Mobile,0
S0015665,2025-05-19,C00114,Organic Search,Mobile,0
S0015666,2025-09-03,C00487,Referral,Mobile,0
S0015667,2025-10-18,C00621,Social Media,Desktop,0
S0015668,2025-04-22,C00522,Paid Search,Mobile,0
S0015669,2025-07-22,C00780,Referral,Desktop,0
S0015670,2025-06-19,C00534,Email,Mobile,0
S0015671,2025-03-28,C00136,Organic Search,Desktop,1
S0015672,2025-04-29,C00029,Email,Mobile,0
S0015673,2025-04-08,C00030,Social Media,Mobile,0
S0015674,2025-08-28,C00092,Email,Tablet,0
S0015675,2025-12-03,C00428,Organic Search,Desktop,0
S0015676,2025-05-18,C00077,Paid Search,Mobile,0
S0015677,2025-03-23,C00840,Referral,Desktop,0
S0015678,2025-08-24,C00184,Organic Search,Desktop,0
S0015679,2025-05-16,C00193,Organic Search,Desktop,0
S0015680,2025-10-09,C01138,Paid Search,Mobile,0
S0015681,2025-01-03,C00068,Paid Search,Mobile,0
S0015682,2025-02-28,C00626,Social Media,Mobile,0
S0015683,2025-04-26,C00877,Paid Search,Mobile,0
S0015684,2025-05-11,C00821,Referral,Mobile,0
S0015685,2025-07-20,C01182,Paid Search,Mobile,0
S0015686,2025-10-19,C00311,Organic Search,Mobile,0
S0015687,2025-12-08,C00633,Paid Search,Mobile,1
S0015688,2025-04-08,C00135,Direct,Tablet,0
S0015689,2025-08-04,C00526,Direct,Desktop,0
S0015690,2025-05-04,C00994,Direct,Mobile,1
S0015691,2025-03-14,C00694,Social Media,Desktop,0
S0015692,2025-05-10,C00450,Social Media,Mobile,0
S0015693,2025-01-27,C00127,Paid Search,Mobile,0
S0015694,2025-06-14,C00552,Direct,Mobile,0
S0015695,2025-03-09,C00499,Referral,Mobile,0
S0015696,2025-01-14,C00328,Email,Desktop,1
S0015697,2025-04-08,C00909,Organic Search,Desktop,0
S0015698,2025-10-06,C00079,Paid Search,Desktop,0
S0015699,2025-09-04,C00847,Paid Search,Desktop,0
S0015700,2025-04-22,C01159,Organic Search,Desktop,0
S0015701,2025-07-26,C00325,Organic Search,Mobile,1
S0015702,2025-12-18,C00389,Social Media,Mobile,0
S0015703,2025-11-30,C00051,Referral,Desktop,0
S0015704,2025-08-21,C00031,Organic Search,Tablet,0
S0015705,2025-03-02,C00049,Organic Search,Desktop,0
S0015706,2025-03-26,C00991,Email,Desktop,0
S0015707,2025-07-02,C00585,Paid Search,Desktop,0
S0015708,2025-08-27,C00254,Paid Search,Desktop,0
S0015709,2025-09-07,C00913,Social Media,Mobile,0
S0015710,2025-03-12,C01101,Social Media,Desktop,0
S0015711,2025-08-16,C00113,Social Media,Mobile,0
S0015712,2025-03-26,C00480,Social Media,Desktop,0
S0015713,2025-11-02,C00494,Social Media,Desktop,0
S0015714,2025-09-28,C00482,Email,Mobile,0
S0015715,2025-10-17,C01047,Paid Search,Mobile,0
S0015716,2025-08-24,C00441,Organic Search,Desktop,0
S0015717,2025-10-18,C00205,Paid Search,Desktop,0
S0015718,2025-02-08,C00184,Organic Search,Mobile,0
S0015719,2025-07-25,C01200,Email,Desktop,0
S0015720,2025-07-02,C00581,Organic Search,Mobile,0
S0015721,2025-07-06,C00948,Direct,Mobile,0
S0015722,2025-05-13,C00134,Social Media,Mobile,0
S0015723,2025-01-30,C00234,Paid Search,Mobile,0
S0015724,2025-09-12,C00056,Direct,Mobile,0
S0015725,2025-05-23,C00796,Direct,Mobile,0
S0015726,2025-04-13,C01113,Organic Search,Desktop,0
S0015727,2025-03-15,C00682,Social Media,Mobile,0
S0015728,2025-02-24,C00158,Referral,Mobile,1
S0015729,2025-08-24,C01023,Direct,Mobile,0
S0015730,2025-03-01,C00812,Organic Search,Desktop,0
S0015731,2025-01-24,C00774,Social Media,Mobile,0
S0015732,2025-01-22,C00014,Organic Search,Mobile,0
S0015733,2025-02-01,C01084,Email,Desktop,0
S0015734,2025-12-17,C00265,Organic Search,Mobile,1
S0015735,2025-12-05,C00216,Organic Search,Mobile,0
S0015736,2025-01-03,C00497,Referral,Tablet,1
S0015737,2025-03-11,C00324,Email,Mobile,0
S0015738,2025-06-09,C00670,Email,Desktop,1
S0015739,2025-03-29,C01013,Email,Mobile,0
S0015740,2025-12-31,C00146,Organic Search,Mobile,0
S0015741,2025-02-28,C00706,Social Media,Desktop,0
S0015742,2025-09-09,C01030,Organic Search,Mobile,0
S0015743,2025-08-07,C00129,Direct,Mobile,0
S0015744,2025-07-20,C01130,Organic Search,Desktop,0
S0015745,2025-03-18,C00479,Social Media,Mobile,0
S0015746,2025-09-12,C01025,Paid Search,Tablet,0
S0015747,2025-09-04,C00729,Email,Mobile,1
S0015748,2025-09-27,C00650,Social Media,Mobile,0
S0015749,2025-11-03,C00776,Social Media,Desktop,0
S0015750,2025-05-19,C01106,Social Media,Mobile,0
S0015751,2025-03-19,C00006,Organic Search,Mobile,0
S0015752,2025-03-21,C00616,Social Media,Desktop,0
S0015753,2025-01-10,C00252,Organic Search,Desktop,0
S0015754,2025-12-02,C00868,Social Media,Desktop,0
S0015755,2025-05-04,C00780,Referral,Mobile,0
S0015756,2025-07-05,C00192,Organic Search,Mobile,0
S0015757,2025-02-03,C00733,Social Media,Mobile,0
S0015758,2025-05-01,C00043,Direct,Tablet,0
S0015759,2025-03-21,C00649,Social Media,Mobile,0
S0015760,2025-07-25,C00623,Direct,Mobile,0
S0015761,2025-02-22,C00843,Email,Desktop,0
S0015762,2025-06-05,C01200,Email,Desktop,0
S0015763,2025-10-01,C01168,Paid Search,Desktop,0
S0015764,2025-12-24,C00914,Direct,Mobile,0
S0015765,2025-05-15,C00875,Organic Search,Mobile,0
S0015766,2025-04-08,C01169,Organic Search,Desktop,1
S0015767,2025-08-29,C00105,Email,Tablet,0
S0015768,2025-02-14,C01143,Social Media,Mobile,0
S0015769,2025-07-18,C00244,Organic Search,Mobile,0
S0015770,2025-10-18,C00025,Referral,Mobile,0
S0015771,2025-04-24,C00500,Organic Search,Mobile,0
S0015772,2025-10-04,C00869,Referral,Mobile,0
S0015773,2025-08-29,C00086,Direct,Mobile,0
S0015774,2025-06-05,C01159,Organic Search,Tablet,0
S0015775,2025-12-18,C00986,Organic Search,Mobile,0
S0015776,2025-02-13,C01130,Organic Search,Mobile,0
S0015777,2025-03-21,C00195,Email,Mobile,0
S0015778,2025-11-08,C00144,Social Media,Desktop,0
S0015779,2025-05-18,C00149,Organic Search,Mobile,1
S0015780,2025-05-31,C00993,Organic Search,Desktop,0
S0015781,2025-08-30,C00986,Organic Search,Mobile,0
S0015782,2025-05-23,C01104,Organic Search,Mobile,0
S0015783,2025-11-07,C00968,Social Media,Mobile,0
S0015784,2025-10-26,C00042,Direct,Mobile,0
S0015785,2025-02-19,C00514,Organic Search,Tablet,0
S0015786,2025-09-19,C00773,Email,Mobile,1
S0015787,2025-06-10,C00594,Organic Search,Desktop,0
S0015788,2025-03-03,C00312,Direct,Mobile,1
S0015789,2025-02-24,C00404,Paid Search,Tablet,0
S0015790,2025-01-31,C00310,Social Media,Desktop,0
S0015791,2025-11-26,C00263,Organic Search,Mobile,0
S0015792,2025-10-17,C00512,Email,Desktop,0
S0015793,2025-06-18,C00556,Organic Search,Mobile,0
S0015794,2025-09-23,C00766,Email,Mobile,0
S0015795,2025-11-04,C00478,Paid Search,Desktop,0
S0015796,2025-07-04,C01147,Social Media,Mobile,0
S0015797,2025-11-30,C00516,Referral,Mobile,0
S0015798,2025-01-03,C00957,Social Media,Mobile,0
S0015799,2025-06-10,C00268,Referral,Desktop,0
S0015800,2025-09-17,C00799,Direct,Desktop,1
S0015801,2025-02-17,C00642,Organic Search,Tablet,0
S0015802,2025-09-11,C00984,Referral,Mobile,0
S0015803,2025-03-15,C00758,Organic Search,Desktop,1
S0015804,2025-12-01,C00660,Social Media,Desktop,0
S0015805,2025-06-15,C00590,Social Media,Tablet,0
S0015806,2025-09-17,C00779,Direct,Mobile,0
S0015807,2025-01-04,C00790,Social Media,Mobile,0
S0015808,2025-04-29,C00917,Referral,Desktop,0
S0015809,2025-09-30,C00891,Social Media,Mobile,0
S0015810,2025-08-14,C00994,Direct,Mobile,0
S0015811,2025-12-18,C00558,Paid Search,Mobile,0
S0015812,2025-03-11,C00830,Direct,Desktop,0
S0015813,2025-07-01,C01151,Organic Search,Mobile,1
S0015814,2025-12-19,C01080,Organic Search,Mobile,0
S0015815,2025-09-21,C00934,Direct,Mobile,0
S0015816,2025-06-30,C00673,Organic Search,Desktop,0
S0015817,2025-01-05,C01072,Organic Search,Desktop,0
S0015818,2025-07-16,C00051,Referral,Mobile,0
S0015819,2025-02-16,C01044,Organic Search,Mobile,0
S0015820,2025-02-09,C00865,Organic Search,Desktop,0
S0015821,2025-05-02,C00966,Social Media,Desktop,0
S0015822,2025-05-15,C00830,Direct,Mobile,0
S0015823,2025-05-20,C00475,Paid Search,Tablet,0
S0015824,2025-12-16,C00121,Referral,Mobile,1
S0015825,2025-06-02,C01065,Social Media,Desktop,0
S0015826,2025-01-28,C00186,Paid Search,Desktop,1
S0015827,2025-03-18,C00690,Email,Desktop,1
S0015828,2025-06-24,C01023,Direct,Mobile,0
S0015829,2025-02-18,C00499,Referral,Desktop,0
S0015830,2025-12-08,C00478,Paid Search,Mobile,0
S0015831,2025-11-06,C00681,Email,Desktop,0
S0015832,2025-10-01,C00769,Direct,Desktop,0
S0015833,2025-01-27,C00471,Social Media,Desktop,0
S0015834,2025-11-24,C00652,Paid Search,Mobile,0
S0015835,2025-08-09,C00875,Organic Search,Desktop,0
S0015836,2025-05-02,C00159,Social Media,Desktop,0
S0015837,2025-12-27,C00787,Email,Mobile,0
S0015838,2025-03-10,C00643,Social Media,Desktop,0
S0015839,2025-03-12,C00444,Organic Search,Mobile,0
S0015840,2025-05-30,C00351,Referral,Mobile,0
S0015841,2025-07-06,C00315,Email,Mobile,0
S0015842,2025-09-03,C00404,Paid Search,Mobile,0
S0015843,2025-07-15,C00695,Paid Search,Mobile,0
S0015844,2025-02-01,C00470,Organic Search,Desktop,0
S0015845,2025-04-19,C00792,Referral,Desktop,0
S0015846,2025-12-19,C00679,Paid Search,Mobile,0
S0015847,2025-01-01,C00069,Organic Search,Desktop,0
S0015848,2025-07-01,C00620,Social Media,Mobile,0
S0015849,2025-06-23,C00290,Referral,Desktop,0
S0015850,2025-06-18,C00298,Paid Search,Mobile,0
S0015851,2025-09-05,C00956,Organic Search,Desktop,0
S0015852,2025-04-18,C00157,Referral,Desktop,0
S0015853,2025-10-24,C01036,Social Media,Mobile,0
S0015854,2025-09-21,C00187,Referral,Mobile,0
S0015855,2025-01-30,C00822,Social Media,Mobile,1
S0015856,2025-10-29,C00078,Direct,Mobile,1
S0015857,2025-12-27,C01055,Direct,Desktop,0
S0015858,2025-12-18,C00954,Referral,Desktop,0
S0015859,2025-11-13,C01083,Paid Search,Mobile,0
S0015860,2025-08-13,C00282,Organic Search,Mobile,0
S0015861,2025-03-30,C00166,Organic Search,Desktop,0
S0015862,2025-08-22,C01094,Organic Search,Mobile,0
S0015863,2025-06-17,C01018,Social Media,Desktop,0
S0015864,2025-08-19,C00859,Paid Search,Mobile,0
S0015865,2025-05-06,C00743,Referral,Mobile,0
S0015866,2025-03-02,C01063,Organic Search,Desktop,1
S0015867,2025-04-30,C00876,Paid Search,Mobile,0
S0015868,2025-07-09,C01066,Direct,Mobile,0
S0015869,2025-05-01,C00056,Direct,Tablet,0
S0015870,2025-02-17,C00441,Organic Search,Mobile,0
S0015871,2025-07-21,C00141,Paid Search,Mobile,0
S0015872,2025-02-28,C00018,Direct,Mobile,0
S0015873,2025-07-04,C00415,Paid Search,Mobile,0
S0015874,2025-08-11,C00807,Social Media,Mobile,0
S0015875,2025-01-11,C00491,Organic Search,Mobile,0
S0015876,2025-10-08,C00913,Social Media,Mobile,0
S0015877,2025-07-08,C00680,Email,Mobile,1
S0015878,2025-10-29,C00730,Organic Search,Mobile,0
S0015879,2025-11-06,C00554,Email,Mobile,0
S0015880,2025-08-25,C00207,Referral,Desktop,1
S0015881,2025-02-03,C00266,Email,Mobile,0
S0015882,2025-12-06,C01085,Paid Search,Mobile,0
S0015883,2025-05-15,C00659,Email,Desktop,0
S0015884,2025-03-03,C00210,Paid Search,Mobile,0
S0015885,2025-11-09,C00076,Direct,Mobile,0
S0015886,2025-08-15,C01180,Paid Search,Mobile,0
S0015887,2025-04-03,C00811,Email,Desktop,0
S0015888,2025-04-26,C00945,Organic Search,Desktop,0
S0015889,2025-11-28,C00819,Organic Search,Mobile,0
S0015890,2025-05-13,C00305,Direct,Mobile,0
S0015891,2025-11-28,C00219,Organic Search,Mobile,0
S0015892,2025-10-20,C00187,Referral,Mobile,0
S0015893,2025-07-12,C00539,Paid Search,Desktop,0
S0015894,2025-01-30,C00048,Direct,Mobile,0
S0015895,2025-10-25,C00597,Social Media,Mobile,0
S0015896,2025-03-02,C00184,Organic Search,Mobile,0
S0015897,2025-10-31,C00075,Paid Search,Mobile,0
S0015898,2025-12-06,C00093,Direct,Mobile,0
S0015899,2025-12-15,C00762,Organic Search,Mobile,0
S0015900,2025-11-20,C00985,Referral,Mobile,0
S0015901,2025-10-29,C00180,Referral,Mobile,0
S0015902,2025-01-28,C00451,Social Media,Mobile,0
S0015903,2025-03-18,C00659,Email,Mobile,1
S0015904,2025-05-01,C01040,Social Media,Tablet,0
S0015905,2025-01-03,C00846,Organic Search,Desktop,0
S0015906,2025-02-06,C00212,Paid Search,Mobile,0
S0015907,2025-05-27,C01042,Paid Search,Mobile,0
S0015908,2025-04-02,C00176,Social Media,Mobile,0
S0015909,2025-12-05,C00229,Paid Search,Mobile,0
S0015910,2025-09-30,C00311,Organic Search,Mobile,0
S0015911,2025-03-28,C00623,Direct,Mobile,0
S0015912,2025-02-09,C01106,Social Media,Desktop,0
S0015913,2025-06-27,C01103,Organic Search,Desktop,0
S0015914,2025-11-25,C00491,Organic Search,Mobile,0
S0015915,2025-10-12,C00114,Organic Search,Mobile,0
S0015916,2025-02-11,C00708,Paid Search,Tablet,0
S0015917,2025-10-12,C00923,Social Media,Desktop,0
S0015918,2025-03-07,C00143,Direct,Mobile,0
S0015919,2025-05-04,C00703,Email,Mobile,1
S0015920,2025-05-25,C00285,Paid Search,Mobile,0
S0015921,2025-04-30,C00316,Email,Desktop,0
S0015922,2025-04-19,C00909,Organic Search,Desktop,0
S0015923,2025-04-02,C00204,Referral,Desktop,0
S0015924,2025-11-04,C00936,Email,Tablet,0
S0015925,2025-03-01,C00057,Organic Search,Mobile,0
S0015926,2025-12-16,C00353,Paid Search,Mobile,0
S0015927,2025-08-15,C01129,Direct,Mobile,0
S0015928,2025-08-28,C00702,Direct,Desktop,0
S0015929,2025-07-31,C00928,Social Media,Mobile,0
S0015930,2025-04-08,C00555,Social Media,Mobile,0
S0015931,2025-01-14,C01128,Email,Mobile,0
S0015932,2025-08-06,C00236,Organic Search,Mobile,0
S0015933,2025-06-19,C01046,Social Media,Mobile,0
S0015934,2025-11-03,C01128,Email,Mobile,0
S0015935,2025-10-07,C00620,Social Media,Mobile,0
S0015936,2025-12-29,C00284,Organic Search,Desktop,0
S0015937,2025-07-29,C00813,Paid Search,Desktop,0
S0015938,2025-09-13,C00043,Direct,Desktop,0
S0015939,2025-06-20,C00792,Referral,Mobile,0
S0015940,2025-03-14,C00700,Referral,Mobile,0
S0015941,2025-05-27,C00427,Organic Search,Desktop,0
S0015942,2025-12-06,C00023,Social Media,Mobile,0
S0015943,2025-11-13,C01126,Organic Search,Mobile,0
S0015944,2025-04-16,C00021,Paid Search,Desktop,0
S0015945,2025-04-04,C00142,Organic Search,Mobile,1
S0015946,2025-03-04,C00366,Email,Mobile,0
S0015947,2025-06-03,C00668,Paid Search,Mobile,0
S0015948,2025-09-12,C00883,Organic Search,Desktop,0
S0015949,2025-12-17,C00846,Organic Search,Mobile,0
S0015950,2025-02-04,C01100,Referral,Desktop,0
S0015951,2025-11-19,C00332,Direct,Mobile,0
S0015952,2025-11-08,C00708,Paid Search,Mobile,0
S0015953,2025-10-23,C00802,Referral,Mobile,0
S0015954,2025-09-10,C00391,Social Media,Mobile,0
S0015955,2025-06-06,C00401,Email,Mobile,0
S0015956,2025-05-14,C00545,Email,Mobile,0
S0015957,2025-05-09,C00544,Paid Search,Mobile,0
S0015958,2025-10-07,C00125,Paid Search,Mobile,0
S0015959,2025-12-24,C00192,Organic Search,Mobile,0
S0015960,2025-09-09,C00606,Paid Search,Mobile,0
S0015961,2025-05-15,C00884,Organic Search,Desktop,0
S0015962,2025-11-27,C00321,Organic Search,Tablet,0
S0015963,2025-01-11,C00091,Paid Search,Mobile,0
S0015964,2025-10-19,C00384,Organic Search,Mobile,0
S0015965,2025-05-28,C01024,Organic Search,Desktop,0
S0015966,2025-11-15,C01199,Organic Search,Mobile,0
S0015967,2025-03-21,C00918,Organic Search,Mobile,0
S0015968,2025-07-10,C00179,Email,Desktop,0
S0015969,2025-12-10,C00333,Organic Search,Desktop,1
S0015970,2025-01-30,C00181,Social Media,Mobile,0
S0015971,2025-12-25,C01044,Organic Search,Mobile,0
S0015972,2025-08-17,C00328,Email,Desktop,0
S0015973,2025-03-25,C00455,Organic Search,Desktop,0
S0015974,2025-05-30,C01112,Organic Search,Mobile,1
S0015975,2025-12-27,C00564,Direct,Mobile,1
S0015976,2025-07-08,C00704,Direct,Desktop,1
S0015977,2025-01-21,C00939,Paid Search,Desktop,0
S0015978,2025-02-06,C00093,Direct,Mobile,0
S0015979,2025-09-03,C00279,Direct,Tablet,0
S0015980,2025-10-10,C00881,Social Media,Mobile,0
S0015981,2025-04-12,C00251,Social Media,Desktop,0
S0015982,2025-10-21,C00650,Social Media,Desktop,0
S0015983,2025-08-20,C00875,Organic Search,Desktop,0
S0015984,2025-11-12,C00933,Social Media,Mobile,0
S0015985,2025-11-22,C00389,Social Media,Mobile,0
S0015986,2025-10-15,C00150,Referral,Mobile,0
S0015987,2025-12-02,C00283,Paid Search,Desktop,0
S0015988,2025-09-02,C00959,Social Media,Desktop,0
S0015989,2025-06-26,C01141,Social Media,Desktop,0
S0015990,2025-08-01,C00993,Organic Search,Desktop,0
S0015991,2025-12-24,C00676,Direct,Tablet,0
S0015992,2025-04-12,C01002,Organic Search,Mobile,0
S0015993,2025-10-13,C00596,Email,Mobile,0
S0015994,2025-01-22,C00754,Direct,Desktop,0
S0015995,2025-01-19,C00073,Email,Mobile,0
S0015996,2025-10-14,C00279,Direct,Desktop,0
S0015997,2025-10-03,C00195,Email,Mobile,1
S0015998,2025-05-27,C00678,Organic Search,Mobile,0
S0015999,2025-02-09,C00758,Organic Search,Mobile,0
S0016000,2025-06-16,C00448,Organic Search,Mobile,0
S0016001,2025-04-01,C01068,Direct,Desktop,0
S0016002,2025-03-13,C00675,Paid Search,Desktop,0
S0016003,2025-12-31,C00940,Organic Search,Desktop,0
S0016004,2025-10-10,C00304,Direct,Mobile,0
S0016005,2025-12-01,C00724,Organic Search,Desktop,0
S0016006,2025-05-20,C00759,Direct,Desktop,0
S0016007,2025-08-27,C00303,Direct,Mobile,1
S0016008,2025-03-19,C00930,Referral,Desktop,0
S0016009,2025-07-18,C00892,Direct,Mobile,0
S0016010,2025-01-17,C00484,Paid Search,Tablet,0
S0016011,2025-08-06,C00623,Direct,Mobile,0
S0016012,2025-08-17,C00270,Organic Search,Tablet,0
S0016013,2025-12-06,C01129,Direct,Mobile,0
S0016014,2025-05-18,C00350,Social Media,Desktop,0
S0016015,2025-05-27,C00403,Paid Search,Mobile,0
S0016016,2025-07-29,C01013,Email,Mobile,0
S0016017,2025-06-07,C00258,Social Media,Desktop,0
S0016018,2025-06-02,C00617,Organic Search,Mobile,0
S0016019,2025-12-10,C00591,Email,Mobile,0
S0016020,2025-11-26,C00051,Referral,Mobile,0
S0016021,2025-12-24,C00728,Organic Search,Mobile,0
S0016022,2025-12-18,C00592,Email,Mobile,0
S0016023,2025-06-12,C00379,Organic Search,Desktop,0
S0016024,2025-11-03,C01024,Organic Search,Tablet,0
S0016025,2025-04-11,C00274,Paid Search,Mobile,0
S0016026,2025-11-23,C01011,Organic Search,Mobile,0
S0016027,2025-11-23,C00361,Paid Search,Mobile,0
S0016028,2025-06-04,C00497,Referral,Mobile,0
S0016029,2025-01-10,C00958,Referral,Mobile,0
S0016030,2025-12-19,C00044,Social Media,Mobile,0
S0016031,2025-07-02,C01091,Paid Search,Desktop,0
S0016032,2025-05-14,C00540,Paid Search,Mobile,0
S0016033,2025-01-06,C01002,Organic Search,Tablet,0
S0016034,2025-11-29,C00299,Direct,Desktop,0
S0016035,2025-11-29,C00309,Referral,Mobile,0
S0016036,2025-09-15,C00753,Direct,Mobile,0
S0016037,2025-07-30,C00630,Direct,Desktop,0
S0016038,2025-02-20,C00591,Email,Mobile,0
S0016039,2025-05-27,C01017,Referral,Mobile,0
S0016040,2025-05-08,C00793,Direct,Mobile,0
S0016041,2025-09-15,C01130,Organic Search,Mobile,0
S0016042,2025-02-20,C01184,Email,Mobile,0
S0016043,2025-06-03,C00218,Paid Search,Tablet,0
S0016044,2025-03-11,C00051,Referral,Mobile,0
S0016045,2025-10-03,C00899,Social Media,Mobile,0
S0016046,2025-10-06,C00865,Organic Search,Mobile,0
S0016047,2025-11-06,C00688,Social Media,Desktop,0
S0016048,2025-05-14,C00225,Email,Mobile,0
S0016049,2025-08-08,C00437,Organic Search,Desktop,0
S0016050,2025-06-12,C01035,Email,Mobile,0
S0016051,2025-05-16,C00541,Paid Search,Desktop,0
S0016052,2025-02-26,C00567,Organic Search,Desktop,0
S0016053,2025-06-26,C00792,Referral,Desktop,0
S0016054,2025-04-25,C01190,Referral,Mobile,0
S0016055,2025-05-29,C00818,Organic Search,Desktop,0
S0016056,2025-08-29,C00786,Organic Search,Desktop,1
S0016057,2025-05-03,C00684,Email,Mobile,0
S0016058,2025-10-19,C00850,Referral,Mobile,0
S0016059,2025-11-23,C00058,Organic Search,Mobile,0
S0016060,2025-03-10,C00290,Referral,Mobile,0
S0016061,2025-11-10,C00641,Organic Search,Mobile,0
S0016062,2025-03-04,C00487,Referral,Desktop,0
S0016063,2025-08-09,C01192,Email,Mobile,0
S0016064,2025-01-16,C00289,Social Media,Mobile,0
S0016065,2025-03-19,C00463,Organic Search,Mobile,0
S0016066,2025-05-02,C01069,Direct,Desktop,0
S0016067,2025-09-15,C00985,Referral,Desktop,0
S0016068,2025-08-05,C00634,Paid Search,Tablet,0
S0016069,2025-04-24,C00612,Organic Search,Mobile,0
S0016070,2025-05-26,C01141,Social Media,Mobile,0
S0016071,2025-08-25,C00611,Social Media,Mobile,0
S0016072,2025-03-27,C00657,Direct,Desktop,0
S0016073,2025-06-16,C01191,Paid Search,Desktop,0
S0016074,2025-05-09,C00457,Direct,Mobile,0
S0016075,2025-06-14,C00083,Direct,Mobile,0
S0016076,2025-10-04,C00720,Referral,Mobile,0
S0016077,2025-09-14,C00606,Paid Search,Mobile,0
S0016078,2025-05-12,C01050,Social Media,Mobile,0
S0016079,2025-02-27,C00556,Organic Search,Mobile,0
S0016080,2025-09-14,C00699,Direct,Desktop,0
S0016081,2025-05-21,C00355,Paid Search,Mobile,0
S0016082,2025-06-23,C00675,Paid Search,Mobile,0
S0016083,2025-06-24,C01116,Email,Desktop,0
S0016084,2025-07-28,C01152,Direct,Mobile,0
S0016085,2025-07-23,C00771,Organic Search,Mobile,0
S0016086,2025-01-07,C00154,Paid Search,Mobile,0
S0016087,2025-02-20,C00647,Direct,Mobile,1
S0016088,2025-09-16,C01070,Direct,Mobile,0
S0016089,2025-06-27,C00636,Social Media,Mobile,0
S0016090,2025-01-31,C01074,Paid Search,Mobile,0
S0016091,2025-12-22,C01156,Paid Search,Mobile,0
S0016092,2025-11-14,C00761,Organic Search,Mobile,0
S0016093,2025-06-03,C01136,Direct,Desktop,0
S0016094,2025-12-30,C00062,Organic Search,Mobile,0
S0016095,2025-02-24,C01034,Direct,Desktop,0
S0016096,2025-06-05,C00873,Email,Desktop,0
S0016097,2025-02-13,C01182,Paid Search,Mobile,1
S0016098,2025-03-22,C00028,Direct,Desktop,0
S0016099,2025-06-15,C00318,Organic Search,Mobile,1
S0016100,2025-01-30,C01020,Paid Search,Desktop,0
S0016101,2025-11-18,C00296,Social Media,Mobile,0
S0016102,2025-05-16,C01174,Organic Search,Mobile,0
S0016103,2025-01-14,C00487,Referral,Mobile,0
S0016104,2025-12-23,C01024,Organic Search,Mobile,0
S0016105,2025-04-16,C00921,Social Media,Tablet,0
S0016106,2025-12-25,C00606,Paid Search,Mobile,1
S0016107,2025-11-14,C00350,Social Media,Mobile,0
S0016108,2025-03-16,C00131,Social Media,Mobile,0
S0016109,2025-03-20,C00159,Social Media,Mobile,0
S0016110,2025-07-13,C00381,Direct,Desktop,0
S0016111,2025-12-29,C00611,Social Media,Mobile,0
S0016112,2025-04-06,C00480,Social Media,Desktop,0
S0016113,2025-02-09,C00287,Social Media,Mobile,0
S0016114,2025-09-13,C00647,Direct,Desktop,0
S0016115,2025-04-17,C00278,Direct,Mobile,1
S0016116,2025-01-17,C00424,Paid Search,Mobile,0
S0016117,2025-01-15,C00830,Direct,Mobile,0
S0016118,2025-09-29,C00286,Paid Search,Desktop,0
S0016119,2025-01-13,C00472,Paid Search,Desktop,0
S0016120,2025-09-04,C01013,Email,Mobile,0
S0016121,2025-08-02,C00983,Paid Search,Desktop,0
S0016122,2025-05-31,C00375,Email,Tablet,0
S0016123,2025-10-19,C01038,Organic Search,Mobile,0
S0016124,2025-02-12,C01064,Social Media,Desktop,0
S0016125,2025-04-24,C01042,Paid Search,Desktop,0
S0016126,2025-11-26,C00700,Referral,Mobile,1
S0016127,2025-03-22,C00062,Organic Search,Mobile,0
S0016128,2025-12-16,C00660,Social Media,Mobile,0
S0016129,2025-05-21,C01179,Paid Search,Mobile,0
S0016130,2025-01-30,C00404,Paid Search,Desktop,1
S0016131,2025-01-30,C00335,Direct,Desktop,0
S0016132,2025-09-23,C00170,Email,Mobile,0
S0016133,2025-04-09,C00220,Organic Search,Desktop,1
S0016134,2025-04-04,C00084,Direct,Mobile,0
S0016135,2025-07-30,C01026,Organic Search,Tablet,0
S0016136,2025-10-22,C00515,Social Media,Mobile,0
S0016137,2025-02-06,C00734,Paid Search,Desktop,0
S0016138,2025-03-30,C01189,Organic Search,Desktop,0
S0016139,2025-09-12,C01095,Email,Mobile,0
S0016140,2025-08-02,C00400,Referral,Mobile,1
S0016141,2025-01-14,C00106,Social Media,Mobile,0
S0016142,2025-07-11,C00405,Paid Search,Mobile,0
S0016143,2025-10-22,C00790,Social Media,Desktop,0
S0016144,2025-07-01,C00281,Referral,Desktop,0
S0016145,2025-05-10,C00004,Paid Search,Desktop,0
S0016146,2025-08-12,C00515,Social Media,Desktop,0
S0016147,2025-02-12,C00817,Paid Search,Mobile,0
S0016148,2025-06-30,C00571,Paid Search,Mobile,0
S0016149,2025-06-18,C00248,Direct,Mobile,0
S0016150,2025-09-21,C00468,Social Media,Desktop,0
S0016151,2025-04-06,C01031,Organic Search,Mobile,0
S0016152,2025-07-22,C00789,Paid Search,Mobile,0
S0016153,2025-11-17,C00923,Social Media,Mobile,0
S0016154,2025-12-01,C00843,Email,Mobile,0
S0016155,2025-03-09,C00632,Paid Search,Mobile,0
S0016156,2025-04-02,C00070,Paid Search,Mobile,0
S0016157,2025-09-23,C00137,Social Media,Mobile,0
S0016158,2025-11-27,C00620,Social Media,Mobile,0
S0016159,2025-06-27,C00358,Social Media,Mobile,0
S0016160,2025-05-31,C00650,Social Media,Desktop,0
S0016161,2025-11-13,C00567,Organic Search,Mobile,0
S0016162,2025-02-16,C00052,Social Media,Mobile,1
S0016163,2025-01-03,C00227,Direct,Tablet,0
S0016164,2025-04-13,C00884,Organic Search,Mobile,0
S0016165,2025-09-30,C01044,Organic Search,Desktop,0
S0016166,2025-01-22,C00068,Paid Search,Mobile,0
S0016167,2025-04-26,C00233,Referral,Desktop,0
S0016168,2025-12-13,C00105,Email,Mobile,0
S0016169,2025-04-14,C00296,Social Media,Tablet,0
S0016170,2025-09-16,C01045,Organic Search,Desktop,0
S0016171,2025-11-04,C01037,Organic Search,Desktop,0
S0016172,2025-10-25,C00091,Paid Search,Mobile,0
S0016173,2025-05-10,C00805,Paid Search,Mobile,0
S0016174,2025-10-22,C00331,Social Media,Mobile,0
S0016175,2025-10-29,C00343,Paid Search,Tablet,0
S0016176,2025-02-17,C00064,Referral,Mobile,0
S0016177,2025-01-27,C01110,Paid Search,Mobile,0
S0016178,2025-01-15,C00689,Email,Mobile,1
S0016179,2025-09-20,C00175,Paid Search,Mobile,0
S0016180,2025-12-31,C01058,Direct,Desktop,0
S0016181,2025-10-25,C00279,Direct,Mobile,0
S0016182,2025-09-22,C00262,Social Media,Desktop,0
S0016183,2025-12-27,C00245,Direct,Mobile,0
S0016184,2025-05-14,C01156,Paid Search,Mobile,0
S0016185,2025-03-17,C00902,Social Media,Mobile,0
S0016186,2025-01-30,C00832,Paid Search,Desktop,0
S0016187,2025-12-06,C00515,Social Media,Mobile,0
S0016188,2025-05-06,C00924,Email,Mobile,1
S0016189,2025-03-25,C00433,Email,Desktop,1
S0016190,2025-02-23,C00239,Direct,Mobile,0
S0016191,2025-10-10,C01056,Referral,Desktop,0
S0016192,2025-12-06,C00557,Organic Search,Tablet,1
S0016193,2025-09-20,C00717,Direct,Mobile,0
S0016194,2025-12-26,C00535,Paid Search,Mobile,0
S0016195,2025-08-10,C00018,Direct,Desktop,0
S0016196,2025-11-24,C00433,Email,Mobile,1
S0016197,2025-01-02,C00230,Paid Search,Desktop,0
S0016198,2025-11-02,C01135,Paid Search,Mobile,0
S0016199,2025-05-26,C00435,Organic Search,Mobile,0
S0016200,2025-01-18,C00648,Paid Search,Mobile,0
S0016201,2025-01-16,C00582,Organic Search,Mobile,0
S0016202,2025-11-04,C00907,Organic Search,Mobile,0
S0016203,2025-06-08,C00930,Referral,Desktop,0
S0016204,2025-12-06,C00792,Referral,Desktop,0
S0016205,2025-12-18,C01188,Email,Desktop,0
S0016206,2025-10-25,C00171,Paid Search,Mobile,0
S0016207,2025-07-28,C00163,Paid Search,Mobile,0
S0016208,2025-07-24,C00529,Paid Search,Mobile,0
S0016209,2025-04-23,C00805,Paid Search,Desktop,1
S0016210,2025-06-27,C00444,Organic Search,Mobile,0
S0016211,2025-07-28,C00882,Social Media,Mobile,0
S0016212,2025-05-04,C00165,Paid Search,Mobile,0
S0016213,2025-01-15,C00278,Direct,Mobile,0
S0016214,2025-12-12,C00902,Social Media,Mobile,0
S0016215,2025-10-25,C00942,Email,Mobile,1
S0016216,2025-02-14,C00307,Email,Mobile,0
S0016217,2025-04-04,C01065,Social Media,Desktop,0
S0016218,2025-04-17,C01037,Organic Search,Desktop,0
S0016219,2025-10-05,C00177,Organic Search,Mobile,1
S0016220,2025-05-08,C00374,Direct,Desktop,0
S0016221,2025-02-07,C00873,Email,Mobile,1
S0016222,2025-04-07,C00901,Referral,Desktop,0
S0016223,2025-07-17,C00607,Organic Search,Desktop,0
S0016224,2025-07-11,C00601,Organic Search,Mobile,0
S0016225,2025-12-23,C00614,Social Media,Mobile,0
S0016226,2025-01-07,C00709,Social Media,Tablet,0
S0016227,2025-02-13,C00231,Organic Search,Mobile,0
S0016228,2025-11-28,C01097,Paid Search,Mobile,0
S0016229,2025-01-07,C00409,Social Media,Mobile,0
S0016230,2025-07-13,C00544,Paid Search,Mobile,0
S0016231,2025-11-12,C00631,Paid Search,Mobile,0
S0016232,2025-01-01,C00487,Referral,Desktop,0
S0016233,2025-03-03,C00067,Email,Desktop,0
S0016234,2025-12-09,C00323,Organic Search,Mobile,0
S0016235,2025-03-30,C00668,Paid Search,Mobile,0
S0016236,2025-01-18,C00571,Paid Search,Mobile,0
S0016237,2025-04-18,C00993,Organic Search,Desktop,0
S0016238,2025-05-15,C00192,Organic Search,Desktop,0
S0016239,2025-11-06,C00355,Paid Search,Mobile,0
S0016240,2025-03-08,C00320,Paid Search,Tablet,0
S0016241,2025-04-03,C00680,Email,Mobile,0
S0016242,2025-05-18,C00327,Organic Search,Mobile,0
S0016243,2025-07-08,C00976,Email,Mobile,0
S0016244,2025-02-28,C00032,Paid Search,Desktop,0
S0016245,2025-07-06,C00307,Email,Mobile,0
S0016246,2025-08-23,C00894,Social Media,Mobile,0
S0016247,2025-03-10,C00502,Direct,Mobile,0
S0016248,2025-04-08,C00957,Social Media,Mobile,0
S0016249,2025-01-08,C00397,Social Media,Mobile,0
S0016250,2025-11-07,C01069,Direct,Mobile,0
S0016251,2025-05-14,C01102,Organic Search,Mobile,0
S0016252,2025-02-25,C00300,Social Media,Mobile,0
S0016253,2025-12-26,C00645,Paid Search,Desktop,0
S0016254,2025-04-24,C00015,Social Media,Mobile,0
S0016255,2025-03-29,C00196,Social Media,Desktop,0
S0016256,2025-05-18,C00053,Social Media,Mobile,0
S0016257,2025-04-18,C00345,Organic Search,Desktop,0
S0016258,2025-01-23,C00815,Paid Search,Mobile,0
S0016259,2025-05-24,C00755,Direct,Desktop,0
S0016260,2025-12-23,C00829,Organic Search,Mobile,0
S0016261,2025-05-24,C00322,Email,Mobile,0
S0016262,2025-02-25,C00180,Referral,Mobile,0
S0016263,2025-04-18,C01004,Referral,Desktop,0
S0016264,2025-12-17,C01129,Direct,Desktop,0
S0016265,2025-01-06,C00024,Email,Mobile,0
S0016266,2025-01-30,C00231,Organic Search,Desktop,0
S0016267,2025-11-03,C00656,Organic Search,Tablet,0
S0016268,2025-12-28,C00435,Organic Search,Mobile,0
S0016269,2025-12-11,C00504,Direct,Mobile,0
S0016270,2025-05-07,C00639,Referral,Desktop,0
S0016271,2025-10-29,C00252,Organic Search,Mobile,0
S0016272,2025-05-01,C00045,Paid Search,Mobile,0
S0016273,2025-04-09,C00170,Email,Mobile,0
S0016274,2025-06-15,C00381,Direct,Desktop,0
S0016275,2025-11-21,C00113,Social Media,Desktop,0
S0016276,2025-11-15,C01052,Social Media,Desktop,0
S0016277,2025-08-29,C00565,Social Media,Mobile,0
S0016278,2025-02-19,C00041,Organic Search,Mobile,0
S0016279,2025-09-25,C00273,Email,Mobile,0
S0016280,2025-11-21,C00028,Direct,Mobile,0
S0016281,2025-03-14,C00093,Direct,Mobile,0
S0016282,2025-10-27,C00694,Social Media,Mobile,0
S0016283,2025-02-21,C00116,Organic Search,Desktop,0
S0016284,2025-09-22,C00003,Email,Desktop,0
S0016285,2025-08-15,C00558,Paid Search,Mobile,0
S0016286,2025-07-12,C00303,Direct,Desktop,0
S0016287,2025-08-27,C00186,Paid Search,Mobile,0
S0016288,2025-01-10,C00392,Direct,Desktop,0
S0016289,2025-10-29,C00558,Paid Search,Tablet,0
S0016290,2025-12-25,C00185,Paid Search,Desktop,0
S0016291,2025-08-16,C00241,Direct,Mobile,0
S0016292,2025-10-20,C00991,Email,Mobile,0
S0016293,2025-02-21,C00557,Organic Search,Mobile,0
S0016294,2025-08-28,C00397,Social Media,Mobile,0
S0016295,2025-04-09,C00170,Email,Mobile,0
S0016296,2025-03-22,C00886,Paid Search,Desktop,0
S0016297,2025-01-13,C00389,Social Media,Mobile,0
S0016298,2025-12-23,C00406,Direct,Desktop,0
S0016299,2025-05-08,C00234,Paid Search,Mobile,0
S0016300,2025-10-31,C00780,Referral,Desktop,0
S0016301,2025-01-11,C00716,Organic Search,Desktop,0
S0016302,2025-03-22,C00623,Direct,Desktop,1
S0016303,2025-09-18,C00155,Social Media,Desktop,0
S0016304,2025-01-06,C00939,Paid Search,Mobile,0
S0016305,2025-08-10,C01120,Paid Search,Mobile,0
S0016306,2025-10-25,C00701,Social Media,Mobile,0
S0016307,2025-03-22,C00484,Paid Search,Mobile,0
S0016308,2025-01-03,C00887,Email,Mobile,0
S0016309,2025-03-01,C00457,Direct,Mobile,0
S0016310,2025-08-09,C00875,Organic Search,Mobile,0
S0016311,2025-12-15,C00354,Paid Search,Desktop,0
S0016312,2025-02-18,C00924,Email,Mobile,0
S0016313,2025-08-16,C00446,Organic Search,Tablet,0
S0016314,2025-10-17,C00111,Organic Search,Desktop,0
S0016315,2025-10-20,C00754,Direct,Desktop,0
S0016316,2025-10-25,C00948,Direct,Tablet,0
S0016317,2025-07-12,C00572,Social Media,Mobile,0
S0016318,2025-09-14,C00258,Social Media,Mobile,0
S0016319,2025-04-13,C01139,Paid Search,Mobile,0
S0016320,2025-05-26,C00510,Referral,Mobile,0
S0016321,2025-10-17,C01159,Organic Search,Desktop,1
S0016322,2025-09-14,C00687,Referral,Mobile,0
S0016323,2025-11-05,C00654,Organic Search,Desktop,0
S0016324,2025-10-05,C00171,Paid Search,Mobile,0
S0016325,2025-07-08,C00049,Organic Search,Tablet,0
S0016326,2025-06-27,C01011,Organic Search,Mobile,0
S0016327,2025-01-16,C00994,Direct,Tablet,0
S0016328,2025-03-27,C00202,Email,Desktop,0
S0016329,2025-09-05,C00938,Paid Search,Desktop,0
S0016330,2025-08-05,C01152,Direct,Desktop,0
S0016331,2025-02-11,C01008,Organic Search,Desktop,0
S0016332,2025-07-13,C01106,Social Media,Desktop,0
S0016333,2025-11-23,C01042,Paid Search,Tablet,0
S0016334,2025-06-12,C00795,Organic Search,Mobile,0
S0016335,2025-10-03,C00098,Referral,Desktop,0
S0016336,2025-12-30,C00419,Organic Search,Mobile,0
S0016337,2025-05-10,C00351,Referral,Desktop,0
S0016338,2025-09-20,C00765,Referral,Desktop,0
S0016339,2025-06-26,C01051,Paid Search,Tablet,0
S0016340,2025-09-22,C00473,Paid Search,Mobile,0
S0016341,2025-01-27,C00321,Organic Search,Mobile,0
S0016342,2025-03-26,C00771,Organic Search,Mobile,0
S0016343,2025-07-15,C01127,Referral,Tablet,0
S0016344,2025-11-12,C00302,Paid Search,Desktop,0
S0016345,2025-08-31,C00673,Organic Search,Mobile,0
S0016346,2025-12-08,C00303,Direct,Mobile,0
S0016347,2025-06-26,C00690,Email,Mobile,0
S0016348,2025-05-10,C00382,Social Media,Mobile,0
S0016349,2025-05-25,C00480,Social Media,Desktop,0
S0016350,2025-03-24,C00694,Social Media,Mobile,0
S0016351,2025-12-26,C00163,Paid Search,Tablet,0
S0016352,2025-03-29,C00732,Referral,Desktop,0
S0016353,2025-01-20,C01115,Organic Search,Desktop,0
S0016354,2025-08-18,C00687,Referral,Mobile,0
S0016355,2025-05-06,C00992,Direct,Tablet,0
S0016356,2025-12-20,C01162,Paid Search,Mobile,0
S0016357,2025-02-20,C00257,Email,Mobile,0
S0016358,2025-03-29,C00208,Paid Search,Mobile,0
S0016359,2025-06-19,C01143,Social Media,Mobile,0
S0016360,2025-03-04,C01143,Social Media,Desktop,0
S0016361,2025-03-30,C00910,Referral,Mobile,0
S0016362,2025-07-08,C01059,Paid Search,Mobile,0
S0016363,2025-07-09,C00683,Social Media,Mobile,0
S0016364,2025-03-30,C00101,Organic Search,Mobile,0
S0016365,2025-12-14,C01121,Organic Search,Desktop,0
S0016366,2025-11-28,C00206,Social Media,Mobile,0
S0016367,2025-01-26,C00454,Organic Search,Mobile,0
S0016368,2025-06-25,C00065,Organic Search,Mobile,0
S0016369,2025-12-30,C00045,Paid Search,Mobile,0
S0016370,2025-09-21,C00060,Organic Search,Mobile,0
S0016371,2025-02-11,C01011,Organic Search,Mobile,0
S0016372,2025-04-29,C00821,Referral,Desktop,0
S0016373,2025-06-18,C00346,Direct,Mobile,0
S0016374,2025-04-18,C00004,Paid Search,Mobile,0
S0016375,2025-05-27,C01029,Referral,Mobile,0
S0016376,2025-06-25,C00964,Direct,Mobile,0
S0016377,2025-07-08,C00588,Direct,Desktop,0
S0016378,2025-06-09,C00880,Organic Search,Mobile,0
S0016379,2025-10-29,C00005,Organic Search,Desktop,0
S0016380,2025-12-14,C00232,Email,Mobile,0
S0016381,2025-03-15,C00443,Paid Search,Mobile,0
S0016382,2025-12-18,C00494,Social Media,Mobile,0
S0016383,2025-01-18,C01034,Direct,Desktop,0
S0016384,2025-05-20,C00128,Paid Search,Mobile,0
S0016385,2025-04-25,C00826,Social Media,Mobile,0
S0016386,2025-11-24,C01012,Social Media,Tablet,0
S0016387,2025-08-13,C00167,Email,Desktop,0
S0016388,2025-02-15,C00518,Email,Mobile,0
S0016389,2025-02-07,C00442,Social Media,Mobile,0
S0016390,2025-07-25,C00327,Organic Search,Mobile,0
S0016391,2025-01-09,C00995,Social Media,Desktop,0
S0016392,2025-09-10,C00112,Social Media,Desktop,0
S0016393,2025-04-18,C01183,Organic Search,Desktop,0
S0016394,2025-04-08,C01004,Referral,Mobile,0
S0016395,2025-10-02,C00070,Paid Search,Mobile,0
S0016396,2025-03-12,C00096,Direct,Mobile,0
S0016397,2025-02-08,C00570,Referral,Mobile,0
S0016398,2025-10-25,C00202,Email,Mobile,0
S0016399,2025-03-31,C00138,Paid Search,Desktop,0
S0016400,2025-08-07,C00880,Organic Search,Mobile,0
S0016401,2025-04-17,C00707,Referral,Desktop,0
S0016402,2025-04-06,C00282,Organic Search,Desktop,0
S0016403,2025-02-01,C00118,Email,Mobile,0
S0016404,2025-05-06,C00503,Referral,Desktop,0
S0016405,2025-05-27,C00405,Paid Search,Mobile,0
S0016406,2025-10-07,C00602,Direct,Desktop,0
S0016407,2025-01-24,C00344,Direct,Desktop,0
S0016408,2025-07-28,C00875,Organic Search,Mobile,0
S0016409,2025-04-30,C00431,Paid Search,Desktop,0
S0016410,2025-10-01,C00981,Organic Search,Mobile,0
S0016411,2025-05-20,C01091,Paid Search,Mobile,0
S0016412,2025-10-24,C00197,Direct,Mobile,0
S0016413,2025-12-09,C01126,Organic Search,Mobile,0
S0016414,2025-03-23,C00636,Social Media,Mobile,0
S0016415,2025-07-27,C01163,Referral,Mobile,0
S0016416,2025-02-02,C01057,Social Media,Mobile,0
S0016417,2025-01-24,C00817,Paid Search,Mobile,0
S0016418,2025-03-02,C00604,Social Media,Desktop,0
S0016419,2025-11-07,C00661,Organic Search,Desktop,0
S0016420,2025-07-08,C01092,Email,Mobile,0
S0016421,2025-03-25,C00902,Social Media,Tablet,0
S0016422,2025-08-13,C01130,Organic Search,Desktop,0
S0016423,2025-06-17,C00496,Email,Desktop,0
S0016424,2025-07-05,C00172,Organic Search,Tablet,0
S0016425,2025-03-13,C00244,Organic Search,Tablet,0
S0016426,2025-03-15,C00962,Social Media,Desktop,0
S0016427,2025-12-07,C00292,Organic Search,Mobile,1
S0016428,2025-06-02,C00775,Social Media,Mobile,0
S0016429,2025-04-06,C01056,Referral,Desktop,1
S0016430,2025-02-22,C00136,Organic Search,Desktop,0
S0016431,2025-06-23,C00041,Organic Search,Mobile,0
S0016432,2025-04-20,C00861,Paid Search,Mobile,0
S0016433,2025-11-12,C00260,Organic Search,Tablet,0
S0016434,2025-02-20,C00297,Paid Search,Desktop,0
S0016435,2025-09-10,C00242,Organic Search,Desktop,0
S0016436,2025-03-14,C00229,Paid Search,Mobile,0
S0016437,2025-07-31,C00776,Social Media,Desktop,0
S0016438,2025-07-31,C00649,Social Media,Mobile,0
S0016439,2025-09-08,C00067,Email,Mobile,0
S0016440,2025-06-17,C00645,Paid Search,Desktop,0
S0016441,2025-09-20,C00117,Referral,Mobile,0
S0016442,2025-11-27,C00918,Organic Search,Desktop,0
S0016443,2025-08-18,C00211,Referral,Mobile,0
S0016444,2025-08-27,C00046,Direct,Mobile,0
S0016445,2025-10-02,C00907,Organic Search,Desktop,0
S0016446,2025-05-23,C00802,Referral,Mobile,0
S0016447,2025-03-11,C01169,Organic Search,Mobile,0
S0016448,2025-11-08,C01048,Direct,Mobile,0
S0016449,2025-06-23,C00563,Paid Search,Mobile,0
S0016450,2025-12-02,C00290,Referral,Desktop,0
S0016451,2025-04-19,C00462,Organic Search,Mobile,0
S0016452,2025-07-22,C00347,Social Media,Tablet,0
S0016453,2025-07-04,C00085,Organic Search,Mobile,0
S0016454,2025-10-18,C00545,Email,Mobile,0
S0016455,2025-11-24,C01041,Direct,Desktop,0
S0016456,2025-04-02,C00603,Direct,Mobile,0
S0016457,2025-09-16,C00959,Social Media,Mobile,0
S0016458,2025-11-18,C00833,Paid Search,Mobile,0
S0016459,2025-07-25,C00607,Organic Search,Mobile,0
S0016460,2025-02-21,C00511,Organic Search,Desktop,0
S0016461,2025-12-15,C00429,Paid Search,Tablet,1
S0016462,2025-06-30,C00415,Paid Search,Mobile,0
S0016463,2025-10-30,C00852,Direct,Desktop,0
S0016464,2025-01-03,C00175,Paid Search,Desktop,0
S0016465,2025-03-25,C00954,Referral,Mobile,0
S0016466,2025-08-02,C00637,Social Media,Mobile,0
S0016467,2025-02-03,C00681,Email,Mobile,0
S0016468,2025-02-19,C00889,Organic Search,Desktop,0
S0016469,2025-10-16,C00264,Direct,Desktop,0
S0016470,2025-11-25,C00960,Paid Search,Mobile,0
S0016471,2025-09-16,C00311,Organic Search,Mobile,0
S0016472,2025-09-15,C00829,Organic Search,Mobile,0
S0016473,2025-09-29,C00862,Social Media,Mobile,0
S0016474,2025-07-01,C00572,Social Media,Mobile,0
S0016475,2025-02-02,C00856,Paid Search,Mobile,0
S0016476,2025-09-22,C00633,Paid Search,Mobile,0
S0016477,2025-11-09,C01122,Paid Search,Mobile,0
S0016478,2025-02-09,C01032,Paid Search,Mobile,0
S0016479,2025-11-04,C00968,Social Media,Desktop,0
S0016480,2025-07-29,C00678,Organic Search,Desktop,0
S0016481,2025-09-29,C00307,Email,Tablet,0
S0016482,2025-05-16,C01022,Social Media,Mobile,0
S0016483,2025-03-28,C00039,Email,Mobile,1
S0016484,2025-03-01,C00788,Direct,Mobile,0
S0016485,2025-06-13,C00414,Email,Desktop,0
S0016486,2025-01-03,C00947,Organic Search,Mobile,0
S0016487,2025-01-15,C00652,Paid Search,Mobile,0
S0016488,2025-04-12,C00124,Organic Search,Mobile,0
S0016489,2025-09-12,C00856,Paid Search,Mobile,0
S0016490,2025-08-13,C00230,Paid Search,Mobile,0
S0016491,2025-07-29,C00570,Referral,Desktop,0
S0016492,2025-01-23,C00215,Social Media,Tablet,0
S0016493,2025-08-23,C00837,Paid Search,Mobile,0
S0016494,2025-05-11,C00463,Organic Search,Mobile,0
S0016495,2025-06-07,C00299,Direct,Mobile,0
S0016496,2025-06-22,C01109,Organic Search,Mobile,0
S0016497,2025-01-17,C00312,Direct,Mobile,0
S0016498,2025-11-10,C00857,Social Media,Mobile,0
S0016499,2025-07-04,C00608,Paid Search,Desktop,0
S0016500,2025-11-30,C00650,Social Media,Desktop,0
S0016501,2025-07-03,C00215,Social Media,Mobile,0
S0016502,2025-05-23,C01151,Organic Search,Mobile,1
S0016503,2025-02-13,C00168,Paid Search,Tablet,0
S0016504,2025-01-12,C00871,Organic Search,Desktop,0
S0016505,2025-01-08,C00513,Paid Search,Mobile,0
S0016506,2025-03-21,C00694,Social Media,Desktop,0
S0016507,2025-10-24,C00048,Direct,Desktop,0
S0016508,2025-06-11,C00222,Email,Mobile,0
S0016509,2025-10-29,C00753,Direct,Mobile,0
S0016510,2025-08-04,C00215,Social Media,Mobile,0
S0016511,2025-09-05,C00879,Paid Search,Mobile,0
S0016512,2025-01-29,C00535,Paid Search,Desktop,0
S0016513,2025-09-29,C01146,Paid Search,Desktop,0
S0016514,2025-05-13,C00473,Paid Search,Mobile,0
S0016515,2025-01-05,C01121,Organic Search,Mobile,0
S0016516,2025-09-01,C00897,Paid Search,Mobile,0
S0016517,2025-01-30,C00866,Organic Search,Tablet,1
S0016518,2025-04-27,C00316,Email,Mobile,0
S0016519,2025-06-27,C00668,Paid Search,Desktop,0
S0016520,2025-09-18,C00568,Organic Search,Desktop,0
S0016521,2025-08-23,C00307,Email,Mobile,0
S0016522,2025-05-21,C00320,Paid Search,Desktop,0
S0016523,2025-11-01,C00859,Paid Search,Desktop,0
S0016524,2025-12-11,C01011,Organic Search,Desktop,0
S0016525,2025-02-19,C01020,Paid Search,Mobile,0
S0016526,2025-09-27,C00672,Direct,Mobile,0
S0016527,2025-04-18,C01150,Paid Search,Desktop,0
S0016528,2025-02-15,C00795,Organic Search,Mobile,0
S0016529,2025-03-23,C01182,Paid Search,Desktop,0
S0016530,2025-05-06,C00498,Social Media,Desktop,0
S0016531,2025-03-25,C00577,Referral,Mobile,0
S0016532,2025-10-17,C01120,Paid Search,Mobile,0
S0016533,2025-03-12,C01038,Organic Search,Tablet,0
S0016534,2025-06-24,C00502,Direct,Mobile,0
S0016535,2025-11-12,C00489,Paid Search,Mobile,0
S0016536,2025-11-26,C01056,Referral,Mobile,0
S0016537,2025-12-03,C00204,Referral,Mobile,0
S0016538,2025-12-20,C00029,Email,Mobile,0
S0016539,2025-04-01,C00749,Paid Search,Mobile,0
S0016540,2025-12-17,C00930,Referral,Mobile,0
S0016541,2025-09-06,C00223,Referral,Mobile,0
S0016542,2025-05-12,C00711,Direct,Desktop,0
S0016543,2025-06-18,C01030,Organic Search,Mobile,0
S0016544,2025-03-01,C01160,Referral,Desktop,0
S0016545,2025-12-03,C00655,Referral,Mobile,1
S0016546,2025-08-29,C00512,Email,Desktop,0
S0016547,2025-07-09,C00789,Paid Search,Mobile,0
S0016548,2025-12-06,C00490,Referral,Mobile,0
S0016549,2025-10-08,C00029,Email,Mobile,0
S0016550,2025-08-20,C00854,Organic Search,Mobile,0
S0016551,2025-10-16,C00887,Email,Mobile,0
S0016552,2025-10-02,C00581,Organic Search,Desktop,0
S0016553,2025-11-09,C00039,Email,Mobile,0
S0016554,2025-01-15,C00667,Email,Mobile,0
S0016555,2025-02-10,C00513,Paid Search,Mobile,0
S0016556,2025-07-27,C00283,Paid Search,Desktop,0
S0016557,2025-03-01,C00138,Paid Search,Mobile,0
S0016558,2025-12-31,C00992,Direct,Desktop,0
S0016559,2025-08-28,C00591,Email,Mobile,0
S0016560,2025-04-06,C00679,Paid Search,Mobile,0
S0016561,2025-10-05,C00806,Organic Search,Mobile,0
S0016562,2025-06-09,C00576,Organic Search,Mobile,0
S0016563,2025-10-09,C00440,Paid Search,Mobile,0
S0016564,2025-07-28,C01045,Organic Search,Desktop,1
S0016565,2025-05-13,C01157,Paid Search,Mobile,0
S0016566,2025-04-07,C00445,Referral,Mobile,1
S0016567,2025-08-07,C00904,Direct,Desktop,0
S0016568,2025-03-12,C00002,Organic Search,Mobile,1
S0016569,2025-10-01,C00839,Direct,Mobile,0
S0016570,2025-12-17,C00741,Referral,Desktop,0
S0016571,2025-05-14,C00274,Paid Search,Desktop,0
S0016572,2025-03-07,C00841,Direct,Desktop,0
S0016573,2025-05-07,C00280,Organic Search,Desktop,0
S0016574,2025-07-24,C00994,Direct,Mobile,0
S0016575,2025-10-25,C00045,Paid Search,Mobile,0
S0016576,2025-04-27,C00008,Referral,Mobile,0
S0016577,2025-09-24,C00054,Direct,Tablet,0
S0016578,2025-10-09,C01154,Paid Search,Tablet,0
S0016579,2025-05-29,C00163,Paid Search,Desktop,0
S0016580,2025-07-13,C00923,Social Media,Desktop,0
S0016581,2025-06-17,C00029,Email,Mobile,0
S0016582,2025-11-08,C01153,Referral,Mobile,0
S0016583,2025-06-28,C00608,Paid Search,Tablet,0
S0016584,2025-05-28,C00219,Organic Search,Desktop,0
S0016585,2025-02-26,C00048,Direct,Desktop,0
S0016586,2025-01-05,C00179,Email,Desktop,0
S0016587,2025-01-14,C00544,Paid Search,Desktop,0
S0016588,2025-10-07,C00177,Organic Search,Mobile,0
S0016589,2025-11-20,C01094,Organic Search,Mobile,0
S0016590,2025-10-31,C01003,Paid Search,Desktop,0
S0016591,2025-08-04,C01072,Organic Search,Mobile,0
S0016592,2025-06-24,C01199,Organic Search,Desktop,0
S0016593,2025-11-12,C00004,Paid Search,Desktop,0
S0016594,2025-01-03,C00599,Social Media,Mobile,0
S0016595,2025-05-17,C01060,Social Media,Mobile,0
S0016596,2025-04-10,C00835,Paid Search,Desktop,1
S0016597,2025-03-24,C00486,Organic Search,Mobile,0
S0016598,2025-10-07,C00964,Direct,Mobile,0
S0016599,2025-05-12,C00831,Paid Search,Mobile,0
S0016600,2025-01-01,C01198,Referral,Mobile,0
S0016601,2025-04-26,C01033,Paid Search,Mobile,0
S0016602,2025-07-21,C01010,Organic Search,Mobile,0
S0016603,2025-05-20,C00281,Referral,Mobile,0
S0016604,2025-05-26,C00875,Organic Search,Desktop,0
S0016605,2025-09-23,C01115,Organic Search,Desktop,0
S0016606,2025-07-21,C00713,Referral,Desktop,0
S0016607,2025-06-01,C00371,Organic Search,Mobile,0
S0016608,2025-08-10,C00512,Email,Mobile,0
S0016609,2025-03-20,C01018,Social Media,Desktop,0
S0016610,2025-07-19,C01008,Organic Search,Desktop,0
S0016611,2025-09-07,C00282,Organic Search,Mobile,0
S0016612,2025-04-09,C00268,Referral,Mobile,0
S0016613,2025-08-01,C00943,Email,Mobile,0
S0016614,2025-05-23,C00244,Organic Search,Mobile,0
S0016615,2025-07-09,C00547,Paid Search,Desktop,0
S0016616,2025-10-28,C00682,Social Media,Mobile,0
S0016617,2025-02-21,C00351,Referral,Desktop,0
S0016618,2025-04-22,C00775,Social Media,Mobile,0
S0016619,2025-05-15,C00636,Social Media,Desktop,0
S0016620,2025-04-22,C00602,Direct,Desktop,0
S0016621,2025-01-13,C00642,Organic Search,Desktop,0
S0016622,2025-09-30,C00087,Direct,Mobile,0
S0016623,2025-08-21,C00433,Email,Desktop,0
S0016624,2025-02-13,C00748,Organic Search,Desktop,0
S0016625,2025-03-14,C00555,Social Media,Mobile,0
S0016626,2025-09-18,C00113,Social Media,Mobile,0
S0016627,2025-08-19,C00689,Email,Desktop,0
S0016628,2025-02-02,C00136,Organic Search,Desktop,0
S0016629,2025-03-09,C00231,Organic Search,Desktop,0
S0016630,2025-01-16,C00162,Social Media,Mobile,0
S0016631,2025-05-30,C01095,Email,Desktop,0
S0016632,2025-10-19,C00344,Direct,Mobile,0
S0016633,2025-04-12,C00036,Paid Search,Mobile,0
S0016634,2025-07-05,C00630,Direct,Mobile,0
S0016635,2025-01-25,C00411,Direct,Mobile,0
S0016636,2025-03-13,C00260,Organic Search,Desktop,0
S0016637,2025-03-22,C00784,Referral,Mobile,0
S0016638,2025-03-02,C00766,Email,Desktop,1
S0016639,2025-01-18,C01043,Direct,Mobile,0
S0016640,2025-08-30,C01086,Organic Search,Mobile,0
S0016641,2025-02-27,C00968,Social Media,Desktop,0
S0016642,2025-11-28,C00391,Social Media,Mobile,0
S0016643,2025-02-26,C01015,Social Media,Desktop,0
S0016644,2025-04-07,C00223,Referral,Desktop,0
S0016645,2025-08-03,C00380,Referral,Desktop,0
S0016646,2025-11-15,C00675,Paid Search,Desktop,0
S0016647,2025-01-12,C01015,Social Media,Mobile,0
S0016648,2025-01-11,C00719,Organic Search,Mobile,0
S0016649,2025-06-12,C01158,Email,Desktop,0
S0016650,2025-10-10,C01013,Email,Mobile,0
S0016651,2025-08-05,C00635,Social Media,Mobile,0
S0016652,2025-12-26,C00314,Organic Search,Mobile,0
S0016653,2025-11-19,C00995,Social Media,Mobile,0
S0016654,2025-08-29,C00196,Social Media,Mobile,0
S0016655,2025-12-11,C00062,Organic Search,Desktop,0
S0016656,2025-02-14,C00490,Referral,Desktop,0
S0016657,2025-03-22,C01196,Email,Desktop,0
S0016658,2025-09-12,C01072,Organic Search,Mobile,0
S0016659,2025-03-08,C00553,Direct,Desktop,0
S0016660,2025-04-12,C00976,Email,Mobile,1
S0016661,2025-04-01,C00288,Referral,Desktop,0
S0016662,2025-02-11,C00743,Referral,Mobile,0
S0016663,2025-10-03,C00862,Social Media,Mobile,0
S0016664,2025-10-31,C01108,Direct,Desktop,1
S0016665,2025-10-01,C00341,Organic Search,Desktop,0
S0016666,2025-03-18,C00610,Referral,Mobile,0
S0016667,2025-08-22,C01066,Direct,Mobile,0
S0016668,2025-07-21,C00926,Direct,Desktop,0
S0016669,2025-08-09,C00272,Paid Search,Mobile,0
S0016670,2025-09-19,C00594,Organic Search,Desktop,0
S0016671,2025-02-08,C00078,Direct,Mobile,0
S0016672,2025-01-11,C01022,Social Media,Desktop,0
S0016673,2025-04-22,C00095,Social Media,Mobile,0
S0016674,2025-04-18,C00913,Social Media,Mobile,0
S0016675,2025-04-04,C00596,Email,Mobile,0
S0016676,2025-11-07,C00834,Paid Search,Desktop,0
S0016677,2025-03-25,C00988,Social Media,Desktop,1
S0016678,2025-02-27,C00036,Paid Search,Desktop,0
S0016679,2025-10-20,C00982,Social Media,Desktop,0
S0016680,2025-01-16,C00743,Referral,Desktop,1
S0016681,2025-11-22,C01018,Social Media,Mobile,0
S0016682,2025-04-03,C00392,Direct,Desktop,0
S0016683,2025-06-14,C00293,Paid Search,Desktop,0
S0016684,2025-08-03,C00734,Paid Search,Mobile,0
S0016685,2025-05-24,C00080,Organic Search,Desktop,0
S0016686,2025-10-01,C00547,Paid Search,Desktop,0
S0016687,2025-05-18,C00798,Direct,Mobile,0
S0016688,2025-07-23,C00878,Direct,Desktop,0
S0016689,2025-10-29,C01002,Organic Search,Mobile,0
S0016690,2025-07-29,C00707,Referral,Mobile,0
S0016691,2025-01-19,C00383,Email,Mobile,1
S0016692,2025-10-21,C00435,Organic Search,Desktop,0
S0016693,2025-10-20,C00018,Direct,Mobile,0
S0016694,2025-10-28,C00513,Paid Search,Mobile,0
S0016695,2025-06-11,C00610,Referral,Mobile,0
S0016696,2025-05-10,C01198,Referral,Desktop,0
S0016697,2025-02-13,C01187,Paid Search,Desktop,0
S0016698,2025-12-19,C00449,Organic Search,Mobile,0
S0016699,2025-03-24,C00213,Direct,Desktop,0
S0016700,2025-05-04,C00266,Email,Mobile,1
S0016701,2025-01-27,C01185,Email,Mobile,1
S0016702,2025-10-31,C00812,Organic Search,Mobile,0
S0016703,2025-12-16,C00925,Referral,Desktop,0
S0016704,2025-01-07,C01042,Paid Search,Mobile,0
S0016705,2025-12-07,C00549,Paid Search,Mobile,1
S0016706,2025-07-18,C00231,Organic Search,Mobile,0
S0016707,2025-04-22,C00284,Organic Search,Mobile,0
S0016708,2025-03-30,C00030,Social Media,Desktop,0
S0016709,2025-05-08,C00514,Organic Search,Mobile,0
S0016710,2025-08-18,C00376,Referral,Mobile,0
S0016711,2025-01-18,C00630,Direct,Mobile,0
S0016712,2025-10-16,C00611,Social Media,Mobile,0
S0016713,2025-06-10,C00439,Email,Mobile,1
S0016714,2025-12-18,C00404,Paid Search,Mobile,1
S0016715,2025-10-08,C01103,Organic Search,Desktop,0
S0016716,2025-06-15,C00585,Paid Search,Desktop,1
S0016717,2025-09-17,C00564,Direct,Mobile,0
S0016718,2025-12-30,C01038,Organic Search,Mobile,0
S0016719,2025-07-09,C00608,Paid Search,Mobile,0
S0016720,2025-12-04,C00893,Email,Desktop,0
S0016721,2025-09-23,C00861,Paid Search,Desktop,0
S0016722,2025-10-18,C01010,Organic Search,Desktop,0
S0016723,2025-12-21,C00080,Organic Search,Mobile,0
S0016724,2025-12-26,C00969,Organic Search,Mobile,0
S0016725,2025-10-06,C01188,Email,Mobile,0
S0016726,2025-08-05,C00242,Organic Search,Mobile,0
S0016727,2025-11-17,C00095,Social Media,Mobile,0
S0016728,2025-12-04,C00739,Paid Search,Mobile,0
S0016729,2025-07-26,C00105,Email,Mobile,0
S0016730,2025-06-02,C00457,Direct,Mobile,0
S0016731,2025-06-30,C01030,Organic Search,Mobile,0
S0016732,2025-07-31,C00317,Referral,Desktop,0
S0016733,2025-09-30,C01042,Paid Search,Mobile,0
S0016734,2025-07-22,C00656,Organic Search,Mobile,1
S0016735,2025-07-24,C00274,Paid Search,Desktop,0
S0016736,2025-06-02,C00637,Social Media,Tablet,0
S0016737,2025-06-19,C00853,Direct,Mobile,1
S0016738,2025-08-29,C00393,Referral,Desktop,0
S0016739,2025-10-14,C00151,Paid Search,Mobile,0
S0016740,2025-09-02,C00953,Organic Search,Mobile,0
S0016741,2025-11-17,C00248,Direct,Mobile,0
S0016742,2025-03-21,C00262,Social Media,Mobile,0
S0016743,2025-04-02,C00508,Paid Search,Tablet,1
S0016744,2025-05-29,C00246,Referral,Mobile,1
S0016745,2025-01-30,C00475,Paid Search,Mobile,1
S0016746,2025-05-03,C00144,Social Media,Mobile,0
S0016747,2025-11-22,C01116,Email,Tablet,0
S0016748,2025-01-29,C00078,Direct,Mobile,0
S0016749,2025-09-16,C00215,Social Media,Mobile,0
S0016750,2025-07-05,C00613,Social Media,Desktop,0
S0016751,2025-03-16,C01069,Direct,Desktop,1
S0016752,2025-02-14,C00971,Email,Mobile,0
S0016753,2025-03-10,C00727,Organic Search,Mobile,0
S0016754,2025-07-29,C00417,Referral,Mobile,0
S0016755,2025-08-27,C00909,Organic Search,Mobile,0
S0016756,2025-12-06,C00940,Organic Search,Desktop,0
S0016757,2025-11-04,C00413,Organic Search,Mobile,0
S0016758,2025-07-11,C00547,Paid Search,Mobile,0
S0016759,2025-04-13,C00580,Paid Search,Mobile,0
S0016760,2025-08-29,C00359,Organic Search,Mobile,0
S0016761,2025-09-10,C00714,Direct,Mobile,0
S0016762,2025-08-08,C00360,Referral,Desktop,0
S0016763,2025-12-02,C00557,Organic Search,Tablet,0
S0016764,2025-08-05,C00583,Social Media,Desktop,0
S0016765,2025-07-21,C00804,Organic Search,Mobile,0
S0016766,2025-01-29,C01142,Paid Search,Mobile,1
S0016767,2025-07-31,C01078,Referral,Mobile,0
S0016768,2025-06-03,C00446,Organic Search,Mobile,1
S0016769,2025-08-19,C01105,Direct,Desktop,1
S0016770,2025-04-12,C00396,Organic Search,Mobile,0
S0016771,2025-11-11,C00257,Email,Tablet,0
S0016772,2025-06-26,C00151,Paid Search,Mobile,0
S0016773,2025-06-30,C00144,Social Media,Mobile,0
S0016774,2025-08-20,C00704,Direct,Desktop,1
S0016775,2025-01-12,C00987,Social Media,Mobile,0
S0016776,2025-07-05,C00494,Social Media,Mobile,0
S0016777,2025-09-06,C00981,Organic Search,Mobile,0
S0016778,2025-09-23,C00037,Paid Search,Mobile,0
S0016779,2025-05-15,C00830,Direct,Desktop,0
S0016780,2025-09-02,C01103,Organic Search,Mobile,0
S0016781,2025-01-31,C00305,Direct,Mobile,0
S0016782,2025-12-13,C00576,Organic Search,Desktop,0
S0016783,2025-09-16,C00257,Email,Tablet,0
S0016784,2025-04-14,C00285,Paid Search,Mobile,0
S0016785,2025-01-01,C00851,Email,Desktop,0
S0016786,2025-07-26,C01139,Paid Search,Desktop,0
S0016787,2025-05-15,C00487,Referral,Mobile,0
S0016788,2025-09-28,C00524,Direct,Desktop,0
S0016789,2025-03-30,C00565,Social Media,Mobile,0
S0016790,2025-07-14,C00860,Referral,Desktop,0
S0016791,2025-05-02,C01144,Social Media,Desktop,0
S0016792,2025-04-26,C00865,Organic Search,Desktop,0
S0016793,2025-07-15,C00169,Organic Search,Mobile,1
S0016794,2025-02-05,C01137,Paid Search,Desktop,0
S0016795,2025-03-08,C00013,Email,Mobile,0
S0016796,2025-05-13,C00161,Social Media,Desktop,0
S0016797,2025-10-08,C00745,Social Media,Mobile,0
S0016798,2025-01-11,C00858,Direct,Mobile,0
S0016799,2025-08-06,C00643,Social Media,Mobile,0
S0016800,2025-11-18,C00279,Direct,Desktop,0
S0016801,2025-06-05,C01097,Paid Search,Mobile,0
S0016802,2025-08-28,C00222,Email,Desktop,0
S0016803,2025-03-01,C00590,Social Media,Desktop,0
S0016804,2025-05-18,C00514,Organic Search,Desktop,0
S0016805,2025-02-19,C01139,Paid Search,Mobile,0
S0016806,2025-06-16,C01104,Organic Search,Desktop,0
S0016807,2025-06-14,C00103,Organic Search,Mobile,0
S0016808,2025-11-15,C00952,Social Media,Mobile,0
S0016809,2025-07-08,C00045,Paid Search,Mobile,0
S0016810,2025-04-02,C00487,Referral,Mobile,0
S0016811,2025-10-21,C00364,Organic Search,Mobile,0
S0016812,2025-10-16,C00298,Paid Search,Mobile,1
S0016813,2025-03-16,C00014,Organic Search,Mobile,0
S0016814,2025-02-14,C00718,Direct,Desktop,0
S0016815,2025-02-22,C00402,Social Media,Mobile,0
S0016816,2025-06-24,C01078,Referral,Mobile,0
S0016817,2025-06-10,C00251,Social Media,Mobile,0
S0016818,2025-03-08,C00224,Organic Search,Mobile,0
S0016819,2025-12-27,C00257,Email,Desktop,1
S0016820,2025-09-27,C00334,Paid Search,Mobile,0
S0016821,2025-05-04,C00186,Paid Search,Mobile,0
S0016822,2025-07-01,C00191,Organic Search,Mobile,0
S0016823,2025-07-01,C00088,Social Media,Mobile,0
S0016824,2025-02-05,C00224,Organic Search,Mobile,0
S0016825,2025-07-31,C00932,Organic Search,Desktop,0
S0016826,2025-05-14,C00462,Organic Search,Mobile,1
S0016827,2025-12-19,C00445,Referral,Mobile,0
S0016828,2025-06-27,C00983,Paid Search,Desktop,0
S0016829,2025-06-15,C00240,Social Media,Desktop,0
S0016830,2025-12-03,C01185,Email,Desktop,0
S0016831,2025-11-25,C01071,Paid Search,Mobile,0
S0016832,2025-11-23,C00417,Referral,Mobile,0
S0016833,2025-02-15,C01085,Paid Search,Desktop,0
S0016834,2025-06-05,C00570,Referral,Mobile,0
S0016835,2025-08-24,C00833,Paid Search,Desktop,0
S0016836,2025-11-12,C00889,Organic Search,Desktop,0
S0016837,2025-03-01,C00243,Social Media,Desktop,0
S0016838,2025-01-05,C00247,Paid Search,Desktop,0
S0016839,2025-06-30,C00206,Social Media,Desktop,0
S0016840,2025-05-25,C00353,Paid Search,Mobile,0
S0016841,2025-11-11,C00430,Paid Search,Mobile,0
S0016842,2025-09-22,C00466,Direct,Mobile,0
S0016843,2025-08-11,C01009,Referral,Desktop,0
S0016844,2025-10-28,C01094,Organic Search,Mobile,0
S0016845,2025-12-02,C00085,Organic Search,Mobile,0
S0016846,2025-08-25,C00062,Organic Search,Desktop,0
S0016847,2025-01-13,C00877,Paid Search,Mobile,0
S0016848,2025-12-05,C00740,Organic Search,Desktop,0
S0016849,2025-09-25,C00829,Organic Search,Mobile,0
S0016850,2025-09-23,C01091,Paid Search,Desktop,0
S0016851,2025-01-16,C00882,Social Media,Mobile,0
S0016852,2025-04-02,C00127,Paid Search,Desktop,0
S0016853,2025-09-05,C00073,Email,Mobile,0
S0016854,2025-01-19,C01008,Organic Search,Desktop,1
S0016855,2025-12-26,C00540,Paid Search,Mobile,0
S0016856,2025-04-13,C00381,Direct,Mobile,0
S0016857,2025-04-05,C00568,Organic Search,Mobile,0
S0016858,2025-10-10,C00739,Paid Search,Mobile,0
S0016859,2025-08-01,C00262,Social Media,Desktop,0
S0016860,2025-02-06,C00812,Organic Search,Mobile,0
S0016861,2025-03-02,C00735,Social Media,Mobile,0
S0016862,2025-10-18,C00731,Organic Search,Desktop,0
S0016863,2025-12-28,C00907,Organic Search,Mobile,0
S0016864,2025-10-30,C00418,Direct,Mobile,0
S0016865,2025-09-01,C01189,Organic Search,Desktop,0
S0016866,2025-11-07,C00552,Direct,Mobile,0
S0016867,2025-12-10,C01100,Referral,Mobile,0
S0016868,2025-12-17,C00690,Email,Desktop,0
S0016869,2025-01-06,C00433,Email,Mobile,0
S0016870,2025-11-02,C00878,Direct,Mobile,0
S0016871,2025-06-14,C00795,Organic Search,Desktop,0
S0016872,2025-01-13,C00082,Organic Search,Desktop,0
S0016873,2025-01-25,C00385,Paid Search,Mobile,0
S0016874,2025-08-12,C01014,Direct,Mobile,0
S0016875,2025-05-03,C00801,Direct,Desktop,0
S0016876,2025-05-09,C00301,Organic Search,Mobile,0
S0016877,2025-11-01,C00714,Direct,Mobile,0
S0016878,2025-05-02,C00606,Paid Search,Mobile,0
S0016879,2025-02-04,C00301,Organic Search,Desktop,0
S0016880,2025-03-24,C01085,Paid Search,Mobile,0
S0016881,2025-11-05,C00620,Social Media,Desktop,0
S0016882,2025-07-01,C00760,Paid Search,Desktop,0
S0016883,2025-03-17,C01049,Paid Search,Desktop,0
S0016884,2025-04-14,C00286,Paid Search,Desktop,0
S0016885,2025-08-20,C00941,Organic Search,Mobile,0
S0016886,2025-10-30,C01193,Direct,Desktop,0
S0016887,2025-02-12,C00768,Organic Search,Mobile,0
S0016888,2025-04-03,C00394,Social Media,Mobile,0
S0016889,2025-05-24,C00977,Organic Search,Mobile,0
S0016890,2025-09-11,C00210,Paid Search,Desktop,0
S0016891,2025-03-19,C01098,Direct,Mobile,0
S0016892,2025-09-20,C00896,Organic Search,Mobile,0
S0016893,2025-03-11,C00951,Email,Mobile,0
S0016894,2025-05-29,C01124,Referral,Mobile,0
S0016895,2025-10-19,C00757,Paid Search,Desktop,0
S0016896,2025-08-02,C01094,Organic Search,Tablet,0
S0016897,2025-12-26,C00753,Direct,Desktop,0
S0016898,2025-11-06,C00472,Paid Search,Mobile,0
S0016899,2025-05-27,C00575,Referral,Mobile,0
S0016900,2025-01-25,C00567,Organic Search,Mobile,0
S0016901,2025-11-19,C00425,Paid Search,Desktop,0
S0016902,2025-04-19,C01075,Paid Search,Desktop,0
S0016903,2025-06-30,C00347,Social Media,Mobile,0
S0016904,2025-09-08,C00842,Referral,Desktop,0
S0016905,2025-07-22,C00158,Referral,Desktop,0
S0016906,2025-10-31,C00164,Social Media,Mobile,0
S0016907,2025-06-19,C00755,Direct,Mobile,0
S0016908,2025-06-24,C00947,Organic Search,Desktop,0
S0016909,2025-12-13,C00576,Organic Search,Mobile,0
S0016910,2025-06-19,C00505,Organic Search,Desktop,0
S0016911,2025-01-02,C00214,Direct,Mobile,0
S0016912,2025-05-14,C00627,Organic Search,Mobile,0
S0016913,2025-05-07,C00337,Email,Mobile,0
S0016914,2025-02-15,C01103,Organic Search,Mobile,0
S0016915,2025-07-13,C00435,Organic Search,Mobile,0
S0016916,2025-12-28,C00236,Organic Search,Mobile,0
S0016917,2025-07-28,C00845,Organic Search,Mobile,0
S0016918,2025-10-23,C00568,Organic Search,Mobile,1
S0016919,2025-02-27,C00835,Paid Search,Tablet,0
S0016920,2025-03-19,C00463,Organic Search,Mobile,0
S0016921,2025-07-21,C00783,Social Media,Mobile,0
S0016922,2025-10-16,C01010,Organic Search,Mobile,0
S0016923,2025-03-03,C00771,Organic Search,Desktop,0
S0016924,2025-09-25,C00535,Paid Search,Mobile,0
S0016925,2025-05-06,C00810,Referral,Desktop,0
S0016926,2025-02-18,C00694,Social Media,Mobile,0
S0016927,2025-03-29,C00009,Paid Search,Mobile,0
S0016928,2025-11-30,C00544,Paid Search,Mobile,0
S0016929,2025-09-18,C00353,Paid Search,Mobile,0
S0016930,2025-06-28,C00390,Organic Search,Mobile,0
S0016931,2025-03-10,C01050,Social Media,Desktop,0
S0016932,2025-03-01,C00771,Organic Search,Mobile,0
S0016933,2025-10-29,C00064,Referral,Mobile,1
S0016934,2025-09-06,C00844,Paid Search,Desktop,0
S0016935,2025-06-18,C01062,Paid Search,Mobile,0
S0016936,2025-09-26,C01153,Referral,Mobile,1
S0016937,2025-12-30,C00309,Referral,Tablet,0
S0016938,2025-04-22,C00892,Direct,Mobile,0
S0016939,2025-04-10,C00948,Direct,Mobile,0
S0016940,2025-08-03,C00971,Email,Mobile,0
S0016941,2025-04-23,C00279,Direct,Mobile,0
S0016942,2025-04-07,C00965,Direct,Mobile,0
S0016943,2025-11-03,C00197,Direct,Mobile,0
S0016944,2025-04-28,C00050,Email,Desktop,0
S0016945,2025-02-05,C00327,Organic Search,Desktop,0
S0016946,2025-12-03,C00988,Social Media,Mobile,0
S0016947,2025-12-25,C00725,Referral,Mobile,0
S0016948,2025-10-17,C00447,Paid Search,Mobile,0
S0016949,2025-10-31,C01200,Email,Mobile,1
S0016950,2025-12-26,C01113,Organic Search,Mobile,0
S0016951,2025-12-13,C00391,Social Media,Desktop,0
S0016952,2025-05-04,C00503,Referral,Mobile,0
S0016953,2025-02-09,C00367,Email,Mobile,0
S0016954,2025-05-21,C00612,Organic Search,Mobile,0
S0016955,2025-01-26,C01106,Social Media,Desktop,0
S0016956,2025-05-22,C00099,Direct,Mobile,0
S0016957,2025-12-18,C00209,Direct,Desktop,0
S0016958,2025-12-02,C00311,Organic Search,Desktop,0
S0016959,2025-02-26,C00159,Social Media,Mobile,1
S0016960,2025-05-30,C00583,Social Media,Tablet,0
S0016961,2025-07-24,C00934,Direct,Mobile,0
S0016962,2025-03-17,C00837,Paid Search,Desktop,0
S0016963,2025-10-12,C01101,Social Media,Mobile,0
S0016964,2025-07-29,C01117,Referral,Mobile,1
S0016965,2025-09-15,C00272,Paid Search,Mobile,0
S0016966,2025-09-16,C00168,Paid Search,Mobile,0
S0016967,2025-07-03,C00534,Email,Desktop,0
S0016968,2025-11-24,C00618,Referral,Desktop,0
S0016969,2025-01-11,C00964,Direct,Desktop,0
S0016970,2025-06-09,C00231,Organic Search,Mobile,0
S0016971,2025-09-17,C00027,Paid Search,Desktop,0
S0016972,2025-03-29,C00198,Organic Search,Tablet,0
S0016973,2025-07-03,C00952,Social Media,Mobile,0
S0016974,2025-01-16,C00633,Paid Search,Desktop,0
S0016975,2025-09-01,C01071,Paid Search,Mobile,0
S0016976,2025-03-27,C00777,Social Media,Mobile,0
S0016977,2025-07-18,C00965,Direct,Mobile,0
S0016978,2025-01-10,C00503,Referral,Mobile,0
S0016979,2025-06-13,C00809,Email,Desktop,0
S0016980,2025-01-24,C00583,Social Media,Mobile,0
S0016981,2025-03-05,C01053,Paid Search,Desktop,0
S0016982,2025-11-08,C00583,Social Media,Mobile,0
S0016983,2025-08-26,C01085,Paid Search,Mobile,1
S0016984,2025-12-11,C00603,Direct,Mobile,0
S0016985,2025-08-26,C00727,Organic Search,Mobile,0
S0016986,2025-01-22,C00869,Referral,Mobile,0
S0016987,2025-06-29,C00755,Direct,Mobile,1
S0016988,2025-11-02,C00012,Referral,Desktop,0
S0016989,2025-02-16,C00364,Organic Search,Mobile,0
S0016990,2025-10-06,C01061,Organic Search,Tablet,1
S0016991,2025-08-12,C00284,Organic Search,Mobile,0
S0016992,2025-08-06,C00860,Referral,Desktop,0
S0016993,2025-08-25,C01197,Paid Search,Mobile,0
S0016994,2025-07-23,C00467,Social Media,Desktop,0
S0016995,2025-12-05,C00052,Social Media,Mobile,0
S0016996,2025-01-19,C00463,Organic Search,Mobile,0
S0016997,2025-06-29,C00374,Direct,Mobile,1
S0016998,2025-06-11,C01075,Paid Search,Mobile,0
S0016999,2025-10-12,C00489,Paid Search,Mobile,0
S0017000,2025-03-02,C00176,Social Media,Mobile,0
S0017001,2025-03-26,C00673,Organic Search,Mobile,0
S0017002,2025-02-04,C01024,Organic Search,Desktop,0
S0017003,2025-01-05,C00801,Direct,Mobile,0
S0017004,2025-03-17,C00730,Organic Search,Mobile,0
S0017005,2025-09-10,C00324,Email,Desktop,0
S0017006,2025-01-07,C01126,Organic Search,Desktop,0
S0017007,2025-06-18,C00373,Paid Search,Mobile,0
S0017008,2025-05-10,C01002,Organic Search,Desktop,0
S0017009,2025-05-18,C00080,Organic Search,Mobile,0
S0017010,2025-12-24,C00961,Social Media,Desktop,0
S0017011,2025-10-27,C01039,Email,Mobile,0
S0017012,2025-11-22,C00358,Social Media,Mobile,0
S0017013,2025-04-01,C00163,Paid Search,Mobile,0
S0017014,2025-06-12,C00225,Email,Desktop,0
S0017015,2025-11-14,C01096,Referral,Desktop,0
S0017016,2025-09-10,C00366,Email,Tablet,1
S0017017,2025-07-20,C00944,Email,Mobile,0
S0017018,2025-01-20,C00623,Direct,Mobile,0
S0017019,2025-08-17,C01027,Social Media,Mobile,0
S0017020,2025-06-12,C00480,Social Media,Mobile,0
S0017021,2025-06-14,C00752,Direct,Mobile,0
S0017022,2025-08-20,C01072,Organic Search,Mobile,0
S0017023,2025-11-24,C01124,Referral,Mobile,0
S0017024,2025-08-26,C01094,Organic Search,Desktop,0
S0017025,2025-04-30,C01196,Email,Desktop,0
S0017026,2025-12-17,C00365,Email,Desktop,1
S0017027,2025-04-17,C01122,Paid Search,Mobile,0
S0017028,2025-09-07,C00371,Organic Search,Mobile,0
S0017029,2025-12-02,C00651,Referral,Desktop,0
S0017030,2025-10-11,C00030,Social Media,Desktop,0
S0017031,2025-07-17,C00194,Email,Mobile,0
S0017032,2025-08-08,C00485,Organic Search,Desktop,0
S0017033,2025-05-31,C00992,Direct,Desktop,0
S0017034,2025-10-13,C00486,Organic Search,Mobile,0
S0017035,2025-09-22,C01106,Social Media,Mobile,0
S0017036,2025-08-08,C00709,Social Media,Mobile,0
S0017037,2025-08-04,C00362,Direct,Desktop,0
S0017038,2025-11-11,C00715,Direct,Desktop,0
S0017039,2025-06-05,C01013,Email,Mobile,1
S0017040,2025-08-04,C01057,Social Media,Mobile,0
S0017041,2025-12-01,C00293,Paid Search,Desktop,0
S0017042,2025-12-25,C01127,Referral,Mobile,0
S0017043,2025-04-24,C00534,Email,Desktop,0
S0017044,2025-06-10,C00127,Paid Search,Desktop,0
S0017045,2025-10-30,C00269,Social Media,Mobile,1
S0017046,2025-04-08,C00916,Organic Search,Mobile,0
S0017047,2025-06-06,C00081,Social Media,Mobile,0
S0017048,2025-06-11,C00710,Paid Search,Mobile,0
S0017049,2025-02-11,C00455,Organic Search,Mobile,1
S0017050,2025-06-29,C01072,Organic Search,Desktop,0
S0017051,2025-10-30,C00969,Organic Search,Mobile,0
S0017052,2025-11-26,C01020,Paid Search,Tablet,1
S0017053,2025-02-20,C00570,Referral,Mobile,0
S0017054,2025-09-09,C00419,Organic Search,Desktop,0
S0017055,2025-12-16,C00300,Social Media,Desktop,0
S0017056,2025-04-30,C00402,Social Media,Mobile,0
S0017057,2025-03-16,C01024,Organic Search,Desktop,0
S0017058,2025-06-11,C00333,Organic Search,Desktop,0
S0017059,2025-05-29,C00306,Social Media,Mobile,0
S0017060,2025-05-03,C00501,Social Media,Mobile,0
S0017061,2025-05-21,C00081,Social Media,Mobile,0
S0017062,2025-07-01,C01150,Paid Search,Mobile,0
S0017063,2025-10-04,C00859,Paid Search,Mobile,1
S0017064,2025-09-14,C00555,Social Media,Mobile,0
S0017065,2025-11-21,C00413,Organic Search,Desktop,0
S0017066,2025-09-02,C00284,Organic Search,Mobile,0
S0017067,2025-03-27,C00433,Email,Mobile,0
S0017068,2025-03-12,C00241,Direct,Desktop,0
S0017069,2025-09-26,C00356,Paid Search,Desktop,0
S0017070,2025-06-29,C00333,Organic Search,Mobile,0
S0017071,2025-10-06,C00888,Organic Search,Mobile,0
S0017072,2025-05-29,C00332,Direct,Mobile,0
S0017073,2025-01-06,C00773,Email,Mobile,0
S0017074,2025-05-28,C00195,Email,Mobile,1
S0017075,2025-11-28,C00161,Social Media,Mobile,0
S0017076,2025-06-17,C00652,Paid Search,Mobile,0
S0017077,2025-01-09,C00598,Organic Search,Desktop,0
S0017078,2025-06-27,C00497,Referral,Mobile,0
S0017079,2025-10-11,C01054,Email,Mobile,0
S0017080,2025-04-26,C00139,Paid Search,Mobile,0
S0017081,2025-04-06,C00467,Social Media,Mobile,0
S0017082,2025-11-27,C00165,Paid Search,Mobile,0
S0017083,2025-12-10,C00682,Social Media,Mobile,0
S0017084,2025-02-25,C00231,Organic Search,Mobile,1
S0017085,2025-07-26,C00520,Social Media,Desktop,0
S0017086,2025-04-15,C00452,Email,Mobile,0
S0017087,2025-02-04,C00282,Organic Search,Mobile,0
S0017088,2025-07-28,C00557,Organic Search,Mobile,0
S0017089,2025-10-08,C00691,Organic Search,Desktop,0
S0017090,2025-12-21,C00253,Social Media,Mobile,0
S0017091,2025-05-27,C00740,Organic Search,Desktop,0
S0017092,2025-10-14,C00788,Direct,Mobile,0
S0017093,2025-03-22,C01153,Referral,Mobile,0
S0017094,2025-02-19,C00400,Referral,Desktop,0
S0017095,2025-03-28,C00943,Email,Mobile,0
S0017096,2025-07-10,C00643,Social Media,Desktop,0
S0017097,2025-10-30,C00248,Direct,Desktop,0
S0017098,2025-01-01,C01156,Paid Search,Mobile,0
S0017099,2025-05-18,C00191,Organic Search,Desktop,0
S0017100,2025-05-16,C00604,Social Media,Desktop,0
S0017101,2025-12-28,C01182,Paid Search,Mobile,0
S0017102,2025-06-03,C00087,Direct,Mobile,0
S0017103,2025-06-11,C00981,Organic Search,Mobile,0
S0017104,2025-01-19,C00627,Organic Search,Desktop,1
S0017105,2025-11-24,C01012,Social Media,Mobile,0
S0017106,2025-08-31,C00311,Organic Search,Mobile,0
S0017107,2025-05-09,C00938,Paid Search,Mobile,0
S0017108,2025-06-25,C01134,Referral,Mobile,0
S0017109,2025-10-07,C00537,Social Media,Mobile,0
S0017110,2025-03-25,C01099,Paid Search,Tablet,0
S0017111,2025-08-10,C00725,Referral,Mobile,0
S0017112,2025-11-21,C00960,Paid Search,Mobile,0
S0017113,2025-05-25,C00972,Social Media,Tablet,0
S0017114,2025-04-16,C00951,Email,Mobile,0
S0017115,2025-11-21,C00403,Paid Search,Mobile,0
S0017116,2025-01-11,C01080,Organic Search,Desktop,0
S0017117,2025-06-15,C00928,Social Media,Desktop,0
S0017118,2025-07-15,C00420,Paid Search,Desktop,0
S0017119,2025-08-19,C00304,Direct,Mobile,0
S0017120,2025-05-27,C00885,Paid Search,Desktop,0
S0017121,2025-12-25,C00411,Direct,Mobile,1
S0017122,2025-08-26,C00112,Social Media,Mobile,0
S0017123,2025-01-13,C00645,Paid Search,Mobile,0
S0017124,2025-08-07,C00807,Social Media,Desktop,0
S0017125,2025-09-14,C00731,Organic Search,Desktop,0
S0017126,2025-01-02,C00132,Organic Search,Mobile,0
S0017127,2025-07-29,C00961,Social Media,Desktop,0
S0017128,2025-12-31,C01110,Paid Search,Desktop,0
S0017129,2025-08-13,C00299,Direct,Mobile,0
S0017130,2025-07-13,C00449,Organic Search,Desktop,1
S0017131,2025-07-15,C00695,Paid Search,Mobile,0
S0017132,2025-09-17,C00233,Referral,Mobile,0
S0017133,2025-02-26,C00205,Paid Search,Mobile,0
S0017134,2025-04-23,C00180,Referral,Mobile,0
S0017135,2025-08-01,C01070,Direct,Desktop,0
S0017136,2025-10-06,C01070,Direct,Mobile,0
S0017137,2025-09-01,C00907,Organic Search,Mobile,0
S0017138,2025-04-27,C00525,Social Media,Mobile,0
S0017139,2025-03-28,C00292,Organic Search,Mobile,0
S0017140,2025-09-20,C00601,Organic Search,Mobile,0
S0017141,2025-10-27,C00292,Organic Search,Desktop,0
S0017142,2025-04-23,C00117,Referral,Desktop,0
S0017143,2025-06-13,C00248,Direct,Mobile,0
S0017144,2025-01-04,C00298,Paid Search,Tablet,0
S0017145,2025-04-28,C00489,Paid Search,Mobile,0
S0017146,2025-01-23,C00693,Social Media,Mobile,0
S0017147,2025-08-21,C00025,Referral,Desktop,0
S0017148,2025-03-31,C00962,Social Media,Tablet,0
S0017149,2025-09-12,C00461,Organic Search,Desktop,0
S0017150,2025-04-02,C00584,Email,Desktop,0
S0017151,2025-06-04,C00561,Paid Search,Mobile,0
S0017152,2025-11-03,C00528,Email,Mobile,0
S0017153,2025-04-25,C00695,Paid Search,Mobile,0
S0017154,2025-07-26,C00918,Organic Search,Desktop,1
S0017155,2025-03-22,C01115,Organic Search,Mobile,0
S0017156,2025-04-13,C00115,Direct,Mobile,0
S0017157,2025-03-21,C00523,Email,Desktop,0
S0017158,2025-04-13,C01083,Paid Search,Mobile,0
S0017159,2025-08-28,C00733,Social Media,Mobile,0
S0017160,2025-09-22,C00369,Email,Desktop,0
S0017161,2025-02-02,C00315,Email,Desktop,0
S0017162,2025-02-04,C00520,Social Media,Mobile,0
S0017163,2025-09-06,C00471,Social Media,Mobile,0
S0017164,2025-02-19,C01171,Social Media,Desktop,0
S0017165,2025-10-07,C01063,Organic Search,Desktop,0
S0017166,2025-08-30,C00408,Paid Search,Mobile,0
S0017167,2025-06-01,C00288,Referral,Desktop,0
S0017168,2025-05-27,C00716,Organic Search,Mobile,0
S0017169,2025-02-08,C00344,Direct,Mobile,0
S0017170,2025-07-08,C00375,Email,Desktop,1
S0017171,2025-01-25,C00443,Paid Search,Mobile,0
S0017172,2025-09-01,C00100,Referral,Mobile,0
S0017173,2025-08-11,C00851,Email,Desktop,0
S0017174,2025-08-18,C00769,Direct,Mobile,0
S0017175,2025-06-02,C00588,Direct,Mobile,0
S0017176,2025-10-15,C00792,Referral,Mobile,0
S0017177,2025-04-18,C01054,Email,Mobile,0
S0017178,2025-02-02,C01068,Direct,Mobile,0
S0017179,2025-12-29,C00182,Social Media,Desktop,0
S0017180,2025-04-21,C00458,Paid Search,Desktop,0
S0017181,2025-05-01,C01135,Paid Search,Tablet,0
S0017182,2025-01-16,C00996,Paid Search,Desktop,0
S0017183,2025-08-15,C00126,Organic Search,Mobile,0
S0017184,2025-01-11,C00373,Paid Search,Desktop,0
S0017185,2025-07-22,C00344,Direct,Mobile,0
S0017186,2025-07-21,C00404,Paid Search,Mobile,0
S0017187,2025-04-08,C00109,Direct,Desktop,0
S0017188,2025-04-26,C00470,Organic Search,Mobile,0
S0017189,2025-10-08,C00336,Organic Search,Desktop,0
S0017190,2025-12-15,C00756,Paid Search,Desktop,0
S0017191,2025-08-20,C00464,Social Media,Mobile,0
S0017192,2025-04-21,C00462,Organic Search,Mobile,0
S0017193,2025-12-18,C00948,Direct,Desktop,0
S0017194,2025-01-12,C00483,Paid Search,Mobile,1
S0017195,2025-01-21,C00089,Email,Desktop,0
S0017196,2025-05-07,C01139,Paid Search,Desktop,0
S0017197,2025-10-12,C00694,Social Media,Mobile,0
S0017198,2025-05-01,C00264,Direct,Desktop,0
S0017199,2025-05-04,C00853,Direct,Mobile,0
S0017200,2025-02-02,C00419,Organic Search,Mobile,0
S0017201,2025-06-19,C00772,Organic Search,Desktop,0
S0017202,2025-03-18,C00056,Direct,Mobile,0
S0017203,2025-10-24,C00707,Referral,Mobile,1
S0017204,2025-11-26,C00057,Organic Search,Desktop,0
S0017205,2025-03-04,C00898,Email,Desktop,0
S0017206,2025-09-27,C00030,Social Media,Mobile,0
S0017207,2025-08-04,C00208,Paid Search,Desktop,0
S0017208,2025-07-09,C00678,Organic Search,Mobile,0
S0017209,2025-03-16,C01080,Organic Search,Mobile,1
S0017210,2025-06-23,C00657,Direct,Mobile,0
S0017211,2025-03-08,C00278,Direct,Desktop,1
S0017212,2025-04-03,C00890,Organic Search,Tablet,0
S0017213,2025-02-22,C00364,Organic Search,Mobile,0
S0017214,2025-04-04,C01181,Social Media,Mobile,0
S0017215,2025-04-23,C00271,Referral,Tablet,0
S0017216,2025-08-17,C00213,Direct,Desktop,0
S0017217,2025-09-07,C01176,Email,Mobile,0
S0017218,2025-07-28,C00857,Social Media,Mobile,0
S0017219,2025-07-01,C00556,Organic Search,Mobile,0
S0017220,2025-09-24,C00397,Social Media,Tablet,0
S0017221,2025-10-08,C00569,Social Media,Mobile,0
S0017222,2025-06-04,C00224,Organic Search,Mobile,0
S0017223,2025-03-24,C00203,Social Media,Desktop,0
S0017224,2025-07-05,C00771,Organic Search,Desktop,0
S0017225,2025-12-15,C00823,Organic Search,Desktop,0
S0017226,2025-05-19,C00775,Social Media,Mobile,0
S0017227,2025-02-24,C00439,Email,Tablet,0
S0017228,2025-01-19,C00147,Paid Search,Desktop,0
S0017229,2025-12-14,C01064,Social Media,Mobile,0
S0017230,2025-12-12,C01063,Organic Search,Mobile,0
S0017231,2025-09-24,C00928,Social Media,Mobile,0
S0017232,2025-05-22,C00778,Social Media,Mobile,0
S0017233,2025-11-12,C00963,Direct,Mobile,0
S0017234,2025-06-13,C00153,Social Media,Mobile,0
S0017235,2025-09-09,C01191,Paid Search,Desktop,0
S0017236,2025-08-20,C01200,Email,Mobile,0
S0017237,2025-10-24,C00407,Organic Search,Desktop,0
S0017238,2025-12-29,C00332,Direct,Mobile,0
S0017239,2025-03-01,C00928,Social Media,Desktop,0
S0017240,2025-01-22,C00370,Paid Search,Mobile,0
S0017241,2025-05-06,C00987,Social Media,Mobile,0
S0017242,2025-04-13,C00791,Organic Search,Mobile,0
S0017243,2025-08-09,C00881,Social Media,Desktop,0
S0017244,2025-04-20,C00309,Referral,Mobile,0
S0017245,2025-02-27,C01153,Referral,Desktop,0
S0017246,2025-03-06,C00172,Organic Search,Desktop,0
S0017247,2025-02-27,C00142,Organic Search,Mobile,0
S0017248,2025-06-07,C00309,Referral,Desktop,0
S0017249,2025-03-17,C00189,Email,Mobile,0
S0017250,2025-01-19,C00023,Social Media,Mobile,0
S0017251,2025-07-09,C00878,Direct,Mobile,0
S0017252,2025-09-07,C00671,Paid Search,Desktop,0
S0017253,2025-12-26,C00084,Direct,Desktop,0
S0017254,2025-12-29,C00371,Organic Search,Desktop,0
S0017255,2025-03-20,C00471,Social Media,Mobile,1
S0017256,2025-03-25,C00933,Social Media,Mobile,0
S0017257,2025-06-21,C00923,Social Media,Desktop,0
S0017258,2025-07-31,C00419,Organic Search,Mobile,0
S0017259,2025-05-29,C00710,Paid Search,Desktop,1
S0017260,2025-01-10,C00389,Social Media,Mobile,0
S0017261,2025-01-30,C00968,Social Media,Mobile,0
S0017262,2025-10-07,C01059,Paid Search,Mobile,0
S0017263,2025-02-24,C00829,Organic Search,Mobile,0
S0017264,2025-12-26,C01108,Direct,Desktop,0
S0017265,2025-05-07,C00468,Social Media,Desktop,0
S0017266,2025-06-29,C00749,Paid Search,Mobile,0
S0017267,2025-08-20,C00636,Social Media,Mobile,0
S0017268,2025-04-03,C01101,Social Media,Desktop,0
S0017269,2025-01-08,C00318,Organic Search,Tablet,1
S0017270,2025-09-04,C00389,Social Media,Mobile,0
S0017271,2025-11-27,C00211,Referral,Desktop,0
S0017272,2025-07-15,C00302,Paid Search,Mobile,0
S0017273,2025-06-12,C01182,Paid Search,Mobile,0
S0017274,2025-02-09,C00224,Organic Search,Mobile,0
S0017275,2025-09-11,C00863,Organic Search,Desktop,0
S0017276,2025-03-26,C01028,Direct,Tablet,0
S0017277,2025-09-29,C00857,Social Media,Mobile,0
S0017278,2025-03-19,C00232,Email,Mobile,0
S0017279,2025-08-01,C00488,Paid Search,Mobile,0
S0017280,2025-10-31,C00878,Direct,Mobile,0
S0017281,2025-09-12,C01106,Social Media,Mobile,0
S0017282,2025-04-01,C00359,Organic Search,Mobile,0
S0017283,2025-07-12,C01017,Referral,Mobile,0
S0017284,2025-09-10,C00954,Referral,Desktop,0
S0017285,2025-10-05,C00409,Social Media,Mobile,0
S0017286,2025-05-23,C00313,Social Media,Mobile,0
S0017287,2025-09-01,C00167,Email,Mobile,1
S0017288,2025-07-31,C00814,Organic Search,Tablet,0
S0017289,2025-07-14,C00747,Organic Search,Desktop,0
S0017290,2025-09-27,C01190,Referral,Tablet,0
S0017291,2025-11-25,C00125,Paid Search,Mobile,0
S0017292,2025-01-19,C00059,Organic Search,Desktop,0
S0017293,2025-02-09,C00462,Organic Search,Desktop,0
S0017294,2025-04-08,C00029,Email,Mobile,0
S0017295,2025-01-04,C00196,Social Media,Tablet,0
S0017296,2025-02-02,C01154,Paid Search,Mobile,0
S0017297,2025-10-26,C00527,Paid Search,Desktop,0
S0017298,2025-06-14,C00594,Organic Search,Mobile,0
S0017299,2025-01-27,C00428,Organic Search,Mobile,0
S0017300,2025-06-22,C00348,Paid Search,Mobile,0
S0017301,2025-12-03,C00467,Social Media,Desktop,0
S0017302,2025-04-23,C01190,Referral,Mobile,0
S0017303,2025-04-05,C01180,Paid Search,Desktop,0
S0017304,2025-11-15,C00315,Email,Desktop,0
S0017305,2025-08-21,C00625,Direct,Mobile,0
S0017306,2025-05-14,C00412,Direct,Mobile,0
S0017307,2025-05-04,C00326,Paid Search,Desktop,0
S0017308,2025-12-17,C00478,Paid Search,Mobile,0
S0017309,2025-11-19,C00427,Organic Search,Desktop,0
S0017310,2025-12-19,C00087,Direct,Mobile,0
S0017311,2025-04-26,C01089,Social Media,Mobile,0
S0017312,2025-01-13,C00081,Social Media,Tablet,0
S0017313,2025-11-16,C00653,Direct,Mobile,0
S0017314,2025-06-14,C00789,Paid Search,Mobile,0
S0017315,2025-07-27,C00450,Social Media,Mobile,1
S0017316,2025-03-26,C00485,Organic Search,Tablet,0
S0017317,2025-09-05,C00478,Paid Search,Mobile,0
S0017318,2025-02-25,C00628,Email,Desktop,0
S0017319,2025-06-21,C00285,Paid Search,Desktop,1
S0017320,2025-05-21,C00138,Paid Search,Mobile,0
S0017321,2025-05-12,C00386,Organic Search,Desktop,0
S0017322,2025-07-20,C00420,Paid Search,Desktop,0
S0017323,2025-10-16,C00635,Social Media,Mobile,0
S0017324,2025-11-05,C01112,Organic Search,Mobile,0
S0017325,2025-12-23,C00686,Paid Search,Desktop,0
S0017326,2025-12-11,C00194,Email,Mobile,0
S0017327,2025-06-28,C00335,Direct,Desktop,0
S0017328,2025-01-29,C00460,Social Media,Mobile,0
S0017329,2025-11-03,C00787,Email,Mobile,1
S0017330,2025-11-02,C01177,Organic Search,Mobile,0
S0017331,2025-02-05,C01125,Email,Mobile,1
S0017332,2025-04-19,C00602,Direct,Desktop,1
S0017333,2025-11-12,C00738,Direct,Mobile,0
S0017334,2025-05-26,C00015,Social Media,Mobile,0
S0017335,2025-10-03,C00400,Referral,Mobile,0
S0017336,2025-05-26,C00719,Organic Search,Mobile,0
S0017337,2025-06-17,C00503,Referral,Mobile,0
S0017338,2025-09-14,C00700,Referral,Mobile,0
S0017339,2025-10-02,C00504,Direct,Mobile,0
S0017340,2025-03-28,C00983,Paid Search,Mobile,0
S0017341,2025-06-03,C00603,Direct,Desktop,0
S0017342,2025-10-12,C00317,Referral,Mobile,0
S0017343,2025-11-11,C00404,Paid Search,Mobile,0
S0017344,2025-11-15,C01196,Email,Mobile,0
S0017345,2025-04-08,C00777,Social Media,Mobile,0
S0017346,2025-07-30,C00493,Paid Search,Mobile,0
S0017347,2025-02-17,C00868,Social Media,Mobile,0
S0017348,2025-11-14,C00186,Paid Search,Mobile,0
S0017349,2025-10-01,C00932,Organic Search,Desktop,1
S0017350,2025-07-13,C00555,Social Media,Desktop,0
S0017351,2025-09-09,C00971,Email,Mobile,0
S0017352,2025-10-10,C00717,Direct,Mobile,1
S0017353,2025-09-19,C01144,Social Media,Mobile,0
S0017354,2025-09-19,C00388,Paid Search,Desktop,0
S0017355,2025-01-31,C00270,Organic Search,Mobile,0
S0017356,2025-04-15,C00220,Organic Search,Desktop,0
S0017357,2025-12-16,C00925,Referral,Mobile,1
S0017358,2025-11-08,C00090,Organic Search,Mobile,0
S0017359,2025-06-18,C00904,Direct,Mobile,0
S0017360,2025-08-24,C00992,Direct,Mobile,0
S0017361,2025-10-01,C01115,Organic Search,Mobile,0
S0017362,2025-12-09,C00985,Referral,Desktop,0
S0017363,2025-08-18,C00229,Paid Search,Desktop,0
S0017364,2025-01-23,C00589,Paid Search,Mobile,0
S0017365,2025-06-13,C00995,Social Media,Mobile,0
S0017366,2025-10-08,C00463,Organic Search,Tablet,0
S0017367,2025-01-07,C00647,Direct,Desktop,0
S0017368,2025-07-29,C00943,Email,Desktop,0
S0017369,2025-09-10,C00973,Organic Search,Mobile,0
S0017370,2025-05-13,C00628,Email,Desktop,0
S0017371,2025-10-01,C00272,Paid Search,Mobile,0
S0017372,2025-04-16,C00091,Paid Search,Desktop,0
S0017373,2025-08-20,C00182,Social Media,Mobile,0
S0017374,2025-02-02,C01031,Organic Search,Mobile,0
S0017375,2025-03-20,C01146,Paid Search,Mobile,0
S0017376,2025-02-04,C00138,Paid Search,Mobile,1
S0017377,2025-04-20,C00977,Organic Search,Mobile,0
S0017378,2025-11-17,C01008,Organic Search,Desktop,0
S0017379,2025-03-04,C00930,Referral,Mobile,0
S0017380,2025-11-24,C00444,Organic Search,Desktop,0
S0017381,2025-10-24,C00785,Direct,Mobile,1
S0017382,2025-06-27,C00958,Referral,Mobile,0
S0017383,2025-12-30,C00088,Social Media,Mobile,0
S0017384,2025-08-20,C00778,Social Media,Desktop,0
S0017385,2025-04-14,C00758,Organic Search,Mobile,0
S0017386,2025-10-21,C00691,Organic Search,Desktop,0
S0017387,2025-02-04,C00123,Direct,Mobile,0
S0017388,2025-07-13,C00310,Social Media,Mobile,0
S0017389,2025-06-23,C00306,Social Media,Desktop,0
S0017390,2025-04-12,C00307,Email,Mobile,0
S0017391,2025-11-20,C00682,Social Media,Mobile,1
S0017392,2025-10-20,C00833,Paid Search,Desktop,0
S0017393,2025-03-26,C00832,Paid Search,Mobile,0
S0017394,2025-07-20,C00017,Email,Mobile,0
S0017395,2025-06-22,C00629,Social Media,Mobile,0
S0017396,2025-01-29,C00590,Social Media,Desktop,1
S0017397,2025-10-24,C00650,Social Media,Mobile,0
S0017398,2025-02-25,C00151,Paid Search,Desktop,0
S0017399,2025-01-16,C00997,Paid Search,Desktop,0
S0017400,2025-05-20,C00652,Paid Search,Desktop,0
S0017401,2025-03-07,C00754,Direct,Mobile,0
S0017402,2025-05-27,C01173,Paid Search,Desktop,1
S0017403,2025-06-07,C01081,Organic Search,Mobile,1
S0017404,2025-03-10,C00715,Direct,Mobile,0
S0017405,2025-01-23,C00740,Organic Search,Desktop,0
S0017406,2025-07-09,C00628,Email,Mobile,0
S0017407,2025-09-05,C00283,Paid Search,Desktop,0
S0017408,2025-11-05,C00727,Organic Search,Tablet,0
S0017409,2025-05-25,C00900,Referral,Mobile,0
S0017410,2025-11-01,C00007,Paid Search,Mobile,0
S0017411,2025-06-26,C00659,Email,Mobile,0
S0017412,2025-07-14,C00604,Social Media,Mobile,0
S0017413,2025-01-13,C00843,Email,Desktop,0
S0017414,2025-12-30,C00614,Social Media,Tablet,0
S0017415,2025-06-15,C01195,Email,Mobile,0
S0017416,2025-05-30,C00627,Organic Search,Tablet,0
S0017417,2025-12-07,C00992,Direct,Mobile,0
S0017418,2025-02-14,C01141,Social Media,Mobile,0
S0017419,2025-06-23,C00971,Email,Desktop,0
S0017420,2025-06-16,C00880,Organic Search,Mobile,0
S0017421,2025-07-16,C00417,Referral,Mobile,0
S0017422,2025-07-25,C00554,Email,Desktop,1
S0017423,2025-03-23,C00202,Email,Mobile,0
S0017424,2025-03-09,C00995,Social Media,Mobile,0
S0017425,2025-04-07,C00750,Organic Search,Mobile,0
S0017426,2025-06-16,C00813,Paid Search,Desktop,0
S0017427,2025-03-18,C00296,Social Media,Desktop,0
S0017428,2025-08-25,C00620,Social Media,Mobile,1
S0017429,2025-07-15,C00816,Organic Search,Desktop,0
S0017430,2025-10-18,C00443,Paid Search,Mobile,0
S0017431,2025-05-16,C00182,Social Media,Desktop,0
S0017432,2025-11-04,C01076,Organic Search,Mobile,0
S0017433,2025-10-23,C00829,Organic Search,Desktop,0
S0017434,2025-02-05,C00960,Paid Search,Desktop,0
S0017435,2025-09-05,C01147,Social Media,Desktop,0
S0017436,2025-09-11,C00109,Direct,Mobile,0
S0017437,2025-08-02,C00421,Social Media,Desktop,0
S0017438,2025-09-09,C00892,Direct,Desktop,0
S0017439,2025-03-11,C00783,Social Media,Mobile,0
S0017440,2025-08-22,C00937,Paid Search,Mobile,0
S0017441,2025-11-25,C00125,Paid Search,Desktop,0
S0017442,2025-01-16,C00049,Organic Search,Mobile,0
S0017443,2025-06-23,C00230,Paid Search,Mobile,0
S0017444,2025-07-06,C00093,Direct,Mobile,0
S0017445,2025-10-21,C00045,Paid Search,Tablet,0
S0017446,2025-08-13,C00571,Paid Search,Mobile,0
S0017447,2025-10-01,C00160,Organic Search,Desktop,0
S0017448,2025-01-12,C00887,Email,Mobile,0
S0017449,2025-11-06,C00609,Direct,Desktop,0
S0017450,2025-08-07,C00632,Paid Search,Mobile,0
S0017451,2025-01-01,C00055,Paid Search,Mobile,0
S0017452,2025-04-21,C00467,Social Media,Mobile,0
S0017453,2025-10-04,C00267,Organic Search,Mobile,0
S0017454,2025-05-09,C00331,Social Media,Mobile,0
S0017455,2025-04-03,C00622,Email,Mobile,0
S0017456,2025-02-08,C00722,Paid Search,Mobile,0
S0017457,2025-11-12,C00855,Social Media,Desktop,0
S0017458,2025-06-08,C00041,Organic Search,Mobile,1
S0017459,2025-07-05,C01103,Organic Search,Mobile,0
S0017460,2025-12-19,C00292,Organic Search,Desktop,0
S0017461,2025-09-13,C00120,Organic Search,Mobile,0
S0017462,2025-08-27,C00954,Referral,Mobile,0
S0017463,2025-04-14,C00354,Paid Search,Desktop,0
S0017464,2025-01-29,C00585,Paid Search,Mobile,0
S0017465,2025-03-30,C01187,Paid Search,Desktop,0
S0017466,2025-02-20,C00690,Email,Mobile,0
S0017467,2025-12-30,C00519,Organic Search,Desktop,0
S0017468,2025-05-27,C00297,Paid Search,Mobile,0
S0017469,2025-11-10,C01091,Paid Search,Mobile,0
S0017470,2025-02-05,C00917,Referral,Desktop,0
S0017471,2025-10-11,C00946,Organic Search,Desktop,0
S0017472,2025-04-11,C00240,Social Media,Desktop,0
S0017473,2025-04-17,C00189,Email,Tablet,1
S0017474,2025-12-11,C00009,Paid Search,Mobile,0
S0017475,2025-10-18,C00574,Social Media,Tablet,0
S0017476,2025-12-15,C00613,Social Media,Mobile,0
S0017477,2025-04-15,C00090,Organic Search,Mobile,0
S0017478,2025-08-09,C00764,Social Media,Mobile,0
S0017479,2025-03-17,C01059,Paid Search,Desktop,0
S0017480,2025-08-15,C01039,Email,Mobile,0
S0017481,2025-03-25,C00764,Social Media,Mobile,0
S0017482,2025-03-17,C00142,Organic Search,Desktop,0
S0017483,2025-09-06,C00118,Email,Desktop,0
S0017484,2025-09-12,C00383,Email,Tablet,0
S0017485,2025-02-19,C00336,Organic Search,Mobile,0
S0017486,2025-12-22,C01039,Email,Desktop,0
S0017487,2025-07-29,C00149,Organic Search,Mobile,0
S0017488,2025-06-07,C00881,Social Media,Mobile,0
S0017489,2025-11-24,C00697,Email,Mobile,0
S0017490,2025-08-21,C00826,Social Media,Mobile,0
S0017491,2025-03-18,C00907,Organic Search,Tablet,0
S0017492,2025-08-11,C00221,Social Media,Mobile,0
S0017493,2025-05-01,C01102,Organic Search,Mobile,0
S0017494,2025-11-06,C00674,Organic Search,Mobile,0
S0017495,2025-11-23,C01156,Paid Search,Mobile,0
S0017496,2025-12-07,C00270,Organic Search,Mobile,0
S0017497,2025-12-24,C00843,Email,Mobile,0
S0017498,2025-04-17,C00240,Social Media,Desktop,0
S0017499,2025-08-29,C00092,Email,Mobile,0
S0017500,2025-01-28,C00386,Organic Search,Desktop,0
S0017501,2025-07-11,C00776,Social Media,Mobile,0
S0017502,2025-09-06,C01131,Social Media,Desktop,0
S0017503,2025-12-30,C00915,Direct,Mobile,0
S0017504,2025-08-01,C00127,Paid Search,Mobile,0
S0017505,2025-01-21,C01164,Organic Search,Mobile,0
S0017506,2025-06-04,C01020,Paid Search,Desktop,0
S0017507,2025-01-27,C00634,Paid Search,Mobile,0
S0017508,2025-03-18,C00111,Organic Search,Mobile,0
S0017509,2025-11-02,C00273,Email,Mobile,1
S0017510,2025-02-26,C01013,Email,Mobile,1
S0017511,2025-04-29,C00070,Paid Search,Mobile,0
S0017512,2025-06-14,C00472,Paid Search,Desktop,0
S0017513,2025-03-05,C00295,Paid Search,Mobile,1
S0017514,2025-02-17,C00816,Organic Search,Mobile,0
S0017515,2025-05-30,C01152,Direct,Mobile,0
S0017516,2025-06-07,C00386,Organic Search,Mobile,0
S0017517,2025-06-05,C00340,Referral,Mobile,0
S0017518,2025-05-31,C00095,Social Media,Mobile,0
S0017519,2025-08-13,C01112,Organic Search,Tablet,1
S0017520,2025-09-17,C00793,Direct,Desktop,1
S0017521,2025-09-13,C00012,Referral,Desktop,0
S0017522,2025-03-02,C00503,Referral,Mobile,0
S0017523,2025-12-18,C01086,Organic Search,Mobile,0
S0017524,2025-09-17,C00664,Email,Mobile,0
S0017525,2025-11-17,C00582,Organic Search,Mobile,0
S0017526,2025-06-11,C01058,Direct,Mobile,0
S0017527,2025-12-15,C00669,Email,Mobile,0
S0017528,2025-01-31,C00258,Social Media,Mobile,0
S0017529,2025-03-12,C00807,Social Media,Desktop,0
S0017530,2025-01-02,C00527,Paid Search,Mobile,0
S0017531,2025-02-19,C00251,Social Media,Mobile,0
S0017532,2025-05-15,C00893,Email,Mobile,0
S0017533,2025-05-26,C00627,Organic Search,Mobile,0
S0017534,2025-06-28,C00162,Social Media,Desktop,0
S0017535,2025-09-21,C01117,Referral,Desktop,0
S0017536,2025-11-07,C00655,Referral,Desktop,0
S0017537,2025-07-23,C01068,Direct,Mobile,0
S0017538,2025-10-26,C00913,Social Media,Mobile,0
S0017539,2025-07-06,C00854,Organic Search,Desktop,0
S0017540,2025-01-30,C01112,Organic Search,Desktop,1
S0017541,2025-02-28,C00341,Organic Search,Mobile,0
S0017542,2025-01-09,C00657,Direct,Mobile,0
S0017543,2025-11-20,C01200,Email,Desktop,0
S0017544,2025-06-16,C00790,Social Media,Mobile,0
S0017545,2025-12-03,C00552,Direct,Mobile,0
S0017546,2025-10-06,C00968,Social Media,Desktop,0
S0017547,2025-07-10,C00179,Email,Mobile,0
S0017548,2025-08-30,C00808,Direct,Desktop,0
S0017549,2025-10-05,C00587,Organic Search,Mobile,0
S0017550,2025-06-03,C00435,Organic Search,Desktop,0
S0017551,2025-06-09,C00672,Direct,Mobile,0
S0017552,2025-09-22,C00718,Direct,Mobile,0
S0017553,2025-08-23,C00078,Direct,Mobile,0
S0017554,2025-12-12,C00971,Email,Mobile,0
S0017555,2025-07-18,C00745,Social Media,Mobile,0
S0017556,2025-02-02,C01066,Direct,Mobile,0
S0017557,2025-03-30,C01109,Organic Search,Mobile,0
S0017558,2025-04-05,C00175,Paid Search,Mobile,0
S0017559,2025-08-09,C00634,Paid Search,Mobile,0
S0017560,2025-03-10,C00821,Referral,Mobile,1
S0017561,2025-10-21,C00478,Paid Search,Mobile,0
S0017562,2025-08-25,C00672,Direct,Mobile,0
S0017563,2025-06-09,C00312,Direct,Desktop,0
S0017564,2025-11-16,C00027,Paid Search,Mobile,0
S0017565,2025-11-24,C01059,Paid Search,Tablet,0
S0017566,2025-10-03,C00696,Referral,Mobile,0
S0017567,2025-10-17,C01146,Paid Search,Tablet,0
S0017568,2025-02-11,C00539,Paid Search,Mobile,0
S0017569,2025-03-07,C00587,Organic Search,Mobile,1
S0017570,2025-01-21,C00027,Paid Search,Desktop,0
S0017571,2025-12-01,C00735,Social Media,Desktop,0
S0017572,2025-03-11,C00281,Referral,Desktop,0
S0017573,2025-09-18,C00316,Email,Mobile,0
S0017574,2025-09-03,C00340,Referral,Mobile,0
S0017575,2025-11-19,C00985,Referral,Mobile,0
S0017576,2025-08-23,C00389,Social Media,Mobile,0
S0017577,2025-09-29,C00845,Organic Search,Desktop,0
S0017578,2025-04-09,C01039,Email,Desktop,0
S0017579,2025-11-25,C00642,Organic Search,Mobile,0
S0017580,2025-02-04,C00678,Organic Search,Desktop,0
S0017581,2025-12-05,C00173,Direct,Mobile,0
S0017582,2025-06-20,C00566,Organic Search,Desktop,0
S0017583,2025-04-20,C00066,Paid Search,Mobile,0
S0017584,2025-10-22,C00559,Organic Search,Desktop,0
S0017585,2025-01-10,C00108,Organic Search,Mobile,0
S0017586,2025-07-21,C00010,Direct,Mobile,0
S0017587,2025-09-14,C00584,Email,Mobile,0
S0017588,2025-09-19,C00196,Social Media,Mobile,0
S0017589,2025-06-30,C00145,Referral,Tablet,0
S0017590,2025-03-07,C00309,Referral,Mobile,0
S0017591,2025-10-21,C00222,Email,Mobile,0
S0017592,2025-06-10,C00221,Social Media,Desktop,0
S0017593,2025-03-08,C00300,Social Media,Desktop,1
S0017594,2025-04-10,C00383,Email,Desktop,0
S0017595,2025-03-18,C00097,Paid Search,Desktop,0
S0017596,2025-02-04,C00761,Organic Search,Desktop,0
S0017597,2025-02-14,C00576,Organic Search,Mobile,0
S0017598,2025-05-30,C01196,Email,Desktop,0
S0017599,2025-03-09,C00475,Paid Search,Mobile,0
S0017600,2025-09-11,C00933,Social Media,Mobile,0
S0017601,2025-01-17,C00981,Organic Search,Desktop,0
S0017602,2025-09-18,C00078,Direct,Tablet,0
S0017603,2025-08-01,C00290,Referral,Mobile,0
S0017604,2025-11-09,C00030,Social Media,Desktop,0
S0017605,2025-09-13,C00674,Organic Search,Mobile,0
S0017606,2025-08-04,C00330,Paid Search,Mobile,0
S0017607,2025-12-17,C01153,Referral,Mobile,0
S0017608,2025-10-13,C00715,Direct,Desktop,0
S0017609,2025-01-07,C00744,Paid Search,Desktop,0
S0017610,2025-07-18,C00993,Organic Search,Desktop,0
S0017611,2025-04-01,C00903,Email,Mobile,0
S0017612,2025-05-27,C00432,Email,Mobile,0
S0017613,2025-05-30,C00594,Organic Search,Mobile,0
S0017614,2025-02-21,C00262,Social Media,Desktop,0
S0017615,2025-08-31,C00202,Email,Desktop,0
S0017616,2025-08-07,C00248,Direct,Desktop,0
S0017617,2025-01-06,C00042,Direct,Mobile,0
S0017618,2025-04-19,C00833,Paid Search,Desktop,0
S0017619,2025-12-17,C00741,Referral,Desktop,0
S0017620,2025-03-07,C00657,Direct,Mobile,0
S0017621,2025-01-10,C01167,Paid Search,Mobile,1
S0017622,2025-07-21,C00079,Paid Search,Mobile,0
S0017623,2025-10-09,C00619,Paid Search,Mobile,0
S0017624,2025-08-02,C00753,Direct,Desktop,1
S0017625,2025-03-09,C01112,Organic Search,Mobile,0
S0017626,2025-09-04,C00173,Direct,Mobile,0
S0017627,2025-12-20,C00569,Social Media,Mobile,0
S0017628,2025-11-23,C00653,Direct,Mobile,0
S0017629,2025-02-19,C00472,Paid Search,Tablet,0
S0017630,2025-01-17,C00199,Email,Desktop,0
S0017631,2025-01-11,C00317,Referral,Desktop,0
S0017632,2025-11-05,C00630,Direct,Desktop,0
S0017633,2025-11-02,C00415,Paid Search,Mobile,0
S0017634,2025-05-04,C00054,Direct,Mobile,0
S0017635,2025-08-13,C00383,Email,Mobile,1
S0017636,2025-09-01,C01080,Organic Search,Mobile,0
S0017637,2025-11-14,C00012,Referral,Mobile,0
S0017638,2025-11-28,C00211,Referral,Mobile,0
S0017639,2025-12-12,C00093,Direct,Mobile,0
S0017640,2025-01-29,C00514,Organic Search,Mobile,0
S0017641,2025-12-24,C00825,Paid Search,Mobile,0
S0017642,2025-12-23,C00662,Organic Search,Desktop,0
S0017643,2025-12-31,C01125,Email,Tablet,0
S0017644,2025-10-12,C00942,Email,Mobile,0
S0017645,2025-02-28,C00767,Email,Mobile,0
S0017646,2025-05-23,C01176,Email,Mobile,0
S0017647,2025-11-22,C00068,Paid Search,Mobile,0
S0017648,2025-12-18,C00823,Organic Search,Mobile,0
S0017649,2025-10-27,C00138,Paid Search,Mobile,1
S0017650,2025-08-14,C00881,Social Media,Mobile,0
S0017651,2025-06-13,C00086,Direct,Mobile,0
S0017652,2025-03-25,C00291,Social Media,Tablet,0
S0017653,2025-11-09,C01112,Organic Search,Mobile,0
S0017654,2025-04-27,C00272,Paid Search,Desktop,0
S0017655,2025-11-16,C00014,Organic Search,Mobile,1
S0017656,2025-07-23,C00607,Organic Search,Mobile,0
S0017657,2025-12-21,C00097,Paid Search,Mobile,0
S0017658,2025-10-21,C00961,Social Media,Mobile,0
S0017659,2025-05-25,C00919,Paid Search,Mobile,0
S0017660,2025-01-27,C00087,Direct,Mobile,0
S0017661,2025-01-17,C01148,Paid Search,Mobile,0
S0017662,2025-03-04,C00100,Referral,Mobile,0
S0017663,2025-09-24,C00395,Direct,Mobile,0
S0017664,2025-03-05,C00188,Referral,Desktop,0
S0017665,2025-02-08,C00520,Social Media,Mobile,0
S0017666,2025-05-10,C00459,Social Media,Desktop,0
S0017667,2025-04-25,C00632,Paid Search,Desktop,0
S0017668,2025-02-14,C00709,Social Media,Mobile,0
S0017669,2025-08-04,C01055,Direct,Desktop,0
S0017670,2025-03-29,C00885,Paid Search,Desktop,0
S0017671,2025-12-02,C00339,Email,Mobile,0
S0017672,2025-06-26,C00464,Social Media,Tablet,0
S0017673,2025-09-22,C00521,Paid Search,Mobile,0
S0017674,2025-04-15,C00909,Organic Search,Mobile,0
S0017675,2025-11-30,C00577,Referral,Mobile,0
S0017676,2025-10-28,C00679,Paid Search,Desktop,0
S0017677,2025-06-20,C01193,Direct,Mobile,0
S0017678,2025-04-18,C01060,Social Media,Mobile,0
S0017679,2025-12-21,C01080,Organic Search,Desktop,0
S0017680,2025-06-10,C00269,Social Media,Desktop,0
S0017681,2025-10-10,C00690,Email,Desktop,0
S0017682,2025-02-09,C00685,Social Media,Mobile,0
S0017683,2025-01-26,C00991,Email,Mobile,0
S0017684,2025-03-24,C00270,Organic Search,Mobile,0
S0017685,2025-06-22,C00017,Email,Mobile,0
S0017686,2025-06-22,C00691,Organic Search,Tablet,0
S0017687,2025-10-09,C00390,Organic Search,Desktop,0
S0017688,2025-03-11,C00168,Paid Search,Mobile,0
S0017689,2025-11-19,C01058,Direct,Tablet,0
S0017690,2025-01-06,C00857,Social Media,Mobile,0
S0017691,2025-10-11,C00984,Referral,Desktop,0
S0017692,2025-07-14,C00064,Referral,Mobile,0
S0017693,2025-01-13,C01015,Social Media,Mobile,0
S0017694,2025-03-04,C01124,Referral,Desktop,0
S0017695,2025-01-13,C01199,Organic Search,Desktop,0
S0017696,2025-09-06,C00356,Paid Search,Mobile,0
S0017697,2025-07-24,C00382,Social Media,Mobile,0
S0017698,2025-09-10,C00214,Direct,Desktop,0
S0017699,2025-02-09,C00163,Paid Search,Tablet,0
S0017700,2025-06-14,C01197,Paid Search,Desktop,0
S0017701,2025-01-31,C01162,Paid Search,Mobile,0
S0017702,2025-01-17,C00195,Email,Mobile,0
S0017703,2025-05-17,C00128,Paid Search,Mobile,0
S0017704,2025-12-31,C00718,Direct,Desktop,0
S0017705,2025-11-16,C00395,Direct,Mobile,0
S0017706,2025-11-09,C00216,Organic Search,Mobile,0
S0017707,2025-06-14,C00614,Social Media,Mobile,0
S0017708,2025-10-08,C00605,Organic Search,Desktop,1
S0017709,2025-08-11,C01110,Paid Search,Mobile,1
S0017710,2025-05-02,C00881,Social Media,Mobile,0
S0017711,2025-03-19,C00584,Email,Mobile,0
S0017712,2025-11-09,C00213,Direct,Mobile,0
S0017713,2025-11-23,C00465,Social Media,Desktop,0
S0017714,2025-03-29,C00763,Paid Search,Mobile,0
S0017715,2025-04-23,C00855,Social Media,Mobile,0
S0017716,2025-04-10,C01003,Paid Search,Mobile,0
S0017717,2025-10-30,C00010,Direct,Mobile,0
S0017718,2025-08-27,C01182,Paid Search,Mobile,0
S0017719,2025-12-12,C00923,Social Media,Mobile,0
S0017720,2025-04-21,C00397,Social Media,Desktop,0
S0017721,2025-03-31,C00464,Social Media,Mobile,0
S0017722,2025-05-19,C00413,Organic Search,Mobile,0
S0017723,2025-05-15,C00581,Organic Search,Tablet,0
S0017724,2025-01-12,C00594,Organic Search,Desktop,0
S0017725,2025-09-01,C00880,Organic Search,Desktop,0
S0017726,2025-07-01,C01091,Paid Search,Desktop,0
S0017727,2025-07-14,C00785,Direct,Mobile,0
S0017728,2025-12-28,C00192,Organic Search,Mobile,0
S0017729,2025-05-02,C00764,Social Media,Desktop,0
S0017730,2025-02-22,C00462,Organic Search,Desktop,0
S0017731,2025-12-22,C00419,Organic Search,Mobile,0
S0017732,2025-06-22,C00133,Email,Mobile,0
S0017733,2025-06-28,C00622,Email,Desktop,0
S0017734,2025-10-20,C00792,Referral,Mobile,0
S0017735,2025-02-28,C00104,Organic Search,Desktop,0
S0017736,2025-02-23,C00069,Organic Search,Mobile,0
S0017737,2025-09-14,C00078,Direct,Mobile,0
S0017738,2025-09-02,C00570,Referral,Mobile,0
S0017739,2025-05-29,C00648,Paid Search,Mobile,0
S0017740,2025-10-11,C00349,Email,Mobile,0
S0017741,2025-01-16,C00751,Organic Search,Mobile,0
S0017742,2025-06-25,C00681,Email,Mobile,0
S0017743,2025-01-28,C00060,Organic Search,Mobile,0
S0017744,2025-05-09,C00509,Organic Search,Mobile,0
S0017745,2025-08-11,C00350,Social Media,Tablet,0
S0017746,2025-09-01,C00464,Social Media,Desktop,0
S0017747,2025-12-20,C00559,Organic Search,Desktop,0
S0017748,2025-08-26,C00676,Direct,Mobile,0
S0017749,2025-08-20,C00762,Organic Search,Mobile,0
S0017750,2025-11-22,C00843,Email,Desktop,0
S0017751,2025-04-02,C00164,Social Media,Desktop,0
S0017752,2025-01-03,C01125,Email,Mobile,0
S0017753,2025-03-22,C00118,Email,Mobile,0
S0017754,2025-02-13,C00164,Social Media,Tablet,0
S0017755,2025-06-04,C00218,Paid Search,Mobile,0
S0017756,2025-01-24,C00442,Social Media,Mobile,0
S0017757,2025-04-09,C00232,Email,Desktop,0
S0017758,2025-06-20,C01007,Organic Search,Mobile,0
S0017759,2025-05-28,C01115,Organic Search,Mobile,0
S0017760,2025-05-03,C00493,Paid Search,Tablet,0
S0017761,2025-04-22,C00031,Organic Search,Mobile,1
S0017762,2025-05-10,C00103,Organic Search,Mobile,0
S0017763,2025-03-09,C00891,Social Media,Desktop,0
S0017764,2025-12-13,C00399,Social Media,Mobile,0
S0017765,2025-11-12,C00235,Email,Desktop,0
S0017766,2025-08-05,C01190,Referral,Mobile,0
S0017767,2025-04-06,C01061,Organic Search,Mobile,0
S0017768,2025-05-25,C00522,Paid Search,Mobile,1
S0017769,2025-02-02,C00777,Social Media,Desktop,0
S0017770,2025-10-13,C00486,Organic Search,Mobile,0
S0017771,2025-01-05,C00778,Social Media,Mobile,0
S0017772,2025-04-28,C00390,Organic Search,Mobile,0
S0017773,2025-05-20,C00876,Paid Search,Desktop,0
S0017774,2025-08-18,C00160,Organic Search,Mobile,0
S0017775,2025-06-09,C00805,Paid Search,Mobile,0
S0017776,2025-10-21,C00394,Social Media,Mobile,0
S0017777,2025-09-06,C00080,Organic Search,Tablet,0
S0017778,2025-09-30,C00712,Organic Search,Tablet,0
S0017779,2025-07-05,C00290,Referral,Mobile,0
S0017780,2025-12-31,C00470,Organic Search,Desktop,0
S0017781,2025-02-09,C00009,Paid Search,Mobile,0
S0017782,2025-08-12,C00552,Direct,Mobile,0
S0017783,2025-06-01,C00620,Social Media,Desktop,0
S0017784,2025-05-20,C00168,Paid Search,Mobile,0
S0017785,2025-05-08,C01194,Email,Mobile,0
S0017786,2025-12-17,C01192,Email,Desktop,0
S0017787,2025-05-27,C00865,Organic Search,Desktop,0
S0017788,2025-10-12,C00179,Email,Desktop,0
S0017789,2025-08-06,C01131,Social Media,Desktop,0
S0017790,2025-08-08,C00166,Organic Search,Mobile,0
S0017791,2025-05-25,C01168,Paid Search,Mobile,0
S0017792,2025-11-25,C01125,Email,Mobile,0
S0017793,2025-10-04,C00260,Organic Search,Mobile,0
S0017794,2025-08-30,C00056,Direct,Mobile,0
S0017795,2025-03-01,C00026,Referral,Mobile,0
S0017796,2025-04-08,C00358,Social Media,Desktop,1
S0017797,2025-11-27,C00446,Organic Search,Desktop,0
S0017798,2025-06-30,C00880,Organic Search,Desktop,0
S0017799,2025-04-24,C00411,Direct,Desktop,0
S0017800,2025-04-13,C00782,Organic Search,Mobile,0
S0017801,2025-12-02,C00966,Social Media,Desktop,0
S0017802,2025-11-15,C00825,Paid Search,Mobile,0
S0017803,2025-02-26,C00723,Social Media,Desktop,0
S0017804,2025-10-12,C00369,Email,Mobile,0
S0017805,2025-05-09,C00670,Email,Mobile,0
S0017806,2025-11-11,C00315,Email,Mobile,0
S0017807,2025-03-27,C00651,Referral,Mobile,0
S0017808,2025-07-19,C00621,Social Media,Mobile,0
S0017809,2025-03-12,C00658,Organic Search,Desktop,0
S0017810,2025-12-11,C00781,Organic Search,Mobile,0
S0017811,2025-04-08,C00229,Paid Search,Desktop,0
S0017812,2025-10-27,C00296,Social Media,Desktop,0
S0017813,2025-06-25,C01129,Direct,Mobile,0
S0017814,2025-08-21,C00731,Organic Search,Desktop,0
S0017815,2025-03-16,C00624,Referral,Mobile,0
S0017816,2025-05-23,C00148,Social Media,Mobile,0
S0017817,2025-01-23,C00733,Social Media,Mobile,0
S0017818,2025-06-30,C00610,Referral,Mobile,0
S0017819,2025-02-14,C00575,Referral,Mobile,0
S0017820,2025-04-02,C00781,Organic Search,Mobile,0
S0017821,2025-09-26,C00777,Social Media,Mobile,0
S0017822,2025-02-03,C00372,Direct,Mobile,0
S0017823,2025-06-15,C00904,Direct,Mobile,0
S0017824,2025-03-11,C00563,Paid Search,Mobile,0
S0017825,2025-12-30,C01045,Organic Search,Desktop,0
S0017826,2025-07-15,C00693,Social Media,Mobile,0
S0017827,2025-05-13,C00084,Direct,Mobile,0
S0017828,2025-09-04,C01033,Paid Search,Desktop,1
S0017829,2025-06-17,C00534,Email,Mobile,0
S0017830,2025-10-04,C01190,Referral,Desktop,0
S0017831,2025-06-05,C00122,Organic Search,Mobile,0
S0017832,2025-01-23,C00135,Direct,Desktop,0
S0017833,2025-07-19,C00525,Social Media,Mobile,0
S0017834,2025-10-02,C00168,Paid Search,Tablet,0
S0017835,2025-02-19,C00619,Paid Search,Mobile,0
S0017836,2025-07-05,C00328,Email,Mobile,0
S0017837,2025-01-20,C00009,Paid Search,Mobile,0
S0017838,2025-04-26,C01028,Direct,Mobile,0
S0017839,2025-04-02,C00720,Referral,Mobile,0
S0017840,2025-12-15,C00015,Social Media,Mobile,0
S0017841,2025-12-05,C00953,Organic Search,Desktop,0
S0017842,2025-02-22,C01166,Direct,Desktop,0
S0017843,2025-05-03,C00097,Paid Search,Mobile,0
S0017844,2025-12-07,C00763,Paid Search,Desktop,1
S0017845,2025-12-04,C00390,Organic Search,Desktop,0
S0017846,2025-09-22,C00768,Organic Search,Mobile,0
S0017847,2025-01-04,C00334,Paid Search,Mobile,0
S0017848,2025-06-18,C00122,Organic Search,Mobile,0
S0017849,2025-10-08,C00808,Direct,Mobile,0
S0017850,2025-10-17,C00604,Social Media,Mobile,0
S0017851,2025-03-14,C00605,Organic Search,Mobile,1
S0017852,2025-05-17,C00512,Email,Mobile,0
S0017853,2025-12-04,C00223,Referral,Mobile,0
S0017854,2025-09-13,C01048,Direct,Mobile,1
S0017855,2025-05-21,C00377,Referral,Mobile,0
S0017856,2025-07-27,C00058,Organic Search,Desktop,0
S0017857,2025-09-17,C01050,Social Media,Mobile,0
S0017858,2025-09-20,C00322,Email,Desktop,0
S0017859,2025-09-28,C01025,Paid Search,Desktop,0
S0017860,2025-02-07,C00680,Email,Mobile,0
S0017861,2025-07-22,C01153,Referral,Desktop,0
S0017862,2025-08-12,C00101,Organic Search,Tablet,0
S0017863,2025-12-13,C00891,Social Media,Mobile,1
S0017864,2025-02-21,C00654,Organic Search,Mobile,0
S0017865,2025-03-22,C01058,Direct,Mobile,0
S0017866,2025-12-22,C00739,Paid Search,Tablet,0
S0017867,2025-07-30,C00066,Paid Search,Mobile,1
S0017868,2025-01-07,C00876,Paid Search,Mobile,0
S0017869,2025-12-29,C00876,Paid Search,Desktop,0
S0017870,2025-02-14,C00921,Social Media,Mobile,0
S0017871,2025-11-11,C00519,Organic Search,Desktop,0
S0017872,2025-10-04,C00109,Direct,Desktop,0
S0017873,2025-09-16,C00016,Organic Search,Mobile,0
S0017874,2025-05-22,C00760,Paid Search,Mobile,0
S0017875,2025-09-15,C00713,Referral,Desktop,0
S0017876,2025-10-12,C00894,Social Media,Mobile,0
S0017877,2025-02-06,C01021,Email,Mobile,0
S0017878,2025-02-14,C00374,Direct,Mobile,0
S0017879,2025-04-30,C01008,Organic Search,Mobile,0
S0017880,2025-02-15,C00281,Referral,Desktop,0
S0017881,2025-05-20,C01110,Paid Search,Mobile,0
S0017882,2025-02-22,C00225,Email,Mobile,0
S0017883,2025-10-28,C00754,Direct,Mobile,0
S0017884,2025-10-15,C00474,Social Media,Mobile,0
S0017885,2025-10-01,C00348,Paid Search,Desktop,0
S0017886,2025-09-26,C00888,Organic Search,Mobile,0
S0017887,2025-10-06,C01139,Paid Search,Mobile,0
S0017888,2025-03-03,C00983,Paid Search,Mobile,0
S0017889,2025-02-23,C01014,Direct,Mobile,0
S0017890,2025-03-10,C01000,Organic Search,Mobile,0
S0017891,2025-08-30,C00766,Email,Mobile,0
S0017892,2025-09-27,C00554,Email,Desktop,0
S0017893,2025-09-09,C00597,Social Media,Mobile,0
S0017894,2025-12-20,C00496,Email,Tablet,0
S0017895,2025-10-11,C00357,Email,Mobile,0
S0017896,2025-12-17,C00759,Direct,Desktop,0
S0017897,2025-03-12,C00719,Organic Search,Mobile,0
S0017898,2025-11-19,C00873,Email,Mobile,0
S0017899,2025-04-10,C00099,Direct,Tablet,0
S0017900,2025-03-02,C00836,Referral,Mobile,0
S0017901,2025-04-13,C01004,Referral,Mobile,0
S0017902,2025-04-29,C00779,Direct,Mobile,0
S0017903,2025-01-17,C00317,Referral,Mobile,0
S0017904,2025-11-01,C01044,Organic Search,Mobile,0
S0017905,2025-07-10,C00107,Email,Tablet,0
S0017906,2025-07-31,C01022,Social Media,Desktop,0
S0017907,2025-03-19,C01192,Email,Desktop,0
S0017908,2025-02-15,C00800,Social Media,Desktop,0
S0017909,2025-04-03,C00807,Social Media,Desktop,0
S0017910,2025-01-13,C01024,Organic Search,Desktop,0
S0017911,2025-08-16,C00256,Email,Mobile,1
S0017912,2025-10-28,C00409,Social Media,Desktop,0
S0017913,2025-01-17,C00899,Social Media,Desktop,0
S0017914,2025-10-30,C00748,Organic Search,Mobile,0
S0017915,2025-03-03,C00700,Referral,Desktop,0
S0017916,2025-02-12,C00940,Organic Search,Mobile,0
S0017917,2025-03-09,C00785,Direct,Mobile,0
S0017918,2025-07-31,C01149,Social Media,Mobile,0
S0017919,2025-07-22,C00070,Paid Search,Desktop,0
S0017920,2025-08-02,C00040,Paid Search,Mobile,0
S0017921,2025-04-19,C00426,Social Media,Desktop,0
S0017922,2025-10-11,C00195,Email,Mobile,0
S0017923,2025-04-04,C00283,Paid Search,Desktop,0
S0017924,2025-08-13,C00680,Email,Tablet,0
S0017925,2025-08-13,C00276,Organic Search,Tablet,0
S0017926,2025-08-27,C00641,Organic Search,Mobile,0
S0017927,2025-04-28,C00962,Social Media,Mobile,0
S0017928,2025-04-01,C00285,Paid Search,Desktop,0
S0017929,2025-12-06,C00268,Referral,Mobile,1
S0017930,2025-10-16,C00098,Referral,Mobile,0
S0017931,2025-10-08,C00174,Paid Search,Mobile,0
S0017932,2025-01-19,C00124,Organic Search,Mobile,0
S0017933,2025-06-24,C00431,Paid Search,Desktop,0
S0017934,2025-04-16,C00875,Organic Search,Desktop,0
S0017935,2025-10-16,C00900,Referral,Mobile,0
S0017936,2025-09-05,C01184,Email,Mobile,0
S0017937,2025-11-19,C00932,Organic Search,Desktop,0
S0017938,2025-05-22,C00954,Referral,Mobile,0
S0017939,2025-10-25,C00333,Organic Search,Desktop,0
S0017940,2025-07-12,C00090,Organic Search,Desktop,0
S0017941,2025-12-17,C00080,Organic Search,Mobile,0
S0017942,2025-10-30,C01147,Social Media,Desktop,0
S0017943,2025-10-18,C00989,Organic Search,Desktop,0
S0017944,2025-11-28,C00773,Email,Mobile,0
S0017945,2025-07-27,C00358,Social Media,Mobile,0
S0017946,2025-09-05,C00208,Paid Search,Desktop,0
S0017947,2025-05-22,C00982,Social Media,Desktop,1
S0017948,2025-11-07,C00949,Social Media,Mobile,0
S0017949,2025-08-10,C00061,Direct,Mobile,0
S0017950,2025-08-13,C00808,Direct,Desktop,0
S0017951,2025-12-20,C00568,Organic Search,Mobile,0
S0017952,2025-07-03,C00507,Organic Search,Desktop,0
S0017953,2025-12-30,C00113,Social Media,Mobile,0
S0017954,2025-11-01,C00404,Paid Search,Mobile,0
S0017955,2025-07-07,C00950,Email,Tablet,0
S0017956,2025-04-23,C01114,Organic Search,Mobile,0
S0017957,2025-06-30,C00964,Direct,Mobile,0
S0017958,2025-07-18,C00728,Organic Search,Desktop,1
S0017959,2025-03-11,C00967,Direct,Desktop,0
S0017960,2025-03-27,C00888,Organic Search,Desktop,0
S0017961,2025-02-08,C01179,Paid Search,Mobile,0
S0017962,2025-05-11,C00401,Email,Mobile,0
S0017963,2025-01-10,C00052,Social Media,Mobile,0
S0017964,2025-01-03,C00198,Organic Search,Mobile,0
S0017965,2025-10-29,C00905,Paid Search,Desktop,1
S0017966,2025-05-30,C00209,Direct,Desktop,0
S0017967,2025-03-08,C00849,Social Media,Desktop,0
S0017968,2025-07-12,C00940,Organic Search,Mobile,0
S0017969,2025-04-07,C00154,Paid Search,Mobile,0
S0017970,2025-01-19,C00079,Paid Search,Mobile,1
S0017971,2025-11-14,C00250,Direct,Mobile,0
S0017972,2025-04-08,C00910,Referral,Mobile,0
S0017973,2025-02-26,C00720,Referral,Mobile,0
S0017974,2025-12-17,C00348,Paid Search,Desktop,0
S0017975,2025-04-17,C01053,Paid Search,Mobile,0
S0017976,2025-03-29,C00246,Referral,Mobile,0
S0017977,2025-05-21,C00130,Organic Search,Mobile,0
S0017978,2025-05-24,C00448,Organic Search,Desktop,0
S0017979,2025-02-21,C01097,Paid Search,Mobile,0
S0017980,2025-07-31,C01113,Organic Search,Mobile,0
S0017981,2025-02-10,C00952,Social Media,Mobile,0
S0017982,2025-10-31,C00557,Organic Search,Mobile,0
S0017983,2025-04-01,C00793,Direct,Mobile,0
S0017984,2025-02-08,C00909,Organic Search,Desktop,0
S0017985,2025-01-13,C01061,Organic Search,Mobile,0
S0017986,2025-04-06,C00890,Organic Search,Mobile,0
S0017987,2025-04-19,C00954,Referral,Mobile,0
S0017988,2025-04-14,C00696,Referral,Desktop,0
S0017989,2025-12-20,C01181,Social Media,Mobile,0
S0017990,2025-08-19,C00922,Social Media,Mobile,0
S0017991,2025-02-12,C00510,Referral,Mobile,0
S0017992,2025-07-28,C00792,Referral,Desktop,1
S0017993,2025-03-29,C00150,Referral,Desktop,0
S0017994,2025-04-03,C01048,Direct,Mobile,0
S0017995,2025-06-23,C01007,Organic Search,Mobile,0
S0017996,2025-05-06,C00115,Direct,Desktop,0
S0017997,2025-04-19,C00322,Email,Mobile,0
S0017998,2025-02-16,C00995,Social Media,Mobile,0
S0017999,2025-08-02,C00530,Email,Mobile,0
S0018000,2025-04-02,C00255,Organic Search,Mobile,0
